CO_POSICAO;SG_AREA;CO_ITEM;TX_GABARITO;CO_HABILIDADE;IN_ITEM_ABAN;TX_MOTIVO_ABAN;NU_PARAM_A;NU_PARAM_B;NU_PARAM_C;TX_COR;CO_PROVA;TP_LINGUA;IN_ITEM_ADAPTADO;NU_ANO;TX_ENUNCIADO
120;CN;141642;B;6;0;;6.00319;2.4444;0.28583;AZUL;1483;;0;2024;Texto extraído diretamente do caderno oficial.
120;CN;141642;B;6;0;;6.00319;2.4444;0.28583;AZUL;1483;;0;2024;Texto extraído diretamente do caderno oficial.
120;CN;141642;B;6;0;;6.00319;2.4444;0.28583;AZUL;1483;;0;2024;Texto extraído diretamente do caderno oficial.
171;MT;95687;A;22;0;;5.44912;2.872;0.15431;AZUL;1407;;0;2024;Texto extraído diretamente do caderno oficial.
171;MT;95687;A;22;0;;5.44912;2.872;0.15431;AZUL;1407;;0;2024;Texto extraído diretamente do caderno oficial.
171;MT;95687;A;22;0;;5.44912;2.872;0.15431;AZUL;1407;;0;2024;Texto extraído diretamente do caderno oficial.
12;LC;150766;D;20;0;;5.24443;0.2992;0.19478;AZUL;1395;;0;2024;Texto extraído diretamente do caderno oficial.
12;LC;150766;D;20;0;;5.24443;0.2992;0.19478;AZUL;1395;;0;2024;Texto extraído diretamente do caderno oficial.
12;LC;150766;D;20;0;;5.24443;0.2992;0.19478;AZUL;1395;;0;2024;Texto extraído diretamente do caderno oficial.
30;LC;150640;D;22;0;;5.12643;0.99473;0.15516;AZUL;1395;;0;2024;"*010175AZ32*
01
1 Dia 1 Dia
1°Capa 4°Capa
Transcreva a sua Redação para a Folha de Redação.
Azul 1 1 Azul
Amarelo 2 2 Amarelo
Branco 3 1 3 Branco
Rosa 4 2 4 Rosa
3
Ledor 9 9 Ledor
Libras 10 4 10 Libras
5
6
7
8
O
9
H
10
N O
11
U
12 Ã
C
13 Ç
S
14 A
A
15 D
16 R
E
17
R
18
A
19
D
20
21
22
23
24
2 Dia 2 Dia
1°Capa 25 4°Capa
Libras 12 26 12 Libras
Ledor 11 11 Ledor
27
28
Rosa 8 8 Rosa
Azul 7 29 7 Azul
Cinza 6 6 Cinza
30
Amarelo 5 5 Amarelo
01
BBB0011iiiggg00uuu11rrr77rrr55iiilllAAhhhZZooosss..ii...nniiinnndddddbbddd 33 11122 11224433////00006688////2222000022222244 11117766::::11442266::::00556699"
30;LC;150640;D;22;0;;5.12643;0.99473;0.15516;AZUL;1395;;0;2024;"*010175AZ32*
01
1 Dia 1 Dia
1°Capa 4°Capa
Transcreva a sua Redação para a Folha de Redação.
Azul 1 1 Azul
Amarelo 2 2 Amarelo
Branco 3 1 3 Branco
Rosa 4 2 4 Rosa
3
Ledor 9 9 Ledor
Libras 10 4 10 Libras
5
6
7
8
O
9
H
10
N O
11
U
12 Ã
C
13 Ç
S
14 A
A
15 D
16 R
E
17
R
18
A
19
D
20
21
22
23
24
2 Dia 2 Dia
1°Capa 25 4°Capa
Libras 12 26 12 Libras
Ledor 11 11 Ledor
27
28
Rosa 8 8 Rosa
Azul 7 29 7 Azul
Cinza 6 6 Cinza
30
Amarelo 5 5 Amarelo
01
BBB0011iiiggg00uuu11rrr77rrr55iiilllAAhhhZZooosss..ii...nniiinnndddddbbddd 33 11122 11224433////00006688////2222000022222244 11117766::::11442266::::00556699"
30;LC;150640;D;22;0;;5.12643;0.99473;0.15516;AZUL;1395;;0;2024;"*010175AZ32*
01
1 Dia 1 Dia
1°Capa 4°Capa
Transcreva a sua Redação para a Folha de Redação.
Azul 1 1 Azul
Amarelo 2 2 Amarelo
Branco 3 1 3 Branco
Rosa 4 2 4 Rosa
3
Ledor 9 9 Ledor
Libras 10 4 10 Libras
5
6
7
8
O
9
H
10
N O
11
U
12 Ã
C
13 Ç
S
14 A
A
15 D
16 R
E
17
R
18
A
19
D
20
21
22
23
24
2 Dia 2 Dia
1°Capa 25 4°Capa
Libras 12 26 12 Libras
Ledor 11 11 Ledor
27
28
Rosa 8 8 Rosa
Azul 7 29 7 Azul
Cinza 6 6 Cinza
30
Amarelo 5 5 Amarelo
01
BBB0011iiiggg00uuu11rrr77rrr55iiilllAAhhhZZooosss..ii...nniiinnndddddbbddd 33 11122 11224433////00006688////2222000022222244 11117766::::11442266::::00556699"
127;CN;95445;C;8;0;;4.85792;1.12172;0.19432;AZUL;1483;;0;2024;Texto extraído diretamente do caderno oficial.
127;CN;95445;C;8;0;;4.85792;1.12172;0.19432;AZUL;1483;;0;2024;Texto extraído diretamente do caderno oficial.
127;CN;95445;C;8;0;;4.85792;1.12172;0.19432;AZUL;1483;;0;2024;Texto extraído diretamente do caderno oficial.
38;LC;43532;B;18;0;;4.75417;0.97598;0.1838;AZUL;1459;;0;2024;Texto extraído diretamente do caderno oficial.
38;LC;43532;B;18;0;;4.75417;0.97598;0.1838;AZUL;1459;;0;2024;Texto extraído diretamente do caderno oficial.
38;LC;43532;B;18;0;;4.75417;0.97598;0.1838;AZUL;1459;;0;2024;Texto extraído diretamente do caderno oficial.
57;CH;140822;A;19;0;;4.7046;0.72073;0.22345;AZUL;1431;;0;2024;Texto extraído diretamente do caderno oficial.
57;CH;140822;A;19;0;;4.7046;0.72073;0.22345;AZUL;1343;;0;2024;Texto extraído diretamente do caderno oficial.
57;CH;140822;A;19;0;;4.7046;0.72073;0.22345;AZUL;1431;;0;2024;Texto extraído diretamente do caderno oficial.
57;CH;140822;A;19;0;;4.7046;0.72073;0.22345;AZUL;1343;;0;2024;Texto extraído diretamente do caderno oficial.
57;CH;140822;A;19;0;;4.7046;0.72073;0.22345;AZUL;1431;;0;2024;Texto extraído diretamente do caderno oficial.
57;CH;140822;A;19;0;;4.7046;0.72073;0.22345;AZUL;1343;;0;2024;Texto extraído diretamente do caderno oficial.
50;CH;111883;A;12;0;;4.66484;2.18392;0.24931;AZUL;1447;;0;2024;Texto extraído diretamente do caderno oficial.
50;CH;111883;A;12;0;;4.66484;2.18392;0.24931;AZUL;1447;;0;2024;Texto extraído diretamente do caderno oficial.
50;CH;111883;A;12;0;;4.66484;2.18392;0.24931;AZUL;1447;;0;2024;Texto extraído diretamente do caderno oficial.
13;LC;153400;E;27;0;;4.6087;0.80546;0.10579;AZUL;1459;;0;2024;Texto extraído diretamente do caderno oficial.
13;LC;153400;E;27;0;;4.6087;0.80546;0.10579;AZUL;1459;;0;2024;Texto extraído diretamente do caderno oficial.
13;LC;153400;E;27;0;;4.6087;0.80546;0.10579;AZUL;1459;;0;2024;Texto extraído diretamente do caderno oficial.
67;CH;84849;D;10;0;;4.59882;2.67933;0.2714;AZUL;1447;;0;2024;Texto extraído diretamente do caderno oficial.
67;CH;84849;D;10;0;;4.59882;2.67933;0.2714;AZUL;1447;;0;2024;Texto extraído diretamente do caderno oficial.
67;CH;84849;D;10;0;;4.59882;2.67933;0.2714;AZUL;1447;;0;2024;Texto extraído diretamente do caderno oficial.
17;LC;150627;E;23;0;;4.32713;-0.03216;0.14822;AZUL;1395;;0;2024;"*010175AZ32*
01
1 Dia 1 Dia
1°Capa 4°Capa
Transcreva a sua Redação para a Folha de Redação.
Azul 1 1 Azul
Amarelo 2 2 Amarelo
Branco 3 1 3 Branco
Rosa 4 2 4 Rosa
3
Ledor 9 9 Ledor
Libras 10 4 10 Libras
5
6
7
8
O
9
H
10
N O
11
U
12 Ã
C
13 Ç
S
14 A
A
15 D
16 R
E
17
R
18
A
19
D
20
21
22
23
24
2 Dia 2 Dia
1°Capa 25 4°Capa
Libras 12 26 12 Libras
Ledor 11 11 Ledor
27
28
Rosa 8 8 Rosa
Azul 7 29 7 Azul
Cinza 6 6 Cinza
30
Amarelo 5 5 Amarelo
01
BBB0011iiiggg00uuu11rrr77rrr55iiilllAAhhhZZooosss..ii...nniiinnndddddbbddd 33 11122 11224433////00006688////2222000022222244 11117766::::11442266::::00556699"
17;LC;150627;E;23;0;;4.32713;-0.03216;0.14822;AZUL;1395;;0;2024;"*010175AZ32*
01
1 Dia 1 Dia
1°Capa 4°Capa
Transcreva a sua Redação para a Folha de Redação.
Azul 1 1 Azul
Amarelo 2 2 Amarelo
Branco 3 1 3 Branco
Rosa 4 2 4 Rosa
3
Ledor 9 9 Ledor
Libras 10 4 10 Libras
5
6
7
8
O
9
H
10
N O
11
U
12 Ã
C
13 Ç
S
14 A
A
15 D
16 R
E
17
R
18
A
19
D
20
21
22
23
24
2 Dia 2 Dia
1°Capa 25 4°Capa
Libras 12 26 12 Libras
Ledor 11 11 Ledor
27
28
Rosa 8 8 Rosa
Azul 7 29 7 Azul
Cinza 6 6 Cinza
30
Amarelo 5 5 Amarelo
01
BBB0011iiiggg00uuu11rrr77rrr55iiilllAAhhhZZooosss..ii...nniiinnndddddbbddd 33 11122 11224433////00006688////2222000022222244 11117766::::11442266::::00556699"
17;LC;150627;E;23;0;;4.32713;-0.03216;0.14822;AZUL;1395;;0;2024;"*010175AZ32*
01
1 Dia 1 Dia
1°Capa 4°Capa
Transcreva a sua Redação para a Folha de Redação.
Azul 1 1 Azul
Amarelo 2 2 Amarelo
Branco 3 1 3 Branco
Rosa 4 2 4 Rosa
3
Ledor 9 9 Ledor
Libras 10 4 10 Libras
5
6
7
8
O
9
H
10
N O
11
U
12 Ã
C
13 Ç
S
14 A
A
15 D
16 R
E
17
R
18
A
19
D
20
21
22
23
24
2 Dia 2 Dia
1°Capa 25 4°Capa
Libras 12 26 12 Libras
Ledor 11 11 Ledor
27
28
Rosa 8 8 Rosa
Azul 7 29 7 Azul
Cinza 6 6 Cinza
30
Amarelo 5 5 Amarelo
01
BBB0011iiiggg00uuu11rrr77rrr55iiilllAAhhhZZooosss..ii...nniiinnndddddbbddd 33 11122 11224433////00006688////2222000022222244 11117766::::11442266::::00556699"
123;CN;111693;A;24;0;;4.24356;1.09968;0.28019;AZUL;1419;;0;2024;Texto extraído diretamente do caderno oficial.
123;CN;111693;A;24;0;;4.24356;1.09968;0.28019;AZUL;1419;;0;2024;Texto extraído diretamente do caderno oficial.
123;CN;111693;A;24;0;;4.24356;1.09968;0.28019;AZUL;1419;;0;2024;Texto extraído diretamente do caderno oficial.
36;LC;150677;E;3;0;;4.19734;0.50532;0.21518;AZUL;1441;;0;2024;Texto extraído diretamente do caderno oficial.
36;LC;150677;E;3;0;;4.19734;0.50532;0.21518;AZUL;1353;;0;2024;Texto extraído diretamente do caderno oficial.
36;LC;150677;E;3;0;;4.19734;0.50532;0.21518;AZUL;1441;;0;2024;Texto extraído diretamente do caderno oficial.
36;LC;150677;E;3;0;;4.19734;0.50532;0.21518;AZUL;1353;;0;2024;Texto extraído diretamente do caderno oficial.
36;LC;150677;E;3;0;;4.19734;0.50532;0.21518;AZUL;1441;;0;2024;Texto extraído diretamente do caderno oficial.
36;LC;150677;E;3;0;;4.19734;0.50532;0.21518;AZUL;1353;;0;2024;Texto extraído diretamente do caderno oficial.
39;LC;120372;C;11;0;;4.08733;0.26147;0.21651;AZUL;1353;;0;2024;Texto extraído diretamente do caderno oficial.
39;LC;120372;C;11;0;;4.08733;0.26147;0.21651;AZUL;1441;;0;2024;Texto extraído diretamente do caderno oficial.
39;LC;120372;C;11;0;;4.08733;0.26147;0.21651;AZUL;1441;;0;2024;Texto extraído diretamente do caderno oficial.
39;LC;120372;C;11;0;;4.08733;0.26147;0.21651;AZUL;1441;;0;2024;Texto extraído diretamente do caderno oficial.
39;LC;120372;C;11;0;;4.08733;0.26147;0.21651;AZUL;1353;;0;2024;Texto extraído diretamente do caderno oficial.
39;LC;120372;C;11;0;;4.08733;0.26147;0.21651;AZUL;1353;;0;2024;Texto extraído diretamente do caderno oficial.
32;LC;140908;E;29;0;;4.01735;1.50486;0.06311;AZUL;1459;;0;2024;Texto extraído diretamente do caderno oficial.
32;LC;140908;E;29;0;;4.01735;1.50486;0.06311;AZUL;1459;;0;2024;Texto extraído diretamente do caderno oficial.
32;LC;140908;E;29;0;;4.01735;1.50486;0.06311;AZUL;1459;;0;2024;Texto extraído diretamente do caderno oficial.
10;LC;150425;C;29;0;;4.01406;0.2854;0.20514;AZUL;1395;;0;2024;"*010175AZ32*
01
1 Dia 1 Dia
1°Capa 4°Capa
Transcreva a sua Redação para a Folha de Redação.
Azul 1 1 Azul
Amarelo 2 2 Amarelo
Branco 3 1 3 Branco
Rosa 4 2 4 Rosa
3
Ledor 9 9 Ledor
Libras 10 4 10 Libras
5
6
7
8
O
9
H
10
N O
11
U
12 Ã
C
13 Ç
S
14 A
A
15 D
16 R
E
17
R
18
A
19
D
20
21
22
23
24
2 Dia 2 Dia
1°Capa 25 4°Capa
Libras 12 26 12 Libras
Ledor 11 11 Ledor
27
28
Rosa 8 8 Rosa
Azul 7 29 7 Azul
Cinza 6 6 Cinza
30
Amarelo 5 5 Amarelo
01
BBB0011iiiggg00uuu11rrr77rrr55iiilllAAhhhZZooosss..ii...nniiinnndddddbbddd 33 11122 11224433////00006688////2222000022222244 11117766::::11442266::::00556699"
10;LC;150425;C;29;0;;4.01406;0.2854;0.20514;AZUL;1395;;0;2024;"*010175AZ32*
01
1 Dia 1 Dia
1°Capa 4°Capa
Transcreva a sua Redação para a Folha de Redação.
Azul 1 1 Azul
Amarelo 2 2 Amarelo
Branco 3 1 3 Branco
Rosa 4 2 4 Rosa
3
Ledor 9 9 Ledor
Libras 10 4 10 Libras
5
6
7
8
O
9
H
10
N O
11
U
12 Ã
C
13 Ç
S
14 A
A
15 D
16 R
E
17
R
18
A
19
D
20
21
22
23
24
2 Dia 2 Dia
1°Capa 25 4°Capa
Libras 12 26 12 Libras
Ledor 11 11 Ledor
27
28
Rosa 8 8 Rosa
Azul 7 29 7 Azul
Cinza 6 6 Cinza
30
Amarelo 5 5 Amarelo
01
BBB0011iiiggg00uuu11rrr77rrr55iiilllAAhhhZZooosss..ii...nniiinnndddddbbddd 33 11122 11224433////00006688////2222000022222244 11117766::::11442266::::00556699"
10;LC;150425;C;29;0;;4.01406;0.2854;0.20514;AZUL;1395;;0;2024;"*010175AZ32*
01
1 Dia 1 Dia
1°Capa 4°Capa
Transcreva a sua Redação para a Folha de Redação.
Azul 1 1 Azul
Amarelo 2 2 Amarelo
Branco 3 1 3 Branco
Rosa 4 2 4 Rosa
3
Ledor 9 9 Ledor
Libras 10 4 10 Libras
5
6
7
8
O
9
H
10
N O
11
U
12 Ã
C
13 Ç
S
14 A
A
15 D
16 R
E
17
R
18
A
19
D
20
21
22
23
24
2 Dia 2 Dia
1°Capa 25 4°Capa
Libras 12 26 12 Libras
Ledor 11 11 Ledor
27
28
Rosa 8 8 Rosa
Azul 7 29 7 Azul
Cinza 6 6 Cinza
30
Amarelo 5 5 Amarelo
01
BBB0011iiiggg00uuu11rrr77rrr55iiilllAAhhhZZooosss..ii...nniiinnndddddbbddd 33 11122 11224433////00006688////2222000022222244 11117766::::11442266::::00556699"
44;LC;141244;E;9;0;;4.0067;0.04613;0.2554;AZUL;1395;;0;2024;Texto extraído diretamente do caderno oficial.
44;LC;141244;E;9;0;;4.0067;0.04613;0.2554;AZUL;1395;;0;2024;Texto extraído diretamente do caderno oficial.
44;LC;141244;E;9;0;;4.0067;0.04613;0.2554;AZUL;1395;;0;2024;Texto extraído diretamente do caderno oficial.
125;CN;88293;C;22;0;;3.98036;1.04132;0.06184;AZUL;1419;;0;2024;Texto extraído diretamente do caderno oficial.
125;CN;88293;C;22;0;;3.98036;1.04132;0.06184;AZUL;1419;;0;2024;Texto extraído diretamente do caderno oficial.
125;CN;88293;C;22;0;;3.98036;1.04132;0.06184;AZUL;1419;;0;2024;Texto extraído diretamente do caderno oficial.
16;LC;141221;D;13;0;;3.92192;0.61079;0.24818;AZUL;1395;;0;2024;Texto extraído diretamente do caderno oficial.
16;LC;141221;D;13;0;;3.92192;0.61079;0.24818;AZUL;1395;;0;2024;Texto extraído diretamente do caderno oficial.
16;LC;141221;D;13;0;;3.92192;0.61079;0.24818;AZUL;1395;;0;2024;Texto extraído diretamente do caderno oficial.
151;MT;15394;E;11;0;;3.90485;2.50442;0.11173;AZUL;1407;;0;2024;Texto extraído diretamente do caderno oficial.
151;MT;15394;E;11;0;;3.90485;2.50442;0.11173;AZUL;1407;;0;2024;Texto extraído diretamente do caderno oficial.
151;MT;15394;E;11;0;;3.90485;2.50442;0.11173;AZUL;1407;;0;2024;Texto extraído diretamente do caderno oficial.
23;LC;111901;B;1;0;;3.8859;0.87601;0.19923;AZUL;1395;;0;2024;"*010175AZ32*
01
1 Dia 1 Dia
1°Capa 4°Capa
Transcreva a sua Redação para a Folha de Redação.
Azul 1 1 Azul
Amarelo 2 2 Amarelo
Branco 3 1 3 Branco
Rosa 4 2 4 Rosa
3
Ledor 9 9 Ledor
Libras 10 4 10 Libras
5
6
7
8
O
9
H
10
N O
11
U
12 Ã
C
13 Ç
S
14 A
A
15 D
16 R
E
17
R
18
A
19
D
20
21
22
23
24
2 Dia 2 Dia
1°Capa 25 4°Capa
Libras 12 26 12 Libras
Ledor 11 11 Ledor
27
28
Rosa 8 8 Rosa
Azul 7 29 7 Azul
Cinza 6 6 Cinza
30
Amarelo 5 5 Amarelo
01
BBB0011iiiggg00uuu11rrr77rrr55iiilllAAhhhZZooosss..ii...nniiinnndddddbbddd 33 11122 11224433////00006688////2222000022222244 11117766::::11442266::::00556699"
23;LC;111901;B;1;0;;3.8859;0.87601;0.19923;AZUL;1395;;0;2024;"*010175AZ32*
01
1 Dia 1 Dia
1°Capa 4°Capa
Transcreva a sua Redação para a Folha de Redação.
Azul 1 1 Azul
Amarelo 2 2 Amarelo
Branco 3 1 3 Branco
Rosa 4 2 4 Rosa
3
Ledor 9 9 Ledor
Libras 10 4 10 Libras
5
6
7
8
O
9
H
10
N O
11
U
12 Ã
C
13 Ç
S
14 A
A
15 D
16 R
E
17
R
18
A
19
D
20
21
22
23
24
2 Dia 2 Dia
1°Capa 25 4°Capa
Libras 12 26 12 Libras
Ledor 11 11 Ledor
27
28
Rosa 8 8 Rosa
Azul 7 29 7 Azul
Cinza 6 6 Cinza
30
Amarelo 5 5 Amarelo
01
BBB0011iiiggg00uuu11rrr77rrr55iiilllAAhhhZZooosss..ii...nniiinnndddddbbddd 33 11122 11224433////00006688////2222000022222244 11117766::::11442266::::00556699"
23;LC;111901;B;1;0;;3.8859;0.87601;0.19923;AZUL;1395;;0;2024;"*010175AZ32*
01
1 Dia 1 Dia
1°Capa 4°Capa
Transcreva a sua Redação para a Folha de Redação.
Azul 1 1 Azul
Amarelo 2 2 Amarelo
Branco 3 1 3 Branco
Rosa 4 2 4 Rosa
3
Ledor 9 9 Ledor
Libras 10 4 10 Libras
5
6
7
8
O
9
H
10
N O
11
U
12 Ã
C
13 Ç
S
14 A
A
15 D
16 R
E
17
R
18
A
19
D
20
21
22
23
24
2 Dia 2 Dia
1°Capa 25 4°Capa
Libras 12 26 12 Libras
Ledor 11 11 Ledor
27
28
Rosa 8 8 Rosa
Azul 7 29 7 Azul
Cinza 6 6 Cinza
30
Amarelo 5 5 Amarelo
01
BBB0011iiiggg00uuu11rrr77rrr55iiilllAAhhhZZooosss..ii...nniiinnndddddbbddd 33 11122 11224433////00006688////2222000022222244 11117766::::11442266::::00556699"
119;CN;117932;B;20;0;;3.88018;1.84281;0.25883;AZUL;1419;;0;2024;Texto extraído diretamente do caderno oficial.
119;CN;117932;B;20;0;;3.88018;1.84281;0.25883;AZUL;1419;;0;2024;Texto extraído diretamente do caderno oficial.
119;CN;117932;B;20;0;;3.88018;1.84281;0.25883;AZUL;1419;;0;2024;Texto extraído diretamente do caderno oficial.
102;CN;60791;B;24;0;;3.87983;1.96308;0.20715;AZUL;1373;;0;2024;Texto extraído diretamente do caderno oficial.
102;CN;60791;B;24;0;;3.87983;1.96308;0.20715;AZUL;1373;;0;2024;Texto extraído diretamente do caderno oficial.
102;CN;60791;B;24;0;;3.87983;1.96308;0.20715;AZUL;1373;;0;2024;Texto extraído diretamente do caderno oficial.
167;MT;44306;D;25;0;;3.86308;1.72136;0.21606;AZUL;1471;;0;2024;Texto extraído diretamente do caderno oficial.
167;MT;44306;D;25;0;;3.86308;1.72136;0.21606;AZUL;1471;;0;2024;Texto extraído diretamente do caderno oficial.
167;MT;44306;D;25;0;;3.86308;1.72136;0.21606;AZUL;1471;;0;2024;Texto extraído diretamente do caderno oficial.
156;MT;117618;B;19;0;;3.84247;0.91232;0.20573;AZUL;1407;;0;2024;Texto extraído diretamente do caderno oficial.
156;MT;117618;B;19;0;;3.84247;0.91232;0.20573;AZUL;1407;;0;2024;Texto extraído diretamente do caderno oficial.
156;MT;117618;B;19;0;;3.84247;0.91232;0.20573;AZUL;1407;;0;2024;Texto extraído diretamente do caderno oficial.
51;CH;149806;E;5;0;;3.72659;0.66069;0.1705;AZUL;1383;;0;2024;Texto extraído diretamente do caderno oficial.
51;CH;149806;E;5;0;;3.72659;0.66069;0.1705;AZUL;1383;;0;2024;Texto extraído diretamente do caderno oficial.
51;CH;149806;E;5;0;;3.72659;0.66069;0.1705;AZUL;1383;;0;2024;Texto extraído diretamente do caderno oficial.
41;LC;118098;C;11;0;;3.6852;-0.20488;0.20362;AZUL;1353;;0;2024;Texto extraído diretamente do caderno oficial.
41;LC;118098;C;11;0;;3.6852;-0.20488;0.20362;AZUL;1441;;0;2024;Texto extraído diretamente do caderno oficial.
41;LC;118098;C;11;0;;3.6852;-0.20488;0.20362;AZUL;1353;;0;2024;Texto extraído diretamente do caderno oficial.
41;LC;118098;C;11;0;;3.6852;-0.20488;0.20362;AZUL;1353;;0;2024;Texto extraído diretamente do caderno oficial.
41;LC;118098;C;11;0;;3.6852;-0.20488;0.20362;AZUL;1441;;0;2024;Texto extraído diretamente do caderno oficial.
41;LC;118098;C;11;0;;3.6852;-0.20488;0.20362;AZUL;1441;;0;2024;Texto extraído diretamente do caderno oficial.
106;CN;81798;A;7;0;;3.68007;1.99027;0.07257;AZUL;1373;;0;2024;Texto extraído diretamente do caderno oficial.
106;CN;81798;A;7;0;;3.68007;1.99027;0.07257;AZUL;1373;;0;2024;Texto extraído diretamente do caderno oficial.
106;CN;81798;A;7;0;;3.68007;1.99027;0.07257;AZUL;1373;;0;2024;Texto extraído diretamente do caderno oficial.
10;LC;157775;E;22;0;;3.6719;1.0849;0.13842;AZUL;1459;;0;2024;"*010175AZ32*
01
1 Dia 1 Dia
1°Capa 4°Capa
Transcreva a sua Redação para a Folha de Redação.
Azul 1 1 Azul
Amarelo 2 2 Amarelo
Branco 3 1 3 Branco
Rosa 4 2 4 Rosa
3
Ledor 9 9 Ledor
Libras 10 4 10 Libras
5
6
7
8
O
9
H
10
N O
11
U
12 Ã
C
13 Ç
S
14 A
A
15 D
16 R
E
17
R
18
A
19
D
20
21
22
23
24
2 Dia 2 Dia
1°Capa 25 4°Capa
Libras 12 26 12 Libras
Ledor 11 11 Ledor
27
28
Rosa 8 8 Rosa
Azul 7 29 7 Azul
Cinza 6 6 Cinza
30
Amarelo 5 5 Amarelo
01
BBB0011iiiggg00uuu11rrr77rrr55iiilllAAhhhZZooosss..ii...nniiinnndddddbbddd 33 11122 11224433////00006688////2222000022222244 11117766::::11442266::::00556699"
10;LC;157775;E;22;0;;3.6719;1.0849;0.13842;AZUL;1459;;0;2024;"*010175AZ32*
01
1 Dia 1 Dia
1°Capa 4°Capa
Transcreva a sua Redação para a Folha de Redação.
Azul 1 1 Azul
Amarelo 2 2 Amarelo
Branco 3 1 3 Branco
Rosa 4 2 4 Rosa
3
Ledor 9 9 Ledor
Libras 10 4 10 Libras
5
6
7
8
O
9
H
10
N O
11
U
12 Ã
C
13 Ç
S
14 A
A
15 D
16 R
E
17
R
18
A
19
D
20
21
22
23
24
2 Dia 2 Dia
1°Capa 25 4°Capa
Libras 12 26 12 Libras
Ledor 11 11 Ledor
27
28
Rosa 8 8 Rosa
Azul 7 29 7 Azul
Cinza 6 6 Cinza
30
Amarelo 5 5 Amarelo
01
BBB0011iiiggg00uuu11rrr77rrr55iiilllAAhhhZZooosss..ii...nniiinnndddddbbddd 33 11122 11224433////00006688////2222000022222244 11117766::::11442266::::00556699"
10;LC;157775;E;22;0;;3.6719;1.0849;0.13842;AZUL;1459;;0;2024;"*010175AZ32*
01
1 Dia 1 Dia
1°Capa 4°Capa
Transcreva a sua Redação para a Folha de Redação.
Azul 1 1 Azul
Amarelo 2 2 Amarelo
Branco 3 1 3 Branco
Rosa 4 2 4 Rosa
3
Ledor 9 9 Ledor
Libras 10 4 10 Libras
5
6
7
8
O
9
H
10
N O
11
U
12 Ã
C
13 Ç
S
14 A
A
15 D
16 R
E
17
R
18
A
19
D
20
21
22
23
24
2 Dia 2 Dia
1°Capa 25 4°Capa
Libras 12 26 12 Libras
Ledor 11 11 Ledor
27
28
Rosa 8 8 Rosa
Azul 7 29 7 Azul
Cinza 6 6 Cinza
30
Amarelo 5 5 Amarelo
01
BBB0011iiiggg00uuu11rrr77rrr55iiilllAAhhhZZooosss..ii...nniiinnndddddbbddd 33 11122 11224433////00006688////2222000022222244 11117766::::11442266::::00556699"
66;CH;141379;A;8;0;;3.6485;0.27468;0.20745;AZUL;1431;;0;2024;Texto extraído diretamente do caderno oficial.
66;CH;141379;A;8;0;;3.6485;0.27468;0.20745;AZUL;1343;;0;2024;Texto extraído diretamente do caderno oficial.
66;CH;141379;A;8;0;;3.6485;0.27468;0.20745;AZUL;1343;;0;2024;Texto extraído diretamente do caderno oficial.
66;CH;141379;A;8;0;;3.6485;0.27468;0.20745;AZUL;1431;;0;2024;Texto extraído diretamente do caderno oficial.
66;CH;141379;A;8;0;;3.6485;0.27468;0.20745;AZUL;1343;;0;2024;Texto extraído diretamente do caderno oficial.
66;CH;141379;A;8;0;;3.6485;0.27468;0.20745;AZUL;1431;;0;2024;Texto extraído diretamente do caderno oficial.
36;LC;153681;D;26;0;;3.6449;1.00902;0.2065;AZUL;1459;;0;2024;Texto extraído diretamente do caderno oficial.
36;LC;153681;D;26;0;;3.6449;1.00902;0.2065;AZUL;1459;;0;2024;Texto extraído diretamente do caderno oficial.
36;LC;153681;D;26;0;;3.6449;1.00902;0.2065;AZUL;1459;;0;2024;Texto extraído diretamente do caderno oficial.
48;CH;87509;E;2;0;;3.63787;1.15279;0.14648;AZUL;1447;;0;2024;Texto extraído diretamente do caderno oficial.
48;CH;87509;E;2;0;;3.63787;1.15279;0.14648;AZUL;1447;;0;2024;Texto extraído diretamente do caderno oficial.
48;CH;87509;E;2;0;;3.63787;1.15279;0.14648;AZUL;1447;;0;2024;Texto extraído diretamente do caderno oficial.
166;MT;89543;B;25;0;;3.60975;1.52395;0.3178;AZUL;1363;;0;2024;Texto extraído diretamente do caderno oficial.
166;MT;89543;B;25;0;;3.60975;1.52395;0.3178;AZUL;1363;;0;2024;Texto extraído diretamente do caderno oficial.
166;MT;89543;B;25;0;;3.60975;1.52395;0.3178;AZUL;1363;;0;2024;Texto extraído diretamente do caderno oficial.
121;CN;117814;D;17;0;;3.60586;0.48338;0.14782;AZUL;1373;;0;2024;Texto extraído diretamente do caderno oficial.
121;CN;117814;D;17;0;;3.60586;0.48338;0.14782;AZUL;1373;;0;2024;Texto extraído diretamente do caderno oficial.
121;CN;117814;D;17;0;;3.60586;0.48338;0.14782;AZUL;1373;;0;2024;Texto extraído diretamente do caderno oficial.
170;MT;96636;C;21;0;;3.58253;2.29438;0.31171;AZUL;1407;;0;2024;Texto extraído diretamente do caderno oficial.
170;MT;96636;C;21;0;;3.58253;2.29438;0.31171;AZUL;1407;;0;2024;Texto extraído diretamente do caderno oficial.
170;MT;96636;C;21;0;;3.58253;2.29438;0.31171;AZUL;1407;;0;2024;Texto extraído diretamente do caderno oficial.
116;CN;96550;C;13;0;;3.56451;1.17043;0.07963;AZUL;1373;;0;2024;Texto extraído diretamente do caderno oficial.
116;CN;96550;C;13;0;;3.56451;1.17043;0.07963;AZUL;1373;;0;2024;Texto extraído diretamente do caderno oficial.
116;CN;96550;C;13;0;;3.56451;1.17043;0.07963;AZUL;1373;;0;2024;Texto extraído diretamente do caderno oficial.
39;LC;150666;E;27;0;;3.54677;0.31786;0.12491;AZUL;1395;;0;2024;Texto extraído diretamente do caderno oficial.
39;LC;150666;E;27;0;;3.54677;0.31786;0.12491;AZUL;1395;;0;2024;Texto extraído diretamente do caderno oficial.
39;LC;150666;E;27;0;;3.54677;0.31786;0.12491;AZUL;1395;;0;2024;Texto extraído diretamente do caderno oficial.
153;MT;17549;E;8;0;;3.53861;1.72953;0.05329;AZUL;1363;;0;2024;Texto extraído diretamente do caderno oficial.
153;MT;17549;E;8;0;;3.53861;1.72953;0.05329;AZUL;1363;;0;2024;Texto extraído diretamente do caderno oficial.
153;MT;17549;E;8;0;;3.53861;1.72953;0.05329;AZUL;1363;;0;2024;Texto extraído diretamente do caderno oficial.
84;CH;111965;B;22;0;;3.52605;0.16469;0.18195;AZUL;1343;;0;2024;Texto extraído diretamente do caderno oficial.
84;CH;111965;B;22;0;;3.52605;0.16469;0.18195;AZUL;1431;;0;2024;Texto extraído diretamente do caderno oficial.
84;CH;111965;B;22;0;;3.52605;0.16469;0.18195;AZUL;1431;;0;2024;Texto extraído diretamente do caderno oficial.
84;CH;111965;B;22;0;;3.52605;0.16469;0.18195;AZUL;1431;;0;2024;Texto extraído diretamente do caderno oficial.
84;CH;111965;B;22;0;;3.52605;0.16469;0.18195;AZUL;1343;;0;2024;Texto extraído diretamente do caderno oficial.
84;CH;111965;B;22;0;;3.52605;0.16469;0.18195;AZUL;1343;;0;2024;Texto extraído diretamente do caderno oficial.
89;CH;149847;C;6;0;;3.51616;-0.2635;0.19228;AZUL;1343;;0;2024;Texto extraído diretamente do caderno oficial.
89;CH;149847;C;6;0;;3.51616;-0.2635;0.19228;AZUL;1431;;0;2024;Texto extraído diretamente do caderno oficial.
89;CH;149847;C;6;0;;3.51616;-0.2635;0.19228;AZUL;1343;;0;2024;Texto extraído diretamente do caderno oficial.
89;CH;149847;C;6;0;;3.51616;-0.2635;0.19228;AZUL;1431;;0;2024;Texto extraído diretamente do caderno oficial.
89;CH;149847;C;6;0;;3.51616;-0.2635;0.19228;AZUL;1431;;0;2024;Texto extraído diretamente do caderno oficial.
89;CH;149847;C;6;0;;3.51616;-0.2635;0.19228;AZUL;1343;;0;2024;Texto extraído diretamente do caderno oficial.
108;CN;141791;B;4;0;;3.50874;1.41332;0.28921;AZUL;1419;;0;2024;Texto extraído diretamente do caderno oficial.
108;CN;141791;B;4;0;;3.50874;1.41332;0.28921;AZUL;1419;;0;2024;Texto extraído diretamente do caderno oficial.
108;CN;141791;B;4;0;;3.50874;1.41332;0.28921;AZUL;1419;;0;2024;Texto extraído diretamente do caderno oficial.
134;CN;141671;B;12;0;;3.50039;1.25217;0.25537;AZUL;1483;;0;2024;Texto extraído diretamente do caderno oficial.
134;CN;141671;B;12;0;;3.50039;1.25217;0.25537;AZUL;1483;;0;2024;Texto extraído diretamente do caderno oficial.
134;CN;141671;B;12;0;;3.50039;1.25217;0.25537;AZUL;1483;;0;2024;Texto extraído diretamente do caderno oficial.
64;CH;97126;C;15;0;;3.48167;0.81823;0.23768;AZUL;1343;;0;2024;Texto extraído diretamente do caderno oficial.
64;CH;97126;C;15;0;;3.48167;0.81823;0.23768;AZUL;1431;;0;2024;Texto extraído diretamente do caderno oficial.
64;CH;97126;C;15;0;;3.48167;0.81823;0.23768;AZUL;1343;;0;2024;Texto extraído diretamente do caderno oficial.
64;CH;97126;C;15;0;;3.48167;0.81823;0.23768;AZUL;1343;;0;2024;Texto extraído diretamente do caderno oficial.
64;CH;97126;C;15;0;;3.48167;0.81823;0.23768;AZUL;1431;;0;2024;Texto extraído diretamente do caderno oficial.
64;CH;97126;C;15;0;;3.48167;0.81823;0.23768;AZUL;1431;;0;2024;Texto extraído diretamente do caderno oficial.
118;CN;84020;C;16;0;;3.46803;1.44675;0.27231;AZUL;1373;;0;2024;Texto extraído diretamente do caderno oficial.
118;CN;84020;C;16;0;;3.46803;1.44675;0.27231;AZUL;1373;;0;2024;Texto extraído diretamente do caderno oficial.
118;CN;84020;C;16;0;;3.46803;1.44675;0.27231;AZUL;1373;;0;2024;Texto extraído diretamente do caderno oficial.
140;MT;141568;E;18;0;;3.46557;2.92476;0.07945;AZUL;1471;;0;2024;Texto extraído diretamente do caderno oficial.
140;MT;141568;E;18;0;;3.46557;2.92476;0.07945;AZUL;1471;;0;2024;Texto extraído diretamente do caderno oficial.
140;MT;141568;E;18;0;;3.46557;2.92476;0.07945;AZUL;1471;;0;2024;Texto extraído diretamente do caderno oficial.
50;CH;140199;B;14;0;;3.45275;0.54931;0.16635;AZUL;1383;;0;2024;Texto extraído diretamente do caderno oficial.
50;CH;140199;B;14;0;;3.45275;0.54931;0.16635;AZUL;1383;;0;2024;Texto extraído diretamente do caderno oficial.
50;CH;140199;B;14;0;;3.45275;0.54931;0.16635;AZUL;1383;;0;2024;Texto extraído diretamente do caderno oficial.
9;LC;157781;C;30;0;;3.44333;1.03742;0.13709;AZUL;1459;;0;2024;"*010175AZ32*
01
1 Dia 1 Dia
1°Capa 4°Capa
Transcreva a sua Redação para a Folha de Redação.
Azul 1 1 Azul
Amarelo 2 2 Amarelo
Branco 3 1 3 Branco
Rosa 4 2 4 Rosa
3
Ledor 9 9 Ledor
Libras 10 4 10 Libras
5
6
7
8
O
9
H
10
N O
11
U
12 Ã
C
13 Ç
S
14 A
A
15 D
16 R
E
17
R
18
A
19
D
20
21
22
23
24
2 Dia 2 Dia
1°Capa 25 4°Capa
Libras 12 26 12 Libras
Ledor 11 11 Ledor
27
28
Rosa 8 8 Rosa
Azul 7 29 7 Azul
Cinza 6 6 Cinza
30
Amarelo 5 5 Amarelo
01
BBB0011iiiggg00uuu11rrr77rrr55iiilllAAhhhZZooosss..ii...nniiinnndddddbbddd 33 11122 11224433////00006688////2222000022222244 11117766::::11442266::::00556699"
9;LC;157781;C;30;0;;3.44333;1.03742;0.13709;AZUL;1459;;0;2024;"*010175AZ32*
01
1 Dia 1 Dia
1°Capa 4°Capa
Transcreva a sua Redação para a Folha de Redação.
Azul 1 1 Azul
Amarelo 2 2 Amarelo
Branco 3 1 3 Branco
Rosa 4 2 4 Rosa
3
Ledor 9 9 Ledor
Libras 10 4 10 Libras
5
6
7
8
O
9
H
10
N O
11
U
12 Ã
C
13 Ç
S
14 A
A
15 D
16 R
E
17
R
18
A
19
D
20
21
22
23
24
2 Dia 2 Dia
1°Capa 25 4°Capa
Libras 12 26 12 Libras
Ledor 11 11 Ledor
27
28
Rosa 8 8 Rosa
Azul 7 29 7 Azul
Cinza 6 6 Cinza
30
Amarelo 5 5 Amarelo
01
BBB0011iiiggg00uuu11rrr77rrr55iiilllAAhhhZZooosss..ii...nniiinnndddddbbddd 33 11122 11224433////00006688////2222000022222244 11117766::::11442266::::00556699"
9;LC;157781;C;30;0;;3.44333;1.03742;0.13709;AZUL;1459;;0;2024;"*010175AZ32*
01
1 Dia 1 Dia
1°Capa 4°Capa
Transcreva a sua Redação para a Folha de Redação.
Azul 1 1 Azul
Amarelo 2 2 Amarelo
Branco 3 1 3 Branco
Rosa 4 2 4 Rosa
3
Ledor 9 9 Ledor
Libras 10 4 10 Libras
5
6
7
8
O
9
H
10
N O
11
U
12 Ã
C
13 Ç
S
14 A
A
15 D
16 R
E
17
R
18
A
19
D
20
21
22
23
24
2 Dia 2 Dia
1°Capa 25 4°Capa
Libras 12 26 12 Libras
Ledor 11 11 Ledor
27
28
Rosa 8 8 Rosa
Azul 7 29 7 Azul
Cinza 6 6 Cinza
30
Amarelo 5 5 Amarelo
01
BBB0011iiiggg00uuu11rrr77rrr55iiilllAAhhhZZooosss..ii...nniiinnndddddbbddd 33 11122 11224433////00006688////2222000022222244 11117766::::11442266::::00556699"
37;LC;97881;A;22;0;;3.43242;0.90425;0.28122;AZUL;1459;;0;2024;Texto extraído diretamente do caderno oficial.
37;LC;97881;A;22;0;;3.43242;0.90425;0.28122;AZUL;1459;;0;2024;Texto extraído diretamente do caderno oficial.
37;LC;97881;A;22;0;;3.43242;0.90425;0.28122;AZUL;1459;;0;2024;Texto extraído diretamente do caderno oficial.
70;CH;67577;E;17;0;;3.42357;0.49941;0.11756;AZUL;1383;;0;2024;Texto extraído diretamente do caderno oficial.
70;CH;67577;E;17;0;;3.42357;0.49941;0.11756;AZUL;1383;;0;2024;Texto extraído diretamente do caderno oficial.
70;CH;67577;E;17;0;;3.42357;0.49941;0.11756;AZUL;1383;;0;2024;Texto extraído diretamente do caderno oficial.
131;CN;96328;E;26;0;;3.42124;1.93027;0.06916;AZUL;1483;;0;2024;Texto extraído diretamente do caderno oficial.
131;CN;96328;E;26;0;;3.42124;1.93027;0.06916;AZUL;1483;;0;2024;Texto extraído diretamente do caderno oficial.
131;CN;96328;E;26;0;;3.42124;1.93027;0.06916;AZUL;1483;;0;2024;Texto extraído diretamente do caderno oficial.
95;CN;76022;C;21;0;;3.42122;0.81157;0.39932;AZUL;1483;;0;2024;Texto extraído diretamente do caderno oficial.
95;CN;76022;C;21;0;;3.42122;0.81157;0.39932;AZUL;1483;;0;2024;Texto extraído diretamente do caderno oficial.
95;CN;76022;C;21;0;;3.42122;0.81157;0.39932;AZUL;1483;;0;2024;Texto extraído diretamente do caderno oficial.
49;CH;125946;E;16;0;;3.40587;1.26456;0.13332;AZUL;1383;;0;2024;Texto extraído diretamente do caderno oficial.
49;CH;125946;E;16;0;;3.40587;1.26456;0.13332;AZUL;1383;;0;2024;Texto extraído diretamente do caderno oficial.
49;CH;125946;E;16;0;;3.40587;1.26456;0.13332;AZUL;1383;;0;2024;Texto extraído diretamente do caderno oficial.
93;CN;77606;E;3;0;;3.40083;0.78927;0.1278;AZUL;1419;;0;2024;Texto extraído diretamente do caderno oficial.
93;CN;77606;E;3;0;;3.40083;0.78927;0.1278;AZUL;1419;;0;2024;Texto extraído diretamente do caderno oficial.
93;CN;77606;E;3;0;;3.40083;0.78927;0.1278;AZUL;1419;;0;2024;Texto extraído diretamente do caderno oficial.
89;CH;141127;B;7;0;;3.40007;1.69903;0.13015;AZUL;1383;;0;2024;Texto extraído diretamente do caderno oficial.
89;CH;141127;B;7;0;;3.40007;1.69903;0.13015;AZUL;1383;;0;2024;Texto extraído diretamente do caderno oficial.
89;CH;141127;B;7;0;;3.40007;1.69903;0.13015;AZUL;1383;;0;2024;Texto extraído diretamente do caderno oficial.
64;CH;149791;C;15;0;;3.39952;0.32395;0.19849;AZUL;1383;;0;2024;Texto extraído diretamente do caderno oficial.
64;CH;149791;C;15;0;;3.39952;0.32395;0.19849;AZUL;1383;;0;2024;Texto extraído diretamente do caderno oficial.
64;CH;149791;C;15;0;;3.39952;0.32395;0.19849;AZUL;1383;;0;2024;Texto extraído diretamente do caderno oficial.
56;CH;149784;C;27;0;;3.39468;0.43866;0.21726;AZUL;1447;;0;2024;Texto extraído diretamente do caderno oficial.
56;CH;149784;C;27;0;;3.39468;0.43866;0.21726;AZUL;1447;;0;2024;Texto extraído diretamente do caderno oficial.
56;CH;149784;C;27;0;;3.39468;0.43866;0.21726;AZUL;1447;;0;2024;Texto extraído diretamente do caderno oficial.
73;CH;96978;A;15;0;;3.38036;0.39077;0.295;AZUL;1447;;0;2024;Texto extraído diretamente do caderno oficial.
73;CH;96978;A;15;0;;3.38036;0.39077;0.295;AZUL;1447;;0;2024;Texto extraído diretamente do caderno oficial.
73;CH;96978;A;15;0;;3.38036;0.39077;0.295;AZUL;1447;;0;2024;Texto extraído diretamente do caderno oficial.
115;CN;111658;C;15;0;;3.37882;2.15318;0.10317;AZUL;1419;;0;2024;Texto extraído diretamente do caderno oficial.
115;CN;111658;C;15;0;;3.37882;2.15318;0.10317;AZUL;1419;;0;2024;Texto extraído diretamente do caderno oficial.
115;CN;111658;C;15;0;;3.37882;2.15318;0.10317;AZUL;1419;;0;2024;Texto extraído diretamente do caderno oficial.
160;MT;117712;D;16;0;;3.37555;1.84456;0.1926;AZUL;1407;;0;2024;Texto extraído diretamente do caderno oficial.
160;MT;117712;D;16;0;;3.37555;1.84456;0.1926;AZUL;1407;;0;2024;Texto extraído diretamente do caderno oficial.
160;MT;117712;D;16;0;;3.37555;1.84456;0.1926;AZUL;1407;;0;2024;Texto extraído diretamente do caderno oficial.
124;CN;87263;C;15;0;;3.366;0.70227;0.21496;AZUL;1419;;0;2024;Texto extraído diretamente do caderno oficial.
124;CN;87263;C;15;0;;3.366;0.70227;0.21496;AZUL;1419;;0;2024;Texto extraído diretamente do caderno oficial.
124;CN;87263;C;15;0;;3.366;0.70227;0.21496;AZUL;1419;;0;2024;Texto extraído diretamente do caderno oficial.
73;CH;141105;A;27;0;;3.33008;0.45298;0.15146;AZUL;1343;;0;2024;Texto extraído diretamente do caderno oficial.
73;CH;141105;A;27;0;;3.33008;0.45298;0.15146;AZUL;1431;;0;2024;Texto extraído diretamente do caderno oficial.
73;CH;141105;A;27;0;;3.33008;0.45298;0.15146;AZUL;1343;;0;2024;Texto extraído diretamente do caderno oficial.
73;CH;141105;A;27;0;;3.33008;0.45298;0.15146;AZUL;1431;;0;2024;Texto extraído diretamente do caderno oficial.
73;CH;141105;A;27;0;;3.33008;0.45298;0.15146;AZUL;1343;;0;2024;Texto extraído diretamente do caderno oficial.
73;CH;141105;A;27;0;;3.33008;0.45298;0.15146;AZUL;1431;;0;2024;Texto extraído diretamente do caderno oficial.
79;CH;98152;E;8;0;;3.32906;0.86547;0.16688;AZUL;1383;;0;2024;Texto extraído diretamente do caderno oficial.
79;CH;98152;E;8;0;;3.32906;0.86547;0.16688;AZUL;1383;;0;2024;Texto extraído diretamente do caderno oficial.
79;CH;98152;E;8;0;;3.32906;0.86547;0.16688;AZUL;1383;;0;2024;Texto extraído diretamente do caderno oficial.
179;MT;27923;A;19;0;;3.29564;2.98287;0.14454;AZUL;1363;;0;2024;Texto extraído diretamente do caderno oficial.
179;MT;27923;A;19;0;;3.29564;2.98287;0.14454;AZUL;1363;;0;2024;Texto extraído diretamente do caderno oficial.
179;MT;27923;A;19;0;;3.29564;2.98287;0.14454;AZUL;1363;;0;2024;Texto extraído diretamente do caderno oficial.
175;MT;49701;D;12;0;;3.29248;1.93864;0.13627;AZUL;1407;;0;2024;Texto extraído diretamente do caderno oficial.
175;MT;49701;D;12;0;;3.29248;1.93864;0.13627;AZUL;1407;;0;2024;Texto extraído diretamente do caderno oficial.
175;MT;49701;D;12;0;;3.29248;1.93864;0.13627;AZUL;1407;;0;2024;Texto extraído diretamente do caderno oficial.
75;CH;141073;E;7;0;;3.27746;0.7899;0.16002;AZUL;1343;;0;2024;Texto extraído diretamente do caderno oficial.
75;CH;141073;E;7;0;;3.27746;0.7899;0.16002;AZUL;1431;;0;2024;Texto extraído diretamente do caderno oficial.
75;CH;141073;E;7;0;;3.27746;0.7899;0.16002;AZUL;1343;;0;2024;Texto extraído diretamente do caderno oficial.
75;CH;141073;E;7;0;;3.27746;0.7899;0.16002;AZUL;1431;;0;2024;Texto extraído diretamente do caderno oficial.
75;CH;141073;E;7;0;;3.27746;0.7899;0.16002;AZUL;1343;;0;2024;Texto extraído diretamente do caderno oficial.
75;CH;141073;E;7;0;;3.27746;0.7899;0.16002;AZUL;1431;;0;2024;Texto extraído diretamente do caderno oficial.
107;CN;86727;A;3;0;;3.26263;1.04212;0.20017;AZUL;1373;;0;2024;Texto extraído diretamente do caderno oficial.
107;CN;86727;A;3;0;;3.26263;1.04212;0.20017;AZUL;1373;;0;2024;Texto extraído diretamente do caderno oficial.
107;CN;86727;A;3;0;;3.26263;1.04212;0.20017;AZUL;1373;;0;2024;Texto extraído diretamente do caderno oficial.
148;MT;117865;B;15;0;;3.26013;1.57311;0.15019;AZUL;1363;;0;2024;Texto extraído diretamente do caderno oficial.
148;MT;117865;B;15;0;;3.26013;1.57311;0.15019;AZUL;1363;;0;2024;Texto extraído diretamente do caderno oficial.
148;MT;117865;B;15;0;;3.26013;1.57311;0.15019;AZUL;1363;;0;2024;Texto extraído diretamente do caderno oficial.
172;MT;117888;D;9;0;;3.25419;2.00748;0.23654;AZUL;1363;;0;2024;Texto extraído diretamente do caderno oficial.
172;MT;117888;D;9;0;;3.25419;2.00748;0.23654;AZUL;1363;;0;2024;Texto extraído diretamente do caderno oficial.
172;MT;117888;D;9;0;;3.25419;2.00748;0.23654;AZUL;1363;;0;2024;Texto extraído diretamente do caderno oficial.
21;LC;46766;E;14;0;;3.23326;1.35497;0.14941;AZUL;1395;;0;2024;"*010175AZ32*
01
1 Dia 1 Dia
1°Capa 4°Capa
Transcreva a sua Redação para a Folha de Redação.
Azul 1 1 Azul
Amarelo 2 2 Amarelo
Branco 3 1 3 Branco
Rosa 4 2 4 Rosa
3
Ledor 9 9 Ledor
Libras 10 4 10 Libras
5
6
7
8
O
9
H
10
N O
11
U
12 Ã
C
13 Ç
S
14 A
A
15 D
16 R
E
17
R
18
A
19
D
20
21
22
23
24
2 Dia 2 Dia
1°Capa 25 4°Capa
Libras 12 26 12 Libras
Ledor 11 11 Ledor
27
28
Rosa 8 8 Rosa
Azul 7 29 7 Azul
Cinza 6 6 Cinza
30
Amarelo 5 5 Amarelo
01
BBB0011iiiggg00uuu11rrr77rrr55iiilllAAhhhZZooosss..ii...nniiinnndddddbbddd 33 11122 11224433////00006688////2222000022222244 11117766::::11442266::::00556699"
21;LC;46766;E;14;0;;3.23326;1.35497;0.14941;AZUL;1395;;0;2024;"*010175AZ32*
01
1 Dia 1 Dia
1°Capa 4°Capa
Transcreva a sua Redação para a Folha de Redação.
Azul 1 1 Azul
Amarelo 2 2 Amarelo
Branco 3 1 3 Branco
Rosa 4 2 4 Rosa
3
Ledor 9 9 Ledor
Libras 10 4 10 Libras
5
6
7
8
O
9
H
10
N O
11
U
12 Ã
C
13 Ç
S
14 A
A
15 D
16 R
E
17
R
18
A
19
D
20
21
22
23
24
2 Dia 2 Dia
1°Capa 25 4°Capa
Libras 12 26 12 Libras
Ledor 11 11 Ledor
27
28
Rosa 8 8 Rosa
Azul 7 29 7 Azul
Cinza 6 6 Cinza
30
Amarelo 5 5 Amarelo
01
BBB0011iiiggg00uuu11rrr77rrr55iiilllAAhhhZZooosss..ii...nniiinnndddddbbddd 33 11122 11224433////00006688////2222000022222244 11117766::::11442266::::00556699"
21;LC;46766;E;14;0;;3.23326;1.35497;0.14941;AZUL;1395;;0;2024;"*010175AZ32*
01
1 Dia 1 Dia
1°Capa 4°Capa
Transcreva a sua Redação para a Folha de Redação.
Azul 1 1 Azul
Amarelo 2 2 Amarelo
Branco 3 1 3 Branco
Rosa 4 2 4 Rosa
3
Ledor 9 9 Ledor
Libras 10 4 10 Libras
5
6
7
8
O
9
H
10
N O
11
U
12 Ã
C
13 Ç
S
14 A
A
15 D
16 R
E
17
R
18
A
19
D
20
21
22
23
24
2 Dia 2 Dia
1°Capa 25 4°Capa
Libras 12 26 12 Libras
Ledor 11 11 Ledor
27
28
Rosa 8 8 Rosa
Azul 7 29 7 Azul
Cinza 6 6 Cinza
30
Amarelo 5 5 Amarelo
01
BBB0011iiiggg00uuu11rrr77rrr55iiilllAAhhhZZooosss..ii...nniiinnndddddbbddd 33 11122 11224433////00006688////2222000022222244 11117766::::11442266::::00556699"
44;LC;17166;D;24;0;;3.22461;0.66444;0.25447;AZUL;1459;;0;2024;Texto extraído diretamente do caderno oficial.
44;LC;17166;D;24;0;;3.22461;0.66444;0.25447;AZUL;1459;;0;2024;Texto extraído diretamente do caderno oficial.
44;LC;17166;D;24;0;;3.22461;0.66444;0.25447;AZUL;1459;;0;2024;Texto extraído diretamente do caderno oficial.
112;CN;85481;D;19;0;;3.21881;1.26954;0.16281;AZUL;1483;;0;2024;Texto extraído diretamente do caderno oficial.
112;CN;85481;D;19;0;;3.21881;1.26954;0.16281;AZUL;1483;;0;2024;Texto extraído diretamente do caderno oficial.
112;CN;85481;D;19;0;;3.21881;1.26954;0.16281;AZUL;1483;;0;2024;Texto extraído diretamente do caderno oficial.
97;CN;78580;B;19;0;;3.20531;1.24481;0.27737;AZUL;1373;;0;2024;Texto extraído diretamente do caderno oficial.
97;CN;78580;B;19;0;;3.20531;1.24481;0.27737;AZUL;1373;;0;2024;Texto extraído diretamente do caderno oficial.
97;CN;78580;B;19;0;;3.20531;1.24481;0.27737;AZUL;1373;;0;2024;Texto extraído diretamente do caderno oficial.
68;CH;149824;E;6;0;;3.19948;0.61346;0.2005;AZUL;1447;;0;2024;Texto extraído diretamente do caderno oficial.
68;CH;149824;E;6;0;;3.19948;0.61346;0.2005;AZUL;1447;;0;2024;Texto extraído diretamente do caderno oficial.
68;CH;149824;E;6;0;;3.19948;0.61346;0.2005;AZUL;1447;;0;2024;Texto extraído diretamente do caderno oficial.
59;CH;140491;B;26;0;;3.19307;1.3846;0.09892;AZUL;1447;;0;2024;Texto extraído diretamente do caderno oficial.
59;CH;140491;B;26;0;;3.19307;1.3846;0.09892;AZUL;1447;;0;2024;Texto extraído diretamente do caderno oficial.
59;CH;140491;B;26;0;;3.19307;1.3846;0.09892;AZUL;1447;;0;2024;Texto extraído diretamente do caderno oficial.
123;CN;117707;C;27;0;;3.17804;1.61233;0.086;AZUL;1373;;0;2024;Texto extraído diretamente do caderno oficial.
123;CN;117707;C;27;0;;3.17804;1.61233;0.086;AZUL;1373;;0;2024;Texto extraído diretamente do caderno oficial.
123;CN;117707;C;27;0;;3.17804;1.61233;0.086;AZUL;1373;;0;2024;Texto extraído diretamente do caderno oficial.
6;LC;150678;E;20;0;;3.15898;0.16783;0.17207;AZUL;1395;;0;2024;"*010175AZ32*
01
1 Dia 1 Dia
1°Capa 4°Capa
Transcreva a sua Redação para a Folha de Redação.
Azul 1 1 Azul
Amarelo 2 2 Amarelo
Branco 3 1 3 Branco
Rosa 4 2 4 Rosa
3
Ledor 9 9 Ledor
Libras 10 4 10 Libras
5
6
7
8
O
9
H
10
N O
11
U
12 Ã
C
13 Ç
S
14 A
A
15 D
16 R
E
17
R
18
A
19
D
20
21
22
23
24
2 Dia 2 Dia
1°Capa 25 4°Capa
Libras 12 26 12 Libras
Ledor 11 11 Ledor
27
28
Rosa 8 8 Rosa
Azul 7 29 7 Azul
Cinza 6 6 Cinza
30
Amarelo 5 5 Amarelo
01
BBB0011iiiggg00uuu11rrr77rrr55iiilllAAhhhZZooosss..ii...nniiinnndddddbbddd 33 11122 11224433////00006688////2222000022222244 11117766::::11442266::::00556699"
6;LC;150678;E;20;0;;3.15898;0.16783;0.17207;AZUL;1395;;0;2024;"*010175AZ32*
01
1 Dia 1 Dia
1°Capa 4°Capa
Transcreva a sua Redação para a Folha de Redação.
Azul 1 1 Azul
Amarelo 2 2 Amarelo
Branco 3 1 3 Branco
Rosa 4 2 4 Rosa
3
Ledor 9 9 Ledor
Libras 10 4 10 Libras
5
6
7
8
O
9
H
10
N O
11
U
12 Ã
C
13 Ç
S
14 A
A
15 D
16 R
E
17
R
18
A
19
D
20
21
22
23
24
2 Dia 2 Dia
1°Capa 25 4°Capa
Libras 12 26 12 Libras
Ledor 11 11 Ledor
27
28
Rosa 8 8 Rosa
Azul 7 29 7 Azul
Cinza 6 6 Cinza
30
Amarelo 5 5 Amarelo
01
BBB0011iiiggg00uuu11rrr77rrr55iiilllAAhhhZZooosss..ii...nniiinnndddddbbddd 33 11122 11224433////00006688////2222000022222244 11117766::::11442266::::00556699"
6;LC;150678;E;20;0;;3.15898;0.16783;0.17207;AZUL;1395;;0;2024;"*010175AZ32*
01
1 Dia 1 Dia
1°Capa 4°Capa
Transcreva a sua Redação para a Folha de Redação.
Azul 1 1 Azul
Amarelo 2 2 Amarelo
Branco 3 1 3 Branco
Rosa 4 2 4 Rosa
3
Ledor 9 9 Ledor
Libras 10 4 10 Libras
5
6
7
8
O
9
H
10
N O
11
U
12 Ã
C
13 Ç
S
14 A
A
15 D
16 R
E
17
R
18
A
19
D
20
21
22
23
24
2 Dia 2 Dia
1°Capa 25 4°Capa
Libras 12 26 12 Libras
Ledor 11 11 Ledor
27
28
Rosa 8 8 Rosa
Azul 7 29 7 Azul
Cinza 6 6 Cinza
30
Amarelo 5 5 Amarelo
01
BBB0011iiiggg00uuu11rrr77rrr55iiilllAAhhhZZooosss..ii...nniiinnndddddbbddd 33 11122 11224433////00006688////2222000022222244 11117766::::11442266::::00556699"
62;CH;141348;E;30;0;;3.15857;0.08755;0.18772;AZUL;1343;;0;2024;Texto extraído diretamente do caderno oficial.
62;CH;141348;E;30;0;;3.15857;0.08755;0.18772;AZUL;1431;;0;2024;Texto extraído diretamente do caderno oficial.
62;CH;141348;E;30;0;;3.15857;0.08755;0.18772;AZUL;1343;;0;2024;Texto extraído diretamente do caderno oficial.
62;CH;141348;E;30;0;;3.15857;0.08755;0.18772;AZUL;1431;;0;2024;Texto extraído diretamente do caderno oficial.
62;CH;141348;E;30;0;;3.15857;0.08755;0.18772;AZUL;1431;;0;2024;Texto extraído diretamente do caderno oficial.
62;CH;141348;E;30;0;;3.15857;0.08755;0.18772;AZUL;1343;;0;2024;Texto extraído diretamente do caderno oficial.
13;LC;150621;D;19;0;;3.14973;-0.03426;0.20588;AZUL;1395;;0;2024;Texto extraído diretamente do caderno oficial.
13;LC;150621;D;19;0;;3.14973;-0.03426;0.20588;AZUL;1395;;0;2024;Texto extraído diretamente do caderno oficial.
13;LC;150621;D;19;0;;3.14973;-0.03426;0.20588;AZUL;1395;;0;2024;Texto extraído diretamente do caderno oficial.
143;MT;117785;A;18;0;;3.14218;2.04254;0.13487;AZUL;1363;;0;2024;Texto extraído diretamente do caderno oficial.
143;MT;117785;A;18;0;;3.14218;2.04254;0.13487;AZUL;1363;;0;2024;Texto extraído diretamente do caderno oficial.
143;MT;117785;A;18;0;;3.14218;2.04254;0.13487;AZUL;1363;;0;2024;Texto extraído diretamente do caderno oficial.
137;MT;96778;B;28;0;;3.12993;1.8995;0.08299;AZUL;1471;;0;2024;Texto extraído diretamente do caderno oficial.
137;MT;96778;B;28;0;;3.12993;1.8995;0.08299;AZUL;1471;;0;2024;Texto extraído diretamente do caderno oficial.
137;MT;96778;B;28;0;;3.12993;1.8995;0.08299;AZUL;1471;;0;2024;Texto extraído diretamente do caderno oficial.
180;MT;60335;E;2;0;;3.12311;2.42519;0.11331;AZUL;1407;;0;2024;Texto extraído diretamente do caderno oficial.
180;MT;60335;E;2;0;;3.12311;2.42519;0.11331;AZUL;1407;;0;2024;Texto extraído diretamente do caderno oficial.
180;MT;60335;E;2;0;;3.12311;2.42519;0.11331;AZUL;1407;;0;2024;Texto extraído diretamente do caderno oficial.
110;CN;87716;E;22;0;;3.12069;1.04345;0.16952;AZUL;1483;;0;2024;Texto extraído diretamente do caderno oficial.
110;CN;87716;E;22;0;;3.12069;1.04345;0.16952;AZUL;1483;;0;2024;Texto extraído diretamente do caderno oficial.
110;CN;87716;E;22;0;;3.12069;1.04345;0.16952;AZUL;1483;;0;2024;Texto extraído diretamente do caderno oficial.
149;MT;84940;E;14;0;;3.11951;2.03277;0.14869;AZUL;1407;;0;2024;Texto extraído diretamente do caderno oficial.
149;MT;84940;E;14;0;;3.11951;2.03277;0.14869;AZUL;1407;;0;2024;Texto extraído diretamente do caderno oficial.
149;MT;84940;E;14;0;;3.11951;2.03277;0.14869;AZUL;1407;;0;2024;Texto extraído diretamente do caderno oficial.
130;CN;141529;E;5;0;;3.09565;1.79848;0.26323;AZUL;1483;;0;2024;Texto extraído diretamente do caderno oficial.
130;CN;141529;E;5;0;;3.09565;1.79848;0.26323;AZUL;1483;;0;2024;Texto extraído diretamente do caderno oficial.
130;CN;141529;E;5;0;;3.09565;1.79848;0.26323;AZUL;1483;;0;2024;Texto extraído diretamente do caderno oficial.
145;MT;55423;D;8;0;;3.09197;1.13019;0.19954;AZUL;1407;;0;2024;Texto extraído diretamente do caderno oficial.
145;MT;55423;D;8;0;;3.09197;1.13019;0.19954;AZUL;1407;;0;2024;Texto extraído diretamente do caderno oficial.
145;MT;55423;D;8;0;;3.09197;1.13019;0.19954;AZUL;1407;;0;2024;Texto extraído diretamente do caderno oficial.
74;CH;95495;B;11;0;;3.08374;1.64736;0.15319;AZUL;1447;;0;2024;Texto extraído diretamente do caderno oficial.
74;CH;95495;B;11;0;;3.08374;1.64736;0.15319;AZUL;1447;;0;2024;Texto extraído diretamente do caderno oficial.
74;CH;95495;B;11;0;;3.08374;1.64736;0.15319;AZUL;1447;;0;2024;Texto extraído diretamente do caderno oficial.
53;CH;141147;E;23;0;;3.0737;1.11287;0.1741;AZUL;1431;;0;2024;Texto extraído diretamente do caderno oficial.
53;CH;141147;E;23;0;;3.0737;1.11287;0.1741;AZUL;1343;;0;2024;Texto extraído diretamente do caderno oficial.
53;CH;141147;E;23;0;;3.0737;1.11287;0.1741;AZUL;1343;;0;2024;Texto extraído diretamente do caderno oficial.
53;CH;141147;E;23;0;;3.0737;1.11287;0.1741;AZUL;1431;;0;2024;Texto extraído diretamente do caderno oficial.
53;CH;141147;E;23;0;;3.0737;1.11287;0.1741;AZUL;1343;;0;2024;Texto extraído diretamente do caderno oficial.
53;CH;141147;E;23;0;;3.0737;1.11287;0.1741;AZUL;1431;;0;2024;Texto extraído diretamente do caderno oficial.
121;CN;77992;B;7;0;;3.07317;2.22434;0.09898;AZUL;1483;;0;2024;Texto extraído diretamente do caderno oficial.
121;CN;77992;B;7;0;;3.07317;2.22434;0.09898;AZUL;1483;;0;2024;Texto extraído diretamente do caderno oficial.
121;CN;77992;B;7;0;;3.07317;2.22434;0.09898;AZUL;1483;;0;2024;Texto extraído diretamente do caderno oficial.
77;CH;140379;D;4;0;;3.05364;1.97296;0.35804;AZUL;1343;;0;2024;Texto extraído diretamente do caderno oficial.
77;CH;140379;D;4;0;;3.05364;1.97296;0.35804;AZUL;1431;;0;2024;Texto extraído diretamente do caderno oficial.
77;CH;140379;D;4;0;;3.05364;1.97296;0.35804;AZUL;1431;;0;2024;Texto extraído diretamente do caderno oficial.
77;CH;140379;D;4;0;;3.05364;1.97296;0.35804;AZUL;1343;;0;2024;Texto extraído diretamente do caderno oficial.
77;CH;140379;D;4;0;;3.05364;1.97296;0.35804;AZUL;1343;;0;2024;Texto extraído diretamente do caderno oficial.
77;CH;140379;D;4;0;;3.05364;1.97296;0.35804;AZUL;1431;;0;2024;Texto extraído diretamente do caderno oficial.
68;CH;96219;C;1;0;;3.052;1.11022;0.25363;AZUL;1343;;0;2024;Texto extraído diretamente do caderno oficial.
68;CH;96219;C;1;0;;3.052;1.11022;0.25363;AZUL;1343;;0;2024;Texto extraído diretamente do caderno oficial.
68;CH;96219;C;1;0;;3.052;1.11022;0.25363;AZUL;1343;;0;2024;Texto extraído diretamente do caderno oficial.
68;CH;96219;C;1;0;;3.052;1.11022;0.25363;AZUL;1431;;0;2024;Texto extraído diretamente do caderno oficial.
68;CH;96219;C;1;0;;3.052;1.11022;0.25363;AZUL;1431;;0;2024;Texto extraído diretamente do caderno oficial.
68;CH;96219;C;1;0;;3.052;1.11022;0.25363;AZUL;1431;;0;2024;Texto extraído diretamente do caderno oficial.
92;CN;141598;C;26;0;;3.05121;1.6307;0.24882;AZUL;1419;;0;2024;Texto extraído diretamente do caderno oficial.
92;CN;141598;C;26;0;;3.05121;1.6307;0.24882;AZUL;1419;;0;2024;Texto extraído diretamente do caderno oficial.
92;CN;141598;C;26;0;;3.05121;1.6307;0.24882;AZUL;1419;;0;2024;Texto extraído diretamente do caderno oficial.
32;LC;16575;A;16;0;;3.04396;2.33757;0.08577;AZUL;1353;;0;2024;Texto extraído diretamente do caderno oficial.
32;LC;16575;A;16;0;;3.04396;2.33757;0.08577;AZUL;1441;;0;2024;Texto extraído diretamente do caderno oficial.
32;LC;16575;A;16;0;;3.04396;2.33757;0.08577;AZUL;1353;;0;2024;Texto extraído diretamente do caderno oficial.
32;LC;16575;A;16;0;;3.04396;2.33757;0.08577;AZUL;1353;;0;2024;Texto extraído diretamente do caderno oficial.
32;LC;16575;A;16;0;;3.04396;2.33757;0.08577;AZUL;1441;;0;2024;Texto extraído diretamente do caderno oficial.
32;LC;16575;A;16;0;;3.04396;2.33757;0.08577;AZUL;1441;;0;2024;Texto extraído diretamente do caderno oficial.
177;MT;44510;B;12;0;;3.04149;2.37391;0.30057;AZUL;1471;;0;2024;Texto extraído diretamente do caderno oficial.
177;MT;44510;B;12;0;;3.04149;2.37391;0.30057;AZUL;1471;;0;2024;Texto extraído diretamente do caderno oficial.
177;MT;44510;B;12;0;;3.04149;2.37391;0.30057;AZUL;1471;;0;2024;Texto extraído diretamente do caderno oficial.
78;CH;140684;B;23;0;;3.03669;1.97948;0.09728;AZUL;1383;;0;2024;Texto extraído diretamente do caderno oficial.
78;CH;140684;B;23;0;;3.03669;1.97948;0.09728;AZUL;1383;;0;2024;Texto extraído diretamente do caderno oficial.
78;CH;140684;B;23;0;;3.03669;1.97948;0.09728;AZUL;1383;;0;2024;Texto extraído diretamente do caderno oficial.
31;LC;150662;A;18;0;;3.03065;1.04759;0.22947;AZUL;1353;;0;2024;Texto extraído diretamente do caderno oficial.
31;LC;150662;A;18;0;;3.03065;1.04759;0.22947;AZUL;1441;;0;2024;Texto extraído diretamente do caderno oficial.
31;LC;150662;A;18;0;;3.03065;1.04759;0.22947;AZUL;1441;;0;2024;Texto extraído diretamente do caderno oficial.
31;LC;150662;A;18;0;;3.03065;1.04759;0.22947;AZUL;1441;;0;2024;Texto extraído diretamente do caderno oficial.
31;LC;150662;A;18;0;;3.03065;1.04759;0.22947;AZUL;1353;;0;2024;Texto extraído diretamente do caderno oficial.
31;LC;150662;A;18;0;;3.03065;1.04759;0.22947;AZUL;1353;;0;2024;Texto extraído diretamente do caderno oficial.
14;LC;140894;C;25;0;;3.03049;1.00964;0.2486;AZUL;1395;;0;2024;Texto extraído diretamente do caderno oficial.
14;LC;140894;C;25;0;;3.03049;1.00964;0.2486;AZUL;1395;;0;2024;Texto extraído diretamente do caderno oficial.
14;LC;140894;C;25;0;;3.03049;1.00964;0.2486;AZUL;1395;;0;2024;Texto extraído diretamente do caderno oficial.
90;CH;140432;A;7;0;;3.02419;2.65234;0.31115;AZUL;1447;;0;2024;Texto extraído diretamente do caderno oficial.
90;CH;140432;A;7;0;;3.02419;2.65234;0.31115;AZUL;1447;;0;2024;Texto extraído diretamente do caderno oficial.
90;CH;140432;A;7;0;;3.02419;2.65234;0.31115;AZUL;1447;;0;2024;Texto extraído diretamente do caderno oficial.
135;CN;141591;D;26;0;;3.0182;1.22062;0.11641;AZUL;1419;;0;2024;Texto extraído diretamente do caderno oficial.
135;CN;141591;D;26;0;;3.0182;1.22062;0.11641;AZUL;1419;;0;2024;Texto extraído diretamente do caderno oficial.
135;CN;141591;D;26;0;;3.0182;1.22062;0.11641;AZUL;1419;;0;2024;Texto extraído diretamente do caderno oficial.
105;CN;141753;D;10;0;;3.00357;1.09314;0.11952;AZUL;1419;;0;2024;Texto extraído diretamente do caderno oficial.
105;CN;141753;D;10;0;;3.00357;1.09314;0.11952;AZUL;1419;;0;2024;Texto extraído diretamente do caderno oficial.
105;CN;141753;D;10;0;;3.00357;1.09314;0.11952;AZUL;1419;;0;2024;Texto extraído diretamente do caderno oficial.
98;CN;97320;D;10;0;;2.99967;-0.11059;0.20992;AZUL;1483;;0;2024;Texto extraído diretamente do caderno oficial.
98;CN;97320;D;10;0;;2.99967;-0.11059;0.20992;AZUL;1483;;0;2024;Texto extraído diretamente do caderno oficial.
98;CN;97320;D;10;0;;2.99967;-0.11059;0.20992;AZUL;1483;;0;2024;Texto extraído diretamente do caderno oficial.
101;CN;98114;B;12;0;;2.98857;1.93426;0.22115;AZUL;1373;;0;2024;Texto extraído diretamente do caderno oficial.
101;CN;98114;B;12;0;;2.98857;1.93426;0.22115;AZUL;1373;;0;2024;Texto extraído diretamente do caderno oficial.
101;CN;98114;B;12;0;;2.98857;1.93426;0.22115;AZUL;1373;;0;2024;Texto extraído diretamente do caderno oficial.
117;CN;83213;D;21;0;;2.98408;1.92485;0.18688;AZUL;1483;;0;2024;Texto extraído diretamente do caderno oficial.
117;CN;83213;D;21;0;;2.98408;1.92485;0.18688;AZUL;1483;;0;2024;Texto extraído diretamente do caderno oficial.
117;CN;83213;D;21;0;;2.98408;1.92485;0.18688;AZUL;1483;;0;2024;Texto extraído diretamente do caderno oficial.
22;LC;158757;B;12;0;;2.96488;0.28395;0.14322;AZUL;1459;;0;2024;"*010175AZ32*
01
1 Dia 1 Dia
1°Capa 4°Capa
Transcreva a sua Redação para a Folha de Redação.
Azul 1 1 Azul
Amarelo 2 2 Amarelo
Branco 3 1 3 Branco
Rosa 4 2 4 Rosa
3
Ledor 9 9 Ledor
Libras 10 4 10 Libras
5
6
7
8
O
9
H
10
N O
11
U
12 Ã
C
13 Ç
S
14 A
A
15 D
16 R
E
17
R
18
A
19
D
20
21
22
23
24
2 Dia 2 Dia
1°Capa 25 4°Capa
Libras 12 26 12 Libras
Ledor 11 11 Ledor
27
28
Rosa 8 8 Rosa
Azul 7 29 7 Azul
Cinza 6 6 Cinza
30
Amarelo 5 5 Amarelo
01
BBB0011iiiggg00uuu11rrr77rrr55iiilllAAhhhZZooosss..ii...nniiinnndddddbbddd 33 11122 11224433////00006688////2222000022222244 11117766::::11442266::::00556699"
22;LC;158757;B;12;0;;2.96488;0.28395;0.14322;AZUL;1459;;0;2024;"*010175AZ32*
01
1 Dia 1 Dia
1°Capa 4°Capa
Transcreva a sua Redação para a Folha de Redação.
Azul 1 1 Azul
Amarelo 2 2 Amarelo
Branco 3 1 3 Branco
Rosa 4 2 4 Rosa
3
Ledor 9 9 Ledor
Libras 10 4 10 Libras
5
6
7
8
O
9
H
10
N O
11
U
12 Ã
C
13 Ç
S
14 A
A
15 D
16 R
E
17
R
18
A
19
D
20
21
22
23
24
2 Dia 2 Dia
1°Capa 25 4°Capa
Libras 12 26 12 Libras
Ledor 11 11 Ledor
27
28
Rosa 8 8 Rosa
Azul 7 29 7 Azul
Cinza 6 6 Cinza
30
Amarelo 5 5 Amarelo
01
BBB0011iiiggg00uuu11rrr77rrr55iiilllAAhhhZZooosss..ii...nniiinnndddddbbddd 33 11122 11224433////00006688////2222000022222244 11117766::::11442266::::00556699"
22;LC;158757;B;12;0;;2.96488;0.28395;0.14322;AZUL;1459;;0;2024;"*010175AZ32*
01
1 Dia 1 Dia
1°Capa 4°Capa
Transcreva a sua Redação para a Folha de Redação.
Azul 1 1 Azul
Amarelo 2 2 Amarelo
Branco 3 1 3 Branco
Rosa 4 2 4 Rosa
3
Ledor 9 9 Ledor
Libras 10 4 10 Libras
5
6
7
8
O
9
H
10
N O
11
U
12 Ã
C
13 Ç
S
14 A
A
15 D
16 R
E
17
R
18
A
19
D
20
21
22
23
24
2 Dia 2 Dia
1°Capa 25 4°Capa
Libras 12 26 12 Libras
Ledor 11 11 Ledor
27
28
Rosa 8 8 Rosa
Azul 7 29 7 Azul
Cinza 6 6 Cinza
30
Amarelo 5 5 Amarelo
01
BBB0011iiiggg00uuu11rrr77rrr55iiilllAAhhhZZooosss..ii...nniiinnndddddbbddd 33 11122 11224433////00006688////2222000022222244 11117766::::11442266::::00556699"
155;MT;125957;E;9;0;;2.96006;2.23749;0.16489;AZUL;1407;;0;2024;Texto extraído diretamente do caderno oficial.
155;MT;125957;E;9;0;;2.96006;2.23749;0.16489;AZUL;1407;;0;2024;Texto extraído diretamente do caderno oficial.
155;MT;125957;E;9;0;;2.96006;2.23749;0.16489;AZUL;1407;;0;2024;Texto extraído diretamente do caderno oficial.
2;LC;140673;A;7;0;;2.94433;0.90437;0.1784;AZUL;1353;1.0;0;2024;Texto extraído diretamente do caderno oficial.
2;LC;140673;A;7;0;;2.94433;0.90437;0.1784;AZUL;1441;1.0;0;2024;Texto extraído diretamente do caderno oficial.
2;LC;140673;A;7;0;;2.94433;0.90437;0.1784;AZUL;1353;1.0;0;2024;Texto extraído diretamente do caderno oficial.
2;LC;140673;A;7;0;;2.94433;0.90437;0.1784;AZUL;1353;1.0;0;2024;Texto extraído diretamente do caderno oficial.
2;LC;140673;A;7;0;;2.94433;0.90437;0.1784;AZUL;1441;1.0;0;2024;Texto extraído diretamente do caderno oficial.
2;LC;140673;A;7;0;;2.94433;0.90437;0.1784;AZUL;1441;1.0;0;2024;Texto extraído diretamente do caderno oficial.
39;LC;152784;C;30;0;;2.93851;0.36901;0.18829;AZUL;1459;;0;2024;Texto extraído diretamente do caderno oficial.
39;LC;152784;C;30;0;;2.93851;0.36901;0.18829;AZUL;1459;;0;2024;Texto extraído diretamente do caderno oficial.
39;LC;152784;C;30;0;;2.93851;0.36901;0.18829;AZUL;1459;;0;2024;Texto extraído diretamente do caderno oficial.
6;LC;157751;E;4;0;;2.91253;0.48859;0.10089;AZUL;1459;;0;2024;"*010175AZ32*
01
1 Dia 1 Dia
1°Capa 4°Capa
Transcreva a sua Redação para a Folha de Redação.
Azul 1 1 Azul
Amarelo 2 2 Amarelo
Branco 3 1 3 Branco
Rosa 4 2 4 Rosa
3
Ledor 9 9 Ledor
Libras 10 4 10 Libras
5
6
7
8
O
9
H
10
N O
11
U
12 Ã
C
13 Ç
S
14 A
A
15 D
16 R
E
17
R
18
A
19
D
20
21
22
23
24
2 Dia 2 Dia
1°Capa 25 4°Capa
Libras 12 26 12 Libras
Ledor 11 11 Ledor
27
28
Rosa 8 8 Rosa
Azul 7 29 7 Azul
Cinza 6 6 Cinza
30
Amarelo 5 5 Amarelo
01
BBB0011iiiggg00uuu11rrr77rrr55iiilllAAhhhZZooosss..ii...nniiinnndddddbbddd 33 11122 11224433////00006688////2222000022222244 11117766::::11442266::::00556699"
6;LC;157751;E;4;0;;2.91253;0.48859;0.10089;AZUL;1459;;0;2024;"*010175AZ32*
01
1 Dia 1 Dia
1°Capa 4°Capa
Transcreva a sua Redação para a Folha de Redação.
Azul 1 1 Azul
Amarelo 2 2 Amarelo
Branco 3 1 3 Branco
Rosa 4 2 4 Rosa
3
Ledor 9 9 Ledor
Libras 10 4 10 Libras
5
6
7
8
O
9
H
10
N O
11
U
12 Ã
C
13 Ç
S
14 A
A
15 D
16 R
E
17
R
18
A
19
D
20
21
22
23
24
2 Dia 2 Dia
1°Capa 25 4°Capa
Libras 12 26 12 Libras
Ledor 11 11 Ledor
27
28
Rosa 8 8 Rosa
Azul 7 29 7 Azul
Cinza 6 6 Cinza
30
Amarelo 5 5 Amarelo
01
BBB0011iiiggg00uuu11rrr77rrr55iiilllAAhhhZZooosss..ii...nniiinnndddddbbddd 33 11122 11224433////00006688////2222000022222244 11117766::::11442266::::00556699"
6;LC;157751;E;4;0;;2.91253;0.48859;0.10089;AZUL;1459;;0;2024;"*010175AZ32*
01
1 Dia 1 Dia
1°Capa 4°Capa
Transcreva a sua Redação para a Folha de Redação.
Azul 1 1 Azul
Amarelo 2 2 Amarelo
Branco 3 1 3 Branco
Rosa 4 2 4 Rosa
3
Ledor 9 9 Ledor
Libras 10 4 10 Libras
5
6
7
8
O
9
H
10
N O
11
U
12 Ã
C
13 Ç
S
14 A
A
15 D
16 R
E
17
R
18
A
19
D
20
21
22
23
24
2 Dia 2 Dia
1°Capa 25 4°Capa
Libras 12 26 12 Libras
Ledor 11 11 Ledor
27
28
Rosa 8 8 Rosa
Azul 7 29 7 Azul
Cinza 6 6 Cinza
30
Amarelo 5 5 Amarelo
01
BBB0011iiiggg00uuu11rrr77rrr55iiilllAAhhhZZooosss..ii...nniiinnndddddbbddd 33 11122 11224433////00006688////2222000022222244 11117766::::11442266::::00556699"
166;MT;39631;E;19;0;;2.90615;1.73585;0.09467;AZUL;1407;;0;2024;Texto extraído diretamente do caderno oficial.
166;MT;39631;E;19;0;;2.90615;1.73585;0.09467;AZUL;1407;;0;2024;Texto extraído diretamente do caderno oficial.
166;MT;39631;E;19;0;;2.90615;1.73585;0.09467;AZUL;1407;;0;2024;Texto extraído diretamente do caderno oficial.
35;LC;118138;A;23;0;;2.9048;-0.61866;0.20054;AZUL;1441;;0;2024;Texto extraído diretamente do caderno oficial.
35;LC;118138;A;23;0;;2.9048;-0.61866;0.20054;AZUL;1441;;0;2024;Texto extraído diretamente do caderno oficial.
35;LC;118138;A;23;0;;2.9048;-0.61866;0.20054;AZUL;1353;;0;2024;Texto extraído diretamente do caderno oficial.
35;LC;118138;A;23;0;;2.9048;-0.61866;0.20054;AZUL;1353;;0;2024;Texto extraído diretamente do caderno oficial.
35;LC;118138;A;23;0;;2.9048;-0.61866;0.20054;AZUL;1441;;0;2024;Texto extraído diretamente do caderno oficial.
35;LC;118138;A;23;0;;2.9048;-0.61866;0.20054;AZUL;1353;;0;2024;Texto extraído diretamente do caderno oficial.
4;LC;154015;D;8;0;;2.90355;1.66292;0.12537;AZUL;1459;1.0;0;2024;Texto extraído diretamente do caderno oficial.
4;LC;154015;D;8;0;;2.90355;1.66292;0.12537;AZUL;1459;1.0;0;2024;Texto extraído diretamente do caderno oficial.
4;LC;154015;D;8;0;;2.90355;1.66292;0.12537;AZUL;1459;1.0;0;2024;Texto extraído diretamente do caderno oficial.
91;CN;141612;E;21;0;;2.90113;0.65327;0.11183;AZUL;1373;;0;2024;Texto extraído diretamente do caderno oficial.
91;CN;141612;E;21;0;;2.90113;0.65327;0.11183;AZUL;1373;;0;2024;Texto extraído diretamente do caderno oficial.
91;CN;141612;E;21;0;;2.90113;0.65327;0.11183;AZUL;1373;;0;2024;Texto extraído diretamente do caderno oficial.
26;LC;150668;C;21;0;;2.90014;0.58457;0.17607;AZUL;1353;;0;2024;Texto extraído diretamente do caderno oficial.
26;LC;150668;C;21;0;;2.90014;0.58457;0.17607;AZUL;1441;;0;2024;Texto extraído diretamente do caderno oficial.
26;LC;150668;C;21;0;;2.90014;0.58457;0.17607;AZUL;1353;;0;2024;Texto extraído diretamente do caderno oficial.
26;LC;150668;C;21;0;;2.90014;0.58457;0.17607;AZUL;1441;;0;2024;Texto extraído diretamente do caderno oficial.
26;LC;150668;C;21;0;;2.90014;0.58457;0.17607;AZUL;1353;;0;2024;Texto extraído diretamente do caderno oficial.
26;LC;150668;C;21;0;;2.90014;0.58457;0.17607;AZUL;1441;;0;2024;Texto extraído diretamente do caderno oficial.
26;LC;44047;B;26;0;;2.89699;-0.59642;0.02425;AZUL;1459;;0;2024;Texto extraído diretamente do caderno oficial.
26;LC;44047;B;26;0;;2.89699;-0.59642;0.02425;AZUL;1459;;0;2024;Texto extraído diretamente do caderno oficial.
26;LC;44047;B;26;0;;2.89699;-0.59642;0.02425;AZUL;1459;;0;2024;Texto extraído diretamente do caderno oficial.
54;CH;140428;E;8;0;;2.89147;0.38165;0.19431;AZUL;1447;;0;2024;Texto extraído diretamente do caderno oficial.
54;CH;140428;E;8;0;;2.89147;0.38165;0.19431;AZUL;1447;;0;2024;Texto extraído diretamente do caderno oficial.
54;CH;140428;E;8;0;;2.89147;0.38165;0.19431;AZUL;1447;;0;2024;Texto extraído diretamente do caderno oficial.
105;CN;76674;D;21;0;;2.88558;2.28909;0.19954;AZUL;1373;;0;2024;Texto extraído diretamente do caderno oficial.
105;CN;76674;D;21;0;;2.88558;2.28909;0.19954;AZUL;1373;;0;2024;Texto extraído diretamente do caderno oficial.
105;CN;76674;D;21;0;;2.88558;2.28909;0.19954;AZUL;1373;;0;2024;Texto extraído diretamente do caderno oficial.
113;CN;67752;B;20;0;;2.88186;1.91093;0.11423;AZUL;1483;;0;2024;Texto extraído diretamente do caderno oficial.
113;CN;67752;B;20;0;;2.88186;1.91093;0.11423;AZUL;1483;;0;2024;Texto extraído diretamente do caderno oficial.
113;CN;67752;B;20;0;;2.88186;1.91093;0.11423;AZUL;1483;;0;2024;Texto extraído diretamente do caderno oficial.
14;LC;150780;E;24;0;;2.88059;-0.27388;0.19156;AZUL;1441;;0;2024;Texto extraído diretamente do caderno oficial.
14;LC;150780;E;24;0;;2.88059;-0.27388;0.19156;AZUL;1353;;0;2024;Texto extraído diretamente do caderno oficial.
14;LC;150780;E;24;0;;2.88059;-0.27388;0.19156;AZUL;1441;;0;2024;Texto extraído diretamente do caderno oficial.
14;LC;150780;E;24;0;;2.88059;-0.27388;0.19156;AZUL;1353;;0;2024;Texto extraído diretamente do caderno oficial.
14;LC;150780;E;24;0;;2.88059;-0.27388;0.19156;AZUL;1441;;0;2024;Texto extraído diretamente do caderno oficial.
14;LC;150780;E;24;0;;2.88059;-0.27388;0.19156;AZUL;1353;;0;2024;Texto extraído diretamente do caderno oficial.
87;CH;111991;E;3;0;;2.8747;0.24823;0.23747;AZUL;1431;;0;2024;Texto extraído diretamente do caderno oficial.
87;CH;111991;E;3;0;;2.8747;0.24823;0.23747;AZUL;1343;;0;2024;Texto extraído diretamente do caderno oficial.
87;CH;111991;E;3;0;;2.8747;0.24823;0.23747;AZUL;1431;;0;2024;Texto extraído diretamente do caderno oficial.
87;CH;111991;E;3;0;;2.8747;0.24823;0.23747;AZUL;1343;;0;2024;Texto extraído diretamente do caderno oficial.
87;CH;111991;E;3;0;;2.8747;0.24823;0.23747;AZUL;1343;;0;2024;Texto extraído diretamente do caderno oficial.
87;CH;111991;E;3;0;;2.8747;0.24823;0.23747;AZUL;1431;;0;2024;Texto extraído diretamente do caderno oficial.
170;MT;32627;A;20;0;;2.87;1.54072;0.12062;AZUL;1363;;0;2024;Texto extraído diretamente do caderno oficial.
170;MT;32627;A;20;0;;2.87;1.54072;0.12062;AZUL;1363;;0;2024;Texto extraído diretamente do caderno oficial.
170;MT;32627;A;20;0;;2.87;1.54072;0.12062;AZUL;1363;;0;2024;Texto extraído diretamente do caderno oficial.
137;MT;29740;B;28;0;;2.86713;1.62276;0.15323;AZUL;1407;;0;2024;Texto extraído diretamente do caderno oficial.
137;MT;29740;B;28;0;;2.86713;1.62276;0.15323;AZUL;1407;;0;2024;Texto extraído diretamente do caderno oficial.
137;MT;29740;B;28;0;;2.86713;1.62276;0.15323;AZUL;1407;;0;2024;Texto extraído diretamente do caderno oficial.
117;CN;13702;B;5;0;;2.86412;1.37123;0.25332;AZUL;1373;;0;2024;Texto extraído diretamente do caderno oficial.
117;CN;13702;B;5;0;;2.86412;1.37123;0.25332;AZUL;1373;;0;2024;Texto extraído diretamente do caderno oficial.
117;CN;13702;B;5;0;;2.86412;1.37123;0.25332;AZUL;1373;;0;2024;Texto extraído diretamente do caderno oficial.
111;CN;84440;B;9;0;;2.86246;1.41211;0.10841;AZUL;1483;;0;2024;Texto extraído diretamente do caderno oficial.
111;CN;84440;B;9;0;;2.86246;1.41211;0.10841;AZUL;1483;;0;2024;Texto extraído diretamente do caderno oficial.
111;CN;84440;B;9;0;;2.86246;1.41211;0.10841;AZUL;1483;;0;2024;Texto extraído diretamente do caderno oficial.
17;LC;96456;E;22;0;;2.85265;0.96695;0.12627;AZUL;1353;;0;2024;"*010175AZ32*
01
1 Dia 1 Dia
1°Capa 4°Capa
Transcreva a sua Redação para a Folha de Redação.
Azul 1 1 Azul
Amarelo 2 2 Amarelo
Branco 3 1 3 Branco
Rosa 4 2 4 Rosa
3
Ledor 9 9 Ledor
Libras 10 4 10 Libras
5
6
7
8
O
9
H
10
N O
11
U
12 Ã
C
13 Ç
S
14 A
A
15 D
16 R
E
17
R
18
A
19
D
20
21
22
23
24
2 Dia 2 Dia
1°Capa 25 4°Capa
Libras 12 26 12 Libras
Ledor 11 11 Ledor
27
28
Rosa 8 8 Rosa
Azul 7 29 7 Azul
Cinza 6 6 Cinza
30
Amarelo 5 5 Amarelo
01
BBB0011iiiggg00uuu11rrr77rrr55iiilllAAhhhZZooosss..ii...nniiinnndddddbbddd 33 11122 11224433////00006688////2222000022222244 11117766::::11442266::::00556699"
17;LC;96456;E;22;0;;2.85265;0.96695;0.12627;AZUL;1353;;0;2024;"*010175AZ32*
01
1 Dia 1 Dia
1°Capa 4°Capa
Transcreva a sua Redação para a Folha de Redação.
Azul 1 1 Azul
Amarelo 2 2 Amarelo
Branco 3 1 3 Branco
Rosa 4 2 4 Rosa
3
Ledor 9 9 Ledor
Libras 10 4 10 Libras
5
6
7
8
O
9
H
10
N O
11
U
12 Ã
C
13 Ç
S
14 A
A
15 D
16 R
E
17
R
18
A
19
D
20
21
22
23
24
2 Dia 2 Dia
1°Capa 25 4°Capa
Libras 12 26 12 Libras
Ledor 11 11 Ledor
27
28
Rosa 8 8 Rosa
Azul 7 29 7 Azul
Cinza 6 6 Cinza
30
Amarelo 5 5 Amarelo
01
BBB0011iiiggg00uuu11rrr77rrr55iiilllAAhhhZZooosss..ii...nniiinnndddddbbddd 33 11122 11224433////00006688////2222000022222244 11117766::::11442266::::00556699"
17;LC;96456;E;22;0;;2.85265;0.96695;0.12627;AZUL;1441;;0;2024;"*010175AZ32*
01
1 Dia 1 Dia
1°Capa 4°Capa
Transcreva a sua Redação para a Folha de Redação.
Azul 1 1 Azul
Amarelo 2 2 Amarelo
Branco 3 1 3 Branco
Rosa 4 2 4 Rosa
3
Ledor 9 9 Ledor
Libras 10 4 10 Libras
5
6
7
8
O
9
H
10
N O
11
U
12 Ã
C
13 Ç
S
14 A
A
15 D
16 R
E
17
R
18
A
19
D
20
21
22
23
24
2 Dia 2 Dia
1°Capa 25 4°Capa
Libras 12 26 12 Libras
Ledor 11 11 Ledor
27
28
Rosa 8 8 Rosa
Azul 7 29 7 Azul
Cinza 6 6 Cinza
30
Amarelo 5 5 Amarelo
01
BBB0011iiiggg00uuu11rrr77rrr55iiilllAAhhhZZooosss..ii...nniiinnndddddbbddd 33 11122 11224433////00006688////2222000022222244 11117766::::11442266::::00556699"
17;LC;96456;E;22;0;;2.85265;0.96695;0.12627;AZUL;1441;;0;2024;"*010175AZ32*
01
1 Dia 1 Dia
1°Capa 4°Capa
Transcreva a sua Redação para a Folha de Redação.
Azul 1 1 Azul
Amarelo 2 2 Amarelo
Branco 3 1 3 Branco
Rosa 4 2 4 Rosa
3
Ledor 9 9 Ledor
Libras 10 4 10 Libras
5
6
7
8
O
9
H
10
N O
11
U
12 Ã
C
13 Ç
S
14 A
A
15 D
16 R
E
17
R
18
A
19
D
20
21
22
23
24
2 Dia 2 Dia
1°Capa 25 4°Capa
Libras 12 26 12 Libras
Ledor 11 11 Ledor
27
28
Rosa 8 8 Rosa
Azul 7 29 7 Azul
Cinza 6 6 Cinza
30
Amarelo 5 5 Amarelo
01
BBB0011iiiggg00uuu11rrr77rrr55iiilllAAhhhZZooosss..ii...nniiinnndddddbbddd 33 11122 11224433////00006688////2222000022222244 11117766::::11442266::::00556699"
17;LC;96456;E;22;0;;2.85265;0.96695;0.12627;AZUL;1441;;0;2024;"*010175AZ32*
01
1 Dia 1 Dia
1°Capa 4°Capa
Transcreva a sua Redação para a Folha de Redação.
Azul 1 1 Azul
Amarelo 2 2 Amarelo
Branco 3 1 3 Branco
Rosa 4 2 4 Rosa
3
Ledor 9 9 Ledor
Libras 10 4 10 Libras
5
6
7
8
O
9
H
10
N O
11
U
12 Ã
C
13 Ç
S
14 A
A
15 D
16 R
E
17
R
18
A
19
D
20
21
22
23
24
2 Dia 2 Dia
1°Capa 25 4°Capa
Libras 12 26 12 Libras
Ledor 11 11 Ledor
27
28
Rosa 8 8 Rosa
Azul 7 29 7 Azul
Cinza 6 6 Cinza
30
Amarelo 5 5 Amarelo
01
BBB0011iiiggg00uuu11rrr77rrr55iiilllAAhhhZZooosss..ii...nniiinnndddddbbddd 33 11122 11224433////00006688////2222000022222244 11117766::::11442266::::00556699"
17;LC;96456;E;22;0;;2.85265;0.96695;0.12627;AZUL;1353;;0;2024;"*010175AZ32*
01
1 Dia 1 Dia
1°Capa 4°Capa
Transcreva a sua Redação para a Folha de Redação.
Azul 1 1 Azul
Amarelo 2 2 Amarelo
Branco 3 1 3 Branco
Rosa 4 2 4 Rosa
3
Ledor 9 9 Ledor
Libras 10 4 10 Libras
5
6
7
8
O
9
H
10
N O
11
U
12 Ã
C
13 Ç
S
14 A
A
15 D
16 R
E
17
R
18
A
19
D
20
21
22
23
24
2 Dia 2 Dia
1°Capa 25 4°Capa
Libras 12 26 12 Libras
Ledor 11 11 Ledor
27
28
Rosa 8 8 Rosa
Azul 7 29 7 Azul
Cinza 6 6 Cinza
30
Amarelo 5 5 Amarelo
01
BBB0011iiiggg00uuu11rrr77rrr55iiilllAAhhhZZooosss..ii...nniiinnndddddbbddd 33 11122 11224433////00006688////2222000022222244 11117766::::11442266::::00556699"
5;LC;140760;A;6;0;;2.84933;0.97227;0.14988;AZUL;1395;1.0;0;2024;"*010175AZ32*
01
1 Dia 1 Dia
1°Capa 4°Capa
Transcreva a sua Redação para a Folha de Redação.
Azul 1 1 Azul
Amarelo 2 2 Amarelo
Branco 3 1 3 Branco
Rosa 4 2 4 Rosa
3
Ledor 9 9 Ledor
Libras 10 4 10 Libras
5
6
7
8
O
9
H
10
N O
11
U
12 Ã
C
13 Ç
S
14 A
A
15 D
16 R
E
17
R
18
A
19
D
20
21
22
23
24
2 Dia 2 Dia
1°Capa 25 4°Capa
Libras 12 26 12 Libras
Ledor 11 11 Ledor
27
28
Rosa 8 8 Rosa
Azul 7 29 7 Azul
Cinza 6 6 Cinza
30
Amarelo 5 5 Amarelo
01
BBB0011iiiggg00uuu11rrr77rrr55iiilllAAhhhZZooosss..ii...nniiinnndddddbbddd 33 11122 11224433////00006688////2222000022222244 11117766::::11442266::::00556699"
5;LC;140760;A;6;0;;2.84933;0.97227;0.14988;AZUL;1395;1.0;0;2024;"*010175AZ32*
01
1 Dia 1 Dia
1°Capa 4°Capa
Transcreva a sua Redação para a Folha de Redação.
Azul 1 1 Azul
Amarelo 2 2 Amarelo
Branco 3 1 3 Branco
Rosa 4 2 4 Rosa
3
Ledor 9 9 Ledor
Libras 10 4 10 Libras
5
6
7
8
O
9
H
10
N O
11
U
12 Ã
C
13 Ç
S
14 A
A
15 D
16 R
E
17
R
18
A
19
D
20
21
22
23
24
2 Dia 2 Dia
1°Capa 25 4°Capa
Libras 12 26 12 Libras
Ledor 11 11 Ledor
27
28
Rosa 8 8 Rosa
Azul 7 29 7 Azul
Cinza 6 6 Cinza
30
Amarelo 5 5 Amarelo
01
BBB0011iiiggg00uuu11rrr77rrr55iiilllAAhhhZZooosss..ii...nniiinnndddddbbddd 33 11122 11224433////00006688////2222000022222244 11117766::::11442266::::00556699"
5;LC;140760;A;6;0;;2.84933;0.97227;0.14988;AZUL;1395;1.0;0;2024;"*010175AZ32*
01
1 Dia 1 Dia
1°Capa 4°Capa
Transcreva a sua Redação para a Folha de Redação.
Azul 1 1 Azul
Amarelo 2 2 Amarelo
Branco 3 1 3 Branco
Rosa 4 2 4 Rosa
3
Ledor 9 9 Ledor
Libras 10 4 10 Libras
5
6
7
8
O
9
H
10
N O
11
U
12 Ã
C
13 Ç
S
14 A
A
15 D
16 R
E
17
R
18
A
19
D
20
21
22
23
24
2 Dia 2 Dia
1°Capa 25 4°Capa
Libras 12 26 12 Libras
Ledor 11 11 Ledor
27
28
Rosa 8 8 Rosa
Azul 7 29 7 Azul
Cinza 6 6 Cinza
30
Amarelo 5 5 Amarelo
01
BBB0011iiiggg00uuu11rrr77rrr55iiilllAAhhhZZooosss..ii...nniiinnndddddbbddd 33 11122 11224433////00006688////2222000022222244 11117766::::11442266::::00556699"
71;CH;83900;A;5;0;;2.84871;0.31801;0.21545;AZUL;1447;;0;2024;Texto extraído diretamente do caderno oficial.
71;CH;83900;A;5;0;;2.84871;0.31801;0.21545;AZUL;1447;;0;2024;Texto extraído diretamente do caderno oficial.
71;CH;83900;A;5;0;;2.84871;0.31801;0.21545;AZUL;1447;;0;2024;Texto extraído diretamente do caderno oficial.
101;CN;141661;A;17;0;;2.82798;0.81272;0.10833;AZUL;1419;;0;2024;Texto extraído diretamente do caderno oficial.
101;CN;141661;A;17;0;;2.82798;0.81272;0.10833;AZUL;1419;;0;2024;Texto extraído diretamente do caderno oficial.
101;CN;141661;A;17;0;;2.82798;0.81272;0.10833;AZUL;1419;;0;2024;Texto extraído diretamente do caderno oficial.
50;CH;125769;D;21;0;;2.82782;1.20607;0.17666;AZUL;1431;;0;2024;Texto extraído diretamente do caderno oficial.
50;CH;125769;D;21;0;;2.82782;1.20607;0.17666;AZUL;1343;;0;2024;Texto extraído diretamente do caderno oficial.
50;CH;125769;D;21;0;;2.82782;1.20607;0.17666;AZUL;1431;;0;2024;Texto extraído diretamente do caderno oficial.
50;CH;125769;D;21;0;;2.82782;1.20607;0.17666;AZUL;1431;;0;2024;Texto extraído diretamente do caderno oficial.
50;CH;125769;D;21;0;;2.82782;1.20607;0.17666;AZUL;1343;;0;2024;Texto extraído diretamente do caderno oficial.
50;CH;125769;D;21;0;;2.82782;1.20607;0.17666;AZUL;1343;;0;2024;Texto extraído diretamente do caderno oficial.
173;MT;84423;A;29;0;;2.81885;1.47104;0.15626;AZUL;1407;;0;2024;Texto extraído diretamente do caderno oficial.
173;MT;84423;A;29;0;;2.81885;1.47104;0.15626;AZUL;1407;;0;2024;Texto extraído diretamente do caderno oficial.
173;MT;84423;A;29;0;;2.81885;1.47104;0.15626;AZUL;1407;;0;2024;Texto extraído diretamente do caderno oficial.
65;CH;125832;A;27;0;;2.80943;1.22263;0.3742;AZUL;1431;;0;2024;Texto extraído diretamente do caderno oficial.
65;CH;125832;A;27;0;;2.80943;1.22263;0.3742;AZUL;1343;;0;2024;Texto extraído diretamente do caderno oficial.
65;CH;125832;A;27;0;;2.80943;1.22263;0.3742;AZUL;1431;;0;2024;Texto extraído diretamente do caderno oficial.
65;CH;125832;A;27;0;;2.80943;1.22263;0.3742;AZUL;1343;;0;2024;Texto extraído diretamente do caderno oficial.
65;CH;125832;A;27;0;;2.80943;1.22263;0.3742;AZUL;1431;;0;2024;Texto extraído diretamente do caderno oficial.
65;CH;125832;A;27;0;;2.80943;1.22263;0.3742;AZUL;1343;;0;2024;Texto extraído diretamente do caderno oficial.
179;MT;117774;C;16;0;;2.79451;2.06903;0.29389;AZUL;1407;;0;2024;Texto extraído diretamente do caderno oficial.
179;MT;117774;C;16;0;;2.79451;2.06903;0.29389;AZUL;1407;;0;2024;Texto extraído diretamente do caderno oficial.
179;MT;117774;C;16;0;;2.79451;2.06903;0.29389;AZUL;1407;;0;2024;Texto extraído diretamente do caderno oficial.
138;MT;29021;B;3;0;;2.79303;2.04988;0.25041;AZUL;1407;;0;2024;Texto extraído diretamente do caderno oficial.
138;MT;29021;B;3;0;;2.79303;2.04988;0.25041;AZUL;1407;;0;2024;Texto extraído diretamente do caderno oficial.
138;MT;29021;B;3;0;;2.79303;2.04988;0.25041;AZUL;1407;;0;2024;Texto extraído diretamente do caderno oficial.
7;LC;150675;C;3;0;;2.79235;-0.3231;0.16431;AZUL;1395;;0;2024;"*010175AZ32*
01
1 Dia 1 Dia
1°Capa 4°Capa
Transcreva a sua Redação para a Folha de Redação.
Azul 1 1 Azul
Amarelo 2 2 Amarelo
Branco 3 1 3 Branco
Rosa 4 2 4 Rosa
3
Ledor 9 9 Ledor
Libras 10 4 10 Libras
5
6
7
8
O
9
H
10
N O
11
U
12 Ã
C
13 Ç
S
14 A
A
15 D
16 R
E
17
R
18
A
19
D
20
21
22
23
24
2 Dia 2 Dia
1°Capa 25 4°Capa
Libras 12 26 12 Libras
Ledor 11 11 Ledor
27
28
Rosa 8 8 Rosa
Azul 7 29 7 Azul
Cinza 6 6 Cinza
30
Amarelo 5 5 Amarelo
01
BBB0011iiiggg00uuu11rrr77rrr55iiilllAAhhhZZooosss..ii...nniiinnndddddbbddd 33 11122 11224433////00006688////2222000022222244 11117766::::11442266::::00556699"
7;LC;150675;C;3;0;;2.79235;-0.3231;0.16431;AZUL;1395;;0;2024;"*010175AZ32*
01
1 Dia 1 Dia
1°Capa 4°Capa
Transcreva a sua Redação para a Folha de Redação.
Azul 1 1 Azul
Amarelo 2 2 Amarelo
Branco 3 1 3 Branco
Rosa 4 2 4 Rosa
3
Ledor 9 9 Ledor
Libras 10 4 10 Libras
5
6
7
8
O
9
H
10
N O
11
U
12 Ã
C
13 Ç
S
14 A
A
15 D
16 R
E
17
R
18
A
19
D
20
21
22
23
24
2 Dia 2 Dia
1°Capa 25 4°Capa
Libras 12 26 12 Libras
Ledor 11 11 Ledor
27
28
Rosa 8 8 Rosa
Azul 7 29 7 Azul
Cinza 6 6 Cinza
30
Amarelo 5 5 Amarelo
01
BBB0011iiiggg00uuu11rrr77rrr55iiilllAAhhhZZooosss..ii...nniiinnndddddbbddd 33 11122 11224433////00006688////2222000022222244 11117766::::11442266::::00556699"
7;LC;150675;C;3;0;;2.79235;-0.3231;0.16431;AZUL;1395;;0;2024;"*010175AZ32*
01
1 Dia 1 Dia
1°Capa 4°Capa
Transcreva a sua Redação para a Folha de Redação.
Azul 1 1 Azul
Amarelo 2 2 Amarelo
Branco 3 1 3 Branco
Rosa 4 2 4 Rosa
3
Ledor 9 9 Ledor
Libras 10 4 10 Libras
5
6
7
8
O
9
H
10
N O
11
U
12 Ã
C
13 Ç
S
14 A
A
15 D
16 R
E
17
R
18
A
19
D
20
21
22
23
24
2 Dia 2 Dia
1°Capa 25 4°Capa
Libras 12 26 12 Libras
Ledor 11 11 Ledor
27
28
Rosa 8 8 Rosa
Azul 7 29 7 Azul
Cinza 6 6 Cinza
30
Amarelo 5 5 Amarelo
01
BBB0011iiiggg00uuu11rrr77rrr55iiilllAAhhhZZooosss..ii...nniiinnndddddbbddd 33 11122 11224433////00006688////2222000022222244 11117766::::11442266::::00556699"
135;CN;97292;A;1;0;;2.79117;1.62585;0.11285;AZUL;1483;;0;2024;Texto extraído diretamente do caderno oficial.
135;CN;97292;A;1;0;;2.79117;1.62585;0.11285;AZUL;1483;;0;2024;Texto extraído diretamente do caderno oficial.
135;CN;97292;A;1;0;;2.79117;1.62585;0.11285;AZUL;1483;;0;2024;Texto extraído diretamente do caderno oficial.
48;CH;149816;E;29;0;;2.78643;0.48704;0.1756;AZUL;1343;;0;2024;Texto extraído diretamente do caderno oficial.
48;CH;149816;E;29;0;;2.78643;0.48704;0.1756;AZUL;1343;;0;2024;Texto extraído diretamente do caderno oficial.
48;CH;149816;E;29;0;;2.78643;0.48704;0.1756;AZUL;1431;;0;2024;Texto extraído diretamente do caderno oficial.
48;CH;149816;E;29;0;;2.78643;0.48704;0.1756;AZUL;1431;;0;2024;Texto extraído diretamente do caderno oficial.
48;CH;149816;E;29;0;;2.78643;0.48704;0.1756;AZUL;1431;;0;2024;Texto extraído diretamente do caderno oficial.
48;CH;149816;E;29;0;;2.78643;0.48704;0.1756;AZUL;1343;;0;2024;Texto extraído diretamente do caderno oficial.
157;MT;125993;C;23;0;;2.78314;1.11704;0.11259;AZUL;1407;;0;2024;Texto extraído diretamente do caderno oficial.
157;MT;125993;C;23;0;;2.78314;1.11704;0.11259;AZUL;1407;;0;2024;Texto extraído diretamente do caderno oficial.
157;MT;125993;C;23;0;;2.78314;1.11704;0.11259;AZUL;1407;;0;2024;Texto extraído diretamente do caderno oficial.
56;CH;140161;A;2;0;;2.77926;1.21189;0.19623;AZUL;1383;;0;2024;Texto extraído diretamente do caderno oficial.
56;CH;140161;A;2;0;;2.77926;1.21189;0.19623;AZUL;1383;;0;2024;Texto extraído diretamente do caderno oficial.
56;CH;140161;A;2;0;;2.77926;1.21189;0.19623;AZUL;1383;;0;2024;Texto extraído diretamente do caderno oficial.
167;MT;15207;B;19;0;;2.77224;2.00426;0.04097;AZUL;1363;;0;2024;Texto extraído diretamente do caderno oficial.
167;MT;15207;B;19;0;;2.77224;2.00426;0.04097;AZUL;1363;;0;2024;Texto extraído diretamente do caderno oficial.
167;MT;15207;B;19;0;;2.77224;2.00426;0.04097;AZUL;1363;;0;2024;Texto extraído diretamente do caderno oficial.
3;LC;140709;D;7;0;;2.7718;0.94236;0.20053;AZUL;1459;1.0;0;2024;"*010175AZ32*
01
1 Dia 1 Dia
1°Capa 4°Capa
Transcreva a sua Redação para a Folha de Redação.
Azul 1 1 Azul
Amarelo 2 2 Amarelo
Branco 3 1 3 Branco
Rosa 4 2 4 Rosa
3
Ledor 9 9 Ledor
Libras 10 4 10 Libras
5
6
7
8
O
9
H
10
N O
11
U
12 Ã
C
13 Ç
S
14 A
A
15 D
16 R
E
17
R
18
A
19
D
20
21
22
23
24
2 Dia 2 Dia
1°Capa 25 4°Capa
Libras 12 26 12 Libras
Ledor 11 11 Ledor
27
28
Rosa 8 8 Rosa
Azul 7 29 7 Azul
Cinza 6 6 Cinza
30
Amarelo 5 5 Amarelo
01
BBB0011iiiggg00uuu11rrr77rrr55iiilllAAhhhZZooosss..ii...nniiinnndddddbbddd 33 11122 11224433////00006688////2222000022222244 11117766::::11442266::::00556699"
3;LC;140709;D;7;0;;2.7718;0.94236;0.20053;AZUL;1459;1.0;0;2024;"*010175AZ32*
01
1 Dia 1 Dia
1°Capa 4°Capa
Transcreva a sua Redação para a Folha de Redação.
Azul 1 1 Azul
Amarelo 2 2 Amarelo
Branco 3 1 3 Branco
Rosa 4 2 4 Rosa
3
Ledor 9 9 Ledor
Libras 10 4 10 Libras
5
6
7
8
O
9
H
10
N O
11
U
12 Ã
C
13 Ç
S
14 A
A
15 D
16 R
E
17
R
18
A
19
D
20
21
22
23
24
2 Dia 2 Dia
1°Capa 25 4°Capa
Libras 12 26 12 Libras
Ledor 11 11 Ledor
27
28
Rosa 8 8 Rosa
Azul 7 29 7 Azul
Cinza 6 6 Cinza
30
Amarelo 5 5 Amarelo
01
BBB0011iiiggg00uuu11rrr77rrr55iiilllAAhhhZZooosss..ii...nniiinnndddddbbddd 33 11122 11224433////00006688////2222000022222244 11117766::::11442266::::00556699"
3;LC;140709;D;7;0;;2.7718;0.94236;0.20053;AZUL;1459;1.0;0;2024;"*010175AZ32*
01
1 Dia 1 Dia
1°Capa 4°Capa
Transcreva a sua Redação para a Folha de Redação.
Azul 1 1 Azul
Amarelo 2 2 Amarelo
Branco 3 1 3 Branco
Rosa 4 2 4 Rosa
3
Ledor 9 9 Ledor
Libras 10 4 10 Libras
5
6
7
8
O
9
H
10
N O
11
U
12 Ã
C
13 Ç
S
14 A
A
15 D
16 R
E
17
R
18
A
19
D
20
21
22
23
24
2 Dia 2 Dia
1°Capa 25 4°Capa
Libras 12 26 12 Libras
Ledor 11 11 Ledor
27
28
Rosa 8 8 Rosa
Azul 7 29 7 Azul
Cinza 6 6 Cinza
30
Amarelo 5 5 Amarelo
01
BBB0011iiiggg00uuu11rrr77rrr55iiilllAAhhhZZooosss..ii...nniiinnndddddbbddd 33 11122 11224433////00006688////2222000022222244 11117766::::11442266::::00556699"
71;CH;141031;B;13;0;;2.77004;0.18063;0.18169;AZUL;1431;;0;2024;Texto extraído diretamente do caderno oficial.
71;CH;141031;B;13;0;;2.77004;0.18063;0.18169;AZUL;1343;;0;2024;Texto extraído diretamente do caderno oficial.
71;CH;141031;B;13;0;;2.77004;0.18063;0.18169;AZUL;1343;;0;2024;Texto extraído diretamente do caderno oficial.
71;CH;141031;B;13;0;;2.77004;0.18063;0.18169;AZUL;1431;;0;2024;Texto extraído diretamente do caderno oficial.
71;CH;141031;B;13;0;;2.77004;0.18063;0.18169;AZUL;1431;;0;2024;Texto extraído diretamente do caderno oficial.
71;CH;141031;B;13;0;;2.77004;0.18063;0.18169;AZUL;1343;;0;2024;Texto extraído diretamente do caderno oficial.
177;MT;125917;B;11;0;;2.76697;2.68891;0.14606;AZUL;1363;;0;2024;Texto extraído diretamente do caderno oficial.
177;MT;125917;B;11;0;;2.76697;2.68891;0.14606;AZUL;1363;;0;2024;Texto extraído diretamente do caderno oficial.
177;MT;125917;B;11;0;;2.76697;2.68891;0.14606;AZUL;1363;;0;2024;Texto extraído diretamente do caderno oficial.
126;CN;111547;A;23;0;;2.76472;2.5307;0.08433;AZUL;1373;;0;2024;Texto extraído diretamente do caderno oficial.
126;CN;111547;A;23;0;;2.76472;2.5307;0.08433;AZUL;1373;;0;2024;Texto extraído diretamente do caderno oficial.
126;CN;111547;A;23;0;;2.76472;2.5307;0.08433;AZUL;1373;;0;2024;Texto extraído diretamente do caderno oficial.
66;CH;118064;C;16;0;;2.74054;0.68765;0.19316;AZUL;1383;;0;2024;Texto extraído diretamente do caderno oficial.
66;CH;118064;C;16;0;;2.74054;0.68765;0.19316;AZUL;1383;;0;2024;Texto extraído diretamente do caderno oficial.
66;CH;118064;C;16;0;;2.74054;0.68765;0.19316;AZUL;1383;;0;2024;Texto extraído diretamente do caderno oficial.
83;CH;85551;E;7;0;;2.73828;0.66579;0.17472;AZUL;1383;;0;2024;Texto extraído diretamente do caderno oficial.
83;CH;85551;E;7;0;;2.73828;0.66579;0.17472;AZUL;1383;;0;2024;Texto extraído diretamente do caderno oficial.
83;CH;85551;E;7;0;;2.73828;0.66579;0.17472;AZUL;1383;;0;2024;Texto extraído diretamente do caderno oficial.
153;MT;76177;D;1;0;;2.73571;1.22835;0.14646;AZUL;1407;;0;2024;Texto extraído diretamente do caderno oficial.
153;MT;76177;D;1;0;;2.73571;1.22835;0.14646;AZUL;1407;;0;2024;Texto extraído diretamente do caderno oficial.
153;MT;76177;D;1;0;;2.73571;1.22835;0.14646;AZUL;1407;;0;2024;Texto extraído diretamente do caderno oficial.
43;LC;141202;E;12;0;;2.7327;0.5031;0.08917;AZUL;1395;;0;2024;Texto extraído diretamente do caderno oficial.
43;LC;141202;E;12;0;;2.7327;0.5031;0.08917;AZUL;1395;;0;2024;Texto extraído diretamente do caderno oficial.
43;LC;141202;E;12;0;;2.7327;0.5031;0.08917;AZUL;1395;;0;2024;Texto extraído diretamente do caderno oficial.
92;CN;88062;D;29;0;;2.72571;0.53409;0.22592;AZUL;1483;;0;2024;Texto extraído diretamente do caderno oficial.
92;CN;88062;D;29;0;;2.72571;0.53409;0.22592;AZUL;1483;;0;2024;Texto extraído diretamente do caderno oficial.
92;CN;88062;D;29;0;;2.72571;0.53409;0.22592;AZUL;1483;;0;2024;Texto extraído diretamente do caderno oficial.
51;CH;111927;D;20;0;;2.71693;0.48298;0.15872;AZUL;1447;;0;2024;Texto extraído diretamente do caderno oficial.
51;CH;111927;D;20;0;;2.71693;0.48298;0.15872;AZUL;1447;;0;2024;Texto extraído diretamente do caderno oficial.
51;CH;111927;D;20;0;;2.71693;0.48298;0.15872;AZUL;1447;;0;2024;Texto extraído diretamente do caderno oficial.
157;MT;117625;C;19;0;;2.7122;1.24373;0.27269;AZUL;1471;;0;2024;Texto extraído diretamente do caderno oficial.
157;MT;117625;C;19;0;;2.7122;1.24373;0.27269;AZUL;1471;;0;2024;Texto extraído diretamente do caderno oficial.
157;MT;117625;C;19;0;;2.7122;1.24373;0.27269;AZUL;1471;;0;2024;Texto extraído diretamente do caderno oficial.
152;MT;42136;A;25;0;;2.70251;1.04041;0.08979;AZUL;1407;;0;2024;Texto extraído diretamente do caderno oficial.
152;MT;42136;A;25;0;;2.70251;1.04041;0.08979;AZUL;1407;;0;2024;Texto extraído diretamente do caderno oficial.
152;MT;42136;A;25;0;;2.70251;1.04041;0.08979;AZUL;1407;;0;2024;Texto extraído diretamente do caderno oficial.
75;CH;90024;B;19;0;;2.69381;0.79832;0.22068;AZUL;1447;;0;2024;Texto extraído diretamente do caderno oficial.
75;CH;90024;B;19;0;;2.69381;0.79832;0.22068;AZUL;1447;;0;2024;Texto extraído diretamente do caderno oficial.
75;CH;90024;B;19;0;;2.69381;0.79832;0.22068;AZUL;1447;;0;2024;Texto extraído diretamente do caderno oficial.
42;LC;66526;A;25;0;;2.68424;0.7301;0.15132;AZUL;1459;;0;2024;Texto extraído diretamente do caderno oficial.
42;LC;66526;A;25;0;;2.68424;0.7301;0.15132;AZUL;1459;;0;2024;Texto extraído diretamente do caderno oficial.
42;LC;66526;A;25;0;;2.68424;0.7301;0.15132;AZUL;1459;;0;2024;Texto extraído diretamente do caderno oficial.
91;CN;117652;D;7;0;;2.67294;0.81134;0.11082;AZUL;1483;;0;2024;Texto extraído diretamente do caderno oficial.
91;CN;117652;D;7;0;;2.67294;0.81134;0.11082;AZUL;1483;;0;2024;Texto extraído diretamente do caderno oficial.
91;CN;117652;D;7;0;;2.67294;0.81134;0.11082;AZUL;1483;;0;2024;Texto extraído diretamente do caderno oficial.
149;MT;50176;B;20;0;;2.66954;1.71786;0.17943;AZUL;1363;;0;2024;Texto extraído diretamente do caderno oficial.
149;MT;50176;B;20;0;;2.66954;1.71786;0.17943;AZUL;1363;;0;2024;Texto extraído diretamente do caderno oficial.
149;MT;50176;B;20;0;;2.66954;1.71786;0.17943;AZUL;1363;;0;2024;Texto extraído diretamente do caderno oficial.
76;CH;141033;E;20;0;;2.66541;0.60552;0.12265;AZUL;1383;;0;2024;Texto extraído diretamente do caderno oficial.
76;CH;141033;E;20;0;;2.66541;0.60552;0.12265;AZUL;1383;;0;2024;Texto extraído diretamente do caderno oficial.
76;CH;141033;E;20;0;;2.66541;0.60552;0.12265;AZUL;1383;;0;2024;Texto extraído diretamente do caderno oficial.
97;CN;141754;D;11;0;;2.64721;0.62429;0.21123;AZUL;1483;;0;2024;Texto extraído diretamente do caderno oficial.
97;CN;141754;D;11;0;;2.64721;0.62429;0.21123;AZUL;1483;;0;2024;Texto extraído diretamente do caderno oficial.
97;CN;141754;D;11;0;;2.64721;0.62429;0.21123;AZUL;1483;;0;2024;Texto extraído diretamente do caderno oficial.
55;CH;95807;D;16;0;;2.64665;1.19196;0.1989;AZUL;1447;;0;2024;Texto extraído diretamente do caderno oficial.
55;CH;95807;D;16;0;;2.64665;1.19196;0.1989;AZUL;1447;;0;2024;Texto extraído diretamente do caderno oficial.
55;CH;95807;D;16;0;;2.64665;1.19196;0.1989;AZUL;1447;;0;2024;Texto extraído diretamente do caderno oficial.
34;LC;150523;B;28;0;;2.63266;1.23509;0.15044;AZUL;1395;;0;2024;Texto extraído diretamente do caderno oficial.
34;LC;150523;B;28;0;;2.63266;1.23509;0.15044;AZUL;1395;;0;2024;Texto extraído diretamente do caderno oficial.
34;LC;150523;B;28;0;;2.63266;1.23509;0.15044;AZUL;1395;;0;2024;Texto extraído diretamente do caderno oficial.
45;LC;120714;C;4;0;;2.622;0.59532;0.25859;AZUL;1459;;0;2024;Texto extraído diretamente do caderno oficial.
45;LC;120714;C;4;0;;2.622;0.59532;0.25859;AZUL;1459;;0;2024;Texto extraído diretamente do caderno oficial.
45;LC;120714;C;4;0;;2.622;0.59532;0.25859;AZUL;1459;;0;2024;Texto extraído diretamente do caderno oficial.
18;LC;120220;A;26;0;;2.6215;0.71695;0.1198;AZUL;1441;;0;2024;"*010175AZ32*
01
1 Dia 1 Dia
1°Capa 4°Capa
Transcreva a sua Redação para a Folha de Redação.
Azul 1 1 Azul
Amarelo 2 2 Amarelo
Branco 3 1 3 Branco
Rosa 4 2 4 Rosa
3
Ledor 9 9 Ledor
Libras 10 4 10 Libras
5
6
7
8
O
9
H
10
N O
11
U
12 Ã
C
13 Ç
S
14 A
A
15 D
16 R
E
17
R
18
A
19
D
20
21
22
23
24
2 Dia 2 Dia
1°Capa 25 4°Capa
Libras 12 26 12 Libras
Ledor 11 11 Ledor
27
28
Rosa 8 8 Rosa
Azul 7 29 7 Azul
Cinza 6 6 Cinza
30
Amarelo 5 5 Amarelo
01
BBB0011iiiggg00uuu11rrr77rrr55iiilllAAhhhZZooosss..ii...nniiinnndddddbbddd 33 11122 11224433////00006688////2222000022222244 11117766::::11442266::::00556699"
18;LC;120220;A;26;0;;2.6215;0.71695;0.1198;AZUL;1441;;0;2024;"*010175AZ32*
01
1 Dia 1 Dia
1°Capa 4°Capa
Transcreva a sua Redação para a Folha de Redação.
Azul 1 1 Azul
Amarelo 2 2 Amarelo
Branco 3 1 3 Branco
Rosa 4 2 4 Rosa
3
Ledor 9 9 Ledor
Libras 10 4 10 Libras
5
6
7
8
O
9
H
10
N O
11
U
12 Ã
C
13 Ç
S
14 A
A
15 D
16 R
E
17
R
18
A
19
D
20
21
22
23
24
2 Dia 2 Dia
1°Capa 25 4°Capa
Libras 12 26 12 Libras
Ledor 11 11 Ledor
27
28
Rosa 8 8 Rosa
Azul 7 29 7 Azul
Cinza 6 6 Cinza
30
Amarelo 5 5 Amarelo
01
BBB0011iiiggg00uuu11rrr77rrr55iiilllAAhhhZZooosss..ii...nniiinnndddddbbddd 33 11122 11224433////00006688////2222000022222244 11117766::::11442266::::00556699"
18;LC;120220;A;26;0;;2.6215;0.71695;0.1198;AZUL;1353;;0;2024;"*010175AZ32*
01
1 Dia 1 Dia
1°Capa 4°Capa
Transcreva a sua Redação para a Folha de Redação.
Azul 1 1 Azul
Amarelo 2 2 Amarelo
Branco 3 1 3 Branco
Rosa 4 2 4 Rosa
3
Ledor 9 9 Ledor
Libras 10 4 10 Libras
5
6
7
8
O
9
H
10
N O
11
U
12 Ã
C
13 Ç
S
14 A
A
15 D
16 R
E
17
R
18
A
19
D
20
21
22
23
24
2 Dia 2 Dia
1°Capa 25 4°Capa
Libras 12 26 12 Libras
Ledor 11 11 Ledor
27
28
Rosa 8 8 Rosa
Azul 7 29 7 Azul
Cinza 6 6 Cinza
30
Amarelo 5 5 Amarelo
01
BBB0011iiiggg00uuu11rrr77rrr55iiilllAAhhhZZooosss..ii...nniiinnndddddbbddd 33 11122 11224433////00006688////2222000022222244 11117766::::11442266::::00556699"
18;LC;120220;A;26;0;;2.6215;0.71695;0.1198;AZUL;1353;;0;2024;"*010175AZ32*
01
1 Dia 1 Dia
1°Capa 4°Capa
Transcreva a sua Redação para a Folha de Redação.
Azul 1 1 Azul
Amarelo 2 2 Amarelo
Branco 3 1 3 Branco
Rosa 4 2 4 Rosa
3
Ledor 9 9 Ledor
Libras 10 4 10 Libras
5
6
7
8
O
9
H
10
N O
11
U
12 Ã
C
13 Ç
S
14 A
A
15 D
16 R
E
17
R
18
A
19
D
20
21
22
23
24
2 Dia 2 Dia
1°Capa 25 4°Capa
Libras 12 26 12 Libras
Ledor 11 11 Ledor
27
28
Rosa 8 8 Rosa
Azul 7 29 7 Azul
Cinza 6 6 Cinza
30
Amarelo 5 5 Amarelo
01
BBB0011iiiggg00uuu11rrr77rrr55iiilllAAhhhZZooosss..ii...nniiinnndddddbbddd 33 11122 11224433////00006688////2222000022222244 11117766::::11442266::::00556699"
18;LC;120220;A;26;0;;2.6215;0.71695;0.1198;AZUL;1353;;0;2024;"*010175AZ32*
01
1 Dia 1 Dia
1°Capa 4°Capa
Transcreva a sua Redação para a Folha de Redação.
Azul 1 1 Azul
Amarelo 2 2 Amarelo
Branco 3 1 3 Branco
Rosa 4 2 4 Rosa
3
Ledor 9 9 Ledor
Libras 10 4 10 Libras
5
6
7
8
O
9
H
10
N O
11
U
12 Ã
C
13 Ç
S
14 A
A
15 D
16 R
E
17
R
18
A
19
D
20
21
22
23
24
2 Dia 2 Dia
1°Capa 25 4°Capa
Libras 12 26 12 Libras
Ledor 11 11 Ledor
27
28
Rosa 8 8 Rosa
Azul 7 29 7 Azul
Cinza 6 6 Cinza
30
Amarelo 5 5 Amarelo
01
BBB0011iiiggg00uuu11rrr77rrr55iiilllAAhhhZZooosss..ii...nniiinnndddddbbddd 33 11122 11224433////00006688////2222000022222244 11117766::::11442266::::00556699"
18;LC;120220;A;26;0;;2.6215;0.71695;0.1198;AZUL;1441;;0;2024;"*010175AZ32*
01
1 Dia 1 Dia
1°Capa 4°Capa
Transcreva a sua Redação para a Folha de Redação.
Azul 1 1 Azul
Amarelo 2 2 Amarelo
Branco 3 1 3 Branco
Rosa 4 2 4 Rosa
3
Ledor 9 9 Ledor
Libras 10 4 10 Libras
5
6
7
8
O
9
H
10
N O
11
U
12 Ã
C
13 Ç
S
14 A
A
15 D
16 R
E
17
R
18
A
19
D
20
21
22
23
24
2 Dia 2 Dia
1°Capa 25 4°Capa
Libras 12 26 12 Libras
Ledor 11 11 Ledor
27
28
Rosa 8 8 Rosa
Azul 7 29 7 Azul
Cinza 6 6 Cinza
30
Amarelo 5 5 Amarelo
01
BBB0011iiiggg00uuu11rrr77rrr55iiilllAAhhhZZooosss..ii...nniiinnndddddbbddd 33 11122 11224433////00006688////2222000022222244 11117766::::11442266::::00556699"
93;CN;89916;C;28;0;;2.61875;1.03514;0.14955;AZUL;1483;;0;2024;Texto extraído diretamente do caderno oficial.
93;CN;89916;C;28;0;;2.61875;1.03514;0.14955;AZUL;1483;;0;2024;Texto extraído diretamente do caderno oficial.
93;CN;89916;C;28;0;;2.61875;1.03514;0.14955;AZUL;1483;;0;2024;Texto extraído diretamente do caderno oficial.
97;CN;98061;D;25;0;;2.60531;1.94764;0.17863;AZUL;1419;;0;2024;Texto extraído diretamente do caderno oficial.
97;CN;98061;D;25;0;;2.60531;1.94764;0.17863;AZUL;1419;;0;2024;Texto extraído diretamente do caderno oficial.
97;CN;98061;D;25;0;;2.60531;1.94764;0.17863;AZUL;1419;;0;2024;Texto extraído diretamente do caderno oficial.
56;CH;140213;B;9;0;;2.59479;1.17618;0.31316;AZUL;1431;;0;2024;Texto extraído diretamente do caderno oficial.
56;CH;140213;B;9;0;;2.59479;1.17618;0.31316;AZUL;1431;;0;2024;Texto extraído diretamente do caderno oficial.
56;CH;140213;B;9;0;;2.59479;1.17618;0.31316;AZUL;1343;;0;2024;Texto extraído diretamente do caderno oficial.
56;CH;140213;B;9;0;;2.59479;1.17618;0.31316;AZUL;1431;;0;2024;Texto extraído diretamente do caderno oficial.
56;CH;140213;B;9;0;;2.59479;1.17618;0.31316;AZUL;1343;;0;2024;Texto extraído diretamente do caderno oficial.
56;CH;140213;B;9;0;;2.59479;1.17618;0.31316;AZUL;1343;;0;2024;Texto extraído diretamente do caderno oficial.
166;MT;63713;E;30;0;;2.59281;1.73411;0.09568;AZUL;1471;;0;2024;Texto extraído diretamente do caderno oficial.
166;MT;63713;E;30;0;;2.59281;1.73411;0.09568;AZUL;1471;;0;2024;Texto extraído diretamente do caderno oficial.
166;MT;63713;E;30;0;;2.59281;1.73411;0.09568;AZUL;1471;;0;2024;Texto extraído diretamente do caderno oficial.
90;CH;140450;D;5;0;;2.59082;-0.08357;0.18726;AZUL;1343;;0;2024;Texto extraído diretamente do caderno oficial.
90;CH;140450;D;5;0;;2.59082;-0.08357;0.18726;AZUL;1431;;0;2024;Texto extraído diretamente do caderno oficial.
90;CH;140450;D;5;0;;2.59082;-0.08357;0.18726;AZUL;1343;;0;2024;Texto extraído diretamente do caderno oficial.
90;CH;140450;D;5;0;;2.59082;-0.08357;0.18726;AZUL;1431;;0;2024;Texto extraído diretamente do caderno oficial.
90;CH;140450;D;5;0;;2.59082;-0.08357;0.18726;AZUL;1343;;0;2024;Texto extraído diretamente do caderno oficial.
90;CH;140450;D;5;0;;2.59082;-0.08357;0.18726;AZUL;1431;;0;2024;Texto extraído diretamente do caderno oficial.
40;LC;118217;D;9;0;;2.59075;0.81709;0.21069;AZUL;1395;;0;2024;Texto extraído diretamente do caderno oficial.
40;LC;118217;D;9;0;;2.59075;0.81709;0.21069;AZUL;1395;;0;2024;Texto extraído diretamente do caderno oficial.
40;LC;118217;D;9;0;;2.59075;0.81709;0.21069;AZUL;1395;;0;2024;Texto extraído diretamente do caderno oficial.
104;CN;111611;B;1;0;;2.59016;2.32557;0.13444;AZUL;1373;;0;2024;Texto extraído diretamente do caderno oficial.
104;CN;111611;B;1;0;;2.59016;2.32557;0.13444;AZUL;1373;;0;2024;Texto extraído diretamente do caderno oficial.
104;CN;111611;B;1;0;;2.59016;2.32557;0.13444;AZUL;1373;;0;2024;Texto extraído diretamente do caderno oficial.
152;MT;16874;C;21;0;;2.59004;2.41256;0.20225;AZUL;1363;;0;2024;Texto extraído diretamente do caderno oficial.
152;MT;16874;C;21;0;;2.59004;2.41256;0.20225;AZUL;1363;;0;2024;Texto extraído diretamente do caderno oficial.
152;MT;16874;C;21;0;;2.59004;2.41256;0.20225;AZUL;1363;;0;2024;Texto extraído diretamente do caderno oficial.
60;CH;141163;B;20;0;;2.58772;1.21731;0.1766;AZUL;1431;;0;2024;Texto extraído diretamente do caderno oficial.
60;CH;141163;B;20;0;;2.58772;1.21731;0.1766;AZUL;1431;;0;2024;Texto extraído diretamente do caderno oficial.
60;CH;141163;B;20;0;;2.58772;1.21731;0.1766;AZUL;1343;;0;2024;Texto extraído diretamente do caderno oficial.
60;CH;141163;B;20;0;;2.58772;1.21731;0.1766;AZUL;1431;;0;2024;Texto extraído diretamente do caderno oficial.
60;CH;141163;B;20;0;;2.58772;1.21731;0.1766;AZUL;1343;;0;2024;Texto extraído diretamente do caderno oficial.
60;CH;141163;B;20;0;;2.58772;1.21731;0.1766;AZUL;1343;;0;2024;Texto extraído diretamente do caderno oficial.
9;LC;140807;A;30;0;;2.58687;0.11877;0.21034;AZUL;1353;;0;2024;"*010175AZ32*
01
1 Dia 1 Dia
1°Capa 4°Capa
Transcreva a sua Redação para a Folha de Redação.
Azul 1 1 Azul
Amarelo 2 2 Amarelo
Branco 3 1 3 Branco
Rosa 4 2 4 Rosa
3
Ledor 9 9 Ledor
Libras 10 4 10 Libras
5
6
7
8
O
9
H
10
N O
11
U
12 Ã
C
13 Ç
S
14 A
A
15 D
16 R
E
17
R
18
A
19
D
20
21
22
23
24
2 Dia 2 Dia
1°Capa 25 4°Capa
Libras 12 26 12 Libras
Ledor 11 11 Ledor
27
28
Rosa 8 8 Rosa
Azul 7 29 7 Azul
Cinza 6 6 Cinza
30
Amarelo 5 5 Amarelo
01
BBB0011iiiggg00uuu11rrr77rrr55iiilllAAhhhZZooosss..ii...nniiinnndddddbbddd 33 11122 11224433////00006688////2222000022222244 11117766::::11442266::::00556699"
9;LC;140807;A;30;0;;2.58687;0.11877;0.21034;AZUL;1353;;0;2024;"*010175AZ32*
01
1 Dia 1 Dia
1°Capa 4°Capa
Transcreva a sua Redação para a Folha de Redação.
Azul 1 1 Azul
Amarelo 2 2 Amarelo
Branco 3 1 3 Branco
Rosa 4 2 4 Rosa
3
Ledor 9 9 Ledor
Libras 10 4 10 Libras
5
6
7
8
O
9
H
10
N O
11
U
12 Ã
C
13 Ç
S
14 A
A
15 D
16 R
E
17
R
18
A
19
D
20
21
22
23
24
2 Dia 2 Dia
1°Capa 25 4°Capa
Libras 12 26 12 Libras
Ledor 11 11 Ledor
27
28
Rosa 8 8 Rosa
Azul 7 29 7 Azul
Cinza 6 6 Cinza
30
Amarelo 5 5 Amarelo
01
BBB0011iiiggg00uuu11rrr77rrr55iiilllAAhhhZZooosss..ii...nniiinnndddddbbddd 33 11122 11224433////00006688////2222000022222244 11117766::::11442266::::00556699"
9;LC;140807;A;30;0;;2.58687;0.11877;0.21034;AZUL;1441;;0;2024;"*010175AZ32*
01
1 Dia 1 Dia
1°Capa 4°Capa
Transcreva a sua Redação para a Folha de Redação.
Azul 1 1 Azul
Amarelo 2 2 Amarelo
Branco 3 1 3 Branco
Rosa 4 2 4 Rosa
3
Ledor 9 9 Ledor
Libras 10 4 10 Libras
5
6
7
8
O
9
H
10
N O
11
U
12 Ã
C
13 Ç
S
14 A
A
15 D
16 R
E
17
R
18
A
19
D
20
21
22
23
24
2 Dia 2 Dia
1°Capa 25 4°Capa
Libras 12 26 12 Libras
Ledor 11 11 Ledor
27
28
Rosa 8 8 Rosa
Azul 7 29 7 Azul
Cinza 6 6 Cinza
30
Amarelo 5 5 Amarelo
01
BBB0011iiiggg00uuu11rrr77rrr55iiilllAAhhhZZooosss..ii...nniiinnndddddbbddd 33 11122 11224433////00006688////2222000022222244 11117766::::11442266::::00556699"
9;LC;140807;A;30;0;;2.58687;0.11877;0.21034;AZUL;1441;;0;2024;"*010175AZ32*
01
1 Dia 1 Dia
1°Capa 4°Capa
Transcreva a sua Redação para a Folha de Redação.
Azul 1 1 Azul
Amarelo 2 2 Amarelo
Branco 3 1 3 Branco
Rosa 4 2 4 Rosa
3
Ledor 9 9 Ledor
Libras 10 4 10 Libras
5
6
7
8
O
9
H
10
N O
11
U
12 Ã
C
13 Ç
S
14 A
A
15 D
16 R
E
17
R
18
A
19
D
20
21
22
23
24
2 Dia 2 Dia
1°Capa 25 4°Capa
Libras 12 26 12 Libras
Ledor 11 11 Ledor
27
28
Rosa 8 8 Rosa
Azul 7 29 7 Azul
Cinza 6 6 Cinza
30
Amarelo 5 5 Amarelo
01
BBB0011iiiggg00uuu11rrr77rrr55iiilllAAhhhZZooosss..ii...nniiinnndddddbbddd 33 11122 11224433////00006688////2222000022222244 11117766::::11442266::::00556699"
9;LC;140807;A;30;0;;2.58687;0.11877;0.21034;AZUL;1441;;0;2024;"*010175AZ32*
01
1 Dia 1 Dia
1°Capa 4°Capa
Transcreva a sua Redação para a Folha de Redação.
Azul 1 1 Azul
Amarelo 2 2 Amarelo
Branco 3 1 3 Branco
Rosa 4 2 4 Rosa
3
Ledor 9 9 Ledor
Libras 10 4 10 Libras
5
6
7
8
O
9
H
10
N O
11
U
12 Ã
C
13 Ç
S
14 A
A
15 D
16 R
E
17
R
18
A
19
D
20
21
22
23
24
2 Dia 2 Dia
1°Capa 25 4°Capa
Libras 12 26 12 Libras
Ledor 11 11 Ledor
27
28
Rosa 8 8 Rosa
Azul 7 29 7 Azul
Cinza 6 6 Cinza
30
Amarelo 5 5 Amarelo
01
BBB0011iiiggg00uuu11rrr77rrr55iiilllAAhhhZZooosss..ii...nniiinnndddddbbddd 33 11122 11224433////00006688////2222000022222244 11117766::::11442266::::00556699"
9;LC;140807;A;30;0;;2.58687;0.11877;0.21034;AZUL;1353;;0;2024;"*010175AZ32*
01
1 Dia 1 Dia
1°Capa 4°Capa
Transcreva a sua Redação para a Folha de Redação.
Azul 1 1 Azul
Amarelo 2 2 Amarelo
Branco 3 1 3 Branco
Rosa 4 2 4 Rosa
3
Ledor 9 9 Ledor
Libras 10 4 10 Libras
5
6
7
8
O
9
H
10
N O
11
U
12 Ã
C
13 Ç
S
14 A
A
15 D
16 R
E
17
R
18
A
19
D
20
21
22
23
24
2 Dia 2 Dia
1°Capa 25 4°Capa
Libras 12 26 12 Libras
Ledor 11 11 Ledor
27
28
Rosa 8 8 Rosa
Azul 7 29 7 Azul
Cinza 6 6 Cinza
30
Amarelo 5 5 Amarelo
01
BBB0011iiiggg00uuu11rrr77rrr55iiilllAAhhhZZooosss..ii...nniiinnndddddbbddd 33 11122 11224433////00006688////2222000022222244 11117766::::11442266::::00556699"
57;CH;141143;D;15;0;;2.58128;0.13172;0.18248;AZUL;1383;;0;2024;Texto extraído diretamente do caderno oficial.
57;CH;141143;D;15;0;;2.58128;0.13172;0.18248;AZUL;1383;;0;2024;Texto extraído diretamente do caderno oficial.
57;CH;141143;D;15;0;;2.58128;0.13172;0.18248;AZUL;1383;;0;2024;Texto extraído diretamente do caderno oficial.
86;CH;141078;C;17;0;;2.57535;0.86944;0.17393;AZUL;1447;;0;2024;Texto extraído diretamente do caderno oficial.
86;CH;141078;C;17;0;;2.57535;0.86944;0.17393;AZUL;1447;;0;2024;Texto extraído diretamente do caderno oficial.
86;CH;141078;C;17;0;;2.57535;0.86944;0.17393;AZUL;1447;;0;2024;Texto extraído diretamente do caderno oficial.
80;CH;141472;E;3;0;;2.56709;1.87677;0.11755;AZUL;1431;;0;2024;Texto extraído diretamente do caderno oficial.
80;CH;141472;E;3;0;;2.56709;1.87677;0.11755;AZUL;1343;;0;2024;Texto extraído diretamente do caderno oficial.
80;CH;141472;E;3;0;;2.56709;1.87677;0.11755;AZUL;1431;;0;2024;Texto extraído diretamente do caderno oficial.
80;CH;141472;E;3;0;;2.56709;1.87677;0.11755;AZUL;1343;;0;2024;Texto extraído diretamente do caderno oficial.
80;CH;141472;E;3;0;;2.56709;1.87677;0.11755;AZUL;1343;;0;2024;Texto extraído diretamente do caderno oficial.
80;CH;141472;E;3;0;;2.56709;1.87677;0.11755;AZUL;1431;;0;2024;Texto extraído diretamente do caderno oficial.
180;MT;84405;D;2;0;;2.5667;2.27494;0.13245;AZUL;1471;;0;2024;Texto extraído diretamente do caderno oficial.
180;MT;84405;D;2;0;;2.5667;2.27494;0.13245;AZUL;1471;;0;2024;Texto extraído diretamente do caderno oficial.
180;MT;84405;D;2;0;;2.5667;2.27494;0.13245;AZUL;1471;;0;2024;Texto extraído diretamente do caderno oficial.
86;CH;140471;B;23;0;;2.56254;3.01139;0.03752;AZUL;1431;;0;2024;Texto extraído diretamente do caderno oficial.
86;CH;140471;B;23;0;;2.56254;3.01139;0.03752;AZUL;1431;;0;2024;Texto extraído diretamente do caderno oficial.
86;CH;140471;B;23;0;;2.56254;3.01139;0.03752;AZUL;1343;;0;2024;Texto extraído diretamente do caderno oficial.
86;CH;140471;B;23;0;;2.56254;3.01139;0.03752;AZUL;1343;;0;2024;Texto extraído diretamente do caderno oficial.
86;CH;140471;B;23;0;;2.56254;3.01139;0.03752;AZUL;1431;;0;2024;Texto extraído diretamente do caderno oficial.
86;CH;140471;B;23;0;;2.56254;3.01139;0.03752;AZUL;1343;;0;2024;Texto extraído diretamente do caderno oficial.
144;MT;125887;D;7;0;;2.56039;1.36529;0.22214;AZUL;1407;;0;2024;Texto extraído diretamente do caderno oficial.
144;MT;125887;D;7;0;;2.56039;1.36529;0.22214;AZUL;1407;;0;2024;Texto extraído diretamente do caderno oficial.
144;MT;125887;D;7;0;;2.56039;1.36529;0.22214;AZUL;1407;;0;2024;Texto extraído diretamente do caderno oficial.
116;CN;89141;A;8;0;;2.54816;1.50923;0.25926;AZUL;1419;;0;2024;Texto extraído diretamente do caderno oficial.
116;CN;89141;A;8;0;;2.54816;1.50923;0.25926;AZUL;1419;;0;2024;Texto extraído diretamente do caderno oficial.
116;CN;89141;A;8;0;;2.54816;1.50923;0.25926;AZUL;1419;;0;2024;Texto extraído diretamente do caderno oficial.
114;CN;117780;C;12;0;;2.53287;0.60753;0.28042;AZUL;1419;;0;2024;Texto extraído diretamente do caderno oficial.
114;CN;117780;C;12;0;;2.53287;0.60753;0.28042;AZUL;1419;;0;2024;Texto extraído diretamente do caderno oficial.
114;CN;117780;C;12;0;;2.53287;0.60753;0.28042;AZUL;1419;;0;2024;Texto extraído diretamente do caderno oficial.
165;MT;96768;C;12;0;;2.53134;1.99645;0.13947;AZUL;1363;;0;2024;Texto extraído diretamente do caderno oficial.
165;MT;96768;C;12;0;;2.53134;1.99645;0.13947;AZUL;1363;;0;2024;Texto extraído diretamente do caderno oficial.
165;MT;96768;C;12;0;;2.53134;1.99645;0.13947;AZUL;1363;;0;2024;Texto extraído diretamente do caderno oficial.
80;CH;118057;C;30;0;;2.52659;0.77;0.12624;AZUL;1447;;0;2024;Texto extraído diretamente do caderno oficial.
80;CH;118057;C;30;0;;2.52659;0.77;0.12624;AZUL;1447;;0;2024;Texto extraído diretamente do caderno oficial.
80;CH;118057;C;30;0;;2.52659;0.77;0.12624;AZUL;1447;;0;2024;Texto extraído diretamente do caderno oficial.
140;MT;35949;B;4;0;;2.52245;1.60614;0.23639;AZUL;1407;;0;2024;Texto extraído diretamente do caderno oficial.
140;MT;35949;B;4;0;;2.52245;1.60614;0.23639;AZUL;1407;;0;2024;Texto extraído diretamente do caderno oficial.
140;MT;35949;B;4;0;;2.52245;1.60614;0.23639;AZUL;1407;;0;2024;Texto extraído diretamente do caderno oficial.
72;CH;84812;D;1;0;;2.51773;1.23104;0.13566;AZUL;1447;;0;2024;Texto extraído diretamente do caderno oficial.
72;CH;84812;D;1;0;;2.51773;1.23104;0.13566;AZUL;1447;;0;2024;Texto extraído diretamente do caderno oficial.
72;CH;84812;D;1;0;;2.51773;1.23104;0.13566;AZUL;1447;;0;2024;Texto extraído diretamente do caderno oficial.
119;CN;63960;E;25;0;;2.51129;1.55249;0.04279;AZUL;1373;;0;2024;Texto extraído diretamente do caderno oficial.
119;CN;63960;E;25;0;;2.51129;1.55249;0.04279;AZUL;1373;;0;2024;Texto extraído diretamente do caderno oficial.
119;CN;63960;E;25;0;;2.51129;1.55249;0.04279;AZUL;1373;;0;2024;Texto extraído diretamente do caderno oficial.
147;MT;50210;E;24;0;;2.4952;0.97163;0.106;AZUL;1471;;0;2024;Texto extraído diretamente do caderno oficial.
147;MT;50210;E;24;0;;2.4952;0.97163;0.106;AZUL;1471;;0;2024;Texto extraído diretamente do caderno oficial.
147;MT;50210;E;24;0;;2.4952;0.97163;0.106;AZUL;1471;;0;2024;Texto extraído diretamente do caderno oficial.
28;LC;140886;E;15;0;;2.48077;1.75332;0.23665;AZUL;1353;;0;2024;"*010175AZ32*
01
1 Dia 1 Dia
1°Capa 4°Capa
Transcreva a sua Redação para a Folha de Redação.
Azul 1 1 Azul
Amarelo 2 2 Amarelo
Branco 3 1 3 Branco
Rosa 4 2 4 Rosa
3
Ledor 9 9 Ledor
Libras 10 4 10 Libras
5
6
7
8
O
9
H
10
N O
11
U
12 Ã
C
13 Ç
S
14 A
A
15 D
16 R
E
17
R
18
A
19
D
20
21
22
23
24
2 Dia 2 Dia
1°Capa 25 4°Capa
Libras 12 26 12 Libras
Ledor 11 11 Ledor
27
28
Rosa 8 8 Rosa
Azul 7 29 7 Azul
Cinza 6 6 Cinza
30
Amarelo 5 5 Amarelo
01
BBB0011iiiggg00uuu11rrr77rrr55iiilllAAhhhZZooosss..ii...nniiinnndddddbbddd 33 11122 11224433////00006688////2222000022222244 11117766::::11442266::::00556699"
28;LC;140886;E;15;0;;2.48077;1.75332;0.23665;AZUL;1441;;0;2024;"*010175AZ32*
01
1 Dia 1 Dia
1°Capa 4°Capa
Transcreva a sua Redação para a Folha de Redação.
Azul 1 1 Azul
Amarelo 2 2 Amarelo
Branco 3 1 3 Branco
Rosa 4 2 4 Rosa
3
Ledor 9 9 Ledor
Libras 10 4 10 Libras
5
6
7
8
O
9
H
10
N O
11
U
12 Ã
C
13 Ç
S
14 A
A
15 D
16 R
E
17
R
18
A
19
D
20
21
22
23
24
2 Dia 2 Dia
1°Capa 25 4°Capa
Libras 12 26 12 Libras
Ledor 11 11 Ledor
27
28
Rosa 8 8 Rosa
Azul 7 29 7 Azul
Cinza 6 6 Cinza
30
Amarelo 5 5 Amarelo
01
BBB0011iiiggg00uuu11rrr77rrr55iiilllAAhhhZZooosss..ii...nniiinnndddddbbddd 33 11122 11224433////00006688////2222000022222244 11117766::::11442266::::00556699"
28;LC;140886;E;15;0;;2.48077;1.75332;0.23665;AZUL;1353;;0;2024;"*010175AZ32*
01
1 Dia 1 Dia
1°Capa 4°Capa
Transcreva a sua Redação para a Folha de Redação.
Azul 1 1 Azul
Amarelo 2 2 Amarelo
Branco 3 1 3 Branco
Rosa 4 2 4 Rosa
3
Ledor 9 9 Ledor
Libras 10 4 10 Libras
5
6
7
8
O
9
H
10
N O
11
U
12 Ã
C
13 Ç
S
14 A
A
15 D
16 R
E
17
R
18
A
19
D
20
21
22
23
24
2 Dia 2 Dia
1°Capa 25 4°Capa
Libras 12 26 12 Libras
Ledor 11 11 Ledor
27
28
Rosa 8 8 Rosa
Azul 7 29 7 Azul
Cinza 6 6 Cinza
30
Amarelo 5 5 Amarelo
01
BBB0011iiiggg00uuu11rrr77rrr55iiilllAAhhhZZooosss..ii...nniiinnndddddbbddd 33 11122 11224433////00006688////2222000022222244 11117766::::11442266::::00556699"
28;LC;140886;E;15;0;;2.48077;1.75332;0.23665;AZUL;1441;;0;2024;"*010175AZ32*
01
1 Dia 1 Dia
1°Capa 4°Capa
Transcreva a sua Redação para a Folha de Redação.
Azul 1 1 Azul
Amarelo 2 2 Amarelo
Branco 3 1 3 Branco
Rosa 4 2 4 Rosa
3
Ledor 9 9 Ledor
Libras 10 4 10 Libras
5
6
7
8
O
9
H
10
N O
11
U
12 Ã
C
13 Ç
S
14 A
A
15 D
16 R
E
17
R
18
A
19
D
20
21
22
23
24
2 Dia 2 Dia
1°Capa 25 4°Capa
Libras 12 26 12 Libras
Ledor 11 11 Ledor
27
28
Rosa 8 8 Rosa
Azul 7 29 7 Azul
Cinza 6 6 Cinza
30
Amarelo 5 5 Amarelo
01
BBB0011iiiggg00uuu11rrr77rrr55iiilllAAhhhZZooosss..ii...nniiinnndddddbbddd 33 11122 11224433////00006688////2222000022222244 11117766::::11442266::::00556699"
28;LC;140886;E;15;0;;2.48077;1.75332;0.23665;AZUL;1441;;0;2024;"*010175AZ32*
01
1 Dia 1 Dia
1°Capa 4°Capa
Transcreva a sua Redação para a Folha de Redação.
Azul 1 1 Azul
Amarelo 2 2 Amarelo
Branco 3 1 3 Branco
Rosa 4 2 4 Rosa
3
Ledor 9 9 Ledor
Libras 10 4 10 Libras
5
6
7
8
O
9
H
10
N O
11
U
12 Ã
C
13 Ç
S
14 A
A
15 D
16 R
E
17
R
18
A
19
D
20
21
22
23
24
2 Dia 2 Dia
1°Capa 25 4°Capa
Libras 12 26 12 Libras
Ledor 11 11 Ledor
27
28
Rosa 8 8 Rosa
Azul 7 29 7 Azul
Cinza 6 6 Cinza
30
Amarelo 5 5 Amarelo
01
BBB0011iiiggg00uuu11rrr77rrr55iiilllAAhhhZZooosss..ii...nniiinnndddddbbddd 33 11122 11224433////00006688////2222000022222244 11117766::::11442266::::00556699"
28;LC;140886;E;15;0;;2.48077;1.75332;0.23665;AZUL;1353;;0;2024;"*010175AZ32*
01
1 Dia 1 Dia
1°Capa 4°Capa
Transcreva a sua Redação para a Folha de Redação.
Azul 1 1 Azul
Amarelo 2 2 Amarelo
Branco 3 1 3 Branco
Rosa 4 2 4 Rosa
3
Ledor 9 9 Ledor
Libras 10 4 10 Libras
5
6
7
8
O
9
H
10
N O
11
U
12 Ã
C
13 Ç
S
14 A
A
15 D
16 R
E
17
R
18
A
19
D
20
21
22
23
24
2 Dia 2 Dia
1°Capa 25 4°Capa
Libras 12 26 12 Libras
Ledor 11 11 Ledor
27
28
Rosa 8 8 Rosa
Azul 7 29 7 Azul
Cinza 6 6 Cinza
30
Amarelo 5 5 Amarelo
01
BBB0011iiiggg00uuu11rrr77rrr55iiilllAAhhhZZooosss..ii...nniiinnndddddbbddd 33 11122 11224433////00006688////2222000022222244 11117766::::11442266::::00556699"
16;LC;150521;B;17;0;;2.47659;1.41111;0.21138;AZUL;1353;;0;2024;Texto extraído diretamente do caderno oficial.
16;LC;150521;B;17;0;;2.47659;1.41111;0.21138;AZUL;1441;;0;2024;Texto extraído diretamente do caderno oficial.
16;LC;150521;B;17;0;;2.47659;1.41111;0.21138;AZUL;1353;;0;2024;Texto extraído diretamente do caderno oficial.
16;LC;150521;B;17;0;;2.47659;1.41111;0.21138;AZUL;1441;;0;2024;Texto extraído diretamente do caderno oficial.
16;LC;150521;B;17;0;;2.47659;1.41111;0.21138;AZUL;1441;;0;2024;Texto extraído diretamente do caderno oficial.
16;LC;150521;B;17;0;;2.47659;1.41111;0.21138;AZUL;1353;;0;2024;Texto extraído diretamente do caderno oficial.
177;MT;12877;C;25;0;;2.46865;1.73917;0.23827;AZUL;1407;;0;2024;Texto extraído diretamente do caderno oficial.
177;MT;12877;C;25;0;;2.46865;1.73917;0.23827;AZUL;1407;;0;2024;Texto extraído diretamente do caderno oficial.
177;MT;12877;C;25;0;;2.46865;1.73917;0.23827;AZUL;1407;;0;2024;Texto extraído diretamente do caderno oficial.
46;CH;141067;C;26;0;;2.46856;1.24642;0.17816;AZUL;1383;;0;2024;Texto extraído diretamente do caderno oficial.
46;CH;141067;C;26;0;;2.46856;1.24642;0.17816;AZUL;1383;;0;2024;Texto extraído diretamente do caderno oficial.
46;CH;141067;C;26;0;;2.46856;1.24642;0.17816;AZUL;1383;;0;2024;Texto extraído diretamente do caderno oficial.
82;CH;140159;C;1;0;;2.46852;2.16372;0.13378;AZUL;1383;;0;2024;Texto extraído diretamente do caderno oficial.
82;CH;140159;C;1;0;;2.46852;2.16372;0.13378;AZUL;1383;;0;2024;Texto extraído diretamente do caderno oficial.
82;CH;140159;C;1;0;;2.46852;2.16372;0.13378;AZUL;1383;;0;2024;Texto extraído diretamente do caderno oficial.
138;MT;111695;B;14;0;;2.46809;3.26728;0.24774;AZUL;1363;;0;2024;Texto extraído diretamente do caderno oficial.
138;MT;111695;B;14;0;;2.46809;3.26728;0.24774;AZUL;1363;;0;2024;Texto extraído diretamente do caderno oficial.
138;MT;111695;B;14;0;;2.46809;3.26728;0.24774;AZUL;1363;;0;2024;Texto extraído diretamente do caderno oficial.
159;MT;117747;C;10;0;;2.46593;1.78408;0.21541;AZUL;1407;;0;2024;Texto extraído diretamente do caderno oficial.
159;MT;117747;C;10;0;;2.46593;1.78408;0.21541;AZUL;1407;;0;2024;Texto extraído diretamente do caderno oficial.
159;MT;117747;C;10;0;;2.46593;1.78408;0.21541;AZUL;1407;;0;2024;Texto extraído diretamente do caderno oficial.
71;CH;141401;D;9;0;;2.46539;1.08536;0.27044;AZUL;1383;;0;2024;Texto extraído diretamente do caderno oficial.
71;CH;141401;D;9;0;;2.46539;1.08536;0.27044;AZUL;1383;;0;2024;Texto extraído diretamente do caderno oficial.
71;CH;141401;D;9;0;;2.46539;1.08536;0.27044;AZUL;1383;;0;2024;Texto extraído diretamente do caderno oficial.
168;MT;27253;D;21;0;;2.46504;1.99892;0.18993;AZUL;1363;;0;2024;Texto extraído diretamente do caderno oficial.
168;MT;27253;D;21;0;;2.46504;1.99892;0.18993;AZUL;1363;;0;2024;Texto extraído diretamente do caderno oficial.
168;MT;27253;D;21;0;;2.46504;1.99892;0.18993;AZUL;1363;;0;2024;Texto extraído diretamente do caderno oficial.
8;LC;141218;B;14;0;;2.44925;-0.00932;0.19459;AZUL;1395;;0;2024;"*010175AZ32*
01
1 Dia 1 Dia
1°Capa 4°Capa
Transcreva a sua Redação para a Folha de Redação.
Azul 1 1 Azul
Amarelo 2 2 Amarelo
Branco 3 1 3 Branco
Rosa 4 2 4 Rosa
3
Ledor 9 9 Ledor
Libras 10 4 10 Libras
5
6
7
8
O
9
H
10
N O
11
U
12 Ã
C
13 Ç
S
14 A
A
15 D
16 R
E
17
R
18
A
19
D
20
21
22
23
24
2 Dia 2 Dia
1°Capa 25 4°Capa
Libras 12 26 12 Libras
Ledor 11 11 Ledor
27
28
Rosa 8 8 Rosa
Azul 7 29 7 Azul
Cinza 6 6 Cinza
30
Amarelo 5 5 Amarelo
01
BBB0011iiiggg00uuu11rrr77rrr55iiilllAAhhhZZooosss..ii...nniiinnndddddbbddd 33 11122 11224433////00006688////2222000022222244 11117766::::11442266::::00556699"
8;LC;141218;B;14;0;;2.44925;-0.00932;0.19459;AZUL;1395;;0;2024;"*010175AZ32*
01
1 Dia 1 Dia
1°Capa 4°Capa
Transcreva a sua Redação para a Folha de Redação.
Azul 1 1 Azul
Amarelo 2 2 Amarelo
Branco 3 1 3 Branco
Rosa 4 2 4 Rosa
3
Ledor 9 9 Ledor
Libras 10 4 10 Libras
5
6
7
8
O
9
H
10
N O
11
U
12 Ã
C
13 Ç
S
14 A
A
15 D
16 R
E
17
R
18
A
19
D
20
21
22
23
24
2 Dia 2 Dia
1°Capa 25 4°Capa
Libras 12 26 12 Libras
Ledor 11 11 Ledor
27
28
Rosa 8 8 Rosa
Azul 7 29 7 Azul
Cinza 6 6 Cinza
30
Amarelo 5 5 Amarelo
01
BBB0011iiiggg00uuu11rrr77rrr55iiilllAAhhhZZooosss..ii...nniiinnndddddbbddd 33 11122 11224433////00006688////2222000022222244 11117766::::11442266::::00556699"
8;LC;141218;B;14;0;;2.44925;-0.00932;0.19459;AZUL;1395;;0;2024;"*010175AZ32*
01
1 Dia 1 Dia
1°Capa 4°Capa
Transcreva a sua Redação para a Folha de Redação.
Azul 1 1 Azul
Amarelo 2 2 Amarelo
Branco 3 1 3 Branco
Rosa 4 2 4 Rosa
3
Ledor 9 9 Ledor
Libras 10 4 10 Libras
5
6
7
8
O
9
H
10
N O
11
U
12 Ã
C
13 Ç
S
14 A
A
15 D
16 R
E
17
R
18
A
19
D
20
21
22
23
24
2 Dia 2 Dia
1°Capa 25 4°Capa
Libras 12 26 12 Libras
Ledor 11 11 Ledor
27
28
Rosa 8 8 Rosa
Azul 7 29 7 Azul
Cinza 6 6 Cinza
30
Amarelo 5 5 Amarelo
01
BBB0011iiiggg00uuu11rrr77rrr55iiilllAAhhhZZooosss..ii...nniiinnndddddbbddd 33 11122 11224433////00006688////2222000022222244 11117766::::11442266::::00556699"
109;CN;68506;B;18;0;;2.44456;1.79477;0.19792;AZUL;1373;;0;2024;Texto extraído diretamente do caderno oficial.
109;CN;68506;B;18;0;;2.44456;1.79477;0.19792;AZUL;1373;;0;2024;Texto extraído diretamente do caderno oficial.
109;CN;68506;B;18;0;;2.44456;1.79477;0.19792;AZUL;1373;;0;2024;Texto extraído diretamente do caderno oficial.
78;CH;141308;B;18;0;;2.44437;0.98014;0.20713;AZUL;1343;;0;2024;Texto extraído diretamente do caderno oficial.
78;CH;141308;B;18;0;;2.44437;0.98014;0.20713;AZUL;1343;;0;2024;Texto extraído diretamente do caderno oficial.
78;CH;141308;B;18;0;;2.44437;0.98014;0.20713;AZUL;1431;;0;2024;Texto extraído diretamente do caderno oficial.
78;CH;141308;B;18;0;;2.44437;0.98014;0.20713;AZUL;1431;;0;2024;Texto extraído diretamente do caderno oficial.
78;CH;141308;B;18;0;;2.44437;0.98014;0.20713;AZUL;1431;;0;2024;Texto extraído diretamente do caderno oficial.
78;CH;141308;B;18;0;;2.44437;0.98014;0.20713;AZUL;1343;;0;2024;Texto extraído diretamente do caderno oficial.
18;LC;154020;A;9;0;;2.44218;-0.02849;0.19639;AZUL;1459;;0;2024;"*010175AZ32*
01
1 Dia 1 Dia
1°Capa 4°Capa
Transcreva a sua Redação para a Folha de Redação.
Azul 1 1 Azul
Amarelo 2 2 Amarelo
Branco 3 1 3 Branco
Rosa 4 2 4 Rosa
3
Ledor 9 9 Ledor
Libras 10 4 10 Libras
5
6
7
8
O
9
H
10
N O
11
U
12 Ã
C
13 Ç
S
14 A
A
15 D
16 R
E
17
R
18
A
19
D
20
21
22
23
24
2 Dia 2 Dia
1°Capa 25 4°Capa
Libras 12 26 12 Libras
Ledor 11 11 Ledor
27
28
Rosa 8 8 Rosa
Azul 7 29 7 Azul
Cinza 6 6 Cinza
30
Amarelo 5 5 Amarelo
01
BBB0011iiiggg00uuu11rrr77rrr55iiilllAAhhhZZooosss..ii...nniiinnndddddbbddd 33 11122 11224433////00006688////2222000022222244 11117766::::11442266::::00556699"
18;LC;154020;A;9;0;;2.44218;-0.02849;0.19639;AZUL;1459;;0;2024;"*010175AZ32*
01
1 Dia 1 Dia
1°Capa 4°Capa
Transcreva a sua Redação para a Folha de Redação.
Azul 1 1 Azul
Amarelo 2 2 Amarelo
Branco 3 1 3 Branco
Rosa 4 2 4 Rosa
3
Ledor 9 9 Ledor
Libras 10 4 10 Libras
5
6
7
8
O
9
H
10
N O
11
U
12 Ã
C
13 Ç
S
14 A
A
15 D
16 R
E
17
R
18
A
19
D
20
21
22
23
24
2 Dia 2 Dia
1°Capa 25 4°Capa
Libras 12 26 12 Libras
Ledor 11 11 Ledor
27
28
Rosa 8 8 Rosa
Azul 7 29 7 Azul
Cinza 6 6 Cinza
30
Amarelo 5 5 Amarelo
01
BBB0011iiiggg00uuu11rrr77rrr55iiilllAAhhhZZooosss..ii...nniiinnndddddbbddd 33 11122 11224433////00006688////2222000022222244 11117766::::11442266::::00556699"
18;LC;154020;A;9;0;;2.44218;-0.02849;0.19639;AZUL;1459;;0;2024;"*010175AZ32*
01
1 Dia 1 Dia
1°Capa 4°Capa
Transcreva a sua Redação para a Folha de Redação.
Azul 1 1 Azul
Amarelo 2 2 Amarelo
Branco 3 1 3 Branco
Rosa 4 2 4 Rosa
3
Ledor 9 9 Ledor
Libras 10 4 10 Libras
5
6
7
8
O
9
H
10
N O
11
U
12 Ã
C
13 Ç
S
14 A
A
15 D
16 R
E
17
R
18
A
19
D
20
21
22
23
24
2 Dia 2 Dia
1°Capa 25 4°Capa
Libras 12 26 12 Libras
Ledor 11 11 Ledor
27
28
Rosa 8 8 Rosa
Azul 7 29 7 Azul
Cinza 6 6 Cinza
30
Amarelo 5 5 Amarelo
01
BBB0011iiiggg00uuu11rrr77rrr55iiilllAAhhhZZooosss..ii...nniiinnndddddbbddd 33 11122 11224433////00006688////2222000022222244 11117766::::11442266::::00556699"
108;CN;60058;C;3;0;;2.43322;2.00446;0.06758;AZUL;1483;;0;2024;Texto extraído diretamente do caderno oficial.
108;CN;60058;C;3;0;;2.43322;2.00446;0.06758;AZUL;1483;;0;2024;Texto extraído diretamente do caderno oficial.
108;CN;60058;C;3;0;;2.43322;2.00446;0.06758;AZUL;1483;;0;2024;Texto extraído diretamente do caderno oficial.
110;CN;117915;D;28;0;;2.43297;0.04851;0.36134;AZUL;1419;;0;2024;Texto extraído diretamente do caderno oficial.
110;CN;117915;D;28;0;;2.43297;0.04851;0.36134;AZUL;1419;;0;2024;Texto extraído diretamente do caderno oficial.
110;CN;117915;D;28;0;;2.43297;0.04851;0.36134;AZUL;1419;;0;2024;Texto extraído diretamente do caderno oficial.
78;CH;56054;B;11;0;;2.42693;0.89696;0.18703;AZUL;1447;;0;2024;Texto extraído diretamente do caderno oficial.
78;CH;56054;B;11;0;;2.42693;0.89696;0.18703;AZUL;1447;;0;2024;Texto extraído diretamente do caderno oficial.
78;CH;56054;B;11;0;;2.42693;0.89696;0.18703;AZUL;1447;;0;2024;Texto extraído diretamente do caderno oficial.
86;CH;149795;D;6;0;;2.42441;0.08078;0.19163;AZUL;1383;;0;2024;Texto extraído diretamente do caderno oficial.
86;CH;149795;D;6;0;;2.42441;0.08078;0.19163;AZUL;1383;;0;2024;Texto extraído diretamente do caderno oficial.
86;CH;149795;D;6;0;;2.42441;0.08078;0.19163;AZUL;1383;;0;2024;Texto extraído diretamente do caderno oficial.
28;LC;140881;E;18;0;;2.41;1.38763;0.25068;AZUL;1395;;0;2024;"*010175AZ32*
01
1 Dia 1 Dia
1°Capa 4°Capa
Transcreva a sua Redação para a Folha de Redação.
Azul 1 1 Azul
Amarelo 2 2 Amarelo
Branco 3 1 3 Branco
Rosa 4 2 4 Rosa
3
Ledor 9 9 Ledor
Libras 10 4 10 Libras
5
6
7
8
O
9
H
10
N O
11
U
12 Ã
C
13 Ç
S
14 A
A
15 D
16 R
E
17
R
18
A
19
D
20
21
22
23
24
2 Dia 2 Dia
1°Capa 25 4°Capa
Libras 12 26 12 Libras
Ledor 11 11 Ledor
27
28
Rosa 8 8 Rosa
Azul 7 29 7 Azul
Cinza 6 6 Cinza
30
Amarelo 5 5 Amarelo
01
BBB0011iiiggg00uuu11rrr77rrr55iiilllAAhhhZZooosss..ii...nniiinnndddddbbddd 33 11122 11224433////00006688////2222000022222244 11117766::::11442266::::00556699"
28;LC;140881;E;18;0;;2.41;1.38763;0.25068;AZUL;1395;;0;2024;"*010175AZ32*
01
1 Dia 1 Dia
1°Capa 4°Capa
Transcreva a sua Redação para a Folha de Redação.
Azul 1 1 Azul
Amarelo 2 2 Amarelo
Branco 3 1 3 Branco
Rosa 4 2 4 Rosa
3
Ledor 9 9 Ledor
Libras 10 4 10 Libras
5
6
7
8
O
9
H
10
N O
11
U
12 Ã
C
13 Ç
S
14 A
A
15 D
16 R
E
17
R
18
A
19
D
20
21
22
23
24
2 Dia 2 Dia
1°Capa 25 4°Capa
Libras 12 26 12 Libras
Ledor 11 11 Ledor
27
28
Rosa 8 8 Rosa
Azul 7 29 7 Azul
Cinza 6 6 Cinza
30
Amarelo 5 5 Amarelo
01
BBB0011iiiggg00uuu11rrr77rrr55iiilllAAhhhZZooosss..ii...nniiinnndddddbbddd 33 11122 11224433////00006688////2222000022222244 11117766::::11442266::::00556699"
28;LC;140881;E;18;0;;2.41;1.38763;0.25068;AZUL;1395;;0;2024;"*010175AZ32*
01
1 Dia 1 Dia
1°Capa 4°Capa
Transcreva a sua Redação para a Folha de Redação.
Azul 1 1 Azul
Amarelo 2 2 Amarelo
Branco 3 1 3 Branco
Rosa 4 2 4 Rosa
3
Ledor 9 9 Ledor
Libras 10 4 10 Libras
5
6
7
8
O
9
H
10
N O
11
U
12 Ã
C
13 Ç
S
14 A
A
15 D
16 R
E
17
R
18
A
19
D
20
21
22
23
24
2 Dia 2 Dia
1°Capa 25 4°Capa
Libras 12 26 12 Libras
Ledor 11 11 Ledor
27
28
Rosa 8 8 Rosa
Azul 7 29 7 Azul
Cinza 6 6 Cinza
30
Amarelo 5 5 Amarelo
01
BBB0011iiiggg00uuu11rrr77rrr55iiilllAAhhhZZooosss..ii...nniiinnndddddbbddd 33 11122 11224433////00006688////2222000022222244 11117766::::11442266::::00556699"
146;MT;60414;B;3;0;;2.40682;2.16964;0.19129;AZUL;1363;;0;2024;Texto extraído diretamente do caderno oficial.
146;MT;60414;B;3;0;;2.40682;2.16964;0.19129;AZUL;1363;;0;2024;Texto extraído diretamente do caderno oficial.
146;MT;60414;B;3;0;;2.40682;2.16964;0.19129;AZUL;1363;;0;2024;Texto extraído diretamente do caderno oficial.
104;CN;141710;A;4;0;;2.40638;0.33454;0.35394;AZUL;1483;;0;2024;Texto extraído diretamente do caderno oficial.
104;CN;141710;A;4;0;;2.40638;0.33454;0.35394;AZUL;1483;;0;2024;Texto extraído diretamente do caderno oficial.
104;CN;141710;A;4;0;;2.40638;0.33454;0.35394;AZUL;1483;;0;2024;Texto extraído diretamente do caderno oficial.
52;CH;140185;B;10;0;;2.40504;0.7279;0.14722;AZUL;1383;;0;2024;Texto extraído diretamente do caderno oficial.
52;CH;140185;B;10;0;;2.40504;0.7279;0.14722;AZUL;1383;;0;2024;Texto extraído diretamente do caderno oficial.
52;CH;140185;B;10;0;;2.40504;0.7279;0.14722;AZUL;1383;;0;2024;Texto extraído diretamente do caderno oficial.
27;LC;118196;A;9;0;;2.40377;-0.0414;0.08365;AZUL;1459;;0;2024;"*010175AZ32*
01
1 Dia 1 Dia
1°Capa 4°Capa
Transcreva a sua Redação para a Folha de Redação.
Azul 1 1 Azul
Amarelo 2 2 Amarelo
Branco 3 1 3 Branco
Rosa 4 2 4 Rosa
3
Ledor 9 9 Ledor
Libras 10 4 10 Libras
5
6
7
8
O
9
H
10
N O
11
U
12 Ã
C
13 Ç
S
14 A
A
15 D
16 R
E
17
R
18
A
19
D
20
21
22
23
24
2 Dia 2 Dia
1°Capa 25 4°Capa
Libras 12 26 12 Libras
Ledor 11 11 Ledor
27
28
Rosa 8 8 Rosa
Azul 7 29 7 Azul
Cinza 6 6 Cinza
30
Amarelo 5 5 Amarelo
01
BBB0011iiiggg00uuu11rrr77rrr55iiilllAAhhhZZooosss..ii...nniiinnndddddbbddd 33 11122 11224433////00006688////2222000022222244 11117766::::11442266::::00556699"
27;LC;118196;A;9;0;;2.40377;-0.0414;0.08365;AZUL;1459;;0;2024;"*010175AZ32*
01
1 Dia 1 Dia
1°Capa 4°Capa
Transcreva a sua Redação para a Folha de Redação.
Azul 1 1 Azul
Amarelo 2 2 Amarelo
Branco 3 1 3 Branco
Rosa 4 2 4 Rosa
3
Ledor 9 9 Ledor
Libras 10 4 10 Libras
5
6
7
8
O
9
H
10
N O
11
U
12 Ã
C
13 Ç
S
14 A
A
15 D
16 R
E
17
R
18
A
19
D
20
21
22
23
24
2 Dia 2 Dia
1°Capa 25 4°Capa
Libras 12 26 12 Libras
Ledor 11 11 Ledor
27
28
Rosa 8 8 Rosa
Azul 7 29 7 Azul
Cinza 6 6 Cinza
30
Amarelo 5 5 Amarelo
01
BBB0011iiiggg00uuu11rrr77rrr55iiilllAAhhhZZooosss..ii...nniiinnndddddbbddd 33 11122 11224433////00006688////2222000022222244 11117766::::11442266::::00556699"
27;LC;118196;A;9;0;;2.40377;-0.0414;0.08365;AZUL;1459;;0;2024;"*010175AZ32*
01
1 Dia 1 Dia
1°Capa 4°Capa
Transcreva a sua Redação para a Folha de Redação.
Azul 1 1 Azul
Amarelo 2 2 Amarelo
Branco 3 1 3 Branco
Rosa 4 2 4 Rosa
3
Ledor 9 9 Ledor
Libras 10 4 10 Libras
5
6
7
8
O
9
H
10
N O
11
U
12 Ã
C
13 Ç
S
14 A
A
15 D
16 R
E
17
R
18
A
19
D
20
21
22
23
24
2 Dia 2 Dia
1°Capa 25 4°Capa
Libras 12 26 12 Libras
Ledor 11 11 Ledor
27
28
Rosa 8 8 Rosa
Azul 7 29 7 Azul
Cinza 6 6 Cinza
30
Amarelo 5 5 Amarelo
01
BBB0011iiiggg00uuu11rrr77rrr55iiilllAAhhhZZooosss..ii...nniiinnndddddbbddd 33 11122 11224433////00006688////2222000022222244 11117766::::11442266::::00556699"
41;LC;141460;A;2;0;;2.39673;0.03767;0.26467;AZUL;1395;;0;2024;Texto extraído diretamente do caderno oficial.
41;LC;141460;A;2;0;;2.39673;0.03767;0.26467;AZUL;1395;;0;2024;Texto extraído diretamente do caderno oficial.
41;LC;141460;A;2;0;;2.39673;0.03767;0.26467;AZUL;1395;;0;2024;Texto extraído diretamente do caderno oficial.
141;MT;141677;B;20;0;;2.39398;2.01893;0.17156;AZUL;1407;;0;2024;Texto extraído diretamente do caderno oficial.
141;MT;141677;B;20;0;;2.39398;2.01893;0.17156;AZUL;1407;;0;2024;Texto extraído diretamente do caderno oficial.
141;MT;141677;B;20;0;;2.39398;2.01893;0.17156;AZUL;1407;;0;2024;Texto extraído diretamente do caderno oficial.
18;LC;141803;D;10;0;;2.38414;1.01911;0.12279;AZUL;1395;;0;2024;"*010175AZ32*
01
1 Dia 1 Dia
1°Capa 4°Capa
Transcreva a sua Redação para a Folha de Redação.
Azul 1 1 Azul
Amarelo 2 2 Amarelo
Branco 3 1 3 Branco
Rosa 4 2 4 Rosa
3
Ledor 9 9 Ledor
Libras 10 4 10 Libras
5
6
7
8
O
9
H
10
N O
11
U
12 Ã
C
13 Ç
S
14 A
A
15 D
16 R
E
17
R
18
A
19
D
20
21
22
23
24
2 Dia 2 Dia
1°Capa 25 4°Capa
Libras 12 26 12 Libras
Ledor 11 11 Ledor
27
28
Rosa 8 8 Rosa
Azul 7 29 7 Azul
Cinza 6 6 Cinza
30
Amarelo 5 5 Amarelo
01
BBB0011iiiggg00uuu11rrr77rrr55iiilllAAhhhZZooosss..ii...nniiinnndddddbbddd 33 11122 11224433////00006688////2222000022222244 11117766::::11442266::::00556699"
18;LC;141803;D;10;0;;2.38414;1.01911;0.12279;AZUL;1395;;0;2024;"*010175AZ32*
01
1 Dia 1 Dia
1°Capa 4°Capa
Transcreva a sua Redação para a Folha de Redação.
Azul 1 1 Azul
Amarelo 2 2 Amarelo
Branco 3 1 3 Branco
Rosa 4 2 4 Rosa
3
Ledor 9 9 Ledor
Libras 10 4 10 Libras
5
6
7
8
O
9
H
10
N O
11
U
12 Ã
C
13 Ç
S
14 A
A
15 D
16 R
E
17
R
18
A
19
D
20
21
22
23
24
2 Dia 2 Dia
1°Capa 25 4°Capa
Libras 12 26 12 Libras
Ledor 11 11 Ledor
27
28
Rosa 8 8 Rosa
Azul 7 29 7 Azul
Cinza 6 6 Cinza
30
Amarelo 5 5 Amarelo
01
BBB0011iiiggg00uuu11rrr77rrr55iiilllAAhhhZZooosss..ii...nniiinnndddddbbddd 33 11122 11224433////00006688////2222000022222244 11117766::::11442266::::00556699"
18;LC;141803;D;10;0;;2.38414;1.01911;0.12279;AZUL;1395;;0;2024;"*010175AZ32*
01
1 Dia 1 Dia
1°Capa 4°Capa
Transcreva a sua Redação para a Folha de Redação.
Azul 1 1 Azul
Amarelo 2 2 Amarelo
Branco 3 1 3 Branco
Rosa 4 2 4 Rosa
3
Ledor 9 9 Ledor
Libras 10 4 10 Libras
5
6
7
8
O
9
H
10
N O
11
U
12 Ã
C
13 Ç
S
14 A
A
15 D
16 R
E
17
R
18
A
19
D
20
21
22
23
24
2 Dia 2 Dia
1°Capa 25 4°Capa
Libras 12 26 12 Libras
Ledor 11 11 Ledor
27
28
Rosa 8 8 Rosa
Azul 7 29 7 Azul
Cinza 6 6 Cinza
30
Amarelo 5 5 Amarelo
01
BBB0011iiiggg00uuu11rrr77rrr55iiilllAAhhhZZooosss..ii...nniiinnndddddbbddd 33 11122 11224433////00006688////2222000022222244 11117766::::11442266::::00556699"
10;LC;140816;A;19;0;;2.384;1.68908;0.25667;AZUL;1353;;0;2024;"*010175AZ32*
01
1 Dia 1 Dia
1°Capa 4°Capa
Transcreva a sua Redação para a Folha de Redação.
Azul 1 1 Azul
Amarelo 2 2 Amarelo
Branco 3 1 3 Branco
Rosa 4 2 4 Rosa
3
Ledor 9 9 Ledor
Libras 10 4 10 Libras
5
6
7
8
O
9
H
10
N O
11
U
12 Ã
C
13 Ç
S
14 A
A
15 D
16 R
E
17
R
18
A
19
D
20
21
22
23
24
2 Dia 2 Dia
1°Capa 25 4°Capa
Libras 12 26 12 Libras
Ledor 11 11 Ledor
27
28
Rosa 8 8 Rosa
Azul 7 29 7 Azul
Cinza 6 6 Cinza
30
Amarelo 5 5 Amarelo
01
BBB0011iiiggg00uuu11rrr77rrr55iiilllAAhhhZZooosss..ii...nniiinnndddddbbddd 33 11122 11224433////00006688////2222000022222244 11117766::::11442266::::00556699"
10;LC;140816;A;19;0;;2.384;1.68908;0.25667;AZUL;1353;;0;2024;"*010175AZ32*
01
1 Dia 1 Dia
1°Capa 4°Capa
Transcreva a sua Redação para a Folha de Redação.
Azul 1 1 Azul
Amarelo 2 2 Amarelo
Branco 3 1 3 Branco
Rosa 4 2 4 Rosa
3
Ledor 9 9 Ledor
Libras 10 4 10 Libras
5
6
7
8
O
9
H
10
N O
11
U
12 Ã
C
13 Ç
S
14 A
A
15 D
16 R
E
17
R
18
A
19
D
20
21
22
23
24
2 Dia 2 Dia
1°Capa 25 4°Capa
Libras 12 26 12 Libras
Ledor 11 11 Ledor
27
28
Rosa 8 8 Rosa
Azul 7 29 7 Azul
Cinza 6 6 Cinza
30
Amarelo 5 5 Amarelo
01
BBB0011iiiggg00uuu11rrr77rrr55iiilllAAhhhZZooosss..ii...nniiinnndddddbbddd 33 11122 11224433////00006688////2222000022222244 11117766::::11442266::::00556699"
10;LC;140816;A;19;0;;2.384;1.68908;0.25667;AZUL;1441;;0;2024;"*010175AZ32*
01
1 Dia 1 Dia
1°Capa 4°Capa
Transcreva a sua Redação para a Folha de Redação.
Azul 1 1 Azul
Amarelo 2 2 Amarelo
Branco 3 1 3 Branco
Rosa 4 2 4 Rosa
3
Ledor 9 9 Ledor
Libras 10 4 10 Libras
5
6
7
8
O
9
H
10
N O
11
U
12 Ã
C
13 Ç
S
14 A
A
15 D
16 R
E
17
R
18
A
19
D
20
21
22
23
24
2 Dia 2 Dia
1°Capa 25 4°Capa
Libras 12 26 12 Libras
Ledor 11 11 Ledor
27
28
Rosa 8 8 Rosa
Azul 7 29 7 Azul
Cinza 6 6 Cinza
30
Amarelo 5 5 Amarelo
01
BBB0011iiiggg00uuu11rrr77rrr55iiilllAAhhhZZooosss..ii...nniiinnndddddbbddd 33 11122 11224433////00006688////2222000022222244 11117766::::11442266::::00556699"
10;LC;140816;A;19;0;;2.384;1.68908;0.25667;AZUL;1353;;0;2024;"*010175AZ32*
01
1 Dia 1 Dia
1°Capa 4°Capa
Transcreva a sua Redação para a Folha de Redação.
Azul 1 1 Azul
Amarelo 2 2 Amarelo
Branco 3 1 3 Branco
Rosa 4 2 4 Rosa
3
Ledor 9 9 Ledor
Libras 10 4 10 Libras
5
6
7
8
O
9
H
10
N O
11
U
12 Ã
C
13 Ç
S
14 A
A
15 D
16 R
E
17
R
18
A
19
D
20
21
22
23
24
2 Dia 2 Dia
1°Capa 25 4°Capa
Libras 12 26 12 Libras
Ledor 11 11 Ledor
27
28
Rosa 8 8 Rosa
Azul 7 29 7 Azul
Cinza 6 6 Cinza
30
Amarelo 5 5 Amarelo
01
BBB0011iiiggg00uuu11rrr77rrr55iiilllAAhhhZZooosss..ii...nniiinnndddddbbddd 33 11122 11224433////00006688////2222000022222244 11117766::::11442266::::00556699"
10;LC;140816;A;19;0;;2.384;1.68908;0.25667;AZUL;1441;;0;2024;"*010175AZ32*
01
1 Dia 1 Dia
1°Capa 4°Capa
Transcreva a sua Redação para a Folha de Redação.
Azul 1 1 Azul
Amarelo 2 2 Amarelo
Branco 3 1 3 Branco
Rosa 4 2 4 Rosa
3
Ledor 9 9 Ledor
Libras 10 4 10 Libras
5
6
7
8
O
9
H
10
N O
11
U
12 Ã
C
13 Ç
S
14 A
A
15 D
16 R
E
17
R
18
A
19
D
20
21
22
23
24
2 Dia 2 Dia
1°Capa 25 4°Capa
Libras 12 26 12 Libras
Ledor 11 11 Ledor
27
28
Rosa 8 8 Rosa
Azul 7 29 7 Azul
Cinza 6 6 Cinza
30
Amarelo 5 5 Amarelo
01
BBB0011iiiggg00uuu11rrr77rrr55iiilllAAhhhZZooosss..ii...nniiinnndddddbbddd 33 11122 11224433////00006688////2222000022222244 11117766::::11442266::::00556699"
10;LC;140816;A;19;0;;2.384;1.68908;0.25667;AZUL;1441;;0;2024;"*010175AZ32*
01
1 Dia 1 Dia
1°Capa 4°Capa
Transcreva a sua Redação para a Folha de Redação.
Azul 1 1 Azul
Amarelo 2 2 Amarelo
Branco 3 1 3 Branco
Rosa 4 2 4 Rosa
3
Ledor 9 9 Ledor
Libras 10 4 10 Libras
5
6
7
8
O
9
H
10
N O
11
U
12 Ã
C
13 Ç
S
14 A
A
15 D
16 R
E
17
R
18
A
19
D
20
21
22
23
24
2 Dia 2 Dia
1°Capa 25 4°Capa
Libras 12 26 12 Libras
Ledor 11 11 Ledor
27
28
Rosa 8 8 Rosa
Azul 7 29 7 Azul
Cinza 6 6 Cinza
30
Amarelo 5 5 Amarelo
01
BBB0011iiiggg00uuu11rrr77rrr55iiilllAAhhhZZooosss..ii...nniiinnndddddbbddd 33 11122 11224433////00006688////2222000022222244 11117766::::11442266::::00556699"
176;MT;141579;B;24;0;;2.38298;1.45126;0.18421;AZUL;1407;;0;2024;Texto extraído diretamente do caderno oficial.
176;MT;141579;B;24;0;;2.38298;1.45126;0.18421;AZUL;1407;;0;2024;Texto extraído diretamente do caderno oficial.
176;MT;141579;B;24;0;;2.38298;1.45126;0.18421;AZUL;1407;;0;2024;Texto extraído diretamente do caderno oficial.
162;MT;83575;B;23;0;;2.38253;2.46253;0.18571;AZUL;1471;;0;2024;Texto extraído diretamente do caderno oficial.
162;MT;83575;B;23;0;;2.38253;2.46253;0.18571;AZUL;1471;;0;2024;Texto extraído diretamente do caderno oficial.
162;MT;83575;B;23;0;;2.38253;2.46253;0.18571;AZUL;1471;;0;2024;Texto extraído diretamente do caderno oficial.
30;LC;153420;B;20;0;;2.37816;1.72434;0.14733;AZUL;1459;;0;2024;"*010175AZ32*
01
1 Dia 1 Dia
1°Capa 4°Capa
Transcreva a sua Redação para a Folha de Redação.
Azul 1 1 Azul
Amarelo 2 2 Amarelo
Branco 3 1 3 Branco
Rosa 4 2 4 Rosa
3
Ledor 9 9 Ledor
Libras 10 4 10 Libras
5
6
7
8
O
9
H
10
N O
11
U
12 Ã
C
13 Ç
S
14 A
A
15 D
16 R
E
17
R
18
A
19
D
20
21
22
23
24
2 Dia 2 Dia
1°Capa 25 4°Capa
Libras 12 26 12 Libras
Ledor 11 11 Ledor
27
28
Rosa 8 8 Rosa
Azul 7 29 7 Azul
Cinza 6 6 Cinza
30
Amarelo 5 5 Amarelo
01
BBB0011iiiggg00uuu11rrr77rrr55iiilllAAhhhZZooosss..ii...nniiinnndddddbbddd 33 11122 11224433////00006688////2222000022222244 11117766::::11442266::::00556699"
30;LC;153420;B;20;0;;2.37816;1.72434;0.14733;AZUL;1459;;0;2024;"*010175AZ32*
01
1 Dia 1 Dia
1°Capa 4°Capa
Transcreva a sua Redação para a Folha de Redação.
Azul 1 1 Azul
Amarelo 2 2 Amarelo
Branco 3 1 3 Branco
Rosa 4 2 4 Rosa
3
Ledor 9 9 Ledor
Libras 10 4 10 Libras
5
6
7
8
O
9
H
10
N O
11
U
12 Ã
C
13 Ç
S
14 A
A
15 D
16 R
E
17
R
18
A
19
D
20
21
22
23
24
2 Dia 2 Dia
1°Capa 25 4°Capa
Libras 12 26 12 Libras
Ledor 11 11 Ledor
27
28
Rosa 8 8 Rosa
Azul 7 29 7 Azul
Cinza 6 6 Cinza
30
Amarelo 5 5 Amarelo
01
BBB0011iiiggg00uuu11rrr77rrr55iiilllAAhhhZZooosss..ii...nniiinnndddddbbddd 33 11122 11224433////00006688////2222000022222244 11117766::::11442266::::00556699"
30;LC;153420;B;20;0;;2.37816;1.72434;0.14733;AZUL;1459;;0;2024;"*010175AZ32*
01
1 Dia 1 Dia
1°Capa 4°Capa
Transcreva a sua Redação para a Folha de Redação.
Azul 1 1 Azul
Amarelo 2 2 Amarelo
Branco 3 1 3 Branco
Rosa 4 2 4 Rosa
3
Ledor 9 9 Ledor
Libras 10 4 10 Libras
5
6
7
8
O
9
H
10
N O
11
U
12 Ã
C
13 Ç
S
14 A
A
15 D
16 R
E
17
R
18
A
19
D
20
21
22
23
24
2 Dia 2 Dia
1°Capa 25 4°Capa
Libras 12 26 12 Libras
Ledor 11 11 Ledor
27
28
Rosa 8 8 Rosa
Azul 7 29 7 Azul
Cinza 6 6 Cinza
30
Amarelo 5 5 Amarelo
01
BBB0011iiiggg00uuu11rrr77rrr55iiilllAAhhhZZooosss..ii...nniiinnndddddbbddd 33 11122 11224433////00006688////2222000022222244 11117766::::11442266::::00556699"
7;LC;14475;D;1;0;;2.3698;-0.23487;0.12324;AZUL;1441;;0;2024;"*010175AZ32*
01
1 Dia 1 Dia
1°Capa 4°Capa
Transcreva a sua Redação para a Folha de Redação.
Azul 1 1 Azul
Amarelo 2 2 Amarelo
Branco 3 1 3 Branco
Rosa 4 2 4 Rosa
3
Ledor 9 9 Ledor
Libras 10 4 10 Libras
5
6
7
8
O
9
H
10
N O
11
U
12 Ã
C
13 Ç
S
14 A
A
15 D
16 R
E
17
R
18
A
19
D
20
21
22
23
24
2 Dia 2 Dia
1°Capa 25 4°Capa
Libras 12 26 12 Libras
Ledor 11 11 Ledor
27
28
Rosa 8 8 Rosa
Azul 7 29 7 Azul
Cinza 6 6 Cinza
30
Amarelo 5 5 Amarelo
01
BBB0011iiiggg00uuu11rrr77rrr55iiilllAAhhhZZooosss..ii...nniiinnndddddbbddd 33 11122 11224433////00006688////2222000022222244 11117766::::11442266::::00556699"
7;LC;14475;D;1;0;;2.3698;-0.23487;0.12324;AZUL;1353;;0;2024;"*010175AZ32*
01
1 Dia 1 Dia
1°Capa 4°Capa
Transcreva a sua Redação para a Folha de Redação.
Azul 1 1 Azul
Amarelo 2 2 Amarelo
Branco 3 1 3 Branco
Rosa 4 2 4 Rosa
3
Ledor 9 9 Ledor
Libras 10 4 10 Libras
5
6
7
8
O
9
H
10
N O
11
U
12 Ã
C
13 Ç
S
14 A
A
15 D
16 R
E
17
R
18
A
19
D
20
21
22
23
24
2 Dia 2 Dia
1°Capa 25 4°Capa
Libras 12 26 12 Libras
Ledor 11 11 Ledor
27
28
Rosa 8 8 Rosa
Azul 7 29 7 Azul
Cinza 6 6 Cinza
30
Amarelo 5 5 Amarelo
01
BBB0011iiiggg00uuu11rrr77rrr55iiilllAAhhhZZooosss..ii...nniiinnndddddbbddd 33 11122 11224433////00006688////2222000022222244 11117766::::11442266::::00556699"
7;LC;14475;D;1;0;;2.3698;-0.23487;0.12324;AZUL;1353;;0;2024;"*010175AZ32*
01
1 Dia 1 Dia
1°Capa 4°Capa
Transcreva a sua Redação para a Folha de Redação.
Azul 1 1 Azul
Amarelo 2 2 Amarelo
Branco 3 1 3 Branco
Rosa 4 2 4 Rosa
3
Ledor 9 9 Ledor
Libras 10 4 10 Libras
5
6
7
8
O
9
H
10
N O
11
U
12 Ã
C
13 Ç
S
14 A
A
15 D
16 R
E
17
R
18
A
19
D
20
21
22
23
24
2 Dia 2 Dia
1°Capa 25 4°Capa
Libras 12 26 12 Libras
Ledor 11 11 Ledor
27
28
Rosa 8 8 Rosa
Azul 7 29 7 Azul
Cinza 6 6 Cinza
30
Amarelo 5 5 Amarelo
01
BBB0011iiiggg00uuu11rrr77rrr55iiilllAAhhhZZooosss..ii...nniiinnndddddbbddd 33 11122 11224433////00006688////2222000022222244 11117766::::11442266::::00556699"
7;LC;14475;D;1;0;;2.3698;-0.23487;0.12324;AZUL;1441;;0;2024;"*010175AZ32*
01
1 Dia 1 Dia
1°Capa 4°Capa
Transcreva a sua Redação para a Folha de Redação.
Azul 1 1 Azul
Amarelo 2 2 Amarelo
Branco 3 1 3 Branco
Rosa 4 2 4 Rosa
3
Ledor 9 9 Ledor
Libras 10 4 10 Libras
5
6
7
8
O
9
H
10
N O
11
U
12 Ã
C
13 Ç
S
14 A
A
15 D
16 R
E
17
R
18
A
19
D
20
21
22
23
24
2 Dia 2 Dia
1°Capa 25 4°Capa
Libras 12 26 12 Libras
Ledor 11 11 Ledor
27
28
Rosa 8 8 Rosa
Azul 7 29 7 Azul
Cinza 6 6 Cinza
30
Amarelo 5 5 Amarelo
01
BBB0011iiiggg00uuu11rrr77rrr55iiilllAAhhhZZooosss..ii...nniiinnndddddbbddd 33 11122 11224433////00006688////2222000022222244 11117766::::11442266::::00556699"
7;LC;14475;D;1;0;;2.3698;-0.23487;0.12324;AZUL;1353;;0;2024;"*010175AZ32*
01
1 Dia 1 Dia
1°Capa 4°Capa
Transcreva a sua Redação para a Folha de Redação.
Azul 1 1 Azul
Amarelo 2 2 Amarelo
Branco 3 1 3 Branco
Rosa 4 2 4 Rosa
3
Ledor 9 9 Ledor
Libras 10 4 10 Libras
5
6
7
8
O
9
H
10
N O
11
U
12 Ã
C
13 Ç
S
14 A
A
15 D
16 R
E
17
R
18
A
19
D
20
21
22
23
24
2 Dia 2 Dia
1°Capa 25 4°Capa
Libras 12 26 12 Libras
Ledor 11 11 Ledor
27
28
Rosa 8 8 Rosa
Azul 7 29 7 Azul
Cinza 6 6 Cinza
30
Amarelo 5 5 Amarelo
01
BBB0011iiiggg00uuu11rrr77rrr55iiilllAAhhhZZooosss..ii...nniiinnndddddbbddd 33 11122 11224433////00006688////2222000022222244 11117766::::11442266::::00556699"
7;LC;14475;D;1;0;;2.3698;-0.23487;0.12324;AZUL;1441;;0;2024;"*010175AZ32*
01
1 Dia 1 Dia
1°Capa 4°Capa
Transcreva a sua Redação para a Folha de Redação.
Azul 1 1 Azul
Amarelo 2 2 Amarelo
Branco 3 1 3 Branco
Rosa 4 2 4 Rosa
3
Ledor 9 9 Ledor
Libras 10 4 10 Libras
5
6
7
8
O
9
H
10
N O
11
U
12 Ã
C
13 Ç
S
14 A
A
15 D
16 R
E
17
R
18
A
19
D
20
21
22
23
24
2 Dia 2 Dia
1°Capa 25 4°Capa
Libras 12 26 12 Libras
Ledor 11 11 Ledor
27
28
Rosa 8 8 Rosa
Azul 7 29 7 Azul
Cinza 6 6 Cinza
30
Amarelo 5 5 Amarelo
01
BBB0011iiiggg00uuu11rrr77rrr55iiilllAAhhhZZooosss..ii...nniiinnndddddbbddd 33 11122 11224433////00006688////2222000022222244 11117766::::11442266::::00556699"
156;MT;15396;E;11;0;;2.36212;1.38945;0.08082;AZUL;1471;;0;2024;Texto extraído diretamente do caderno oficial.
156;MT;15396;E;11;0;;2.36212;1.38945;0.08082;AZUL;1471;;0;2024;Texto extraído diretamente do caderno oficial.
156;MT;15396;E;11;0;;2.36212;1.38945;0.08082;AZUL;1471;;0;2024;Texto extraído diretamente do caderno oficial.
149;MT;16540;B;8;0;;2.35807;2.35402;0.24099;AZUL;1471;;0;2024;Texto extraído diretamente do caderno oficial.
149;MT;16540;B;8;0;;2.35807;2.35402;0.24099;AZUL;1471;;0;2024;Texto extraído diretamente do caderno oficial.
149;MT;16540;B;8;0;;2.35807;2.35402;0.24099;AZUL;1471;;0;2024;Texto extraído diretamente do caderno oficial.
142;MT;83799;A;2;0;;2.35211;1.61749;0.08654;AZUL;1407;;0;2024;Texto extraído diretamente do caderno oficial.
142;MT;83799;A;2;0;;2.35211;1.61749;0.08654;AZUL;1407;;0;2024;Texto extraído diretamente do caderno oficial.
142;MT;83799;A;2;0;;2.35211;1.61749;0.08654;AZUL;1407;;0;2024;Texto extraído diretamente do caderno oficial.
112;CN;141775;B;13;0;;2.34265;0.76737;0.19913;AZUL;1419;;0;2024;Texto extraído diretamente do caderno oficial.
112;CN;141775;B;13;0;;2.34265;0.76737;0.19913;AZUL;1419;;0;2024;Texto extraído diretamente do caderno oficial.
112;CN;141775;B;13;0;;2.34265;0.76737;0.19913;AZUL;1419;;0;2024;Texto extraído diretamente do caderno oficial.
68;CH;141068;E;29;0;;2.34154;0.71996;0.12841;AZUL;1383;;0;2024;Texto extraído diretamente do caderno oficial.
68;CH;141068;E;29;0;;2.34154;0.71996;0.12841;AZUL;1383;;0;2024;Texto extraído diretamente do caderno oficial.
68;CH;141068;E;29;0;;2.34154;0.71996;0.12841;AZUL;1383;;0;2024;Texto extraído diretamente do caderno oficial.
93;CN;38487;D;29;0;;2.33519;0.67545;0.20585;AZUL;1373;;0;2024;Texto extraído diretamente do caderno oficial.
93;CN;38487;D;29;0;;2.33519;0.67545;0.20585;AZUL;1373;;0;2024;Texto extraído diretamente do caderno oficial.
93;CN;38487;D;29;0;;2.33519;0.67545;0.20585;AZUL;1373;;0;2024;Texto extraído diretamente do caderno oficial.
171;MT;141562;E;9;0;;2.33222;2.57378;0.10579;AZUL;1471;;0;2024;Texto extraído diretamente do caderno oficial.
171;MT;141562;E;9;0;;2.33222;2.57378;0.10579;AZUL;1471;;0;2024;Texto extraído diretamente do caderno oficial.
171;MT;141562;E;9;0;;2.33222;2.57378;0.10579;AZUL;1471;;0;2024;Texto extraído diretamente do caderno oficial.
88;CH;85913;C;3;0;;2.33002;0.49764;0.18069;AZUL;1447;;0;2024;Texto extraído diretamente do caderno oficial.
88;CH;85913;C;3;0;;2.33002;0.49764;0.18069;AZUL;1447;;0;2024;Texto extraído diretamente do caderno oficial.
88;CH;85913;C;3;0;;2.33002;0.49764;0.18069;AZUL;1447;;0;2024;Texto extraído diretamente do caderno oficial.
5;LC;153833;C;5;0;;2.32932;0.44342;0.201;AZUL;1459;1.0;0;2024;"*010175AZ32*
01
1 Dia 1 Dia
1°Capa 4°Capa
Transcreva a sua Redação para a Folha de Redação.
Azul 1 1 Azul
Amarelo 2 2 Amarelo
Branco 3 1 3 Branco
Rosa 4 2 4 Rosa
3
Ledor 9 9 Ledor
Libras 10 4 10 Libras
5
6
7
8
O
9
H
10
N O
11
U
12 Ã
C
13 Ç
S
14 A
A
15 D
16 R
E
17
R
18
A
19
D
20
21
22
23
24
2 Dia 2 Dia
1°Capa 25 4°Capa
Libras 12 26 12 Libras
Ledor 11 11 Ledor
27
28
Rosa 8 8 Rosa
Azul 7 29 7 Azul
Cinza 6 6 Cinza
30
Amarelo 5 5 Amarelo
01
BBB0011iiiggg00uuu11rrr77rrr55iiilllAAhhhZZooosss..ii...nniiinnndddddbbddd 33 11122 11224433////00006688////2222000022222244 11117766::::11442266::::00556699"
5;LC;153833;C;5;0;;2.32932;0.44342;0.201;AZUL;1459;1.0;0;2024;"*010175AZ32*
01
1 Dia 1 Dia
1°Capa 4°Capa
Transcreva a sua Redação para a Folha de Redação.
Azul 1 1 Azul
Amarelo 2 2 Amarelo
Branco 3 1 3 Branco
Rosa 4 2 4 Rosa
3
Ledor 9 9 Ledor
Libras 10 4 10 Libras
5
6
7
8
O
9
H
10
N O
11
U
12 Ã
C
13 Ç
S
14 A
A
15 D
16 R
E
17
R
18
A
19
D
20
21
22
23
24
2 Dia 2 Dia
1°Capa 25 4°Capa
Libras 12 26 12 Libras
Ledor 11 11 Ledor
27
28
Rosa 8 8 Rosa
Azul 7 29 7 Azul
Cinza 6 6 Cinza
30
Amarelo 5 5 Amarelo
01
BBB0011iiiggg00uuu11rrr77rrr55iiilllAAhhhZZooosss..ii...nniiinnndddddbbddd 33 11122 11224433////00006688////2222000022222244 11117766::::11442266::::00556699"
5;LC;153833;C;5;0;;2.32932;0.44342;0.201;AZUL;1459;1.0;0;2024;"*010175AZ32*
01
1 Dia 1 Dia
1°Capa 4°Capa
Transcreva a sua Redação para a Folha de Redação.
Azul 1 1 Azul
Amarelo 2 2 Amarelo
Branco 3 1 3 Branco
Rosa 4 2 4 Rosa
3
Ledor 9 9 Ledor
Libras 10 4 10 Libras
5
6
7
8
O
9
H
10
N O
11
U
12 Ã
C
13 Ç
S
14 A
A
15 D
16 R
E
17
R
18
A
19
D
20
21
22
23
24
2 Dia 2 Dia
1°Capa 25 4°Capa
Libras 12 26 12 Libras
Ledor 11 11 Ledor
27
28
Rosa 8 8 Rosa
Azul 7 29 7 Azul
Cinza 6 6 Cinza
30
Amarelo 5 5 Amarelo
01
BBB0011iiiggg00uuu11rrr77rrr55iiilllAAhhhZZooosss..ii...nniiinnndddddbbddd 33 11122 11224433////00006688////2222000022222244 11117766::::11442266::::00556699"
105;CN;141577;E;23;0;;2.32686;1.10209;0.14218;AZUL;1483;;0;2024;Texto extraído diretamente do caderno oficial.
105;CN;141577;E;23;0;;2.32686;1.10209;0.14218;AZUL;1483;;0;2024;Texto extraído diretamente do caderno oficial.
105;CN;141577;E;23;0;;2.32686;1.10209;0.14218;AZUL;1483;;0;2024;Texto extraído diretamente do caderno oficial.
38;LC;118297;B;17;0;;2.32301;0.39677;0.16215;AZUL;1395;;0;2024;Texto extraído diretamente do caderno oficial.
38;LC;118297;B;17;0;;2.32301;0.39677;0.16215;AZUL;1395;;0;2024;Texto extraído diretamente do caderno oficial.
38;LC;118297;B;17;0;;2.32301;0.39677;0.16215;AZUL;1395;;0;2024;Texto extraído diretamente do caderno oficial.
96;CN;111400;C;1;0;;2.32009;0.55237;0.13443;AZUL;1419;;0;2024;Texto extraído diretamente do caderno oficial.
96;CN;111400;C;1;0;;2.32009;0.55237;0.13443;AZUL;1419;;0;2024;Texto extraído diretamente do caderno oficial.
96;CN;111400;C;1;0;;2.32009;0.55237;0.13443;AZUL;1419;;0;2024;Texto extraído diretamente do caderno oficial.
84;CH;149741;D;5;0;;2.30989;1.07008;0.19248;AZUL;1383;;0;2024;Texto extraído diretamente do caderno oficial.
84;CH;149741;D;5;0;;2.30989;1.07008;0.19248;AZUL;1383;;0;2024;Texto extraído diretamente do caderno oficial.
84;CH;149741;D;5;0;;2.30989;1.07008;0.19248;AZUL;1383;;0;2024;Texto extraído diretamente do caderno oficial.
84;CH;140518;D;28;0;;2.30961;0.41788;0.15881;AZUL;1447;;0;2024;Texto extraído diretamente do caderno oficial.
84;CH;140518;D;28;0;;2.30961;0.41788;0.15881;AZUL;1447;;0;2024;Texto extraído diretamente do caderno oficial.
84;CH;140518;D;28;0;;2.30961;0.41788;0.15881;AZUL;1447;;0;2024;Texto extraído diretamente do caderno oficial.
42;LC;150441;D;20;0;;2.30804;-0.071;0.20113;AZUL;1441;;0;2024;Texto extraído diretamente do caderno oficial.
42;LC;150441;D;20;0;;2.30804;-0.071;0.20113;AZUL;1353;;0;2024;Texto extraído diretamente do caderno oficial.
42;LC;150441;D;20;0;;2.30804;-0.071;0.20113;AZUL;1353;;0;2024;Texto extraído diretamente do caderno oficial.
42;LC;150441;D;20;0;;2.30804;-0.071;0.20113;AZUL;1441;;0;2024;Texto extraído diretamente do caderno oficial.
42;LC;150441;D;20;0;;2.30804;-0.071;0.20113;AZUL;1353;;0;2024;Texto extraído diretamente do caderno oficial.
42;LC;150441;D;20;0;;2.30804;-0.071;0.20113;AZUL;1441;;0;2024;Texto extraído diretamente do caderno oficial.
128;CN;97616;E;17;0;;2.30747;0.51744;0.18422;AZUL;1483;;0;2024;Texto extraído diretamente do caderno oficial.
128;CN;97616;E;17;0;;2.30747;0.51744;0.18422;AZUL;1483;;0;2024;Texto extraído diretamente do caderno oficial.
128;CN;97616;E;17;0;;2.30747;0.51744;0.18422;AZUL;1483;;0;2024;Texto extraído diretamente do caderno oficial.
122;CN;141601;D;23;0;;2.30161;1.64956;0.31542;AZUL;1483;;0;2024;Texto extraído diretamente do caderno oficial.
122;CN;141601;D;23;0;;2.30161;1.64956;0.31542;AZUL;1483;;0;2024;Texto extraído diretamente do caderno oficial.
122;CN;141601;D;23;0;;2.30161;1.64956;0.31542;AZUL;1483;;0;2024;Texto extraído diretamente do caderno oficial.
111;CN;85697;D;14;0;;2.30137;0.9951;0.05607;AZUL;1419;;0;2024;Texto extraído diretamente do caderno oficial.
111;CN;85697;D;14;0;;2.30137;0.9951;0.05607;AZUL;1419;;0;2024;Texto extraído diretamente do caderno oficial.
111;CN;85697;D;14;0;;2.30137;0.9951;0.05607;AZUL;1419;;0;2024;Texto extraído diretamente do caderno oficial.
46;CH;141102;E;7;0;;2.30036;1.00184;0.16439;AZUL;1447;;0;2024;Texto extraído diretamente do caderno oficial.
46;CH;141102;E;7;0;;2.30036;1.00184;0.16439;AZUL;1447;;0;2024;Texto extraído diretamente do caderno oficial.
46;CH;141102;E;7;0;;2.30036;1.00184;0.16439;AZUL;1447;;0;2024;Texto extraído diretamente do caderno oficial.
12;LC;157571;C;11;0;;2.29926;0.1859;0.18515;AZUL;1459;;0;2024;Texto extraído diretamente do caderno oficial.
12;LC;157571;C;11;0;;2.29926;0.1859;0.18515;AZUL;1459;;0;2024;Texto extraído diretamente do caderno oficial.
12;LC;157571;C;11;0;;2.29926;0.1859;0.18515;AZUL;1459;;0;2024;Texto extraído diretamente do caderno oficial.
126;CN;61018;D;20;0;;2.29917;1.62756;0.1603;AZUL;1483;;0;2024;Texto extraído diretamente do caderno oficial.
126;CN;61018;D;20;0;;2.29917;1.62756;0.1603;AZUL;1483;;0;2024;Texto extraído diretamente do caderno oficial.
126;CN;61018;D;20;0;;2.29917;1.62756;0.1603;AZUL;1483;;0;2024;Texto extraído diretamente do caderno oficial.
23;LC;158716;C;14;0;;2.29277;1.01273;0.0931;AZUL;1459;;0;2024;"*010175AZ32*
01
1 Dia 1 Dia
1°Capa 4°Capa
Transcreva a sua Redação para a Folha de Redação.
Azul 1 1 Azul
Amarelo 2 2 Amarelo
Branco 3 1 3 Branco
Rosa 4 2 4 Rosa
3
Ledor 9 9 Ledor
Libras 10 4 10 Libras
5
6
7
8
O
9
H
10
N O
11
U
12 Ã
C
13 Ç
S
14 A
A
15 D
16 R
E
17
R
18
A
19
D
20
21
22
23
24
2 Dia 2 Dia
1°Capa 25 4°Capa
Libras 12 26 12 Libras
Ledor 11 11 Ledor
27
28
Rosa 8 8 Rosa
Azul 7 29 7 Azul
Cinza 6 6 Cinza
30
Amarelo 5 5 Amarelo
01
BBB0011iiiggg00uuu11rrr77rrr55iiilllAAhhhZZooosss..ii...nniiinnndddddbbddd 33 11122 11224433////00006688////2222000022222244 11117766::::11442266::::00556699"
23;LC;158716;C;14;0;;2.29277;1.01273;0.0931;AZUL;1459;;0;2024;"*010175AZ32*
01
1 Dia 1 Dia
1°Capa 4°Capa
Transcreva a sua Redação para a Folha de Redação.
Azul 1 1 Azul
Amarelo 2 2 Amarelo
Branco 3 1 3 Branco
Rosa 4 2 4 Rosa
3
Ledor 9 9 Ledor
Libras 10 4 10 Libras
5
6
7
8
O
9
H
10
N O
11
U
12 Ã
C
13 Ç
S
14 A
A
15 D
16 R
E
17
R
18
A
19
D
20
21
22
23
24
2 Dia 2 Dia
1°Capa 25 4°Capa
Libras 12 26 12 Libras
Ledor 11 11 Ledor
27
28
Rosa 8 8 Rosa
Azul 7 29 7 Azul
Cinza 6 6 Cinza
30
Amarelo 5 5 Amarelo
01
BBB0011iiiggg00uuu11rrr77rrr55iiilllAAhhhZZooosss..ii...nniiinnndddddbbddd 33 11122 11224433////00006688////2222000022222244 11117766::::11442266::::00556699"
23;LC;158716;C;14;0;;2.29277;1.01273;0.0931;AZUL;1459;;0;2024;"*010175AZ32*
01
1 Dia 1 Dia
1°Capa 4°Capa
Transcreva a sua Redação para a Folha de Redação.
Azul 1 1 Azul
Amarelo 2 2 Amarelo
Branco 3 1 3 Branco
Rosa 4 2 4 Rosa
3
Ledor 9 9 Ledor
Libras 10 4 10 Libras
5
6
7
8
O
9
H
10
N O
11
U
12 Ã
C
13 Ç
S
14 A
A
15 D
16 R
E
17
R
18
A
19
D
20
21
22
23
24
2 Dia 2 Dia
1°Capa 25 4°Capa
Libras 12 26 12 Libras
Ledor 11 11 Ledor
27
28
Rosa 8 8 Rosa
Azul 7 29 7 Azul
Cinza 6 6 Cinza
30
Amarelo 5 5 Amarelo
01
BBB0011iiiggg00uuu11rrr77rrr55iiilllAAhhhZZooosss..ii...nniiinnndddddbbddd 33 11122 11224433////00006688////2222000022222244 11117766::::11442266::::00556699"
174;MT;125996;C;6;0;;2.27814;1.63004;0.09638;AZUL;1407;;0;2024;Texto extraído diretamente do caderno oficial.
174;MT;125996;C;6;0;;2.27814;1.63004;0.09638;AZUL;1407;;0;2024;Texto extraído diretamente do caderno oficial.
174;MT;125996;C;6;0;;2.27814;1.63004;0.09638;AZUL;1407;;0;2024;Texto extraído diretamente do caderno oficial.
153;MT;88952;A;22;0;;2.27648;2.43408;0.15585;AZUL;1471;;0;2024;Texto extraído diretamente do caderno oficial.
153;MT;88952;A;22;0;;2.27648;2.43408;0.15585;AZUL;1471;;0;2024;Texto extraído diretamente do caderno oficial.
153;MT;88952;A;22;0;;2.27648;2.43408;0.15585;AZUL;1471;;0;2024;Texto extraído diretamente do caderno oficial.
94;CN;97327;A;24;0;;2.27226;2.66298;0.35485;AZUL;1419;;0;2024;Texto extraído diretamente do caderno oficial.
94;CN;97327;A;24;0;;2.27226;2.66298;0.35485;AZUL;1419;;0;2024;Texto extraído diretamente do caderno oficial.
94;CN;97327;A;24;0;;2.27226;2.66298;0.35485;AZUL;1419;;0;2024;Texto extraído diretamente do caderno oficial.
139;MT;117723;A;26;0;;2.2696;0.50185;0.10032;AZUL;1407;;0;2024;Texto extraído diretamente do caderno oficial.
139;MT;117723;A;26;0;;2.2696;0.50185;0.10032;AZUL;1407;;0;2024;Texto extraído diretamente do caderno oficial.
139;MT;117723;A;26;0;;2.2696;0.50185;0.10032;AZUL;1407;;0;2024;Texto extraído diretamente do caderno oficial.
63;CH;125682;A;20;0;;2.26937;0.68094;0.2747;AZUL;1431;;0;2024;Texto extraído diretamente do caderno oficial.
63;CH;125682;A;20;0;;2.26937;0.68094;0.2747;AZUL;1343;;0;2024;Texto extraído diretamente do caderno oficial.
63;CH;125682;A;20;0;;2.26937;0.68094;0.2747;AZUL;1431;;0;2024;Texto extraído diretamente do caderno oficial.
63;CH;125682;A;20;0;;2.26937;0.68094;0.2747;AZUL;1343;;0;2024;Texto extraído diretamente do caderno oficial.
63;CH;125682;A;20;0;;2.26937;0.68094;0.2747;AZUL;1343;;0;2024;Texto extraído diretamente do caderno oficial.
63;CH;125682;A;20;0;;2.26937;0.68094;0.2747;AZUL;1431;;0;2024;Texto extraído diretamente do caderno oficial.
107;CN;78441;E;29;0;;2.26694;0.92667;0.27632;AZUL;1419;;0;2024;Texto extraído diretamente do caderno oficial.
107;CN;78441;E;29;0;;2.26694;0.92667;0.27632;AZUL;1419;;0;2024;Texto extraído diretamente do caderno oficial.
107;CN;78441;E;29;0;;2.26694;0.92667;0.27632;AZUL;1419;;0;2024;Texto extraído diretamente do caderno oficial.
106;CN;86643;A;3;0;;2.26264;1.03971;0.25705;AZUL;1483;;0;2024;Texto extraído diretamente do caderno oficial.
106;CN;86643;A;3;0;;2.26264;1.03971;0.25705;AZUL;1483;;0;2024;Texto extraído diretamente do caderno oficial.
106;CN;86643;A;3;0;;2.26264;1.03971;0.25705;AZUL;1483;;0;2024;Texto extraído diretamente do caderno oficial.
157;MT;7685;D;8;0;;2.26176;1.33672;0.2149;AZUL;1363;;0;2024;Texto extraído diretamente do caderno oficial.
157;MT;7685;D;8;0;;2.26176;1.33672;0.2149;AZUL;1363;;0;2024;Texto extraído diretamente do caderno oficial.
157;MT;7685;D;8;0;;2.26176;1.33672;0.2149;AZUL;1363;;0;2024;Texto extraído diretamente do caderno oficial.
87;CH;111941;B;25;0;;2.26139;1.02325;0.16839;AZUL;1447;;0;2024;Texto extraído diretamente do caderno oficial.
87;CH;111941;B;25;0;;2.26139;1.02325;0.16839;AZUL;1447;;0;2024;Texto extraído diretamente do caderno oficial.
87;CH;111941;B;25;0;;2.26139;1.02325;0.16839;AZUL;1447;;0;2024;Texto extraído diretamente do caderno oficial.
25;LC;150643;E;24;0;;2.25962;0.86097;0.1859;AZUL;1459;;0;2024;Texto extraído diretamente do caderno oficial.
25;LC;150643;E;24;0;;2.25962;0.86097;0.1859;AZUL;1459;;0;2024;Texto extraído diretamente do caderno oficial.
25;LC;150643;E;24;0;;2.25962;0.86097;0.1859;AZUL;1459;;0;2024;Texto extraído diretamente do caderno oficial.
139;MT;67681;A;1;0;;2.25936;0.86844;0.2292;AZUL;1363;;0;2024;Texto extraído diretamente do caderno oficial.
139;MT;67681;A;1;0;;2.25936;0.86844;0.2292;AZUL;1363;;0;2024;Texto extraído diretamente do caderno oficial.
139;MT;67681;A;1;0;;2.25936;0.86844;0.2292;AZUL;1363;;0;2024;Texto extraído diretamente do caderno oficial.
180;MT;40363;E;11;0;;2.25486;2.9863;0.19011;AZUL;1363;;0;2024;Texto extraído diretamente do caderno oficial.
180;MT;40363;E;11;0;;2.25486;2.9863;0.19011;AZUL;1363;;0;2024;Texto extraído diretamente do caderno oficial.
180;MT;40363;E;11;0;;2.25486;2.9863;0.19011;AZUL;1363;;0;2024;Texto extraído diretamente do caderno oficial.
99;CN;37525;C;14;0;;2.24996;1.35811;0.22169;AZUL;1373;;0;2024;Texto extraído diretamente do caderno oficial.
99;CN;37525;C;14;0;;2.24996;1.35811;0.22169;AZUL;1373;;0;2024;Texto extraído diretamente do caderno oficial.
99;CN;37525;C;14;0;;2.24996;1.35811;0.22169;AZUL;1373;;0;2024;Texto extraído diretamente do caderno oficial.
22;LC;120624;C;22;0;;2.24834;1.81798;0.17832;AZUL;1395;;0;2024;"*010175AZ32*
01
1 Dia 1 Dia
1°Capa 4°Capa
Transcreva a sua Redação para a Folha de Redação.
Azul 1 1 Azul
Amarelo 2 2 Amarelo
Branco 3 1 3 Branco
Rosa 4 2 4 Rosa
3
Ledor 9 9 Ledor
Libras 10 4 10 Libras
5
6
7
8
O
9
H
10
N O
11
U
12 Ã
C
13 Ç
S
14 A
A
15 D
16 R
E
17
R
18
A
19
D
20
21
22
23
24
2 Dia 2 Dia
1°Capa 25 4°Capa
Libras 12 26 12 Libras
Ledor 11 11 Ledor
27
28
Rosa 8 8 Rosa
Azul 7 29 7 Azul
Cinza 6 6 Cinza
30
Amarelo 5 5 Amarelo
01
BBB0011iiiggg00uuu11rrr77rrr55iiilllAAhhhZZooosss..ii...nniiinnndddddbbddd 33 11122 11224433////00006688////2222000022222244 11117766::::11442266::::00556699"
22;LC;120624;C;22;0;;2.24834;1.81798;0.17832;AZUL;1395;;0;2024;"*010175AZ32*
01
1 Dia 1 Dia
1°Capa 4°Capa
Transcreva a sua Redação para a Folha de Redação.
Azul 1 1 Azul
Amarelo 2 2 Amarelo
Branco 3 1 3 Branco
Rosa 4 2 4 Rosa
3
Ledor 9 9 Ledor
Libras 10 4 10 Libras
5
6
7
8
O
9
H
10
N O
11
U
12 Ã
C
13 Ç
S
14 A
A
15 D
16 R
E
17
R
18
A
19
D
20
21
22
23
24
2 Dia 2 Dia
1°Capa 25 4°Capa
Libras 12 26 12 Libras
Ledor 11 11 Ledor
27
28
Rosa 8 8 Rosa
Azul 7 29 7 Azul
Cinza 6 6 Cinza
30
Amarelo 5 5 Amarelo
01
BBB0011iiiggg00uuu11rrr77rrr55iiilllAAhhhZZooosss..ii...nniiinnndddddbbddd 33 11122 11224433////00006688////2222000022222244 11117766::::11442266::::00556699"
22;LC;120624;C;22;0;;2.24834;1.81798;0.17832;AZUL;1395;;0;2024;"*010175AZ32*
01
1 Dia 1 Dia
1°Capa 4°Capa
Transcreva a sua Redação para a Folha de Redação.
Azul 1 1 Azul
Amarelo 2 2 Amarelo
Branco 3 1 3 Branco
Rosa 4 2 4 Rosa
3
Ledor 9 9 Ledor
Libras 10 4 10 Libras
5
6
7
8
O
9
H
10
N O
11
U
12 Ã
C
13 Ç
S
14 A
A
15 D
16 R
E
17
R
18
A
19
D
20
21
22
23
24
2 Dia 2 Dia
1°Capa 25 4°Capa
Libras 12 26 12 Libras
Ledor 11 11 Ledor
27
28
Rosa 8 8 Rosa
Azul 7 29 7 Azul
Cinza 6 6 Cinza
30
Amarelo 5 5 Amarelo
01
BBB0011iiiggg00uuu11rrr77rrr55iiilllAAhhhZZooosss..ii...nniiinnndddddbbddd 33 11122 11224433////00006688////2222000022222244 11117766::::11442266::::00556699"
20;LC;150460;D;25;0;;2.24622;0.87521;0.18171;AZUL;1353;;0;2024;"*010175AZ32*
01
1 Dia 1 Dia
1°Capa 4°Capa
Transcreva a sua Redação para a Folha de Redação.
Azul 1 1 Azul
Amarelo 2 2 Amarelo
Branco 3 1 3 Branco
Rosa 4 2 4 Rosa
3
Ledor 9 9 Ledor
Libras 10 4 10 Libras
5
6
7
8
O
9
H
10
N O
11
U
12 Ã
C
13 Ç
S
14 A
A
15 D
16 R
E
17
R
18
A
19
D
20
21
22
23
24
2 Dia 2 Dia
1°Capa 25 4°Capa
Libras 12 26 12 Libras
Ledor 11 11 Ledor
27
28
Rosa 8 8 Rosa
Azul 7 29 7 Azul
Cinza 6 6 Cinza
30
Amarelo 5 5 Amarelo
01
BBB0011iiiggg00uuu11rrr77rrr55iiilllAAhhhZZooosss..ii...nniiinnndddddbbddd 33 11122 11224433////00006688////2222000022222244 11117766::::11442266::::00556699"
20;LC;150460;D;25;0;;2.24622;0.87521;0.18171;AZUL;1441;;0;2024;"*010175AZ32*
01
1 Dia 1 Dia
1°Capa 4°Capa
Transcreva a sua Redação para a Folha de Redação.
Azul 1 1 Azul
Amarelo 2 2 Amarelo
Branco 3 1 3 Branco
Rosa 4 2 4 Rosa
3
Ledor 9 9 Ledor
Libras 10 4 10 Libras
5
6
7
8
O
9
H
10
N O
11
U
12 Ã
C
13 Ç
S
14 A
A
15 D
16 R
E
17
R
18
A
19
D
20
21
22
23
24
2 Dia 2 Dia
1°Capa 25 4°Capa
Libras 12 26 12 Libras
Ledor 11 11 Ledor
27
28
Rosa 8 8 Rosa
Azul 7 29 7 Azul
Cinza 6 6 Cinza
30
Amarelo 5 5 Amarelo
01
BBB0011iiiggg00uuu11rrr77rrr55iiilllAAhhhZZooosss..ii...nniiinnndddddbbddd 33 11122 11224433////00006688////2222000022222244 11117766::::11442266::::00556699"
20;LC;150460;D;25;0;;2.24622;0.87521;0.18171;AZUL;1353;;0;2024;"*010175AZ32*
01
1 Dia 1 Dia
1°Capa 4°Capa
Transcreva a sua Redação para a Folha de Redação.
Azul 1 1 Azul
Amarelo 2 2 Amarelo
Branco 3 1 3 Branco
Rosa 4 2 4 Rosa
3
Ledor 9 9 Ledor
Libras 10 4 10 Libras
5
6
7
8
O
9
H
10
N O
11
U
12 Ã
C
13 Ç
S
14 A
A
15 D
16 R
E
17
R
18
A
19
D
20
21
22
23
24
2 Dia 2 Dia
1°Capa 25 4°Capa
Libras 12 26 12 Libras
Ledor 11 11 Ledor
27
28
Rosa 8 8 Rosa
Azul 7 29 7 Azul
Cinza 6 6 Cinza
30
Amarelo 5 5 Amarelo
01
BBB0011iiiggg00uuu11rrr77rrr55iiilllAAhhhZZooosss..ii...nniiinnndddddbbddd 33 11122 11224433////00006688////2222000022222244 11117766::::11442266::::00556699"
20;LC;150460;D;25;0;;2.24622;0.87521;0.18171;AZUL;1441;;0;2024;"*010175AZ32*
01
1 Dia 1 Dia
1°Capa 4°Capa
Transcreva a sua Redação para a Folha de Redação.
Azul 1 1 Azul
Amarelo 2 2 Amarelo
Branco 3 1 3 Branco
Rosa 4 2 4 Rosa
3
Ledor 9 9 Ledor
Libras 10 4 10 Libras
5
6
7
8
O
9
H
10
N O
11
U
12 Ã
C
13 Ç
S
14 A
A
15 D
16 R
E
17
R
18
A
19
D
20
21
22
23
24
2 Dia 2 Dia
1°Capa 25 4°Capa
Libras 12 26 12 Libras
Ledor 11 11 Ledor
27
28
Rosa 8 8 Rosa
Azul 7 29 7 Azul
Cinza 6 6 Cinza
30
Amarelo 5 5 Amarelo
01
BBB0011iiiggg00uuu11rrr77rrr55iiilllAAhhhZZooosss..ii...nniiinnndddddbbddd 33 11122 11224433////00006688////2222000022222244 11117766::::11442266::::00556699"
20;LC;150460;D;25;0;;2.24622;0.87521;0.18171;AZUL;1353;;0;2024;"*010175AZ32*
01
1 Dia 1 Dia
1°Capa 4°Capa
Transcreva a sua Redação para a Folha de Redação.
Azul 1 1 Azul
Amarelo 2 2 Amarelo
Branco 3 1 3 Branco
Rosa 4 2 4 Rosa
3
Ledor 9 9 Ledor
Libras 10 4 10 Libras
5
6
7
8
O
9
H
10
N O
11
U
12 Ã
C
13 Ç
S
14 A
A
15 D
16 R
E
17
R
18
A
19
D
20
21
22
23
24
2 Dia 2 Dia
1°Capa 25 4°Capa
Libras 12 26 12 Libras
Ledor 11 11 Ledor
27
28
Rosa 8 8 Rosa
Azul 7 29 7 Azul
Cinza 6 6 Cinza
30
Amarelo 5 5 Amarelo
01
BBB0011iiiggg00uuu11rrr77rrr55iiilllAAhhhZZooosss..ii...nniiinnndddddbbddd 33 11122 11224433////00006688////2222000022222244 11117766::::11442266::::00556699"
20;LC;150460;D;25;0;;2.24622;0.87521;0.18171;AZUL;1441;;0;2024;"*010175AZ32*
01
1 Dia 1 Dia
1°Capa 4°Capa
Transcreva a sua Redação para a Folha de Redação.
Azul 1 1 Azul
Amarelo 2 2 Amarelo
Branco 3 1 3 Branco
Rosa 4 2 4 Rosa
3
Ledor 9 9 Ledor
Libras 10 4 10 Libras
5
6
7
8
O
9
H
10
N O
11
U
12 Ã
C
13 Ç
S
14 A
A
15 D
16 R
E
17
R
18
A
19
D
20
21
22
23
24
2 Dia 2 Dia
1°Capa 25 4°Capa
Libras 12 26 12 Libras
Ledor 11 11 Ledor
27
28
Rosa 8 8 Rosa
Azul 7 29 7 Azul
Cinza 6 6 Cinza
30
Amarelo 5 5 Amarelo
01
BBB0011iiiggg00uuu11rrr77rrr55iiilllAAhhhZZooosss..ii...nniiinnndddddbbddd 33 11122 11224433////00006688////2222000022222244 11117766::::11442266::::00556699"
60;CH;140201;D;23;0;;2.24373;1.5186;0.21973;AZUL;1447;;0;2024;Texto extraído diretamente do caderno oficial.
60;CH;140201;D;23;0;;2.24373;1.5186;0.21973;AZUL;1447;;0;2024;Texto extraído diretamente do caderno oficial.
60;CH;140201;D;23;0;;2.24373;1.5186;0.21973;AZUL;1447;;0;2024;Texto extraído diretamente do caderno oficial.
11;LC;140831;E;16;0;;2.24213;1.40974;0.18204;AZUL;1441;;0;2024;"*010175AZ32*
01
1 Dia 1 Dia
1°Capa 4°Capa
Transcreva a sua Redação para a Folha de Redação.
Azul 1 1 Azul
Amarelo 2 2 Amarelo
Branco 3 1 3 Branco
Rosa 4 2 4 Rosa
3
Ledor 9 9 Ledor
Libras 10 4 10 Libras
5
6
7
8
O
9
H
10
N O
11
U
12 Ã
C
13 Ç
S
14 A
A
15 D
16 R
E
17
R
18
A
19
D
20
21
22
23
24
2 Dia 2 Dia
1°Capa 25 4°Capa
Libras 12 26 12 Libras
Ledor 11 11 Ledor
27
28
Rosa 8 8 Rosa
Azul 7 29 7 Azul
Cinza 6 6 Cinza
30
Amarelo 5 5 Amarelo
01
BBB0011iiiggg00uuu11rrr77rrr55iiilllAAhhhZZooosss..ii...nniiinnndddddbbddd 33 11122 11224433////00006688////2222000022222244 11117766::::11442266::::00556699"
11;LC;140831;E;16;0;;2.24213;1.40974;0.18204;AZUL;1441;;0;2024;"*010175AZ32*
01
1 Dia 1 Dia
1°Capa 4°Capa
Transcreva a sua Redação para a Folha de Redação.
Azul 1 1 Azul
Amarelo 2 2 Amarelo
Branco 3 1 3 Branco
Rosa 4 2 4 Rosa
3
Ledor 9 9 Ledor
Libras 10 4 10 Libras
5
6
7
8
O
9
H
10
N O
11
U
12 Ã
C
13 Ç
S
14 A
A
15 D
16 R
E
17
R
18
A
19
D
20
21
22
23
24
2 Dia 2 Dia
1°Capa 25 4°Capa
Libras 12 26 12 Libras
Ledor 11 11 Ledor
27
28
Rosa 8 8 Rosa
Azul 7 29 7 Azul
Cinza 6 6 Cinza
30
Amarelo 5 5 Amarelo
01
BBB0011iiiggg00uuu11rrr77rrr55iiilllAAhhhZZooosss..ii...nniiinnndddddbbddd 33 11122 11224433////00006688////2222000022222244 11117766::::11442266::::00556699"
11;LC;140831;E;16;0;;2.24213;1.40974;0.18204;AZUL;1353;;0;2024;"*010175AZ32*
01
1 Dia 1 Dia
1°Capa 4°Capa
Transcreva a sua Redação para a Folha de Redação.
Azul 1 1 Azul
Amarelo 2 2 Amarelo
Branco 3 1 3 Branco
Rosa 4 2 4 Rosa
3
Ledor 9 9 Ledor
Libras 10 4 10 Libras
5
6
7
8
O
9
H
10
N O
11
U
12 Ã
C
13 Ç
S
14 A
A
15 D
16 R
E
17
R
18
A
19
D
20
21
22
23
24
2 Dia 2 Dia
1°Capa 25 4°Capa
Libras 12 26 12 Libras
Ledor 11 11 Ledor
27
28
Rosa 8 8 Rosa
Azul 7 29 7 Azul
Cinza 6 6 Cinza
30
Amarelo 5 5 Amarelo
01
BBB0011iiiggg00uuu11rrr77rrr55iiilllAAhhhZZooosss..ii...nniiinnndddddbbddd 33 11122 11224433////00006688////2222000022222244 11117766::::11442266::::00556699"
11;LC;140831;E;16;0;;2.24213;1.40974;0.18204;AZUL;1353;;0;2024;"*010175AZ32*
01
1 Dia 1 Dia
1°Capa 4°Capa
Transcreva a sua Redação para a Folha de Redação.
Azul 1 1 Azul
Amarelo 2 2 Amarelo
Branco 3 1 3 Branco
Rosa 4 2 4 Rosa
3
Ledor 9 9 Ledor
Libras 10 4 10 Libras
5
6
7
8
O
9
H
10
N O
11
U
12 Ã
C
13 Ç
S
14 A
A
15 D
16 R
E
17
R
18
A
19
D
20
21
22
23
24
2 Dia 2 Dia
1°Capa 25 4°Capa
Libras 12 26 12 Libras
Ledor 11 11 Ledor
27
28
Rosa 8 8 Rosa
Azul 7 29 7 Azul
Cinza 6 6 Cinza
30
Amarelo 5 5 Amarelo
01
BBB0011iiiggg00uuu11rrr77rrr55iiilllAAhhhZZooosss..ii...nniiinnndddddbbddd 33 11122 11224433////00006688////2222000022222244 11117766::::11442266::::00556699"
11;LC;140831;E;16;0;;2.24213;1.40974;0.18204;AZUL;1441;;0;2024;"*010175AZ32*
01
1 Dia 1 Dia
1°Capa 4°Capa
Transcreva a sua Redação para a Folha de Redação.
Azul 1 1 Azul
Amarelo 2 2 Amarelo
Branco 3 1 3 Branco
Rosa 4 2 4 Rosa
3
Ledor 9 9 Ledor
Libras 10 4 10 Libras
5
6
7
8
O
9
H
10
N O
11
U
12 Ã
C
13 Ç
S
14 A
A
15 D
16 R
E
17
R
18
A
19
D
20
21
22
23
24
2 Dia 2 Dia
1°Capa 25 4°Capa
Libras 12 26 12 Libras
Ledor 11 11 Ledor
27
28
Rosa 8 8 Rosa
Azul 7 29 7 Azul
Cinza 6 6 Cinza
30
Amarelo 5 5 Amarelo
01
BBB0011iiiggg00uuu11rrr77rrr55iiilllAAhhhZZooosss..ii...nniiinnndddddbbddd 33 11122 11224433////00006688////2222000022222244 11117766::::11442266::::00556699"
11;LC;140831;E;16;0;;2.24213;1.40974;0.18204;AZUL;1353;;0;2024;"*010175AZ32*
01
1 Dia 1 Dia
1°Capa 4°Capa
Transcreva a sua Redação para a Folha de Redação.
Azul 1 1 Azul
Amarelo 2 2 Amarelo
Branco 3 1 3 Branco
Rosa 4 2 4 Rosa
3
Ledor 9 9 Ledor
Libras 10 4 10 Libras
5
6
7
8
O
9
H
10
N O
11
U
12 Ã
C
13 Ç
S
14 A
A
15 D
16 R
E
17
R
18
A
19
D
20
21
22
23
24
2 Dia 2 Dia
1°Capa 25 4°Capa
Libras 12 26 12 Libras
Ledor 11 11 Ledor
27
28
Rosa 8 8 Rosa
Azul 7 29 7 Azul
Cinza 6 6 Cinza
30
Amarelo 5 5 Amarelo
01
BBB0011iiiggg00uuu11rrr77rrr55iiilllAAhhhZZooosss..ii...nniiinnndddddbbddd 33 11122 11224433////00006688////2222000022222244 11117766::::11442266::::00556699"
29;LC;150761;A;17;0;;2.23464;1.07057;0.13133;AZUL;1459;;0;2024;Texto extraído diretamente do caderno oficial.
29;LC;150761;A;17;0;;2.23464;1.07057;0.13133;AZUL;1459;;0;2024;Texto extraído diretamente do caderno oficial.
29;LC;150761;A;17;0;;2.23464;1.07057;0.13133;AZUL;1459;;0;2024;Texto extraído diretamente do caderno oficial.
21;LC;153392;C;17;0;;2.2343;0.80331;0.16272;AZUL;1459;;0;2024;"*010175AZ32*
01
1 Dia 1 Dia
1°Capa 4°Capa
Transcreva a sua Redação para a Folha de Redação.
Azul 1 1 Azul
Amarelo 2 2 Amarelo
Branco 3 1 3 Branco
Rosa 4 2 4 Rosa
3
Ledor 9 9 Ledor
Libras 10 4 10 Libras
5
6
7
8
O
9
H
10
N O
11
U
12 Ã
C
13 Ç
S
14 A
A
15 D
16 R
E
17
R
18
A
19
D
20
21
22
23
24
2 Dia 2 Dia
1°Capa 25 4°Capa
Libras 12 26 12 Libras
Ledor 11 11 Ledor
27
28
Rosa 8 8 Rosa
Azul 7 29 7 Azul
Cinza 6 6 Cinza
30
Amarelo 5 5 Amarelo
01
BBB0011iiiggg00uuu11rrr77rrr55iiilllAAhhhZZooosss..ii...nniiinnndddddbbddd 33 11122 11224433////00006688////2222000022222244 11117766::::11442266::::00556699"
21;LC;153392;C;17;0;;2.2343;0.80331;0.16272;AZUL;1459;;0;2024;"*010175AZ32*
01
1 Dia 1 Dia
1°Capa 4°Capa
Transcreva a sua Redação para a Folha de Redação.
Azul 1 1 Azul
Amarelo 2 2 Amarelo
Branco 3 1 3 Branco
Rosa 4 2 4 Rosa
3
Ledor 9 9 Ledor
Libras 10 4 10 Libras
5
6
7
8
O
9
H
10
N O
11
U
12 Ã
C
13 Ç
S
14 A
A
15 D
16 R
E
17
R
18
A
19
D
20
21
22
23
24
2 Dia 2 Dia
1°Capa 25 4°Capa
Libras 12 26 12 Libras
Ledor 11 11 Ledor
27
28
Rosa 8 8 Rosa
Azul 7 29 7 Azul
Cinza 6 6 Cinza
30
Amarelo 5 5 Amarelo
01
BBB0011iiiggg00uuu11rrr77rrr55iiilllAAhhhZZooosss..ii...nniiinnndddddbbddd 33 11122 11224433////00006688////2222000022222244 11117766::::11442266::::00556699"
21;LC;153392;C;17;0;;2.2343;0.80331;0.16272;AZUL;1459;;0;2024;"*010175AZ32*
01
1 Dia 1 Dia
1°Capa 4°Capa
Transcreva a sua Redação para a Folha de Redação.
Azul 1 1 Azul
Amarelo 2 2 Amarelo
Branco 3 1 3 Branco
Rosa 4 2 4 Rosa
3
Ledor 9 9 Ledor
Libras 10 4 10 Libras
5
6
7
8
O
9
H
10
N O
11
U
12 Ã
C
13 Ç
S
14 A
A
15 D
16 R
E
17
R
18
A
19
D
20
21
22
23
24
2 Dia 2 Dia
1°Capa 25 4°Capa
Libras 12 26 12 Libras
Ledor 11 11 Ledor
27
28
Rosa 8 8 Rosa
Azul 7 29 7 Azul
Cinza 6 6 Cinza
30
Amarelo 5 5 Amarelo
01
BBB0011iiiggg00uuu11rrr77rrr55iiilllAAhhhZZooosss..ii...nniiinnndddddbbddd 33 11122 11224433////00006688////2222000022222244 11117766::::11442266::::00556699"
170;MT;111673;B;14;0;;2.2167;2.02265;0.27721;AZUL;1471;;0;2024;Texto extraído diretamente do caderno oficial.
170;MT;111673;B;14;0;;2.2167;2.02265;0.27721;AZUL;1471;;0;2024;Texto extraído diretamente do caderno oficial.
170;MT;111673;B;14;0;;2.2167;2.02265;0.27721;AZUL;1471;;0;2024;Texto extraído diretamente do caderno oficial.
20;LC;150612;B;20;0;;2.21653;0.6224;0.19711;AZUL;1459;;0;2024;"*010175AZ32*
01
1 Dia 1 Dia
1°Capa 4°Capa
Transcreva a sua Redação para a Folha de Redação.
Azul 1 1 Azul
Amarelo 2 2 Amarelo
Branco 3 1 3 Branco
Rosa 4 2 4 Rosa
3
Ledor 9 9 Ledor
Libras 10 4 10 Libras
5
6
7
8
O
9
H
10
N O
11
U
12 Ã
C
13 Ç
S
14 A
A
15 D
16 R
E
17
R
18
A
19
D
20
21
22
23
24
2 Dia 2 Dia
1°Capa 25 4°Capa
Libras 12 26 12 Libras
Ledor 11 11 Ledor
27
28
Rosa 8 8 Rosa
Azul 7 29 7 Azul
Cinza 6 6 Cinza
30
Amarelo 5 5 Amarelo
01
BBB0011iiiggg00uuu11rrr77rrr55iiilllAAhhhZZooosss..ii...nniiinnndddddbbddd 33 11122 11224433////00006688////2222000022222244 11117766::::11442266::::00556699"
20;LC;150612;B;20;0;;2.21653;0.6224;0.19711;AZUL;1459;;0;2024;"*010175AZ32*
01
1 Dia 1 Dia
1°Capa 4°Capa
Transcreva a sua Redação para a Folha de Redação.
Azul 1 1 Azul
Amarelo 2 2 Amarelo
Branco 3 1 3 Branco
Rosa 4 2 4 Rosa
3
Ledor 9 9 Ledor
Libras 10 4 10 Libras
5
6
7
8
O
9
H
10
N O
11
U
12 Ã
C
13 Ç
S
14 A
A
15 D
16 R
E
17
R
18
A
19
D
20
21
22
23
24
2 Dia 2 Dia
1°Capa 25 4°Capa
Libras 12 26 12 Libras
Ledor 11 11 Ledor
27
28
Rosa 8 8 Rosa
Azul 7 29 7 Azul
Cinza 6 6 Cinza
30
Amarelo 5 5 Amarelo
01
BBB0011iiiggg00uuu11rrr77rrr55iiilllAAhhhZZooosss..ii...nniiinnndddddbbddd 33 11122 11224433////00006688////2222000022222244 11117766::::11442266::::00556699"
20;LC;150612;B;20;0;;2.21653;0.6224;0.19711;AZUL;1459;;0;2024;"*010175AZ32*
01
1 Dia 1 Dia
1°Capa 4°Capa
Transcreva a sua Redação para a Folha de Redação.
Azul 1 1 Azul
Amarelo 2 2 Amarelo
Branco 3 1 3 Branco
Rosa 4 2 4 Rosa
3
Ledor 9 9 Ledor
Libras 10 4 10 Libras
5
6
7
8
O
9
H
10
N O
11
U
12 Ã
C
13 Ç
S
14 A
A
15 D
16 R
E
17
R
18
A
19
D
20
21
22
23
24
2 Dia 2 Dia
1°Capa 25 4°Capa
Libras 12 26 12 Libras
Ledor 11 11 Ledor
27
28
Rosa 8 8 Rosa
Azul 7 29 7 Azul
Cinza 6 6 Cinza
30
Amarelo 5 5 Amarelo
01
BBB0011iiiggg00uuu11rrr77rrr55iiilllAAhhhZZooosss..ii...nniiinnndddddbbddd 33 11122 11224433////00006688////2222000022222244 11117766::::11442266::::00556699"
25;LC;40924;C;13;0;;2.21296;1.16464;0.2156;AZUL;1395;;0;2024;Texto extraído diretamente do caderno oficial.
25;LC;40924;C;13;0;;2.21296;1.16464;0.2156;AZUL;1395;;0;2024;Texto extraído diretamente do caderno oficial.
25;LC;40924;C;13;0;;2.21296;1.16464;0.2156;AZUL;1395;;0;2024;Texto extraído diretamente do caderno oficial.
12;LC;141263;E;10;0;;2.2051;1.8988;0.16464;AZUL;1353;;0;2024;Texto extraído diretamente do caderno oficial.
12;LC;141263;E;10;0;;2.2051;1.8988;0.16464;AZUL;1353;;0;2024;Texto extraído diretamente do caderno oficial.
12;LC;141263;E;10;0;;2.2051;1.8988;0.16464;AZUL;1441;;0;2024;Texto extraído diretamente do caderno oficial.
12;LC;141263;E;10;0;;2.2051;1.8988;0.16464;AZUL;1441;;0;2024;Texto extraído diretamente do caderno oficial.
12;LC;141263;E;10;0;;2.2051;1.8988;0.16464;AZUL;1353;;0;2024;Texto extraído diretamente do caderno oficial.
12;LC;141263;E;10;0;;2.2051;1.8988;0.16464;AZUL;1441;;0;2024;Texto extraído diretamente do caderno oficial.
138;MT;125905;E;6;0;;2.19978;1.77865;0.17051;AZUL;1471;;0;2024;Texto extraído diretamente do caderno oficial.
138;MT;125905;E;6;0;;2.19978;1.77865;0.17051;AZUL;1471;;0;2024;Texto extraído diretamente do caderno oficial.
138;MT;125905;E;6;0;;2.19978;1.77865;0.17051;AZUL;1471;;0;2024;Texto extraído diretamente do caderno oficial.
144;MT;125961;E;10;0;;2.19756;1.63229;0.13191;AZUL;1363;;0;2024;Texto extraído diretamente do caderno oficial.
144;MT;125961;E;10;0;;2.19756;1.63229;0.13191;AZUL;1363;;0;2024;Texto extraído diretamente do caderno oficial.
144;MT;125961;E;10;0;;2.19756;1.63229;0.13191;AZUL;1363;;0;2024;Texto extraído diretamente do caderno oficial.
171;MT;117759;C;14;0;;2.19608;2.24658;0.27848;AZUL;1363;;0;2024;Texto extraído diretamente do caderno oficial.
171;MT;117759;C;14;0;;2.19608;2.24658;0.27848;AZUL;1363;;0;2024;Texto extraído diretamente do caderno oficial.
171;MT;117759;C;14;0;;2.19608;2.24658;0.27848;AZUL;1363;;0;2024;Texto extraído diretamente do caderno oficial.
15;LC;150540;B;30;0;;2.19541;0.46219;0.12159;AZUL;1395;;0;2024;Texto extraído diretamente do caderno oficial.
15;LC;150540;B;30;0;;2.19541;0.46219;0.12159;AZUL;1395;;0;2024;Texto extraído diretamente do caderno oficial.
15;LC;150540;B;30;0;;2.19541;0.46219;0.12159;AZUL;1395;;0;2024;Texto extraído diretamente do caderno oficial.
77;CH;118062;A;28;0;;2.19388;0.35534;0.2554;AZUL;1447;;0;2024;Texto extraído diretamente do caderno oficial.
77;CH;118062;A;28;0;;2.19388;0.35534;0.2554;AZUL;1447;;0;2024;Texto extraído diretamente do caderno oficial.
77;CH;118062;A;28;0;;2.19388;0.35534;0.2554;AZUL;1447;;0;2024;Texto extraído diretamente do caderno oficial.
76;CH;141167;C;22;0;;2.19091;1.56736;0.14811;AZUL;1447;;0;2024;Texto extraído diretamente do caderno oficial.
76;CH;141167;C;22;0;;2.19091;1.56736;0.14811;AZUL;1447;;0;2024;Texto extraído diretamente do caderno oficial.
76;CH;141167;C;22;0;;2.19091;1.56736;0.14811;AZUL;1447;;0;2024;Texto extraído diretamente do caderno oficial.
51;CH;125746;C;25;0;;2.18685;0.19158;0.20225;AZUL;1431;;0;2024;Texto extraído diretamente do caderno oficial.
51;CH;125746;C;25;0;;2.18685;0.19158;0.20225;AZUL;1343;;0;2024;Texto extraído diretamente do caderno oficial.
51;CH;125746;C;25;0;;2.18685;0.19158;0.20225;AZUL;1431;;0;2024;Texto extraído diretamente do caderno oficial.
51;CH;125746;C;25;0;;2.18685;0.19158;0.20225;AZUL;1431;;0;2024;Texto extraído diretamente do caderno oficial.
51;CH;125746;C;25;0;;2.18685;0.19158;0.20225;AZUL;1343;;0;2024;Texto extraído diretamente do caderno oficial.
51;CH;125746;C;25;0;;2.18685;0.19158;0.20225;AZUL;1343;;0;2024;Texto extraído diretamente do caderno oficial.
31;LC;17182;B;15;0;;2.18588;2.06747;0.20325;AZUL;1395;;0;2024;Texto extraído diretamente do caderno oficial.
31;LC;17182;B;15;0;;2.18588;2.06747;0.20325;AZUL;1395;;0;2024;Texto extraído diretamente do caderno oficial.
31;LC;17182;B;15;0;;2.18588;2.06747;0.20325;AZUL;1395;;0;2024;Texto extraído diretamente do caderno oficial.
130;CN;42680;C;8;0;;2.18515;1.28849;0.1245;AZUL;1419;;0;2024;Texto extraído diretamente do caderno oficial.
130;CN;42680;C;8;0;;2.18515;1.28849;0.1245;AZUL;1419;;0;2024;Texto extraído diretamente do caderno oficial.
130;CN;42680;C;8;0;;2.18515;1.28849;0.1245;AZUL;1419;;0;2024;Texto extraído diretamente do caderno oficial.
135;CN;81454;A;10;0;;2.18202;0.92105;0.18528;AZUL;1373;;0;2024;Texto extraído diretamente do caderno oficial.
135;CN;81454;A;10;0;;2.18202;0.92105;0.18528;AZUL;1373;;0;2024;Texto extraído diretamente do caderno oficial.
135;CN;81454;A;10;0;;2.18202;0.92105;0.18528;AZUL;1373;;0;2024;Texto extraído diretamente do caderno oficial.
102;CN;87137;A;2;0;;2.17473;1.29429;0.09133;AZUL;1419;;0;2024;Texto extraído diretamente do caderno oficial.
102;CN;87137;A;2;0;;2.17473;1.29429;0.09133;AZUL;1419;;0;2024;Texto extraído diretamente do caderno oficial.
102;CN;87137;A;2;0;;2.17473;1.29429;0.09133;AZUL;1419;;0;2024;Texto extraído diretamente do caderno oficial.
158;MT;117856;C;18;0;;2.16927;1.82953;0.22624;AZUL;1471;;0;2024;Texto extraído diretamente do caderno oficial.
158;MT;117856;C;18;0;;2.16927;1.82953;0.22624;AZUL;1471;;0;2024;Texto extraído diretamente do caderno oficial.
158;MT;117856;C;18;0;;2.16927;1.82953;0.22624;AZUL;1471;;0;2024;Texto extraído diretamente do caderno oficial.
136;MT;125949;A;13;0;;2.16007;2.55251;0.12173;AZUL;1407;;0;2024;Texto extraído diretamente do caderno oficial.
136;MT;125949;A;13;0;;2.16007;2.55251;0.12173;AZUL;1407;;0;2024;Texto extraído diretamente do caderno oficial.
136;MT;125949;A;13;0;;2.16007;2.55251;0.12173;AZUL;1407;;0;2024;Texto extraído diretamente do caderno oficial.
169;MT;111771;A;15;0;;2.15434;2.18988;0.10351;AZUL;1471;;0;2024;Texto extraído diretamente do caderno oficial.
169;MT;111771;A;15;0;;2.15434;2.18988;0.10351;AZUL;1471;;0;2024;Texto extraído diretamente do caderno oficial.
169;MT;111771;A;15;0;;2.15434;2.18988;0.10351;AZUL;1471;;0;2024;Texto extraído diretamente do caderno oficial.
69;CH;149860;C;29;0;;2.1539;0.20071;0.20024;AZUL;1431;;0;2024;Texto extraído diretamente do caderno oficial.
69;CH;149860;C;29;0;;2.1539;0.20071;0.20024;AZUL;1431;;0;2024;Texto extraído diretamente do caderno oficial.
69;CH;149860;C;29;0;;2.1539;0.20071;0.20024;AZUL;1343;;0;2024;Texto extraído diretamente do caderno oficial.
69;CH;149860;C;29;0;;2.1539;0.20071;0.20024;AZUL;1343;;0;2024;Texto extraído diretamente do caderno oficial.
69;CH;149860;C;29;0;;2.1539;0.20071;0.20024;AZUL;1431;;0;2024;Texto extraído diretamente do caderno oficial.
69;CH;149860;C;29;0;;2.1539;0.20071;0.20024;AZUL;1343;;0;2024;Texto extraído diretamente do caderno oficial.
141;MT;126034;E;18;0;;2.15211;1.80485;0.13117;AZUL;1363;;0;2024;Texto extraído diretamente do caderno oficial.
141;MT;126034;E;18;0;;2.15211;1.80485;0.13117;AZUL;1363;;0;2024;Texto extraído diretamente do caderno oficial.
141;MT;126034;E;18;0;;2.15211;1.80485;0.13117;AZUL;1363;;0;2024;Texto extraído diretamente do caderno oficial.
19;LC;150767;D;15;0;;2.13734;0.72568;0.23628;AZUL;1395;;0;2024;"*010175AZ32*
01
1 Dia 1 Dia
1°Capa 4°Capa
Transcreva a sua Redação para a Folha de Redação.
Azul 1 1 Azul
Amarelo 2 2 Amarelo
Branco 3 1 3 Branco
Rosa 4 2 4 Rosa
3
Ledor 9 9 Ledor
Libras 10 4 10 Libras
5
6
7
8
O
9
H
10
N O
11
U
12 Ã
C
13 Ç
S
14 A
A
15 D
16 R
E
17
R
18
A
19
D
20
21
22
23
24
2 Dia 2 Dia
1°Capa 25 4°Capa
Libras 12 26 12 Libras
Ledor 11 11 Ledor
27
28
Rosa 8 8 Rosa
Azul 7 29 7 Azul
Cinza 6 6 Cinza
30
Amarelo 5 5 Amarelo
01
BBB0011iiiggg00uuu11rrr77rrr55iiilllAAhhhZZooosss..ii...nniiinnndddddbbddd 33 11122 11224433////00006688////2222000022222244 11117766::::11442266::::00556699"
19;LC;150767;D;15;0;;2.13734;0.72568;0.23628;AZUL;1395;;0;2024;"*010175AZ32*
01
1 Dia 1 Dia
1°Capa 4°Capa
Transcreva a sua Redação para a Folha de Redação.
Azul 1 1 Azul
Amarelo 2 2 Amarelo
Branco 3 1 3 Branco
Rosa 4 2 4 Rosa
3
Ledor 9 9 Ledor
Libras 10 4 10 Libras
5
6
7
8
O
9
H
10
N O
11
U
12 Ã
C
13 Ç
S
14 A
A
15 D
16 R
E
17
R
18
A
19
D
20
21
22
23
24
2 Dia 2 Dia
1°Capa 25 4°Capa
Libras 12 26 12 Libras
Ledor 11 11 Ledor
27
28
Rosa 8 8 Rosa
Azul 7 29 7 Azul
Cinza 6 6 Cinza
30
Amarelo 5 5 Amarelo
01
BBB0011iiiggg00uuu11rrr77rrr55iiilllAAhhhZZooosss..ii...nniiinnndddddbbddd 33 11122 11224433////00006688////2222000022222244 11117766::::11442266::::00556699"
19;LC;150767;D;15;0;;2.13734;0.72568;0.23628;AZUL;1395;;0;2024;"*010175AZ32*
01
1 Dia 1 Dia
1°Capa 4°Capa
Transcreva a sua Redação para a Folha de Redação.
Azul 1 1 Azul
Amarelo 2 2 Amarelo
Branco 3 1 3 Branco
Rosa 4 2 4 Rosa
3
Ledor 9 9 Ledor
Libras 10 4 10 Libras
5
6
7
8
O
9
H
10
N O
11
U
12 Ã
C
13 Ç
S
14 A
A
15 D
16 R
E
17
R
18
A
19
D
20
21
22
23
24
2 Dia 2 Dia
1°Capa 25 4°Capa
Libras 12 26 12 Libras
Ledor 11 11 Ledor
27
28
Rosa 8 8 Rosa
Azul 7 29 7 Azul
Cinza 6 6 Cinza
30
Amarelo 5 5 Amarelo
01
BBB0011iiiggg00uuu11rrr77rrr55iiilllAAhhhZZooosss..ii...nniiinnndddddbbddd 33 11122 11224433////00006688////2222000022222244 11117766::::11442266::::00556699"
82;CH;95775;E;9;0;;2.13415;2.32504;0.17243;AZUL;1431;;0;2024;Texto extraído diretamente do caderno oficial.
82;CH;95775;E;9;0;;2.13415;2.32504;0.17243;AZUL;1431;;0;2024;Texto extraído diretamente do caderno oficial.
82;CH;95775;E;9;0;;2.13415;2.32504;0.17243;AZUL;1343;;0;2024;Texto extraído diretamente do caderno oficial.
82;CH;95775;E;9;0;;2.13415;2.32504;0.17243;AZUL;1343;;0;2024;Texto extraído diretamente do caderno oficial.
82;CH;95775;E;9;0;;2.13415;2.32504;0.17243;AZUL;1431;;0;2024;Texto extraído diretamente do caderno oficial.
82;CH;95775;E;9;0;;2.13415;2.32504;0.17243;AZUL;1343;;0;2024;Texto extraído diretamente do caderno oficial.
53;CH;149742;E;4;0;;2.12991;1.01053;0.1851;AZUL;1447;;0;2024;Texto extraído diretamente do caderno oficial.
53;CH;149742;E;4;0;;2.12991;1.01053;0.1851;AZUL;1447;;0;2024;Texto extraído diretamente do caderno oficial.
53;CH;149742;E;4;0;;2.12991;1.01053;0.1851;AZUL;1447;;0;2024;Texto extraído diretamente do caderno oficial.
26;LC;118254;B;11;0;;2.1269;-0.37854;0.00587;AZUL;1395;;0;2024;Texto extraído diretamente do caderno oficial.
26;LC;118254;B;11;0;;2.1269;-0.37854;0.00587;AZUL;1395;;0;2024;Texto extraído diretamente do caderno oficial.
26;LC;118254;B;11;0;;2.1269;-0.37854;0.00587;AZUL;1395;;0;2024;Texto extraído diretamente do caderno oficial.
9;LC;141206;E;10;0;;2.11831;-0.44202;0.19567;AZUL;1395;;0;2024;"*010175AZ32*
01
1 Dia 1 Dia
1°Capa 4°Capa
Transcreva a sua Redação para a Folha de Redação.
Azul 1 1 Azul
Amarelo 2 2 Amarelo
Branco 3 1 3 Branco
Rosa 4 2 4 Rosa
3
Ledor 9 9 Ledor
Libras 10 4 10 Libras
5
6
7
8
O
9
H
10
N O
11
U
12 Ã
C
13 Ç
S
14 A
A
15 D
16 R
E
17
R
18
A
19
D
20
21
22
23
24
2 Dia 2 Dia
1°Capa 25 4°Capa
Libras 12 26 12 Libras
Ledor 11 11 Ledor
27
28
Rosa 8 8 Rosa
Azul 7 29 7 Azul
Cinza 6 6 Cinza
30
Amarelo 5 5 Amarelo
01
BBB0011iiiggg00uuu11rrr77rrr55iiilllAAhhhZZooosss..ii...nniiinnndddddbbddd 33 11122 11224433////00006688////2222000022222244 11117766::::11442266::::00556699"
9;LC;141206;E;10;0;;2.11831;-0.44202;0.19567;AZUL;1395;;0;2024;"*010175AZ32*
01
1 Dia 1 Dia
1°Capa 4°Capa
Transcreva a sua Redação para a Folha de Redação.
Azul 1 1 Azul
Amarelo 2 2 Amarelo
Branco 3 1 3 Branco
Rosa 4 2 4 Rosa
3
Ledor 9 9 Ledor
Libras 10 4 10 Libras
5
6
7
8
O
9
H
10
N O
11
U
12 Ã
C
13 Ç
S
14 A
A
15 D
16 R
E
17
R
18
A
19
D
20
21
22
23
24
2 Dia 2 Dia
1°Capa 25 4°Capa
Libras 12 26 12 Libras
Ledor 11 11 Ledor
27
28
Rosa 8 8 Rosa
Azul 7 29 7 Azul
Cinza 6 6 Cinza
30
Amarelo 5 5 Amarelo
01
BBB0011iiiggg00uuu11rrr77rrr55iiilllAAhhhZZooosss..ii...nniiinnndddddbbddd 33 11122 11224433////00006688////2222000022222244 11117766::::11442266::::00556699"
9;LC;141206;E;10;0;;2.11831;-0.44202;0.19567;AZUL;1395;;0;2024;"*010175AZ32*
01
1 Dia 1 Dia
1°Capa 4°Capa
Transcreva a sua Redação para a Folha de Redação.
Azul 1 1 Azul
Amarelo 2 2 Amarelo
Branco 3 1 3 Branco
Rosa 4 2 4 Rosa
3
Ledor 9 9 Ledor
Libras 10 4 10 Libras
5
6
7
8
O
9
H
10
N O
11
U
12 Ã
C
13 Ç
S
14 A
A
15 D
16 R
E
17
R
18
A
19
D
20
21
22
23
24
2 Dia 2 Dia
1°Capa 25 4°Capa
Libras 12 26 12 Libras
Ledor 11 11 Ledor
27
28
Rosa 8 8 Rosa
Azul 7 29 7 Azul
Cinza 6 6 Cinza
30
Amarelo 5 5 Amarelo
01
BBB0011iiiggg00uuu11rrr77rrr55iiilllAAhhhZZooosss..ii...nniiinnndddddbbddd 33 11122 11224433////00006688////2222000022222244 11117766::::11442266::::00556699"
95;CN;111650;A;11;0;;2.1156;2.03104;0.04375;AZUL;1419;;0;2024;Texto extraído diretamente do caderno oficial.
95;CN;111650;A;11;0;;2.1156;2.03104;0.04375;AZUL;1419;;0;2024;Texto extraído diretamente do caderno oficial.
95;CN;111650;A;11;0;;2.1156;2.03104;0.04375;AZUL;1419;;0;2024;Texto extraído diretamente do caderno oficial.
122;CN;83554;D;15;0;;2.11332;0.37902;0.20512;AZUL;1373;;0;2024;Texto extraído diretamente do caderno oficial.
122;CN;83554;D;15;0;;2.11332;0.37902;0.20512;AZUL;1373;;0;2024;Texto extraído diretamente do caderno oficial.
122;CN;83554;D;15;0;;2.11332;0.37902;0.20512;AZUL;1373;;0;2024;Texto extraído diretamente do caderno oficial.
37;LC;141444;C;18;0;;2.10871;0.63797;0.12831;AZUL;1395;;0;2024;Texto extraído diretamente do caderno oficial.
37;LC;141444;C;18;0;;2.10871;0.63797;0.12831;AZUL;1395;;0;2024;Texto extraído diretamente do caderno oficial.
37;LC;141444;C;18;0;;2.10871;0.63797;0.12831;AZUL;1395;;0;2024;Texto extraído diretamente do caderno oficial.
129;CN;27182;B;11;0;;2.10805;1.4948;0.14338;AZUL;1373;;0;2024;Texto extraído diretamente do caderno oficial.
129;CN;27182;B;11;0;;2.10805;1.4948;0.14338;AZUL;1373;;0;2024;Texto extraído diretamente do caderno oficial.
129;CN;27182;B;11;0;;2.10805;1.4948;0.14338;AZUL;1373;;0;2024;Texto extraído diretamente do caderno oficial.
163;MT;117622;D;22;0;;2.10598;1.42213;0.10091;AZUL;1363;;0;2024;Texto extraído diretamente do caderno oficial.
163;MT;117622;D;22;0;;2.10598;1.42213;0.10091;AZUL;1363;;0;2024;Texto extraído diretamente do caderno oficial.
163;MT;117622;D;22;0;;2.10598;1.42213;0.10091;AZUL;1363;;0;2024;Texto extraído diretamente do caderno oficial.
52;CH;111982;C;21;0;;2.105;1.30323;0.13227;AZUL;1447;;0;2024;Texto extraído diretamente do caderno oficial.
52;CH;111982;C;21;0;;2.105;1.30323;0.13227;AZUL;1447;;0;2024;Texto extraído diretamente do caderno oficial.
52;CH;111982;C;21;0;;2.105;1.30323;0.13227;AZUL;1447;;0;2024;Texto extraído diretamente do caderno oficial.
126;CN;141743;A;11;0;;2.09622;1.56504;0.45158;AZUL;1419;;0;2024;Texto extraído diretamente do caderno oficial.
126;CN;141743;A;11;0;;2.09622;1.56504;0.45158;AZUL;1419;;0;2024;Texto extraído diretamente do caderno oficial.
126;CN;141743;A;11;0;;2.09622;1.56504;0.45158;AZUL;1419;;0;2024;Texto extraído diretamente do caderno oficial.
33;LC;140845;B;2;0;;2.09447;0.20656;0.13133;AZUL;1459;;0;2024;Texto extraído diretamente do caderno oficial.
33;LC;140845;B;2;0;;2.09447;0.20656;0.13133;AZUL;1459;;0;2024;Texto extraído diretamente do caderno oficial.
33;LC;140845;B;2;0;;2.09447;0.20656;0.13133;AZUL;1459;;0;2024;Texto extraído diretamente do caderno oficial.
151;MT;126027;E;7;0;;2.08753;1.72911;0.18351;AZUL;1363;;0;2024;Texto extraído diretamente do caderno oficial.
151;MT;126027;E;7;0;;2.08753;1.72911;0.18351;AZUL;1363;;0;2024;Texto extraído diretamente do caderno oficial.
151;MT;126027;E;7;0;;2.08753;1.72911;0.18351;AZUL;1363;;0;2024;Texto extraído diretamente do caderno oficial.
128;CN;111621;C;5;0;;2.08549;2.83027;0.2966;AZUL;1373;;0;2024;Texto extraído diretamente do caderno oficial.
128;CN;111621;C;5;0;;2.08549;2.83027;0.2966;AZUL;1373;;0;2024;Texto extraído diretamente do caderno oficial.
128;CN;111621;C;5;0;;2.08549;2.83027;0.2966;AZUL;1373;;0;2024;Texto extraído diretamente do caderno oficial.
59;CH;141166;E;28;0;;2.08344;0.95536;0.22914;AZUL;1431;;0;2024;Texto extraído diretamente do caderno oficial.
59;CH;141166;E;28;0;;2.08344;0.95536;0.22914;AZUL;1343;;0;2024;Texto extraído diretamente do caderno oficial.
59;CH;141166;E;28;0;;2.08344;0.95536;0.22914;AZUL;1431;;0;2024;Texto extraído diretamente do caderno oficial.
59;CH;141166;E;28;0;;2.08344;0.95536;0.22914;AZUL;1343;;0;2024;Texto extraído diretamente do caderno oficial.
59;CH;141166;E;28;0;;2.08344;0.95536;0.22914;AZUL;1343;;0;2024;Texto extraído diretamente do caderno oficial.
59;CH;141166;E;28;0;;2.08344;0.95536;0.22914;AZUL;1431;;0;2024;Texto extraído diretamente do caderno oficial.
145;MT;83076;B;4;0;;2.07038;2.11919;0.04391;AZUL;1363;;0;2024;Texto extraído diretamente do caderno oficial.
145;MT;83076;B;4;0;;2.07038;2.11919;0.04391;AZUL;1363;;0;2024;Texto extraído diretamente do caderno oficial.
145;MT;83076;B;4;0;;2.07038;2.11919;0.04391;AZUL;1363;;0;2024;Texto extraído diretamente do caderno oficial.
150;MT;31953;D;16;0;;2.05503;1.52998;0.26701;AZUL;1471;;0;2024;Texto extraído diretamente do caderno oficial.
150;MT;31953;D;16;0;;2.05503;1.52998;0.26701;AZUL;1471;;0;2024;Texto extraído diretamente do caderno oficial.
150;MT;31953;D;16;0;;2.05503;1.52998;0.26701;AZUL;1471;;0;2024;Texto extraído diretamente do caderno oficial.
85;CH;111807;C;10;0;;2.05227;1.04175;0.1734;AZUL;1431;;0;2024;Texto extraído diretamente do caderno oficial.
85;CH;111807;C;10;0;;2.05227;1.04175;0.1734;AZUL;1431;;0;2024;Texto extraído diretamente do caderno oficial.
85;CH;111807;C;10;0;;2.05227;1.04175;0.1734;AZUL;1343;;0;2024;Texto extraído diretamente do caderno oficial.
85;CH;111807;C;10;0;;2.05227;1.04175;0.1734;AZUL;1343;;0;2024;Texto extraído diretamente do caderno oficial.
85;CH;111807;C;10;0;;2.05227;1.04175;0.1734;AZUL;1431;;0;2024;Texto extraído diretamente do caderno oficial.
85;CH;111807;C;10;0;;2.05227;1.04175;0.1734;AZUL;1343;;0;2024;Texto extraído diretamente do caderno oficial.
24;LC;150674;B;2;0;;2.05176;0.63313;0.21138;AZUL;1459;;0;2024;"*010175AZ32*
01
1 Dia 1 Dia
1°Capa 4°Capa
Transcreva a sua Redação para a Folha de Redação.
Azul 1 1 Azul
Amarelo 2 2 Amarelo
Branco 3 1 3 Branco
Rosa 4 2 4 Rosa
3
Ledor 9 9 Ledor
Libras 10 4 10 Libras
5
6
7
8
O
9
H
10
N O
11
U
12 Ã
C
13 Ç
S
14 A
A
15 D
16 R
E
17
R
18
A
19
D
20
21
22
23
24
2 Dia 2 Dia
1°Capa 25 4°Capa
Libras 12 26 12 Libras
Ledor 11 11 Ledor
27
28
Rosa 8 8 Rosa
Azul 7 29 7 Azul
Cinza 6 6 Cinza
30
Amarelo 5 5 Amarelo
01
BBB0011iiiggg00uuu11rrr77rrr55iiilllAAhhhZZooosss..ii...nniiinnndddddbbddd 33 11122 11224433////00006688////2222000022222244 11117766::::11442266::::00556699"
24;LC;150674;B;2;0;;2.05176;0.63313;0.21138;AZUL;1459;;0;2024;"*010175AZ32*
01
1 Dia 1 Dia
1°Capa 4°Capa
Transcreva a sua Redação para a Folha de Redação.
Azul 1 1 Azul
Amarelo 2 2 Amarelo
Branco 3 1 3 Branco
Rosa 4 2 4 Rosa
3
Ledor 9 9 Ledor
Libras 10 4 10 Libras
5
6
7
8
O
9
H
10
N O
11
U
12 Ã
C
13 Ç
S
14 A
A
15 D
16 R
E
17
R
18
A
19
D
20
21
22
23
24
2 Dia 2 Dia
1°Capa 25 4°Capa
Libras 12 26 12 Libras
Ledor 11 11 Ledor
27
28
Rosa 8 8 Rosa
Azul 7 29 7 Azul
Cinza 6 6 Cinza
30
Amarelo 5 5 Amarelo
01
BBB0011iiiggg00uuu11rrr77rrr55iiilllAAhhhZZooosss..ii...nniiinnndddddbbddd 33 11122 11224433////00006688////2222000022222244 11117766::::11442266::::00556699"
24;LC;150674;B;2;0;;2.05176;0.63313;0.21138;AZUL;1459;;0;2024;"*010175AZ32*
01
1 Dia 1 Dia
1°Capa 4°Capa
Transcreva a sua Redação para a Folha de Redação.
Azul 1 1 Azul
Amarelo 2 2 Amarelo
Branco 3 1 3 Branco
Rosa 4 2 4 Rosa
3
Ledor 9 9 Ledor
Libras 10 4 10 Libras
5
6
7
8
O
9
H
10
N O
11
U
12 Ã
C
13 Ç
S
14 A
A
15 D
16 R
E
17
R
18
A
19
D
20
21
22
23
24
2 Dia 2 Dia
1°Capa 25 4°Capa
Libras 12 26 12 Libras
Ledor 11 11 Ledor
27
28
Rosa 8 8 Rosa
Azul 7 29 7 Azul
Cinza 6 6 Cinza
30
Amarelo 5 5 Amarelo
01
BBB0011iiiggg00uuu11rrr77rrr55iiilllAAhhhZZooosss..ii...nniiinnndddddbbddd 33 11122 11224433////00006688////2222000022222244 11117766::::11442266::::00556699"
7;LC;157750;C;1;0;;2.05162;0.89837;0.20823;AZUL;1459;;0;2024;"*010175AZ32*
01
1 Dia 1 Dia
1°Capa 4°Capa
Transcreva a sua Redação para a Folha de Redação.
Azul 1 1 Azul
Amarelo 2 2 Amarelo
Branco 3 1 3 Branco
Rosa 4 2 4 Rosa
3
Ledor 9 9 Ledor
Libras 10 4 10 Libras
5
6
7
8
O
9
H
10
N O
11
U
12 Ã
C
13 Ç
S
14 A
A
15 D
16 R
E
17
R
18
A
19
D
20
21
22
23
24
2 Dia 2 Dia
1°Capa 25 4°Capa
Libras 12 26 12 Libras
Ledor 11 11 Ledor
27
28
Rosa 8 8 Rosa
Azul 7 29 7 Azul
Cinza 6 6 Cinza
30
Amarelo 5 5 Amarelo
01
BBB0011iiiggg00uuu11rrr77rrr55iiilllAAhhhZZooosss..ii...nniiinnndddddbbddd 33 11122 11224433////00006688////2222000022222244 11117766::::11442266::::00556699"
7;LC;157750;C;1;0;;2.05162;0.89837;0.20823;AZUL;1459;;0;2024;"*010175AZ32*
01
1 Dia 1 Dia
1°Capa 4°Capa
Transcreva a sua Redação para a Folha de Redação.
Azul 1 1 Azul
Amarelo 2 2 Amarelo
Branco 3 1 3 Branco
Rosa 4 2 4 Rosa
3
Ledor 9 9 Ledor
Libras 10 4 10 Libras
5
6
7
8
O
9
H
10
N O
11
U
12 Ã
C
13 Ç
S
14 A
A
15 D
16 R
E
17
R
18
A
19
D
20
21
22
23
24
2 Dia 2 Dia
1°Capa 25 4°Capa
Libras 12 26 12 Libras
Ledor 11 11 Ledor
27
28
Rosa 8 8 Rosa
Azul 7 29 7 Azul
Cinza 6 6 Cinza
30
Amarelo 5 5 Amarelo
01
BBB0011iiiggg00uuu11rrr77rrr55iiilllAAhhhZZooosss..ii...nniiinnndddddbbddd 33 11122 11224433////00006688////2222000022222244 11117766::::11442266::::00556699"
7;LC;157750;C;1;0;;2.05162;0.89837;0.20823;AZUL;1459;;0;2024;"*010175AZ32*
01
1 Dia 1 Dia
1°Capa 4°Capa
Transcreva a sua Redação para a Folha de Redação.
Azul 1 1 Azul
Amarelo 2 2 Amarelo
Branco 3 1 3 Branco
Rosa 4 2 4 Rosa
3
Ledor 9 9 Ledor
Libras 10 4 10 Libras
5
6
7
8
O
9
H
10
N O
11
U
12 Ã
C
13 Ç
S
14 A
A
15 D
16 R
E
17
R
18
A
19
D
20
21
22
23
24
2 Dia 2 Dia
1°Capa 25 4°Capa
Libras 12 26 12 Libras
Ledor 11 11 Ledor
27
28
Rosa 8 8 Rosa
Azul 7 29 7 Azul
Cinza 6 6 Cinza
30
Amarelo 5 5 Amarelo
01
BBB0011iiiggg00uuu11rrr77rrr55iiilllAAhhhZZooosss..ii...nniiinnndddddbbddd 33 11122 11224433////00006688////2222000022222244 11117766::::11442266::::00556699"
124;CN;117817;D;22;0;;2.05051;1.77607;0.18888;AZUL;1373;;0;2024;Texto extraído diretamente do caderno oficial.
124;CN;117817;D;22;0;;2.05051;1.77607;0.18888;AZUL;1373;;0;2024;Texto extraído diretamente do caderno oficial.
124;CN;117817;D;22;0;;2.05051;1.77607;0.18888;AZUL;1373;;0;2024;Texto extraído diretamente do caderno oficial.
44;LC;26631;D;15;0;;2.03866;1.24664;0.21583;AZUL;1353;;0;2024;Texto extraído diretamente do caderno oficial.
44;LC;26631;D;15;0;;2.03866;1.24664;0.21583;AZUL;1441;;0;2024;Texto extraído diretamente do caderno oficial.
44;LC;26631;D;15;0;;2.03866;1.24664;0.21583;AZUL;1441;;0;2024;Texto extraído diretamente do caderno oficial.
44;LC;26631;D;15;0;;2.03866;1.24664;0.21583;AZUL;1353;;0;2024;Texto extraído diretamente do caderno oficial.
44;LC;26631;D;15;0;;2.03866;1.24664;0.21583;AZUL;1441;;0;2024;Texto extraído diretamente do caderno oficial.
44;LC;26631;D;15;0;;2.03866;1.24664;0.21583;AZUL;1353;;0;2024;Texto extraído diretamente do caderno oficial.
15;LC;153556;A;13;0;;2.03689;0.74331;0.21068;AZUL;1459;;0;2024;Texto extraído diretamente do caderno oficial.
15;LC;153556;A;13;0;;2.03689;0.74331;0.21068;AZUL;1459;;0;2024;Texto extraído diretamente do caderno oficial.
15;LC;153556;A;13;0;;2.03689;0.74331;0.21068;AZUL;1459;;0;2024;Texto extraído diretamente do caderno oficial.
118;CN;76686;C;18;0;;2.02857;1.75727;0.19989;AZUL;1483;;0;2024;Texto extraído diretamente do caderno oficial.
118;CN;76686;C;18;0;;2.02857;1.75727;0.19989;AZUL;1483;;0;2024;Texto extraído diretamente do caderno oficial.
118;CN;76686;C;18;0;;2.02857;1.75727;0.19989;AZUL;1483;;0;2024;Texto extraído diretamente do caderno oficial.
109;CN;111737;E;27;0;;2.02566;1.00774;0.21991;AZUL;1483;;0;2024;Texto extraído diretamente do caderno oficial.
109;CN;111737;E;27;0;;2.02566;1.00774;0.21991;AZUL;1483;;0;2024;Texto extraído diretamente do caderno oficial.
109;CN;111737;E;27;0;;2.02566;1.00774;0.21991;AZUL;1483;;0;2024;Texto extraído diretamente do caderno oficial.
158;MT;117615;B;23;0;;2.02503;1.88946;0.19048;AZUL;1363;;0;2024;Texto extraído diretamente do caderno oficial.
158;MT;117615;B;23;0;;2.02503;1.88946;0.19048;AZUL;1363;;0;2024;Texto extraído diretamente do caderno oficial.
158;MT;117615;B;23;0;;2.02503;1.88946;0.19048;AZUL;1363;;0;2024;Texto extraído diretamente do caderno oficial.
152;MT;16995;D;28;0;;2.02208;2.22726;0.16081;AZUL;1471;;0;2024;Texto extraído diretamente do caderno oficial.
152;MT;16995;D;28;0;;2.02208;2.22726;0.16081;AZUL;1471;;0;2024;Texto extraído diretamente do caderno oficial.
152;MT;16995;D;28;0;;2.02208;2.22726;0.16081;AZUL;1471;;0;2024;Texto extraído diretamente do caderno oficial.
161;MT;141518;A;6;0;;2.02129;1.26856;0.1775;AZUL;1471;;0;2024;Texto extraído diretamente do caderno oficial.
161;MT;141518;A;6;0;;2.02129;1.26856;0.1775;AZUL;1471;;0;2024;Texto extraído diretamente do caderno oficial.
161;MT;141518;A;6;0;;2.02129;1.26856;0.1775;AZUL;1471;;0;2024;Texto extraído diretamente do caderno oficial.
120;CN;117878;B;30;0;;2.01857;1.22451;0.12408;AZUL;1419;;0;2024;Texto extraído diretamente do caderno oficial.
120;CN;117878;B;30;0;;2.01857;1.22451;0.12408;AZUL;1419;;0;2024;Texto extraído diretamente do caderno oficial.
120;CN;117878;B;30;0;;2.01857;1.22451;0.12408;AZUL;1419;;0;2024;Texto extraído diretamente do caderno oficial.
109;CN;111460;B;14;0;;1.98922;0.99384;0.18343;AZUL;1419;;0;2024;Texto extraído diretamente do caderno oficial.
109;CN;111460;B;14;0;;1.98922;0.99384;0.18343;AZUL;1419;;0;2024;Texto extraído diretamente do caderno oficial.
109;CN;111460;B;14;0;;1.98922;0.99384;0.18343;AZUL;1419;;0;2024;Texto extraído diretamente do caderno oficial.
74;CH;141032;B;3;0;;1.98686;1.43691;0.21777;AZUL;1383;;0;2024;Texto extraído diretamente do caderno oficial.
74;CH;141032;B;3;0;;1.98686;1.43691;0.21777;AZUL;1383;;0;2024;Texto extraído diretamente do caderno oficial.
74;CH;141032;B;3;0;;1.98686;1.43691;0.21777;AZUL;1383;;0;2024;Texto extraído diretamente do caderno oficial.
63;CH;141016;B;21;0;;1.98242;0.67856;0.24558;AZUL;1383;;0;2024;Texto extraído diretamente do caderno oficial.
63;CH;141016;B;21;0;;1.98242;0.67856;0.24558;AZUL;1383;;0;2024;Texto extraído diretamente do caderno oficial.
63;CH;141016;B;21;0;;1.98242;0.67856;0.24558;AZUL;1383;;0;2024;Texto extraído diretamente do caderno oficial.
81;CH;140932;E;25;0;;1.9729;1.40956;0.20847;AZUL;1447;;0;2024;Texto extraído diretamente do caderno oficial.
81;CH;140932;E;25;0;;1.9729;1.40956;0.20847;AZUL;1447;;0;2024;Texto extraído diretamente do caderno oficial.
81;CH;140932;E;25;0;;1.9729;1.40956;0.20847;AZUL;1447;;0;2024;Texto extraído diretamente do caderno oficial.
116;CN;117734;C;28;0;;1.97245;1.25206;0.09695;AZUL;1483;;0;2024;Texto extraído diretamente do caderno oficial.
116;CN;117734;C;28;0;;1.97245;1.25206;0.09695;AZUL;1483;;0;2024;Texto extraído diretamente do caderno oficial.
116;CN;117734;C;28;0;;1.97245;1.25206;0.09695;AZUL;1483;;0;2024;Texto extraído diretamente do caderno oficial.
163;MT;17539;D;12;0;;1.97145;2.29841;0.14642;AZUL;1407;;0;2024;Texto extraído diretamente do caderno oficial.
163;MT;17539;D;12;0;;1.97145;2.29841;0.14642;AZUL;1407;;0;2024;Texto extraído diretamente do caderno oficial.
163;MT;17539;D;12;0;;1.97145;2.29841;0.14642;AZUL;1407;;0;2024;Texto extraído diretamente do caderno oficial.
168;MT;111549;A;15;0;;1.96986;1.25923;0.16841;AZUL;1407;;0;2024;Texto extraído diretamente do caderno oficial.
168;MT;111549;A;15;0;;1.96986;1.25923;0.16841;AZUL;1407;;0;2024;Texto extraído diretamente do caderno oficial.
168;MT;111549;A;15;0;;1.96986;1.25923;0.16841;AZUL;1407;;0;2024;Texto extraído diretamente do caderno oficial.
111;CN;56084;A;28;0;;1.96491;1.28856;0.18913;AZUL;1373;;0;2024;Texto extraído diretamente do caderno oficial.
111;CN;56084;A;28;0;;1.96491;1.28856;0.18913;AZUL;1373;;0;2024;Texto extraído diretamente do caderno oficial.
111;CN;56084;A;28;0;;1.96491;1.28856;0.18913;AZUL;1373;;0;2024;Texto extraído diretamente do caderno oficial.
87;CH;141010;A;24;0;;1.95249;0.25646;0.21057;AZUL;1383;;0;2024;Texto extraído diretamente do caderno oficial.
87;CH;141010;A;24;0;;1.95249;0.25646;0.21057;AZUL;1383;;0;2024;Texto extraído diretamente do caderno oficial.
87;CH;141010;A;24;0;;1.95249;0.25646;0.21057;AZUL;1383;;0;2024;Texto extraído diretamente do caderno oficial.
24;LC;150665;D;25;0;;1.94371;1.34885;0.14161;AZUL;1395;;0;2024;"*010175AZ32*
01
1 Dia 1 Dia
1°Capa 4°Capa
Transcreva a sua Redação para a Folha de Redação.
Azul 1 1 Azul
Amarelo 2 2 Amarelo
Branco 3 1 3 Branco
Rosa 4 2 4 Rosa
3
Ledor 9 9 Ledor
Libras 10 4 10 Libras
5
6
7
8
O
9
H
10
N O
11
U
12 Ã
C
13 Ç
S
14 A
A
15 D
16 R
E
17
R
18
A
19
D
20
21
22
23
24
2 Dia 2 Dia
1°Capa 25 4°Capa
Libras 12 26 12 Libras
Ledor 11 11 Ledor
27
28
Rosa 8 8 Rosa
Azul 7 29 7 Azul
Cinza 6 6 Cinza
30
Amarelo 5 5 Amarelo
01
BBB0011iiiggg00uuu11rrr77rrr55iiilllAAhhhZZooosss..ii...nniiinnndddddbbddd 33 11122 11224433////00006688////2222000022222244 11117766::::11442266::::00556699"
24;LC;150665;D;25;0;;1.94371;1.34885;0.14161;AZUL;1395;;0;2024;"*010175AZ32*
01
1 Dia 1 Dia
1°Capa 4°Capa
Transcreva a sua Redação para a Folha de Redação.
Azul 1 1 Azul
Amarelo 2 2 Amarelo
Branco 3 1 3 Branco
Rosa 4 2 4 Rosa
3
Ledor 9 9 Ledor
Libras 10 4 10 Libras
5
6
7
8
O
9
H
10
N O
11
U
12 Ã
C
13 Ç
S
14 A
A
15 D
16 R
E
17
R
18
A
19
D
20
21
22
23
24
2 Dia 2 Dia
1°Capa 25 4°Capa
Libras 12 26 12 Libras
Ledor 11 11 Ledor
27
28
Rosa 8 8 Rosa
Azul 7 29 7 Azul
Cinza 6 6 Cinza
30
Amarelo 5 5 Amarelo
01
BBB0011iiiggg00uuu11rrr77rrr55iiilllAAhhhZZooosss..ii...nniiinnndddddbbddd 33 11122 11224433////00006688////2222000022222244 11117766::::11442266::::00556699"
24;LC;150665;D;25;0;;1.94371;1.34885;0.14161;AZUL;1395;;0;2024;"*010175AZ32*
01
1 Dia 1 Dia
1°Capa 4°Capa
Transcreva a sua Redação para a Folha de Redação.
Azul 1 1 Azul
Amarelo 2 2 Amarelo
Branco 3 1 3 Branco
Rosa 4 2 4 Rosa
3
Ledor 9 9 Ledor
Libras 10 4 10 Libras
5
6
7
8
O
9
H
10
N O
11
U
12 Ã
C
13 Ç
S
14 A
A
15 D
16 R
E
17
R
18
A
19
D
20
21
22
23
24
2 Dia 2 Dia
1°Capa 25 4°Capa
Libras 12 26 12 Libras
Ledor 11 11 Ledor
27
28
Rosa 8 8 Rosa
Azul 7 29 7 Azul
Cinza 6 6 Cinza
30
Amarelo 5 5 Amarelo
01
BBB0011iiiggg00uuu11rrr77rrr55iiilllAAhhhZZooosss..ii...nniiinnndddddbbddd 33 11122 11224433////00006688////2222000022222244 11117766::::11442266::::00556699"
2;LC;140789;D;8;0;;1.94088;1.08527;0.16079;AZUL;1395;1.0;0;2024;Texto extraído diretamente do caderno oficial.
2;LC;140789;D;8;0;;1.94088;1.08527;0.16079;AZUL;1395;1.0;0;2024;Texto extraído diretamente do caderno oficial.
2;LC;140789;D;8;0;;1.94088;1.08527;0.16079;AZUL;1395;1.0;0;2024;Texto extraído diretamente do caderno oficial.
94;CN;141609;D;5;0;;1.93986;1.47354;0.11645;AZUL;1483;;0;2024;Texto extraído diretamente do caderno oficial.
94;CN;141609;D;5;0;;1.93986;1.47354;0.11645;AZUL;1483;;0;2024;Texto extraído diretamente do caderno oficial.
94;CN;141609;D;5;0;;1.93986;1.47354;0.11645;AZUL;1483;;0;2024;Texto extraído diretamente do caderno oficial.
178;MT;14995;E;27;0;;1.93962;0.73478;0.12274;AZUL;1407;;0;2024;Texto extraído diretamente do caderno oficial.
178;MT;14995;E;27;0;;1.93962;0.73478;0.12274;AZUL;1407;;0;2024;Texto extraído diretamente do caderno oficial.
178;MT;14995;E;27;0;;1.93962;0.73478;0.12274;AZUL;1407;;0;2024;Texto extraído diretamente do caderno oficial.
100;CN;118000;C;6;0;;1.93635;1.77293;0.24579;AZUL;1419;;0;2024;Texto extraído diretamente do caderno oficial.
100;CN;118000;C;6;0;;1.93635;1.77293;0.24579;AZUL;1419;;0;2024;Texto extraído diretamente do caderno oficial.
100;CN;118000;C;6;0;;1.93635;1.77293;0.24579;AZUL;1419;;0;2024;Texto extraído diretamente do caderno oficial.
21;LC;120370;B;13;0;;1.93512;0.23569;0.19848;AZUL;1441;;0;2024;"*010175AZ32*
01
1 Dia 1 Dia
1°Capa 4°Capa
Transcreva a sua Redação para a Folha de Redação.
Azul 1 1 Azul
Amarelo 2 2 Amarelo
Branco 3 1 3 Branco
Rosa 4 2 4 Rosa
3
Ledor 9 9 Ledor
Libras 10 4 10 Libras
5
6
7
8
O
9
H
10
N O
11
U
12 Ã
C
13 Ç
S
14 A
A
15 D
16 R
E
17
R
18
A
19
D
20
21
22
23
24
2 Dia 2 Dia
1°Capa 25 4°Capa
Libras 12 26 12 Libras
Ledor 11 11 Ledor
27
28
Rosa 8 8 Rosa
Azul 7 29 7 Azul
Cinza 6 6 Cinza
30
Amarelo 5 5 Amarelo
01
BBB0011iiiggg00uuu11rrr77rrr55iiilllAAhhhZZooosss..ii...nniiinnndddddbbddd 33 11122 11224433////00006688////2222000022222244 11117766::::11442266::::00556699"
21;LC;120370;B;13;0;;1.93512;0.23569;0.19848;AZUL;1353;;0;2024;"*010175AZ32*
01
1 Dia 1 Dia
1°Capa 4°Capa
Transcreva a sua Redação para a Folha de Redação.
Azul 1 1 Azul
Amarelo 2 2 Amarelo
Branco 3 1 3 Branco
Rosa 4 2 4 Rosa
3
Ledor 9 9 Ledor
Libras 10 4 10 Libras
5
6
7
8
O
9
H
10
N O
11
U
12 Ã
C
13 Ç
S
14 A
A
15 D
16 R
E
17
R
18
A
19
D
20
21
22
23
24
2 Dia 2 Dia
1°Capa 25 4°Capa
Libras 12 26 12 Libras
Ledor 11 11 Ledor
27
28
Rosa 8 8 Rosa
Azul 7 29 7 Azul
Cinza 6 6 Cinza
30
Amarelo 5 5 Amarelo
01
BBB0011iiiggg00uuu11rrr77rrr55iiilllAAhhhZZooosss..ii...nniiinnndddddbbddd 33 11122 11224433////00006688////2222000022222244 11117766::::11442266::::00556699"
21;LC;120370;B;13;0;;1.93512;0.23569;0.19848;AZUL;1353;;0;2024;"*010175AZ32*
01
1 Dia 1 Dia
1°Capa 4°Capa
Transcreva a sua Redação para a Folha de Redação.
Azul 1 1 Azul
Amarelo 2 2 Amarelo
Branco 3 1 3 Branco
Rosa 4 2 4 Rosa
3
Ledor 9 9 Ledor
Libras 10 4 10 Libras
5
6
7
8
O
9
H
10
N O
11
U
12 Ã
C
13 Ç
S
14 A
A
15 D
16 R
E
17
R
18
A
19
D
20
21
22
23
24
2 Dia 2 Dia
1°Capa 25 4°Capa
Libras 12 26 12 Libras
Ledor 11 11 Ledor
27
28
Rosa 8 8 Rosa
Azul 7 29 7 Azul
Cinza 6 6 Cinza
30
Amarelo 5 5 Amarelo
01
BBB0011iiiggg00uuu11rrr77rrr55iiilllAAhhhZZooosss..ii...nniiinnndddddbbddd 33 11122 11224433////00006688////2222000022222244 11117766::::11442266::::00556699"
21;LC;120370;B;13;0;;1.93512;0.23569;0.19848;AZUL;1441;;0;2024;"*010175AZ32*
01
1 Dia 1 Dia
1°Capa 4°Capa
Transcreva a sua Redação para a Folha de Redação.
Azul 1 1 Azul
Amarelo 2 2 Amarelo
Branco 3 1 3 Branco
Rosa 4 2 4 Rosa
3
Ledor 9 9 Ledor
Libras 10 4 10 Libras
5
6
7
8
O
9
H
10
N O
11
U
12 Ã
C
13 Ç
S
14 A
A
15 D
16 R
E
17
R
18
A
19
D
20
21
22
23
24
2 Dia 2 Dia
1°Capa 25 4°Capa
Libras 12 26 12 Libras
Ledor 11 11 Ledor
27
28
Rosa 8 8 Rosa
Azul 7 29 7 Azul
Cinza 6 6 Cinza
30
Amarelo 5 5 Amarelo
01
BBB0011iiiggg00uuu11rrr77rrr55iiilllAAhhhZZooosss..ii...nniiinnndddddbbddd 33 11122 11224433////00006688////2222000022222244 11117766::::11442266::::00556699"
21;LC;120370;B;13;0;;1.93512;0.23569;0.19848;AZUL;1441;;0;2024;"*010175AZ32*
01
1 Dia 1 Dia
1°Capa 4°Capa
Transcreva a sua Redação para a Folha de Redação.
Azul 1 1 Azul
Amarelo 2 2 Amarelo
Branco 3 1 3 Branco
Rosa 4 2 4 Rosa
3
Ledor 9 9 Ledor
Libras 10 4 10 Libras
5
6
7
8
O
9
H
10
N O
11
U
12 Ã
C
13 Ç
S
14 A
A
15 D
16 R
E
17
R
18
A
19
D
20
21
22
23
24
2 Dia 2 Dia
1°Capa 25 4°Capa
Libras 12 26 12 Libras
Ledor 11 11 Ledor
27
28
Rosa 8 8 Rosa
Azul 7 29 7 Azul
Cinza 6 6 Cinza
30
Amarelo 5 5 Amarelo
01
BBB0011iiiggg00uuu11rrr77rrr55iiilllAAhhhZZooosss..ii...nniiinnndddddbbddd 33 11122 11224433////00006688////2222000022222244 11117766::::11442266::::00556699"
21;LC;120370;B;13;0;;1.93512;0.23569;0.19848;AZUL;1353;;0;2024;"*010175AZ32*
01
1 Dia 1 Dia
1°Capa 4°Capa
Transcreva a sua Redação para a Folha de Redação.
Azul 1 1 Azul
Amarelo 2 2 Amarelo
Branco 3 1 3 Branco
Rosa 4 2 4 Rosa
3
Ledor 9 9 Ledor
Libras 10 4 10 Libras
5
6
7
8
O
9
H
10
N O
11
U
12 Ã
C
13 Ç
S
14 A
A
15 D
16 R
E
17
R
18
A
19
D
20
21
22
23
24
2 Dia 2 Dia
1°Capa 25 4°Capa
Libras 12 26 12 Libras
Ledor 11 11 Ledor
27
28
Rosa 8 8 Rosa
Azul 7 29 7 Azul
Cinza 6 6 Cinza
30
Amarelo 5 5 Amarelo
01
BBB0011iiiggg00uuu11rrr77rrr55iiilllAAhhhZZooosss..ii...nniiinnndddddbbddd 33 11122 11224433////00006688////2222000022222244 11117766::::11442266::::00556699"
47;CH;125735;D;29;0;;1.93462;0.98037;0.16564;AZUL;1447;;0;2024;Texto extraído diretamente do caderno oficial.
47;CH;125735;D;29;0;;1.93462;0.98037;0.16564;AZUL;1447;;0;2024;Texto extraído diretamente do caderno oficial.
47;CH;125735;D;29;0;;1.93462;0.98037;0.16564;AZUL;1447;;0;2024;Texto extraído diretamente do caderno oficial.
178;MT;8460;E;29;0;;1.92684;2.8078;0.08127;AZUL;1471;;0;2024;Texto extraído diretamente do caderno oficial.
178;MT;8460;E;29;0;;1.92684;2.8078;0.08127;AZUL;1471;;0;2024;Texto extraído diretamente do caderno oficial.
178;MT;8460;E;29;0;;1.92684;2.8078;0.08127;AZUL;1471;;0;2024;Texto extraído diretamente do caderno oficial.
142;MT;125950;E;6;0;;1.92613;2.49551;0.13769;AZUL;1363;;0;2024;Texto extraído diretamente do caderno oficial.
142;MT;125950;E;6;0;;1.92613;2.49551;0.13769;AZUL;1363;;0;2024;Texto extraído diretamente do caderno oficial.
142;MT;125950;E;6;0;;1.92613;2.49551;0.13769;AZUL;1363;;0;2024;Texto extraído diretamente do caderno oficial.
154;MT;55806;C;27;0;;1.91272;0.6447;0.18144;AZUL;1407;;0;2024;Texto extraído diretamente do caderno oficial.
154;MT;55806;C;27;0;;1.91272;0.6447;0.18144;AZUL;1407;;0;2024;Texto extraído diretamente do caderno oficial.
154;MT;55806;C;27;0;;1.91272;0.6447;0.18144;AZUL;1407;;0;2024;Texto extraído diretamente do caderno oficial.
5;LC;140727;C;6;0;;1.90346;0.06765;0.17804;AZUL;1441;1.0;0;2024;"*010175AZ32*
01
1 Dia 1 Dia
1°Capa 4°Capa
Transcreva a sua Redação para a Folha de Redação.
Azul 1 1 Azul
Amarelo 2 2 Amarelo
Branco 3 1 3 Branco
Rosa 4 2 4 Rosa
3
Ledor 9 9 Ledor
Libras 10 4 10 Libras
5
6
7
8
O
9
H
10
N O
11
U
12 Ã
C
13 Ç
S
14 A
A
15 D
16 R
E
17
R
18
A
19
D
20
21
22
23
24
2 Dia 2 Dia
1°Capa 25 4°Capa
Libras 12 26 12 Libras
Ledor 11 11 Ledor
27
28
Rosa 8 8 Rosa
Azul 7 29 7 Azul
Cinza 6 6 Cinza
30
Amarelo 5 5 Amarelo
01
BBB0011iiiggg00uuu11rrr77rrr55iiilllAAhhhZZooosss..ii...nniiinnndddddbbddd 33 11122 11224433////00006688////2222000022222244 11117766::::11442266::::00556699"
5;LC;140727;C;6;0;;1.90346;0.06765;0.17804;AZUL;1441;1.0;0;2024;"*010175AZ32*
01
1 Dia 1 Dia
1°Capa 4°Capa
Transcreva a sua Redação para a Folha de Redação.
Azul 1 1 Azul
Amarelo 2 2 Amarelo
Branco 3 1 3 Branco
Rosa 4 2 4 Rosa
3
Ledor 9 9 Ledor
Libras 10 4 10 Libras
5
6
7
8
O
9
H
10
N O
11
U
12 Ã
C
13 Ç
S
14 A
A
15 D
16 R
E
17
R
18
A
19
D
20
21
22
23
24
2 Dia 2 Dia
1°Capa 25 4°Capa
Libras 12 26 12 Libras
Ledor 11 11 Ledor
27
28
Rosa 8 8 Rosa
Azul 7 29 7 Azul
Cinza 6 6 Cinza
30
Amarelo 5 5 Amarelo
01
BBB0011iiiggg00uuu11rrr77rrr55iiilllAAhhhZZooosss..ii...nniiinnndddddbbddd 33 11122 11224433////00006688////2222000022222244 11117766::::11442266::::00556699"
5;LC;140727;C;6;0;;1.90346;0.06765;0.17804;AZUL;1353;1.0;0;2024;"*010175AZ32*
01
1 Dia 1 Dia
1°Capa 4°Capa
Transcreva a sua Redação para a Folha de Redação.
Azul 1 1 Azul
Amarelo 2 2 Amarelo
Branco 3 1 3 Branco
Rosa 4 2 4 Rosa
3
Ledor 9 9 Ledor
Libras 10 4 10 Libras
5
6
7
8
O
9
H
10
N O
11
U
12 Ã
C
13 Ç
S
14 A
A
15 D
16 R
E
17
R
18
A
19
D
20
21
22
23
24
2 Dia 2 Dia
1°Capa 25 4°Capa
Libras 12 26 12 Libras
Ledor 11 11 Ledor
27
28
Rosa 8 8 Rosa
Azul 7 29 7 Azul
Cinza 6 6 Cinza
30
Amarelo 5 5 Amarelo
01
BBB0011iiiggg00uuu11rrr77rrr55iiilllAAhhhZZooosss..ii...nniiinnndddddbbddd 33 11122 11224433////00006688////2222000022222244 11117766::::11442266::::00556699"
5;LC;140727;C;6;0;;1.90346;0.06765;0.17804;AZUL;1353;1.0;0;2024;"*010175AZ32*
01
1 Dia 1 Dia
1°Capa 4°Capa
Transcreva a sua Redação para a Folha de Redação.
Azul 1 1 Azul
Amarelo 2 2 Amarelo
Branco 3 1 3 Branco
Rosa 4 2 4 Rosa
3
Ledor 9 9 Ledor
Libras 10 4 10 Libras
5
6
7
8
O
9
H
10
N O
11
U
12 Ã
C
13 Ç
S
14 A
A
15 D
16 R
E
17
R
18
A
19
D
20
21
22
23
24
2 Dia 2 Dia
1°Capa 25 4°Capa
Libras 12 26 12 Libras
Ledor 11 11 Ledor
27
28
Rosa 8 8 Rosa
Azul 7 29 7 Azul
Cinza 6 6 Cinza
30
Amarelo 5 5 Amarelo
01
BBB0011iiiggg00uuu11rrr77rrr55iiilllAAhhhZZooosss..ii...nniiinnndddddbbddd 33 11122 11224433////00006688////2222000022222244 11117766::::11442266::::00556699"
5;LC;140727;C;6;0;;1.90346;0.06765;0.17804;AZUL;1353;1.0;0;2024;"*010175AZ32*
01
1 Dia 1 Dia
1°Capa 4°Capa
Transcreva a sua Redação para a Folha de Redação.
Azul 1 1 Azul
Amarelo 2 2 Amarelo
Branco 3 1 3 Branco
Rosa 4 2 4 Rosa
3
Ledor 9 9 Ledor
Libras 10 4 10 Libras
5
6
7
8
O
9
H
10
N O
11
U
12 Ã
C
13 Ç
S
14 A
A
15 D
16 R
E
17
R
18
A
19
D
20
21
22
23
24
2 Dia 2 Dia
1°Capa 25 4°Capa
Libras 12 26 12 Libras
Ledor 11 11 Ledor
27
28
Rosa 8 8 Rosa
Azul 7 29 7 Azul
Cinza 6 6 Cinza
30
Amarelo 5 5 Amarelo
01
BBB0011iiiggg00uuu11rrr77rrr55iiilllAAhhhZZooosss..ii...nniiinnndddddbbddd 33 11122 11224433////00006688////2222000022222244 11117766::::11442266::::00556699"
5;LC;140727;C;6;0;;1.90346;0.06765;0.17804;AZUL;1441;1.0;0;2024;"*010175AZ32*
01
1 Dia 1 Dia
1°Capa 4°Capa
Transcreva a sua Redação para a Folha de Redação.
Azul 1 1 Azul
Amarelo 2 2 Amarelo
Branco 3 1 3 Branco
Rosa 4 2 4 Rosa
3
Ledor 9 9 Ledor
Libras 10 4 10 Libras
5
6
7
8
O
9
H
10
N O
11
U
12 Ã
C
13 Ç
S
14 A
A
15 D
16 R
E
17
R
18
A
19
D
20
21
22
23
24
2 Dia 2 Dia
1°Capa 25 4°Capa
Libras 12 26 12 Libras
Ledor 11 11 Ledor
27
28
Rosa 8 8 Rosa
Azul 7 29 7 Azul
Cinza 6 6 Cinza
30
Amarelo 5 5 Amarelo
01
BBB0011iiiggg00uuu11rrr77rrr55iiilllAAhhhZZooosss..ii...nniiinnndddddbbddd 33 11122 11224433////00006688////2222000022222244 11117766::::11442266::::00556699"
114;CN;86898;E;9;0;;1.90197;1.42904;0.17325;AZUL;1373;;0;2024;Texto extraído diretamente do caderno oficial.
114;CN;86898;E;9;0;;1.90197;1.42904;0.17325;AZUL;1373;;0;2024;Texto extraído diretamente do caderno oficial.
114;CN;86898;E;9;0;;1.90197;1.42904;0.17325;AZUL;1373;;0;2024;Texto extraído diretamente do caderno oficial.
3;LC;141730;D;8;0;;1.90192;0.6706;0.16827;AZUL;1395;1.0;0;2024;"*010175AZ32*
01
1 Dia 1 Dia
1°Capa 4°Capa
Transcreva a sua Redação para a Folha de Redação.
Azul 1 1 Azul
Amarelo 2 2 Amarelo
Branco 3 1 3 Branco
Rosa 4 2 4 Rosa
3
Ledor 9 9 Ledor
Libras 10 4 10 Libras
5
6
7
8
O
9
H
10
N O
11
U
12 Ã
C
13 Ç
S
14 A
A
15 D
16 R
E
17
R
18
A
19
D
20
21
22
23
24
2 Dia 2 Dia
1°Capa 25 4°Capa
Libras 12 26 12 Libras
Ledor 11 11 Ledor
27
28
Rosa 8 8 Rosa
Azul 7 29 7 Azul
Cinza 6 6 Cinza
30
Amarelo 5 5 Amarelo
01
BBB0011iiiggg00uuu11rrr77rrr55iiilllAAhhhZZooosss..ii...nniiinnndddddbbddd 33 11122 11224433////00006688////2222000022222244 11117766::::11442266::::00556699"
3;LC;141730;D;8;0;;1.90192;0.6706;0.16827;AZUL;1395;1.0;0;2024;"*010175AZ32*
01
1 Dia 1 Dia
1°Capa 4°Capa
Transcreva a sua Redação para a Folha de Redação.
Azul 1 1 Azul
Amarelo 2 2 Amarelo
Branco 3 1 3 Branco
Rosa 4 2 4 Rosa
3
Ledor 9 9 Ledor
Libras 10 4 10 Libras
5
6
7
8
O
9
H
10
N O
11
U
12 Ã
C
13 Ç
S
14 A
A
15 D
16 R
E
17
R
18
A
19
D
20
21
22
23
24
2 Dia 2 Dia
1°Capa 25 4°Capa
Libras 12 26 12 Libras
Ledor 11 11 Ledor
27
28
Rosa 8 8 Rosa
Azul 7 29 7 Azul
Cinza 6 6 Cinza
30
Amarelo 5 5 Amarelo
01
BBB0011iiiggg00uuu11rrr77rrr55iiilllAAhhhZZooosss..ii...nniiinnndddddbbddd 33 11122 11224433////00006688////2222000022222244 11117766::::11442266::::00556699"
3;LC;141730;D;8;0;;1.90192;0.6706;0.16827;AZUL;1395;1.0;0;2024;"*010175AZ32*
01
1 Dia 1 Dia
1°Capa 4°Capa
Transcreva a sua Redação para a Folha de Redação.
Azul 1 1 Azul
Amarelo 2 2 Amarelo
Branco 3 1 3 Branco
Rosa 4 2 4 Rosa
3
Ledor 9 9 Ledor
Libras 10 4 10 Libras
5
6
7
8
O
9
H
10
N O
11
U
12 Ã
C
13 Ç
S
14 A
A
15 D
16 R
E
17
R
18
A
19
D
20
21
22
23
24
2 Dia 2 Dia
1°Capa 25 4°Capa
Libras 12 26 12 Libras
Ledor 11 11 Ledor
27
28
Rosa 8 8 Rosa
Azul 7 29 7 Azul
Cinza 6 6 Cinza
30
Amarelo 5 5 Amarelo
01
BBB0011iiiggg00uuu11rrr77rrr55iiilllAAhhhZZooosss..ii...nniiinnndddddbbddd 33 11122 11224433////00006688////2222000022222244 11117766::::11442266::::00556699"
61;CH;140824;D;26;0;;1.89984;0.61185;0.2417;AZUL;1343;;0;2024;Texto extraído diretamente do caderno oficial.
61;CH;140824;D;26;0;;1.89984;0.61185;0.2417;AZUL;1431;;0;2024;Texto extraído diretamente do caderno oficial.
61;CH;140824;D;26;0;;1.89984;0.61185;0.2417;AZUL;1431;;0;2024;Texto extraído diretamente do caderno oficial.
61;CH;140824;D;26;0;;1.89984;0.61185;0.2417;AZUL;1343;;0;2024;Texto extraído diretamente do caderno oficial.
61;CH;140824;D;26;0;;1.89984;0.61185;0.2417;AZUL;1343;;0;2024;Texto extraído diretamente do caderno oficial.
61;CH;140824;D;26;0;;1.89984;0.61185;0.2417;AZUL;1431;;0;2024;Texto extraído diretamente do caderno oficial.
164;MT;117808;C;16;0;;1.89829;1.63461;0.19327;AZUL;1363;;0;2024;Texto extraído diretamente do caderno oficial.
164;MT;117808;C;16;0;;1.89829;1.63461;0.19327;AZUL;1363;;0;2024;Texto extraído diretamente do caderno oficial.
164;MT;117808;C;16;0;;1.89829;1.63461;0.19327;AZUL;1363;;0;2024;Texto extraído diretamente do caderno oficial.
103;CN;76197;E;18;0;;1.89479;1.79703;0.07532;AZUL;1419;;0;2024;Texto extraído diretamente do caderno oficial.
103;CN;76197;E;18;0;;1.89479;1.79703;0.07532;AZUL;1419;;0;2024;Texto extraído diretamente do caderno oficial.
103;CN;76197;E;18;0;;1.89479;1.79703;0.07532;AZUL;1419;;0;2024;Texto extraído diretamente do caderno oficial.
148;MT;13141;C;21;0;;1.89157;2.761;0.19855;AZUL;1407;;0;2024;Texto extraído diretamente do caderno oficial.
148;MT;13141;C;21;0;;1.89157;2.761;0.19855;AZUL;1407;;0;2024;Texto extraído diretamente do caderno oficial.
148;MT;13141;C;21;0;;1.89157;2.761;0.19855;AZUL;1407;;0;2024;Texto extraído diretamente do caderno oficial.
173;MT;111422;A;13;0;;1.88957;2.16503;0.17038;AZUL;1471;;0;2024;Texto extraído diretamente do caderno oficial.
173;MT;111422;A;13;0;;1.88957;2.16503;0.17038;AZUL;1471;;0;2024;Texto extraído diretamente do caderno oficial.
173;MT;111422;A;13;0;;1.88957;2.16503;0.17038;AZUL;1471;;0;2024;Texto extraído diretamente do caderno oficial.
125;CN;17580;B;17;0;;1.88685;1.03171;0.15614;AZUL;1373;;0;2024;Texto extraído diretamente do caderno oficial.
125;CN;17580;B;17;0;;1.88685;1.03171;0.15614;AZUL;1373;;0;2024;Texto extraído diretamente do caderno oficial.
125;CN;17580;B;17;0;;1.88685;1.03171;0.15614;AZUL;1373;;0;2024;Texto extraído diretamente do caderno oficial.
143;MT;117797;D;18;0;;1.87853;2.91962;0.20882;AZUL;1407;;0;2024;Texto extraído diretamente do caderno oficial.
143;MT;117797;D;18;0;;1.87853;2.91962;0.20882;AZUL;1407;;0;2024;Texto extraído diretamente do caderno oficial.
143;MT;117797;D;18;0;;1.87853;2.91962;0.20882;AZUL;1407;;0;2024;Texto extraído diretamente do caderno oficial.
148;MT;125926;C;11;0;;1.87604;1.07428;0.14024;AZUL;1471;;0;2024;Texto extraído diretamente do caderno oficial.
148;MT;125926;C;11;0;;1.87604;1.07428;0.14024;AZUL;1471;;0;2024;Texto extraído diretamente do caderno oficial.
148;MT;125926;C;11;0;;1.87604;1.07428;0.14024;AZUL;1471;;0;2024;Texto extraído diretamente do caderno oficial.
63;CH;140594;B;19;0;;1.86385;1.14501;0.26101;AZUL;1447;;0;2024;Texto extraído diretamente do caderno oficial.
63;CH;140594;B;19;0;;1.86385;1.14501;0.26101;AZUL;1447;;0;2024;Texto extraído diretamente do caderno oficial.
63;CH;140594;B;19;0;;1.86385;1.14501;0.26101;AZUL;1447;;0;2024;Texto extraído diretamente do caderno oficial.
81;CH;86938;D;2;0;;1.8603;0.23132;0.12911;AZUL;1383;;0;2024;Texto extraído diretamente do caderno oficial.
81;CH;86938;D;2;0;;1.8603;0.23132;0.12911;AZUL;1383;;0;2024;Texto extraído diretamente do caderno oficial.
81;CH;86938;D;2;0;;1.8603;0.23132;0.12911;AZUL;1383;;0;2024;Texto extraído diretamente do caderno oficial.
42;LC;150747;D;4;0;;1.85835;-0.12011;0.08169;AZUL;1395;;0;2024;Texto extraído diretamente do caderno oficial.
42;LC;150747;D;4;0;;1.85835;-0.12011;0.08169;AZUL;1395;;0;2024;Texto extraído diretamente do caderno oficial.
42;LC;150747;D;4;0;;1.85835;-0.12011;0.08169;AZUL;1395;;0;2024;Texto extraído diretamente do caderno oficial.
47;CH;149788;C;5;0;;1.8508;1.48328;0.34371;AZUL;1431;;0;2024;Texto extraído diretamente do caderno oficial.
47;CH;149788;C;5;0;;1.8508;1.48328;0.34371;AZUL;1343;;0;2024;Texto extraído diretamente do caderno oficial.
47;CH;149788;C;5;0;;1.8508;1.48328;0.34371;AZUL;1343;;0;2024;Texto extraído diretamente do caderno oficial.
47;CH;149788;C;5;0;;1.8508;1.48328;0.34371;AZUL;1431;;0;2024;Texto extraído diretamente do caderno oficial.
47;CH;149788;C;5;0;;1.8508;1.48328;0.34371;AZUL;1343;;0;2024;Texto extraído diretamente do caderno oficial.
47;CH;149788;C;5;0;;1.8508;1.48328;0.34371;AZUL;1431;;0;2024;Texto extraído diretamente do caderno oficial.
49;CH;112144;C;18;0;;1.84717;0.93959;0.21042;AZUL;1447;;0;2024;Texto extraído diretamente do caderno oficial.
49;CH;112144;C;18;0;;1.84717;0.93959;0.21042;AZUL;1447;;0;2024;Texto extraído diretamente do caderno oficial.
49;CH;112144;C;18;0;;1.84717;0.93959;0.21042;AZUL;1447;;0;2024;Texto extraído diretamente do caderno oficial.
161;MT;141550;B;15;0;;1.84675;2.38735;0.24264;AZUL;1407;;0;2024;Texto extraído diretamente do caderno oficial.
161;MT;141550;B;15;0;;1.84675;2.38735;0.24264;AZUL;1407;;0;2024;Texto extraído diretamente do caderno oficial.
161;MT;141550;B;15;0;;1.84675;2.38735;0.24264;AZUL;1407;;0;2024;Texto extraído diretamente do caderno oficial.
136;MT;60344;C;4;0;;1.84431;0.87782;0.13438;AZUL;1471;;0;2024;Texto extraído diretamente do caderno oficial.
136;MT;60344;C;4;0;;1.84431;0.87782;0.13438;AZUL;1471;;0;2024;Texto extraído diretamente do caderno oficial.
136;MT;60344;C;4;0;;1.84431;0.87782;0.13438;AZUL;1471;;0;2024;Texto extraído diretamente do caderno oficial.
120;CN;88196;E;30;0;;1.83319;0.61131;0.16629;AZUL;1373;;0;2024;Texto extraído diretamente do caderno oficial.
120;CN;88196;E;30;0;;1.83319;0.61131;0.16629;AZUL;1373;;0;2024;Texto extraído diretamente do caderno oficial.
120;CN;88196;E;30;0;;1.83319;0.61131;0.16629;AZUL;1373;;0;2024;Texto extraído diretamente do caderno oficial.
88;CH;149830;C;28;0;;1.82739;1.49102;0.20499;AZUL;1383;;0;2024;Texto extraído diretamente do caderno oficial.
88;CH;149830;C;28;0;;1.82739;1.49102;0.20499;AZUL;1383;;0;2024;Texto extraído diretamente do caderno oficial.
88;CH;149830;C;28;0;;1.82739;1.49102;0.20499;AZUL;1383;;0;2024;Texto extraído diretamente do caderno oficial.
54;CH;140552;D;12;0;;1.82693;0.87369;0.16157;AZUL;1383;;0;2024;Texto extraído diretamente do caderno oficial.
54;CH;140552;D;12;0;;1.82693;0.87369;0.16157;AZUL;1383;;0;2024;Texto extraído diretamente do caderno oficial.
54;CH;140552;D;12;0;;1.82693;0.87369;0.16157;AZUL;1383;;0;2024;Texto extraído diretamente do caderno oficial.
147;MT;87519;B;1;0;;1.82455;1.01771;0.09973;AZUL;1407;;0;2024;Texto extraído diretamente do caderno oficial.
147;MT;87519;B;1;0;;1.82455;1.01771;0.09973;AZUL;1407;;0;2024;Texto extraído diretamente do caderno oficial.
147;MT;87519;B;1;0;;1.82455;1.01771;0.09973;AZUL;1407;;0;2024;Texto extraído diretamente do caderno oficial.
19;LC;157619;E;10;0;;1.82096;-0.29844;0.19586;AZUL;1459;;0;2024;"*010175AZ32*
01
1 Dia 1 Dia
1°Capa 4°Capa
Transcreva a sua Redação para a Folha de Redação.
Azul 1 1 Azul
Amarelo 2 2 Amarelo
Branco 3 1 3 Branco
Rosa 4 2 4 Rosa
3
Ledor 9 9 Ledor
Libras 10 4 10 Libras
5
6
7
8
O
9
H
10
N O
11
U
12 Ã
C
13 Ç
S
14 A
A
15 D
16 R
E
17
R
18
A
19
D
20
21
22
23
24
2 Dia 2 Dia
1°Capa 25 4°Capa
Libras 12 26 12 Libras
Ledor 11 11 Ledor
27
28
Rosa 8 8 Rosa
Azul 7 29 7 Azul
Cinza 6 6 Cinza
30
Amarelo 5 5 Amarelo
01
BBB0011iiiggg00uuu11rrr77rrr55iiilllAAhhhZZooosss..ii...nniiinnndddddbbddd 33 11122 11224433////00006688////2222000022222244 11117766::::11442266::::00556699"
19;LC;157619;E;10;0;;1.82096;-0.29844;0.19586;AZUL;1459;;0;2024;"*010175AZ32*
01
1 Dia 1 Dia
1°Capa 4°Capa
Transcreva a sua Redação para a Folha de Redação.
Azul 1 1 Azul
Amarelo 2 2 Amarelo
Branco 3 1 3 Branco
Rosa 4 2 4 Rosa
3
Ledor 9 9 Ledor
Libras 10 4 10 Libras
5
6
7
8
O
9
H
10
N O
11
U
12 Ã
C
13 Ç
S
14 A
A
15 D
16 R
E
17
R
18
A
19
D
20
21
22
23
24
2 Dia 2 Dia
1°Capa 25 4°Capa
Libras 12 26 12 Libras
Ledor 11 11 Ledor
27
28
Rosa 8 8 Rosa
Azul 7 29 7 Azul
Cinza 6 6 Cinza
30
Amarelo 5 5 Amarelo
01
BBB0011iiiggg00uuu11rrr77rrr55iiilllAAhhhZZooosss..ii...nniiinnndddddbbddd 33 11122 11224433////00006688////2222000022222244 11117766::::11442266::::00556699"
19;LC;157619;E;10;0;;1.82096;-0.29844;0.19586;AZUL;1459;;0;2024;"*010175AZ32*
01
1 Dia 1 Dia
1°Capa 4°Capa
Transcreva a sua Redação para a Folha de Redação.
Azul 1 1 Azul
Amarelo 2 2 Amarelo
Branco 3 1 3 Branco
Rosa 4 2 4 Rosa
3
Ledor 9 9 Ledor
Libras 10 4 10 Libras
5
6
7
8
O
9
H
10
N O
11
U
12 Ã
C
13 Ç
S
14 A
A
15 D
16 R
E
17
R
18
A
19
D
20
21
22
23
24
2 Dia 2 Dia
1°Capa 25 4°Capa
Libras 12 26 12 Libras
Ledor 11 11 Ledor
27
28
Rosa 8 8 Rosa
Azul 7 29 7 Azul
Cinza 6 6 Cinza
30
Amarelo 5 5 Amarelo
01
BBB0011iiiggg00uuu11rrr77rrr55iiilllAAhhhZZooosss..ii...nniiinnndddddbbddd 33 11122 11224433////00006688////2222000022222244 11117766::::11442266::::00556699"
2;LC;153945;A;8;0;;1.8208;1.32304;0.19745;AZUL;1459;1.0;0;2024;Texto extraído diretamente do caderno oficial.
2;LC;153945;A;8;0;;1.8208;1.32304;0.19745;AZUL;1459;1.0;0;2024;Texto extraído diretamente do caderno oficial.
2;LC;153945;A;8;0;;1.8208;1.32304;0.19745;AZUL;1459;1.0;0;2024;Texto extraído diretamente do caderno oficial.
55;CH;97926;D;11;0;;1.81691;1.37451;0.12064;AZUL;1343;;0;2024;Texto extraído diretamente do caderno oficial.
55;CH;97926;D;11;0;;1.81691;1.37451;0.12064;AZUL;1431;;0;2024;Texto extraído diretamente do caderno oficial.
55;CH;97926;D;11;0;;1.81691;1.37451;0.12064;AZUL;1431;;0;2024;Texto extraído diretamente do caderno oficial.
55;CH;97926;D;11;0;;1.81691;1.37451;0.12064;AZUL;1343;;0;2024;Texto extraído diretamente do caderno oficial.
55;CH;97926;D;11;0;;1.81691;1.37451;0.12064;AZUL;1431;;0;2024;Texto extraído diretamente do caderno oficial.
55;CH;97926;D;11;0;;1.81691;1.37451;0.12064;AZUL;1343;;0;2024;Texto extraído diretamente do caderno oficial.
29;LC;140980;E;18;0;;1.81122;0.89892;0.14279;AZUL;1441;;0;2024;Texto extraído diretamente do caderno oficial.
29;LC;140980;E;18;0;;1.81122;0.89892;0.14279;AZUL;1353;;0;2024;Texto extraído diretamente do caderno oficial.
29;LC;140980;E;18;0;;1.81122;0.89892;0.14279;AZUL;1441;;0;2024;Texto extraído diretamente do caderno oficial.
29;LC;140980;E;18;0;;1.81122;0.89892;0.14279;AZUL;1353;;0;2024;Texto extraído diretamente do caderno oficial.
29;LC;140980;E;18;0;;1.81122;0.89892;0.14279;AZUL;1353;;0;2024;Texto extraído diretamente do caderno oficial.
29;LC;140980;E;18;0;;1.81122;0.89892;0.14279;AZUL;1441;;0;2024;Texto extraído diretamente do caderno oficial.
91;CN;84075;B;18;0;;1.80537;0.46767;0.00115;AZUL;1419;;0;2024;Texto extraído diretamente do caderno oficial.
91;CN;84075;B;18;0;;1.80537;0.46767;0.00115;AZUL;1419;;0;2024;Texto extraído diretamente do caderno oficial.
91;CN;84075;B;18;0;;1.80537;0.46767;0.00115;AZUL;1419;;0;2024;Texto extraído diretamente do caderno oficial.
70;CH;141320;B;24;0;;1.798;0.77439;0.19123;AZUL;1431;;0;2024;Texto extraído diretamente do caderno oficial.
70;CH;141320;B;24;0;;1.798;0.77439;0.19123;AZUL;1343;;0;2024;Texto extraído diretamente do caderno oficial.
70;CH;141320;B;24;0;;1.798;0.77439;0.19123;AZUL;1343;;0;2024;Texto extraído diretamente do caderno oficial.
70;CH;141320;B;24;0;;1.798;0.77439;0.19123;AZUL;1431;;0;2024;Texto extraído diretamente do caderno oficial.
70;CH;141320;B;24;0;;1.798;0.77439;0.19123;AZUL;1431;;0;2024;Texto extraído diretamente do caderno oficial.
70;CH;141320;B;24;0;;1.798;0.77439;0.19123;AZUL;1343;;0;2024;Texto extraído diretamente do caderno oficial.
67;CH;141402;A;19;0;;1.79583;0.3193;0.19696;AZUL;1383;;0;2024;Texto extraído diretamente do caderno oficial.
67;CH;141402;A;19;0;;1.79583;0.3193;0.19696;AZUL;1383;;0;2024;Texto extraído diretamente do caderno oficial.
67;CH;141402;A;19;0;;1.79583;0.3193;0.19696;AZUL;1383;;0;2024;Texto extraído diretamente do caderno oficial.
137;MT;117745;A;29;0;;1.78653;0.83974;0.15945;AZUL;1363;;0;2024;Texto extraído diretamente do caderno oficial.
137;MT;117745;A;29;0;;1.78653;0.83974;0.15945;AZUL;1363;;0;2024;Texto extraído diretamente do caderno oficial.
137;MT;117745;A;29;0;;1.78653;0.83974;0.15945;AZUL;1363;;0;2024;Texto extraído diretamente do caderno oficial.
175;MT;27847;C;3;0;;1.7861;3.4637;0.09228;AZUL;1471;;0;2024;Texto extraído diretamente do caderno oficial.
175;MT;27847;C;3;0;;1.7861;3.4637;0.09228;AZUL;1471;;0;2024;Texto extraído diretamente do caderno oficial.
175;MT;27847;C;3;0;;1.7861;3.4637;0.09228;AZUL;1471;;0;2024;Texto extraído diretamente do caderno oficial.
114;CN;141590;B;1;0;;1.78046;0.59946;0.1569;AZUL;1483;;0;2024;Texto extraído diretamente do caderno oficial.
114;CN;141590;B;1;0;;1.78046;0.59946;0.1569;AZUL;1483;;0;2024;Texto extraído diretamente do caderno oficial.
114;CN;141590;B;1;0;;1.78046;0.59946;0.1569;AZUL;1483;;0;2024;Texto extraído diretamente do caderno oficial.
30;LC;141399;E;30;0;;1.77787;1.44612;0.15906;AZUL;1353;;0;2024;"*010175AZ32*
01
1 Dia 1 Dia
1°Capa 4°Capa
Transcreva a sua Redação para a Folha de Redação.
Azul 1 1 Azul
Amarelo 2 2 Amarelo
Branco 3 1 3 Branco
Rosa 4 2 4 Rosa
3
Ledor 9 9 Ledor
Libras 10 4 10 Libras
5
6
7
8
O
9
H
10
N O
11
U
12 Ã
C
13 Ç
S
14 A
A
15 D
16 R
E
17
R
18
A
19
D
20
21
22
23
24
2 Dia 2 Dia
1°Capa 25 4°Capa
Libras 12 26 12 Libras
Ledor 11 11 Ledor
27
28
Rosa 8 8 Rosa
Azul 7 29 7 Azul
Cinza 6 6 Cinza
30
Amarelo 5 5 Amarelo
01
BBB0011iiiggg00uuu11rrr77rrr55iiilllAAhhhZZooosss..ii...nniiinnndddddbbddd 33 11122 11224433////00006688////2222000022222244 11117766::::11442266::::00556699"
30;LC;141399;E;30;0;;1.77787;1.44612;0.15906;AZUL;1441;;0;2024;"*010175AZ32*
01
1 Dia 1 Dia
1°Capa 4°Capa
Transcreva a sua Redação para a Folha de Redação.
Azul 1 1 Azul
Amarelo 2 2 Amarelo
Branco 3 1 3 Branco
Rosa 4 2 4 Rosa
3
Ledor 9 9 Ledor
Libras 10 4 10 Libras
5
6
7
8
O
9
H
10
N O
11
U
12 Ã
C
13 Ç
S
14 A
A
15 D
16 R
E
17
R
18
A
19
D
20
21
22
23
24
2 Dia 2 Dia
1°Capa 25 4°Capa
Libras 12 26 12 Libras
Ledor 11 11 Ledor
27
28
Rosa 8 8 Rosa
Azul 7 29 7 Azul
Cinza 6 6 Cinza
30
Amarelo 5 5 Amarelo
01
BBB0011iiiggg00uuu11rrr77rrr55iiilllAAhhhZZooosss..ii...nniiinnndddddbbddd 33 11122 11224433////00006688////2222000022222244 11117766::::11442266::::00556699"
30;LC;141399;E;30;0;;1.77787;1.44612;0.15906;AZUL;1353;;0;2024;"*010175AZ32*
01
1 Dia 1 Dia
1°Capa 4°Capa
Transcreva a sua Redação para a Folha de Redação.
Azul 1 1 Azul
Amarelo 2 2 Amarelo
Branco 3 1 3 Branco
Rosa 4 2 4 Rosa
3
Ledor 9 9 Ledor
Libras 10 4 10 Libras
5
6
7
8
O
9
H
10
N O
11
U
12 Ã
C
13 Ç
S
14 A
A
15 D
16 R
E
17
R
18
A
19
D
20
21
22
23
24
2 Dia 2 Dia
1°Capa 25 4°Capa
Libras 12 26 12 Libras
Ledor 11 11 Ledor
27
28
Rosa 8 8 Rosa
Azul 7 29 7 Azul
Cinza 6 6 Cinza
30
Amarelo 5 5 Amarelo
01
BBB0011iiiggg00uuu11rrr77rrr55iiilllAAhhhZZooosss..ii...nniiinnndddddbbddd 33 11122 11224433////00006688////2222000022222244 11117766::::11442266::::00556699"
30;LC;141399;E;30;0;;1.77787;1.44612;0.15906;AZUL;1441;;0;2024;"*010175AZ32*
01
1 Dia 1 Dia
1°Capa 4°Capa
Transcreva a sua Redação para a Folha de Redação.
Azul 1 1 Azul
Amarelo 2 2 Amarelo
Branco 3 1 3 Branco
Rosa 4 2 4 Rosa
3
Ledor 9 9 Ledor
Libras 10 4 10 Libras
5
6
7
8
O
9
H
10
N O
11
U
12 Ã
C
13 Ç
S
14 A
A
15 D
16 R
E
17
R
18
A
19
D
20
21
22
23
24
2 Dia 2 Dia
1°Capa 25 4°Capa
Libras 12 26 12 Libras
Ledor 11 11 Ledor
27
28
Rosa 8 8 Rosa
Azul 7 29 7 Azul
Cinza 6 6 Cinza
30
Amarelo 5 5 Amarelo
01
BBB0011iiiggg00uuu11rrr77rrr55iiilllAAhhhZZooosss..ii...nniiinnndddddbbddd 33 11122 11224433////00006688////2222000022222244 11117766::::11442266::::00556699"
30;LC;141399;E;30;0;;1.77787;1.44612;0.15906;AZUL;1353;;0;2024;"*010175AZ32*
01
1 Dia 1 Dia
1°Capa 4°Capa
Transcreva a sua Redação para a Folha de Redação.
Azul 1 1 Azul
Amarelo 2 2 Amarelo
Branco 3 1 3 Branco
Rosa 4 2 4 Rosa
3
Ledor 9 9 Ledor
Libras 10 4 10 Libras
5
6
7
8
O
9
H
10
N O
11
U
12 Ã
C
13 Ç
S
14 A
A
15 D
16 R
E
17
R
18
A
19
D
20
21
22
23
24
2 Dia 2 Dia
1°Capa 25 4°Capa
Libras 12 26 12 Libras
Ledor 11 11 Ledor
27
28
Rosa 8 8 Rosa
Azul 7 29 7 Azul
Cinza 6 6 Cinza
30
Amarelo 5 5 Amarelo
01
BBB0011iiiggg00uuu11rrr77rrr55iiilllAAhhhZZooosss..ii...nniiinnndddddbbddd 33 11122 11224433////00006688////2222000022222244 11117766::::11442266::::00556699"
30;LC;141399;E;30;0;;1.77787;1.44612;0.15906;AZUL;1441;;0;2024;"*010175AZ32*
01
1 Dia 1 Dia
1°Capa 4°Capa
Transcreva a sua Redação para a Folha de Redação.
Azul 1 1 Azul
Amarelo 2 2 Amarelo
Branco 3 1 3 Branco
Rosa 4 2 4 Rosa
3
Ledor 9 9 Ledor
Libras 10 4 10 Libras
5
6
7
8
O
9
H
10
N O
11
U
12 Ã
C
13 Ç
S
14 A
A
15 D
16 R
E
17
R
18
A
19
D
20
21
22
23
24
2 Dia 2 Dia
1°Capa 25 4°Capa
Libras 12 26 12 Libras
Ledor 11 11 Ledor
27
28
Rosa 8 8 Rosa
Azul 7 29 7 Azul
Cinza 6 6 Cinza
30
Amarelo 5 5 Amarelo
01
BBB0011iiiggg00uuu11rrr77rrr55iiilllAAhhhZZooosss..ii...nniiinnndddddbbddd 33 11122 11224433////00006688////2222000022222244 11117766::::11442266::::00556699"
128;CN;117837;E;23;0;;1.7697;0.3763;0.20963;AZUL;1419;;0;2024;Texto extraído diretamente do caderno oficial.
128;CN;117837;E;23;0;;1.7697;0.3763;0.20963;AZUL;1419;;0;2024;Texto extraído diretamente do caderno oficial.
128;CN;117837;E;23;0;;1.7697;0.3763;0.20963;AZUL;1419;;0;2024;Texto extraído diretamente do caderno oficial.
48;CH;141161;C;27;0;;1.7665;0.28216;0.126;AZUL;1383;;0;2024;Texto extraído diretamente do caderno oficial.
48;CH;141161;C;27;0;;1.7665;0.28216;0.126;AZUL;1383;;0;2024;Texto extraído diretamente do caderno oficial.
48;CH;141161;C;27;0;;1.7665;0.28216;0.126;AZUL;1383;;0;2024;Texto extraído diretamente do caderno oficial.
158;MT;60313;C;4;0;;1.76236;1.43583;0.2737;AZUL;1407;;0;2024;Texto extraído diretamente do caderno oficial.
158;MT;60313;C;4;0;;1.76236;1.43583;0.2737;AZUL;1407;;0;2024;Texto extraído diretamente do caderno oficial.
158;MT;60313;C;4;0;;1.76236;1.43583;0.2737;AZUL;1407;;0;2024;Texto extraído diretamente do caderno oficial.
136;MT;60453;C;2;0;;1.75758;0.70231;0.15325;AZUL;1363;;0;2024;Texto extraído diretamente do caderno oficial.
136;MT;60453;C;2;0;;1.75758;0.70231;0.15325;AZUL;1363;;0;2024;Texto extraído diretamente do caderno oficial.
136;MT;60453;C;2;0;;1.75758;0.70231;0.15325;AZUL;1363;;0;2024;Texto extraído diretamente do caderno oficial.
79;CH;141162;A;12;0;;1.75522;2.19228;0.16031;AZUL;1447;;0;2024;Texto extraído diretamente do caderno oficial.
79;CH;141162;A;12;0;;1.75522;2.19228;0.16031;AZUL;1447;;0;2024;Texto extraído diretamente do caderno oficial.
79;CH;141162;A;12;0;;1.75522;2.19228;0.16031;AZUL;1447;;0;2024;Texto extraído diretamente do caderno oficial.
134;CN;111726;E;27;0;;1.75413;2.39153;0.28016;AZUL;1419;;0;2024;Texto extraído diretamente do caderno oficial.
134;CN;111726;E;27;0;;1.75413;2.39153;0.28016;AZUL;1419;;0;2024;Texto extraído diretamente do caderno oficial.
134;CN;111726;E;27;0;;1.75413;2.39153;0.28016;AZUL;1419;;0;2024;Texto extraído diretamente do caderno oficial.
8;LC;157779;D;29;0;;1.74082;1.23944;0.11882;AZUL;1459;;0;2024;"*010175AZ32*
01
1 Dia 1 Dia
1°Capa 4°Capa
Transcreva a sua Redação para a Folha de Redação.
Azul 1 1 Azul
Amarelo 2 2 Amarelo
Branco 3 1 3 Branco
Rosa 4 2 4 Rosa
3
Ledor 9 9 Ledor
Libras 10 4 10 Libras
5
6
7
8
O
9
H
10
N O
11
U
12 Ã
C
13 Ç
S
14 A
A
15 D
16 R
E
17
R
18
A
19
D
20
21
22
23
24
2 Dia 2 Dia
1°Capa 25 4°Capa
Libras 12 26 12 Libras
Ledor 11 11 Ledor
27
28
Rosa 8 8 Rosa
Azul 7 29 7 Azul
Cinza 6 6 Cinza
30
Amarelo 5 5 Amarelo
01
BBB0011iiiggg00uuu11rrr77rrr55iiilllAAhhhZZooosss..ii...nniiinnndddddbbddd 33 11122 11224433////00006688////2222000022222244 11117766::::11442266::::00556699"
8;LC;157779;D;29;0;;1.74082;1.23944;0.11882;AZUL;1459;;0;2024;"*010175AZ32*
01
1 Dia 1 Dia
1°Capa 4°Capa
Transcreva a sua Redação para a Folha de Redação.
Azul 1 1 Azul
Amarelo 2 2 Amarelo
Branco 3 1 3 Branco
Rosa 4 2 4 Rosa
3
Ledor 9 9 Ledor
Libras 10 4 10 Libras
5
6
7
8
O
9
H
10
N O
11
U
12 Ã
C
13 Ç
S
14 A
A
15 D
16 R
E
17
R
18
A
19
D
20
21
22
23
24
2 Dia 2 Dia
1°Capa 25 4°Capa
Libras 12 26 12 Libras
Ledor 11 11 Ledor
27
28
Rosa 8 8 Rosa
Azul 7 29 7 Azul
Cinza 6 6 Cinza
30
Amarelo 5 5 Amarelo
01
BBB0011iiiggg00uuu11rrr77rrr55iiilllAAhhhZZooosss..ii...nniiinnndddddbbddd 33 11122 11224433////00006688////2222000022222244 11117766::::11442266::::00556699"
8;LC;157779;D;29;0;;1.74082;1.23944;0.11882;AZUL;1459;;0;2024;"*010175AZ32*
01
1 Dia 1 Dia
1°Capa 4°Capa
Transcreva a sua Redação para a Folha de Redação.
Azul 1 1 Azul
Amarelo 2 2 Amarelo
Branco 3 1 3 Branco
Rosa 4 2 4 Rosa
3
Ledor 9 9 Ledor
Libras 10 4 10 Libras
5
6
7
8
O
9
H
10
N O
11
U
12 Ã
C
13 Ç
S
14 A
A
15 D
16 R
E
17
R
18
A
19
D
20
21
22
23
24
2 Dia 2 Dia
1°Capa 25 4°Capa
Libras 12 26 12 Libras
Ledor 11 11 Ledor
27
28
Rosa 8 8 Rosa
Azul 7 29 7 Azul
Cinza 6 6 Cinza
30
Amarelo 5 5 Amarelo
01
BBB0011iiiggg00uuu11rrr77rrr55iiilllAAhhhZZooosss..ii...nniiinnndddddbbddd 33 11122 11224433////00006688////2222000022222244 11117766::::11442266::::00556699"
140;MT;39880;D;3;0;;1.73929;1.76867;0.18629;AZUL;1363;;0;2024;Texto extraído diretamente do caderno oficial.
140;MT;39880;D;3;0;;1.73929;1.76867;0.18629;AZUL;1363;;0;2024;Texto extraído diretamente do caderno oficial.
140;MT;39880;D;3;0;;1.73929;1.76867;0.18629;AZUL;1363;;0;2024;Texto extraído diretamente do caderno oficial.
66;CH;141340;D;24;0;;1.73204;2.72077;0.1455;AZUL;1447;;0;2024;Texto extraído diretamente do caderno oficial.
66;CH;141340;D;24;0;;1.73204;2.72077;0.1455;AZUL;1447;;0;2024;Texto extraído diretamente do caderno oficial.
66;CH;141340;D;24;0;;1.73204;2.72077;0.1455;AZUL;1447;;0;2024;Texto extraído diretamente do caderno oficial.
25;LC;141207;A;13;0;;1.72449;0.64259;0.26155;AZUL;1353;;0;2024;Texto extraído diretamente do caderno oficial.
25;LC;141207;A;13;0;;1.72449;0.64259;0.26155;AZUL;1441;;0;2024;Texto extraído diretamente do caderno oficial.
25;LC;141207;A;13;0;;1.72449;0.64259;0.26155;AZUL;1353;;0;2024;Texto extraído diretamente do caderno oficial.
25;LC;141207;A;13;0;;1.72449;0.64259;0.26155;AZUL;1441;;0;2024;Texto extraído diretamente do caderno oficial.
25;LC;141207;A;13;0;;1.72449;0.64259;0.26155;AZUL;1441;;0;2024;Texto extraído diretamente do caderno oficial.
25;LC;141207;A;13;0;;1.72449;0.64259;0.26155;AZUL;1353;;0;2024;Texto extraído diretamente do caderno oficial.
124;CN;97091;B;24;0;;1.71937;2.18313;0.18212;AZUL;1483;;0;2024;Texto extraído diretamente do caderno oficial.
124;CN;97091;B;24;0;;1.71937;2.18313;0.18212;AZUL;1483;;0;2024;Texto extraído diretamente do caderno oficial.
124;CN;97091;B;24;0;;1.71937;2.18313;0.18212;AZUL;1483;;0;2024;Texto extraído diretamente do caderno oficial.
141;MT;63293;C;5;0;;1.7134;1.91607;0.24889;AZUL;1471;;0;2024;Texto extraído diretamente do caderno oficial.
141;MT;63293;C;5;0;;1.7134;1.91607;0.24889;AZUL;1471;;0;2024;Texto extraído diretamente do caderno oficial.
141;MT;63293;C;5;0;;1.7134;1.91607;0.24889;AZUL;1471;;0;2024;Texto extraído diretamente do caderno oficial.
15;LC;140982;C;17;0;;1.71111;1.59401;0.12056;AZUL;1441;;0;2024;Texto extraído diretamente do caderno oficial.
15;LC;140982;C;17;0;;1.71111;1.59401;0.12056;AZUL;1353;;0;2024;Texto extraído diretamente do caderno oficial.
15;LC;140982;C;17;0;;1.71111;1.59401;0.12056;AZUL;1353;;0;2024;Texto extraído diretamente do caderno oficial.
15;LC;140982;C;17;0;;1.71111;1.59401;0.12056;AZUL;1353;;0;2024;Texto extraído diretamente do caderno oficial.
15;LC;140982;C;17;0;;1.71111;1.59401;0.12056;AZUL;1441;;0;2024;Texto extraído diretamente do caderno oficial.
15;LC;140982;C;17;0;;1.71111;1.59401;0.12056;AZUL;1441;;0;2024;Texto extraído diretamente do caderno oficial.
65;CH;82093;D;10;0;;1.70988;0.56843;0.12157;AZUL;1383;;0;2024;Texto extraído diretamente do caderno oficial.
65;CH;82093;D;10;0;;1.70988;0.56843;0.12157;AZUL;1383;;0;2024;Texto extraído diretamente do caderno oficial.
65;CH;82093;D;10;0;;1.70988;0.56843;0.12157;AZUL;1383;;0;2024;Texto extraído diretamente do caderno oficial.
159;MT;81442;B;4;0;;1.70701;1.34875;0.15396;AZUL;1363;;0;2024;Texto extraído diretamente do caderno oficial.
159;MT;81442;B;4;0;;1.70701;1.34875;0.15396;AZUL;1363;;0;2024;Texto extraído diretamente do caderno oficial.
159;MT;81442;B;4;0;;1.70701;1.34875;0.15396;AZUL;1363;;0;2024;Texto extraído diretamente do caderno oficial.
155;MT;96632;D;28;0;;1.70031;1.02545;0.21971;AZUL;1363;;0;2024;Texto extraído diretamente do caderno oficial.
155;MT;96632;D;28;0;;1.70031;1.02545;0.21971;AZUL;1363;;0;2024;Texto extraído diretamente do caderno oficial.
155;MT;96632;D;28;0;;1.70031;1.02545;0.21971;AZUL;1363;;0;2024;Texto extraído diretamente do caderno oficial.
176;MT;28587;C;16;0;;1.69872;1.05549;0.16885;AZUL;1471;;0;2024;Texto extraído diretamente do caderno oficial.
176;MT;28587;C;16;0;;1.69872;1.05549;0.16885;AZUL;1471;;0;2024;Texto extraído diretamente do caderno oficial.
176;MT;28587;C;16;0;;1.69872;1.05549;0.16885;AZUL;1471;;0;2024;Texto extraído diretamente do caderno oficial.
122;CN;141558;A;23;0;;1.69238;0.89087;0.11112;AZUL;1419;;0;2024;Texto extraído diretamente do caderno oficial.
122;CN;141558;A;23;0;;1.69238;0.89087;0.11112;AZUL;1419;;0;2024;Texto extraído diretamente do caderno oficial.
122;CN;141558;A;23;0;;1.69238;0.89087;0.11112;AZUL;1419;;0;2024;Texto extraído diretamente do caderno oficial.
19;LC;118219;D;9;0;;1.6887;0.38261;0.17288;AZUL;1441;;0;2024;"*010175AZ32*
01
1 Dia 1 Dia
1°Capa 4°Capa
Transcreva a sua Redação para a Folha de Redação.
Azul 1 1 Azul
Amarelo 2 2 Amarelo
Branco 3 1 3 Branco
Rosa 4 2 4 Rosa
3
Ledor 9 9 Ledor
Libras 10 4 10 Libras
5
6
7
8
O
9
H
10
N O
11
U
12 Ã
C
13 Ç
S
14 A
A
15 D
16 R
E
17
R
18
A
19
D
20
21
22
23
24
2 Dia 2 Dia
1°Capa 25 4°Capa
Libras 12 26 12 Libras
Ledor 11 11 Ledor
27
28
Rosa 8 8 Rosa
Azul 7 29 7 Azul
Cinza 6 6 Cinza
30
Amarelo 5 5 Amarelo
01
BBB0011iiiggg00uuu11rrr77rrr55iiilllAAhhhZZooosss..ii...nniiinnndddddbbddd 33 11122 11224433////00006688////2222000022222244 11117766::::11442266::::00556699"
19;LC;118219;D;9;0;;1.6887;0.38261;0.17288;AZUL;1353;;0;2024;"*010175AZ32*
01
1 Dia 1 Dia
1°Capa 4°Capa
Transcreva a sua Redação para a Folha de Redação.
Azul 1 1 Azul
Amarelo 2 2 Amarelo
Branco 3 1 3 Branco
Rosa 4 2 4 Rosa
3
Ledor 9 9 Ledor
Libras 10 4 10 Libras
5
6
7
8
O
9
H
10
N O
11
U
12 Ã
C
13 Ç
S
14 A
A
15 D
16 R
E
17
R
18
A
19
D
20
21
22
23
24
2 Dia 2 Dia
1°Capa 25 4°Capa
Libras 12 26 12 Libras
Ledor 11 11 Ledor
27
28
Rosa 8 8 Rosa
Azul 7 29 7 Azul
Cinza 6 6 Cinza
30
Amarelo 5 5 Amarelo
01
BBB0011iiiggg00uuu11rrr77rrr55iiilllAAhhhZZooosss..ii...nniiinnndddddbbddd 33 11122 11224433////00006688////2222000022222244 11117766::::11442266::::00556699"
19;LC;118219;D;9;0;;1.6887;0.38261;0.17288;AZUL;1441;;0;2024;"*010175AZ32*
01
1 Dia 1 Dia
1°Capa 4°Capa
Transcreva a sua Redação para a Folha de Redação.
Azul 1 1 Azul
Amarelo 2 2 Amarelo
Branco 3 1 3 Branco
Rosa 4 2 4 Rosa
3
Ledor 9 9 Ledor
Libras 10 4 10 Libras
5
6
7
8
O
9
H
10
N O
11
U
12 Ã
C
13 Ç
S
14 A
A
15 D
16 R
E
17
R
18
A
19
D
20
21
22
23
24
2 Dia 2 Dia
1°Capa 25 4°Capa
Libras 12 26 12 Libras
Ledor 11 11 Ledor
27
28
Rosa 8 8 Rosa
Azul 7 29 7 Azul
Cinza 6 6 Cinza
30
Amarelo 5 5 Amarelo
01
BBB0011iiiggg00uuu11rrr77rrr55iiilllAAhhhZZooosss..ii...nniiinnndddddbbddd 33 11122 11224433////00006688////2222000022222244 11117766::::11442266::::00556699"
19;LC;118219;D;9;0;;1.6887;0.38261;0.17288;AZUL;1353;;0;2024;"*010175AZ32*
01
1 Dia 1 Dia
1°Capa 4°Capa
Transcreva a sua Redação para a Folha de Redação.
Azul 1 1 Azul
Amarelo 2 2 Amarelo
Branco 3 1 3 Branco
Rosa 4 2 4 Rosa
3
Ledor 9 9 Ledor
Libras 10 4 10 Libras
5
6
7
8
O
9
H
10
N O
11
U
12 Ã
C
13 Ç
S
14 A
A
15 D
16 R
E
17
R
18
A
19
D
20
21
22
23
24
2 Dia 2 Dia
1°Capa 25 4°Capa
Libras 12 26 12 Libras
Ledor 11 11 Ledor
27
28
Rosa 8 8 Rosa
Azul 7 29 7 Azul
Cinza 6 6 Cinza
30
Amarelo 5 5 Amarelo
01
BBB0011iiiggg00uuu11rrr77rrr55iiilllAAhhhZZooosss..ii...nniiinnndddddbbddd 33 11122 11224433////00006688////2222000022222244 11117766::::11442266::::00556699"
19;LC;118219;D;9;0;;1.6887;0.38261;0.17288;AZUL;1441;;0;2024;"*010175AZ32*
01
1 Dia 1 Dia
1°Capa 4°Capa
Transcreva a sua Redação para a Folha de Redação.
Azul 1 1 Azul
Amarelo 2 2 Amarelo
Branco 3 1 3 Branco
Rosa 4 2 4 Rosa
3
Ledor 9 9 Ledor
Libras 10 4 10 Libras
5
6
7
8
O
9
H
10
N O
11
U
12 Ã
C
13 Ç
S
14 A
A
15 D
16 R
E
17
R
18
A
19
D
20
21
22
23
24
2 Dia 2 Dia
1°Capa 25 4°Capa
Libras 12 26 12 Libras
Ledor 11 11 Ledor
27
28
Rosa 8 8 Rosa
Azul 7 29 7 Azul
Cinza 6 6 Cinza
30
Amarelo 5 5 Amarelo
01
BBB0011iiiggg00uuu11rrr77rrr55iiilllAAhhhZZooosss..ii...nniiinnndddddbbddd 33 11122 11224433////00006688////2222000022222244 11117766::::11442266::::00556699"
19;LC;118219;D;9;0;;1.6887;0.38261;0.17288;AZUL;1353;;0;2024;"*010175AZ32*
01
1 Dia 1 Dia
1°Capa 4°Capa
Transcreva a sua Redação para a Folha de Redação.
Azul 1 1 Azul
Amarelo 2 2 Amarelo
Branco 3 1 3 Branco
Rosa 4 2 4 Rosa
3
Ledor 9 9 Ledor
Libras 10 4 10 Libras
5
6
7
8
O
9
H
10
N O
11
U
12 Ã
C
13 Ç
S
14 A
A
15 D
16 R
E
17
R
18
A
19
D
20
21
22
23
24
2 Dia 2 Dia
1°Capa 25 4°Capa
Libras 12 26 12 Libras
Ledor 11 11 Ledor
27
28
Rosa 8 8 Rosa
Azul 7 29 7 Azul
Cinza 6 6 Cinza
30
Amarelo 5 5 Amarelo
01
BBB0011iiiggg00uuu11rrr77rrr55iiilllAAhhhZZooosss..ii...nniiinnndddddbbddd 33 11122 11224433////00006688////2222000022222244 11117766::::11442266::::00556699"
38;LC;150605;E;29;0;;1.68854;0.00982;0.20499;AZUL;1441;;0;2024;Texto extraído diretamente do caderno oficial.
38;LC;150605;E;29;0;;1.68854;0.00982;0.20499;AZUL;1353;;0;2024;Texto extraído diretamente do caderno oficial.
38;LC;150605;E;29;0;;1.68854;0.00982;0.20499;AZUL;1441;;0;2024;Texto extraído diretamente do caderno oficial.
38;LC;150605;E;29;0;;1.68854;0.00982;0.20499;AZUL;1353;;0;2024;Texto extraído diretamente do caderno oficial.
38;LC;150605;E;29;0;;1.68854;0.00982;0.20499;AZUL;1441;;0;2024;Texto extraído diretamente do caderno oficial.
38;LC;150605;E;29;0;;1.68854;0.00982;0.20499;AZUL;1353;;0;2024;Texto extraído diretamente do caderno oficial.
1;LC;140787;D;8;0;;1.68516;1.29852;0.17632;AZUL;1353;1.0;0;2024;"ºº
1 DIA
01
EXAME NACIONAL DO ENSINO MÉDIO
PROVA DE LINGUAGENS, CÓDIGOS E SUAS TECNOLOGIAS E REDAÇÃO
1 Dia 1 Dia
PROVA DE CIÊNCIAS HUMANAS E SUAS TECNOLOGIAS
1°Capa 4°Capa
Azul 1 1 Azul
Amarelo 2 CADERNO 2 Amarelo
Branco 3 3 Branco
1
Rosa 4 4 Rosa
Ledor 9 9 Ledor
AZUL
Libras 10 10 Libras
ENEM2024ENEM2024ENEM2024ENEM2024ENEM2024ENEM2024ENEM2024ENEM2024ENEM2024ENEM2024ENEM2024ENEM2024ENEM2024ENEM2024ENEM2024ENEM2024ENEM2024ENEM2024ENEM2024ENEM2024ENEM2024ENEM2024ENEM2024ENEM2024ENEM2024ENEM2024ENEM2024ENEM2024ENEM2024ENEM2024ENEM2024ENEM2024ENEM2024ENEM2024ENEM2024ENEM2024ENEM2024ENEM2024ENEM2024ENEM2024ENEM2024ENEM2024ENEM2024ENEM2024ENEM2024ENEM2024ENEM2024ENEM2024ENEM2024ENEM2024ENEM2024ENEM2024ENEM2024ENEM2024ENEM2024ENEM2024ENEM2024ENEM2024ENEM2024ENEM2024ENEM2024ENEM2024ENEM2024ENEM2024ENEM
ENEM2024ENEM2024ENEM2024ENEM2024ENEM2024ENEM2024ENEM2024ENEM2024ENEM2024ENEM2024ENEM2024ENEM2024ENEM2024ENEM2024ENEM2024ENEM2024ENEM2024ENEM2024ENEM2024ENEM2024ENEM2024ENEM2024ENEM2024ENEM2024ENEM2024ENEM2024ENEM2024ENEM2024ENEM2024ENEM2024ENEM2024ENEM2024ENEM2024ENEM2024ENEM2024ENEM2024ENEM2024ENEM2024ENEM2024ENEM2024ENEM2024ENEM2024ENEM2024ENEM2024ENEM2024ENEM2024ENEM2024ENEM2024ENEM2024ENEM2024ENEM2024ENEM2024ENEM2024ENEM2024ENEM2024ENEM2024ENEM2024ENEM2024ENEM2024ENEM2024ENEM2024ENEM2024ENEM2024ENEM2024ENEM
ATENÇÃO: transcreva no espaço apropriado do seu CARTÃO-RESPOSTA,
com sua caligrafi a usual, considerando as letras maiúsculas e minúsculas, a seguinte frase:
O arco-íris foge de mim
LEIA ATENTAMENTE AS INSTRUÇÕES SEGUINTES:
1. E ste CADERNO DE QUESTÕES contém 90 questões numeradas de 01 a 90 e a Proposta de Redação,
dispostas da seguinte maneira:
a) questões de número 01 a 45, relativas à área de Linguagens, Códigos e suas Tecnologias;
b) Proposta de Redação;
c) questões de número 46 a 90, relativas à área de Ciências Humanas e suas Tecnologias.
ATENÇÃO: as questões de 01 a 05 são relativas à língua estrangeira. Você deverá responder apenas
às questões relativas à língua estrangeira (inglês ou espanhol) escolhida no ato de sua inscrição.
2. Confi ra se a quantidade e a ordem das questões do seu CADERNO DE QUESTÕES estão de acordo
com as instruções anteriores. Caso o caderno esteja incompleto, tenha defeito ou apresente qualquer
divergência, comunique ao aplicador da sala para que ele tome as providências cabíveis.
3. Para cada uma das questões objetivas, são apresentadas 5 opções. Apenas uma responde
corretamente à questão.
4. O tempo disponível para estas provas é de cinco horas e trinta minutos.
5. Reserve tempo sufi ciente para preencher o CARTÃO-RESPOSTA e a FOLHA DE REDAÇÃO.
2 Dia 6. Os rascunhos e as marcações assinaladas no CADERNO DE QUESTÕES não serão considerados na 2 Dia
1°Capa avaliação. 4°Capa
Libras 12 7. Somente serão corrigidas as redações transcritas na FOLHA DE REDAÇÃO. 12 Libras
Ledor 11 11 Ledor
8. Quando terminar as provas, acene para chamar o aplicador e entregue este CADERNO DE QUESTÕES
e o CARTÃO-RESPOSTA/FOLHA DE REDAÇÃO.
Rosa 8 8 Rosa
9. Você poderá deixar o local de prova somente após decorridas duas horas do início da aplicação e
Azul 7 poderá levar seu CADERNO DE QUESTÕES ao deixar em defi nitivo a sala de prova nos 30 minutos 7 Azul
Cinza 6 que antecedem o término das provas. 6 Cinza
Amarelo 5 5 Amarelo
ENEM2024ENEM2024ENEM2024ENEM2024ENEM2024ENEM2024ENEM2024ENEM2024ENEM2024ENEM2024ENEM2024ENEM2024ENEM2024ENEM2024ENEM2024ENEM2024ENEM2024ENEM2024ENEM2024ENEM2024ENEM2024ENEM2024ENEM2024ENEM2024ENEM2024ENEM2024ENEM2024ENEM2024ENEM2024ENEM2024ENEM2024ENEM2024ENEM2024ENEM2024ENEM2024ENEM2024ENEM2024ENEM2024ENEM2024ENEM2024ENEM2024ENEM2024ENEM2024ENEM2024ENEM2024ENEM2024ENEM2024ENEM2024ENEM2024ENEM2024ENEM2024ENEM2024ENEM2024ENEM2024ENEM2024ENEM2024ENEM2024ENEM2024ENEM2024ENEM2024ENEM2024ENEM2024ENEM2024ENEM2024ENEM
*010175AZ1*
BBB0011iiiggg00uuu11rrr77rrr55iiilllAAhhhZZooosss..ii...nniiinnndddddbbddd 11 111 11224433////00006688////2222000022222244 11117766::::11442266::::00446600"
1;LC;140787;D;8;0;;1.68516;1.29852;0.17632;AZUL;1441;1.0;0;2024;"ºº
1 DIA
01
EXAME NACIONAL DO ENSINO MÉDIO
PROVA DE LINGUAGENS, CÓDIGOS E SUAS TECNOLOGIAS E REDAÇÃO
1 Dia 1 Dia
PROVA DE CIÊNCIAS HUMANAS E SUAS TECNOLOGIAS
1°Capa 4°Capa
Azul 1 1 Azul
Amarelo 2 CADERNO 2 Amarelo
Branco 3 3 Branco
1
Rosa 4 4 Rosa
Ledor 9 9 Ledor
AZUL
Libras 10 10 Libras
ENEM2024ENEM2024ENEM2024ENEM2024ENEM2024ENEM2024ENEM2024ENEM2024ENEM2024ENEM2024ENEM2024ENEM2024ENEM2024ENEM2024ENEM2024ENEM2024ENEM2024ENEM2024ENEM2024ENEM2024ENEM2024ENEM2024ENEM2024ENEM2024ENEM2024ENEM2024ENEM2024ENEM2024ENEM2024ENEM2024ENEM2024ENEM2024ENEM2024ENEM2024ENEM2024ENEM2024ENEM2024ENEM2024ENEM2024ENEM2024ENEM2024ENEM2024ENEM2024ENEM2024ENEM2024ENEM2024ENEM2024ENEM2024ENEM2024ENEM2024ENEM2024ENEM2024ENEM2024ENEM2024ENEM2024ENEM2024ENEM2024ENEM2024ENEM2024ENEM2024ENEM2024ENEM2024ENEM2024ENEM2024ENEM
ENEM2024ENEM2024ENEM2024ENEM2024ENEM2024ENEM2024ENEM2024ENEM2024ENEM2024ENEM2024ENEM2024ENEM2024ENEM2024ENEM2024ENEM2024ENEM2024ENEM2024ENEM2024ENEM2024ENEM2024ENEM2024ENEM2024ENEM2024ENEM2024ENEM2024ENEM2024ENEM2024ENEM2024ENEM2024ENEM2024ENEM2024ENEM2024ENEM2024ENEM2024ENEM2024ENEM2024ENEM2024ENEM2024ENEM2024ENEM2024ENEM2024ENEM2024ENEM2024ENEM2024ENEM2024ENEM2024ENEM2024ENEM2024ENEM2024ENEM2024ENEM2024ENEM2024ENEM2024ENEM2024ENEM2024ENEM2024ENEM2024ENEM2024ENEM2024ENEM2024ENEM2024ENEM2024ENEM2024ENEM2024ENEM
ATENÇÃO: transcreva no espaço apropriado do seu CARTÃO-RESPOSTA,
com sua caligrafi a usual, considerando as letras maiúsculas e minúsculas, a seguinte frase:
O arco-íris foge de mim
LEIA ATENTAMENTE AS INSTRUÇÕES SEGUINTES:
1. E ste CADERNO DE QUESTÕES contém 90 questões numeradas de 01 a 90 e a Proposta de Redação,
dispostas da seguinte maneira:
a) questões de número 01 a 45, relativas à área de Linguagens, Códigos e suas Tecnologias;
b) Proposta de Redação;
c) questões de número 46 a 90, relativas à área de Ciências Humanas e suas Tecnologias.
ATENÇÃO: as questões de 01 a 05 são relativas à língua estrangeira. Você deverá responder apenas
às questões relativas à língua estrangeira (inglês ou espanhol) escolhida no ato de sua inscrição.
2. Confi ra se a quantidade e a ordem das questões do seu CADERNO DE QUESTÕES estão de acordo
com as instruções anteriores. Caso o caderno esteja incompleto, tenha defeito ou apresente qualquer
divergência, comunique ao aplicador da sala para que ele tome as providências cabíveis.
3. Para cada uma das questões objetivas, são apresentadas 5 opções. Apenas uma responde
corretamente à questão.
4. O tempo disponível para estas provas é de cinco horas e trinta minutos.
5. Reserve tempo sufi ciente para preencher o CARTÃO-RESPOSTA e a FOLHA DE REDAÇÃO.
2 Dia 6. Os rascunhos e as marcações assinaladas no CADERNO DE QUESTÕES não serão considerados na 2 Dia
1°Capa avaliação. 4°Capa
Libras 12 7. Somente serão corrigidas as redações transcritas na FOLHA DE REDAÇÃO. 12 Libras
Ledor 11 11 Ledor
8. Quando terminar as provas, acene para chamar o aplicador e entregue este CADERNO DE QUESTÕES
e o CARTÃO-RESPOSTA/FOLHA DE REDAÇÃO.
Rosa 8 8 Rosa
9. Você poderá deixar o local de prova somente após decorridas duas horas do início da aplicação e
Azul 7 poderá levar seu CADERNO DE QUESTÕES ao deixar em defi nitivo a sala de prova nos 30 minutos 7 Azul
Cinza 6 que antecedem o término das provas. 6 Cinza
Amarelo 5 5 Amarelo
ENEM2024ENEM2024ENEM2024ENEM2024ENEM2024ENEM2024ENEM2024ENEM2024ENEM2024ENEM2024ENEM2024ENEM2024ENEM2024ENEM2024ENEM2024ENEM2024ENEM2024ENEM2024ENEM2024ENEM2024ENEM2024ENEM2024ENEM2024ENEM2024ENEM2024ENEM2024ENEM2024ENEM2024ENEM2024ENEM2024ENEM2024ENEM2024ENEM2024ENEM2024ENEM2024ENEM2024ENEM2024ENEM2024ENEM2024ENEM2024ENEM2024ENEM2024ENEM2024ENEM2024ENEM2024ENEM2024ENEM2024ENEM2024ENEM2024ENEM2024ENEM2024ENEM2024ENEM2024ENEM2024ENEM2024ENEM2024ENEM2024ENEM2024ENEM2024ENEM2024ENEM2024ENEM2024ENEM2024ENEM2024ENEM
*010175AZ1*
BBB0011iiiggg00uuu11rrr77rrr55iiilllAAhhhZZooosss..ii...nniiinnndddddbbddd 11 111 11224433////00006688////2222000022222244 11117766::::11442266::::00446600"
1;LC;140787;D;8;0;;1.68516;1.29852;0.17632;AZUL;1441;1.0;0;2024;"ºº
1 DIA
01
EXAME NACIONAL DO ENSINO MÉDIO
PROVA DE LINGUAGENS, CÓDIGOS E SUAS TECNOLOGIAS E REDAÇÃO
1 Dia 1 Dia
PROVA DE CIÊNCIAS HUMANAS E SUAS TECNOLOGIAS
1°Capa 4°Capa
Azul 1 1 Azul
Amarelo 2 CADERNO 2 Amarelo
Branco 3 3 Branco
1
Rosa 4 4 Rosa
Ledor 9 9 Ledor
AZUL
Libras 10 10 Libras
ENEM2024ENEM2024ENEM2024ENEM2024ENEM2024ENEM2024ENEM2024ENEM2024ENEM2024ENEM2024ENEM2024ENEM2024ENEM2024ENEM2024ENEM2024ENEM2024ENEM2024ENEM2024ENEM2024ENEM2024ENEM2024ENEM2024ENEM2024ENEM2024ENEM2024ENEM2024ENEM2024ENEM2024ENEM2024ENEM2024ENEM2024ENEM2024ENEM2024ENEM2024ENEM2024ENEM2024ENEM2024ENEM2024ENEM2024ENEM2024ENEM2024ENEM2024ENEM2024ENEM2024ENEM2024ENEM2024ENEM2024ENEM2024ENEM2024ENEM2024ENEM2024ENEM2024ENEM2024ENEM2024ENEM2024ENEM2024ENEM2024ENEM2024ENEM2024ENEM2024ENEM2024ENEM2024ENEM2024ENEM2024ENEM
ENEM2024ENEM2024ENEM2024ENEM2024ENEM2024ENEM2024ENEM2024ENEM2024ENEM2024ENEM2024ENEM2024ENEM2024ENEM2024ENEM2024ENEM2024ENEM2024ENEM2024ENEM2024ENEM2024ENEM2024ENEM2024ENEM2024ENEM2024ENEM2024ENEM2024ENEM2024ENEM2024ENEM2024ENEM2024ENEM2024ENEM2024ENEM2024ENEM2024ENEM2024ENEM2024ENEM2024ENEM2024ENEM2024ENEM2024ENEM2024ENEM2024ENEM2024ENEM2024ENEM2024ENEM2024ENEM2024ENEM2024ENEM2024ENEM2024ENEM2024ENEM2024ENEM2024ENEM2024ENEM2024ENEM2024ENEM2024ENEM2024ENEM2024ENEM2024ENEM2024ENEM2024ENEM2024ENEM2024ENEM2024ENEM
ATENÇÃO: transcreva no espaço apropriado do seu CARTÃO-RESPOSTA,
com sua caligrafi a usual, considerando as letras maiúsculas e minúsculas, a seguinte frase:
O arco-íris foge de mim
LEIA ATENTAMENTE AS INSTRUÇÕES SEGUINTES:
1. E ste CADERNO DE QUESTÕES contém 90 questões numeradas de 01 a 90 e a Proposta de Redação,
dispostas da seguinte maneira:
a) questões de número 01 a 45, relativas à área de Linguagens, Códigos e suas Tecnologias;
b) Proposta de Redação;
c) questões de número 46 a 90, relativas à área de Ciências Humanas e suas Tecnologias.
ATENÇÃO: as questões de 01 a 05 são relativas à língua estrangeira. Você deverá responder apenas
às questões relativas à língua estrangeira (inglês ou espanhol) escolhida no ato de sua inscrição.
2. Confi ra se a quantidade e a ordem das questões do seu CADERNO DE QUESTÕES estão de acordo
com as instruções anteriores. Caso o caderno esteja incompleto, tenha defeito ou apresente qualquer
divergência, comunique ao aplicador da sala para que ele tome as providências cabíveis.
3. Para cada uma das questões objetivas, são apresentadas 5 opções. Apenas uma responde
corretamente à questão.
4. O tempo disponível para estas provas é de cinco horas e trinta minutos.
5. Reserve tempo sufi ciente para preencher o CARTÃO-RESPOSTA e a FOLHA DE REDAÇÃO.
2 Dia 6. Os rascunhos e as marcações assinaladas no CADERNO DE QUESTÕES não serão considerados na 2 Dia
1°Capa avaliação. 4°Capa
Libras 12 7. Somente serão corrigidas as redações transcritas na FOLHA DE REDAÇÃO. 12 Libras
Ledor 11 11 Ledor
8. Quando terminar as provas, acene para chamar o aplicador e entregue este CADERNO DE QUESTÕES
e o CARTÃO-RESPOSTA/FOLHA DE REDAÇÃO.
Rosa 8 8 Rosa
9. Você poderá deixar o local de prova somente após decorridas duas horas do início da aplicação e
Azul 7 poderá levar seu CADERNO DE QUESTÕES ao deixar em defi nitivo a sala de prova nos 30 minutos 7 Azul
Cinza 6 que antecedem o término das provas. 6 Cinza
Amarelo 5 5 Amarelo
ENEM2024ENEM2024ENEM2024ENEM2024ENEM2024ENEM2024ENEM2024ENEM2024ENEM2024ENEM2024ENEM2024ENEM2024ENEM2024ENEM2024ENEM2024ENEM2024ENEM2024ENEM2024ENEM2024ENEM2024ENEM2024ENEM2024ENEM2024ENEM2024ENEM2024ENEM2024ENEM2024ENEM2024ENEM2024ENEM2024ENEM2024ENEM2024ENEM2024ENEM2024ENEM2024ENEM2024ENEM2024ENEM2024ENEM2024ENEM2024ENEM2024ENEM2024ENEM2024ENEM2024ENEM2024ENEM2024ENEM2024ENEM2024ENEM2024ENEM2024ENEM2024ENEM2024ENEM2024ENEM2024ENEM2024ENEM2024ENEM2024ENEM2024ENEM2024ENEM2024ENEM2024ENEM2024ENEM2024ENEM2024ENEM
*010175AZ1*
BBB0011iiiggg00uuu11rrr77rrr55iiilllAAhhhZZooosss..ii...nniiinnndddddbbddd 11 111 11224433////00006688////2222000022222244 11117766::::11442266::::00446600"
1;LC;140787;D;8;0;;1.68516;1.29852;0.17632;AZUL;1353;1.0;0;2024;"ºº
1 DIA
01
EXAME NACIONAL DO ENSINO MÉDIO
PROVA DE LINGUAGENS, CÓDIGOS E SUAS TECNOLOGIAS E REDAÇÃO
1 Dia 1 Dia
PROVA DE CIÊNCIAS HUMANAS E SUAS TECNOLOGIAS
1°Capa 4°Capa
Azul 1 1 Azul
Amarelo 2 CADERNO 2 Amarelo
Branco 3 3 Branco
1
Rosa 4 4 Rosa
Ledor 9 9 Ledor
AZUL
Libras 10 10 Libras
ENEM2024ENEM2024ENEM2024ENEM2024ENEM2024ENEM2024ENEM2024ENEM2024ENEM2024ENEM2024ENEM2024ENEM2024ENEM2024ENEM2024ENEM2024ENEM2024ENEM2024ENEM2024ENEM2024ENEM2024ENEM2024ENEM2024ENEM2024ENEM2024ENEM2024ENEM2024ENEM2024ENEM2024ENEM2024ENEM2024ENEM2024ENEM2024ENEM2024ENEM2024ENEM2024ENEM2024ENEM2024ENEM2024ENEM2024ENEM2024ENEM2024ENEM2024ENEM2024ENEM2024ENEM2024ENEM2024ENEM2024ENEM2024ENEM2024ENEM2024ENEM2024ENEM2024ENEM2024ENEM2024ENEM2024ENEM2024ENEM2024ENEM2024ENEM2024ENEM2024ENEM2024ENEM2024ENEM2024ENEM2024ENEM
ENEM2024ENEM2024ENEM2024ENEM2024ENEM2024ENEM2024ENEM2024ENEM2024ENEM2024ENEM2024ENEM2024ENEM2024ENEM2024ENEM2024ENEM2024ENEM2024ENEM2024ENEM2024ENEM2024ENEM2024ENEM2024ENEM2024ENEM2024ENEM2024ENEM2024ENEM2024ENEM2024ENEM2024ENEM2024ENEM2024ENEM2024ENEM2024ENEM2024ENEM2024ENEM2024ENEM2024ENEM2024ENEM2024ENEM2024ENEM2024ENEM2024ENEM2024ENEM2024ENEM2024ENEM2024ENEM2024ENEM2024ENEM2024ENEM2024ENEM2024ENEM2024ENEM2024ENEM2024ENEM2024ENEM2024ENEM2024ENEM2024ENEM2024ENEM2024ENEM2024ENEM2024ENEM2024ENEM2024ENEM2024ENEM
ATENÇÃO: transcreva no espaço apropriado do seu CARTÃO-RESPOSTA,
com sua caligrafi a usual, considerando as letras maiúsculas e minúsculas, a seguinte frase:
O arco-íris foge de mim
LEIA ATENTAMENTE AS INSTRUÇÕES SEGUINTES:
1. E ste CADERNO DE QUESTÕES contém 90 questões numeradas de 01 a 90 e a Proposta de Redação,
dispostas da seguinte maneira:
a) questões de número 01 a 45, relativas à área de Linguagens, Códigos e suas Tecnologias;
b) Proposta de Redação;
c) questões de número 46 a 90, relativas à área de Ciências Humanas e suas Tecnologias.
ATENÇÃO: as questões de 01 a 05 são relativas à língua estrangeira. Você deverá responder apenas
às questões relativas à língua estrangeira (inglês ou espanhol) escolhida no ato de sua inscrição.
2. Confi ra se a quantidade e a ordem das questões do seu CADERNO DE QUESTÕES estão de acordo
com as instruções anteriores. Caso o caderno esteja incompleto, tenha defeito ou apresente qualquer
divergência, comunique ao aplicador da sala para que ele tome as providências cabíveis.
3. Para cada uma das questões objetivas, são apresentadas 5 opções. Apenas uma responde
corretamente à questão.
4. O tempo disponível para estas provas é de cinco horas e trinta minutos.
5. Reserve tempo sufi ciente para preencher o CARTÃO-RESPOSTA e a FOLHA DE REDAÇÃO.
2 Dia 6. Os rascunhos e as marcações assinaladas no CADERNO DE QUESTÕES não serão considerados na 2 Dia
1°Capa avaliação. 4°Capa
Libras 12 7. Somente serão corrigidas as redações transcritas na FOLHA DE REDAÇÃO. 12 Libras
Ledor 11 11 Ledor
8. Quando terminar as provas, acene para chamar o aplicador e entregue este CADERNO DE QUESTÕES
e o CARTÃO-RESPOSTA/FOLHA DE REDAÇÃO.
Rosa 8 8 Rosa
9. Você poderá deixar o local de prova somente após decorridas duas horas do início da aplicação e
Azul 7 poderá levar seu CADERNO DE QUESTÕES ao deixar em defi nitivo a sala de prova nos 30 minutos 7 Azul
Cinza 6 que antecedem o término das provas. 6 Cinza
Amarelo 5 5 Amarelo
ENEM2024ENEM2024ENEM2024ENEM2024ENEM2024ENEM2024ENEM2024ENEM2024ENEM2024ENEM2024ENEM2024ENEM2024ENEM2024ENEM2024ENEM2024ENEM2024ENEM2024ENEM2024ENEM2024ENEM2024ENEM2024ENEM2024ENEM2024ENEM2024ENEM2024ENEM2024ENEM2024ENEM2024ENEM2024ENEM2024ENEM2024ENEM2024ENEM2024ENEM2024ENEM2024ENEM2024ENEM2024ENEM2024ENEM2024ENEM2024ENEM2024ENEM2024ENEM2024ENEM2024ENEM2024ENEM2024ENEM2024ENEM2024ENEM2024ENEM2024ENEM2024ENEM2024ENEM2024ENEM2024ENEM2024ENEM2024ENEM2024ENEM2024ENEM2024ENEM2024ENEM2024ENEM2024ENEM2024ENEM2024ENEM
*010175AZ1*
BBB0011iiiggg00uuu11rrr77rrr55iiilllAAhhhZZooosss..ii...nniiinnndddddbbddd 11 111 11224433////00006688////2222000022222244 11117766::::11442266::::00446600"
1;LC;140787;D;8;0;;1.68516;1.29852;0.17632;AZUL;1441;1.0;0;2024;"ºº
1 DIA
01
EXAME NACIONAL DO ENSINO MÉDIO
PROVA DE LINGUAGENS, CÓDIGOS E SUAS TECNOLOGIAS E REDAÇÃO
1 Dia 1 Dia
PROVA DE CIÊNCIAS HUMANAS E SUAS TECNOLOGIAS
1°Capa 4°Capa
Azul 1 1 Azul
Amarelo 2 CADERNO 2 Amarelo
Branco 3 3 Branco
1
Rosa 4 4 Rosa
Ledor 9 9 Ledor
AZUL
Libras 10 10 Libras
ENEM2024ENEM2024ENEM2024ENEM2024ENEM2024ENEM2024ENEM2024ENEM2024ENEM2024ENEM2024ENEM2024ENEM2024ENEM2024ENEM2024ENEM2024ENEM2024ENEM2024ENEM2024ENEM2024ENEM2024ENEM2024ENEM2024ENEM2024ENEM2024ENEM2024ENEM2024ENEM2024ENEM2024ENEM2024ENEM2024ENEM2024ENEM2024ENEM2024ENEM2024ENEM2024ENEM2024ENEM2024ENEM2024ENEM2024ENEM2024ENEM2024ENEM2024ENEM2024ENEM2024ENEM2024ENEM2024ENEM2024ENEM2024ENEM2024ENEM2024ENEM2024ENEM2024ENEM2024ENEM2024ENEM2024ENEM2024ENEM2024ENEM2024ENEM2024ENEM2024ENEM2024ENEM2024ENEM2024ENEM2024ENEM
ENEM2024ENEM2024ENEM2024ENEM2024ENEM2024ENEM2024ENEM2024ENEM2024ENEM2024ENEM2024ENEM2024ENEM2024ENEM2024ENEM2024ENEM2024ENEM2024ENEM2024ENEM2024ENEM2024ENEM2024ENEM2024ENEM2024ENEM2024ENEM2024ENEM2024ENEM2024ENEM2024ENEM2024ENEM2024ENEM2024ENEM2024ENEM2024ENEM2024ENEM2024ENEM2024ENEM2024ENEM2024ENEM2024ENEM2024ENEM2024ENEM2024ENEM2024ENEM2024ENEM2024ENEM2024ENEM2024ENEM2024ENEM2024ENEM2024ENEM2024ENEM2024ENEM2024ENEM2024ENEM2024ENEM2024ENEM2024ENEM2024ENEM2024ENEM2024ENEM2024ENEM2024ENEM2024ENEM2024ENEM2024ENEM
ATENÇÃO: transcreva no espaço apropriado do seu CARTÃO-RESPOSTA,
com sua caligrafi a usual, considerando as letras maiúsculas e minúsculas, a seguinte frase:
O arco-íris foge de mim
LEIA ATENTAMENTE AS INSTRUÇÕES SEGUINTES:
1. E ste CADERNO DE QUESTÕES contém 90 questões numeradas de 01 a 90 e a Proposta de Redação,
dispostas da seguinte maneira:
a) questões de número 01 a 45, relativas à área de Linguagens, Códigos e suas Tecnologias;
b) Proposta de Redação;
c) questões de número 46 a 90, relativas à área de Ciências Humanas e suas Tecnologias.
ATENÇÃO: as questões de 01 a 05 são relativas à língua estrangeira. Você deverá responder apenas
às questões relativas à língua estrangeira (inglês ou espanhol) escolhida no ato de sua inscrição.
2. Confi ra se a quantidade e a ordem das questões do seu CADERNO DE QUESTÕES estão de acordo
com as instruções anteriores. Caso o caderno esteja incompleto, tenha defeito ou apresente qualquer
divergência, comunique ao aplicador da sala para que ele tome as providências cabíveis.
3. Para cada uma das questões objetivas, são apresentadas 5 opções. Apenas uma responde
corretamente à questão.
4. O tempo disponível para estas provas é de cinco horas e trinta minutos.
5. Reserve tempo sufi ciente para preencher o CARTÃO-RESPOSTA e a FOLHA DE REDAÇÃO.
2 Dia 6. Os rascunhos e as marcações assinaladas no CADERNO DE QUESTÕES não serão considerados na 2 Dia
1°Capa avaliação. 4°Capa
Libras 12 7. Somente serão corrigidas as redações transcritas na FOLHA DE REDAÇÃO. 12 Libras
Ledor 11 11 Ledor
8. Quando terminar as provas, acene para chamar o aplicador e entregue este CADERNO DE QUESTÕES
e o CARTÃO-RESPOSTA/FOLHA DE REDAÇÃO.
Rosa 8 8 Rosa
9. Você poderá deixar o local de prova somente após decorridas duas horas do início da aplicação e
Azul 7 poderá levar seu CADERNO DE QUESTÕES ao deixar em defi nitivo a sala de prova nos 30 minutos 7 Azul
Cinza 6 que antecedem o término das provas. 6 Cinza
Amarelo 5 5 Amarelo
ENEM2024ENEM2024ENEM2024ENEM2024ENEM2024ENEM2024ENEM2024ENEM2024ENEM2024ENEM2024ENEM2024ENEM2024ENEM2024ENEM2024ENEM2024ENEM2024ENEM2024ENEM2024ENEM2024ENEM2024ENEM2024ENEM2024ENEM2024ENEM2024ENEM2024ENEM2024ENEM2024ENEM2024ENEM2024ENEM2024ENEM2024ENEM2024ENEM2024ENEM2024ENEM2024ENEM2024ENEM2024ENEM2024ENEM2024ENEM2024ENEM2024ENEM2024ENEM2024ENEM2024ENEM2024ENEM2024ENEM2024ENEM2024ENEM2024ENEM2024ENEM2024ENEM2024ENEM2024ENEM2024ENEM2024ENEM2024ENEM2024ENEM2024ENEM2024ENEM2024ENEM2024ENEM2024ENEM2024ENEM2024ENEM
*010175AZ1*
BBB0011iiiggg00uuu11rrr77rrr55iiilllAAhhhZZooosss..ii...nniiinnndddddbbddd 11 111 11224433////00006688////2222000022222244 11117766::::11442266::::00446600"
1;LC;140787;D;8;0;;1.68516;1.29852;0.17632;AZUL;1353;1.0;0;2024;"ºº
1 DIA
01
EXAME NACIONAL DO ENSINO MÉDIO
PROVA DE LINGUAGENS, CÓDIGOS E SUAS TECNOLOGIAS E REDAÇÃO
1 Dia 1 Dia
PROVA DE CIÊNCIAS HUMANAS E SUAS TECNOLOGIAS
1°Capa 4°Capa
Azul 1 1 Azul
Amarelo 2 CADERNO 2 Amarelo
Branco 3 3 Branco
1
Rosa 4 4 Rosa
Ledor 9 9 Ledor
AZUL
Libras 10 10 Libras
ENEM2024ENEM2024ENEM2024ENEM2024ENEM2024ENEM2024ENEM2024ENEM2024ENEM2024ENEM2024ENEM2024ENEM2024ENEM2024ENEM2024ENEM2024ENEM2024ENEM2024ENEM2024ENEM2024ENEM2024ENEM2024ENEM2024ENEM2024ENEM2024ENEM2024ENEM2024ENEM2024ENEM2024ENEM2024ENEM2024ENEM2024ENEM2024ENEM2024ENEM2024ENEM2024ENEM2024ENEM2024ENEM2024ENEM2024ENEM2024ENEM2024ENEM2024ENEM2024ENEM2024ENEM2024ENEM2024ENEM2024ENEM2024ENEM2024ENEM2024ENEM2024ENEM2024ENEM2024ENEM2024ENEM2024ENEM2024ENEM2024ENEM2024ENEM2024ENEM2024ENEM2024ENEM2024ENEM2024ENEM2024ENEM
ENEM2024ENEM2024ENEM2024ENEM2024ENEM2024ENEM2024ENEM2024ENEM2024ENEM2024ENEM2024ENEM2024ENEM2024ENEM2024ENEM2024ENEM2024ENEM2024ENEM2024ENEM2024ENEM2024ENEM2024ENEM2024ENEM2024ENEM2024ENEM2024ENEM2024ENEM2024ENEM2024ENEM2024ENEM2024ENEM2024ENEM2024ENEM2024ENEM2024ENEM2024ENEM2024ENEM2024ENEM2024ENEM2024ENEM2024ENEM2024ENEM2024ENEM2024ENEM2024ENEM2024ENEM2024ENEM2024ENEM2024ENEM2024ENEM2024ENEM2024ENEM2024ENEM2024ENEM2024ENEM2024ENEM2024ENEM2024ENEM2024ENEM2024ENEM2024ENEM2024ENEM2024ENEM2024ENEM2024ENEM2024ENEM
ATENÇÃO: transcreva no espaço apropriado do seu CARTÃO-RESPOSTA,
com sua caligrafi a usual, considerando as letras maiúsculas e minúsculas, a seguinte frase:
O arco-íris foge de mim
LEIA ATENTAMENTE AS INSTRUÇÕES SEGUINTES:
1. E ste CADERNO DE QUESTÕES contém 90 questões numeradas de 01 a 90 e a Proposta de Redação,
dispostas da seguinte maneira:
a) questões de número 01 a 45, relativas à área de Linguagens, Códigos e suas Tecnologias;
b) Proposta de Redação;
c) questões de número 46 a 90, relativas à área de Ciências Humanas e suas Tecnologias.
ATENÇÃO: as questões de 01 a 05 são relativas à língua estrangeira. Você deverá responder apenas
às questões relativas à língua estrangeira (inglês ou espanhol) escolhida no ato de sua inscrição.
2. Confi ra se a quantidade e a ordem das questões do seu CADERNO DE QUESTÕES estão de acordo
com as instruções anteriores. Caso o caderno esteja incompleto, tenha defeito ou apresente qualquer
divergência, comunique ao aplicador da sala para que ele tome as providências cabíveis.
3. Para cada uma das questões objetivas, são apresentadas 5 opções. Apenas uma responde
corretamente à questão.
4. O tempo disponível para estas provas é de cinco horas e trinta minutos.
5. Reserve tempo sufi ciente para preencher o CARTÃO-RESPOSTA e a FOLHA DE REDAÇÃO.
2 Dia 6. Os rascunhos e as marcações assinaladas no CADERNO DE QUESTÕES não serão considerados na 2 Dia
1°Capa avaliação. 4°Capa
Libras 12 7. Somente serão corrigidas as redações transcritas na FOLHA DE REDAÇÃO. 12 Libras
Ledor 11 11 Ledor
8. Quando terminar as provas, acene para chamar o aplicador e entregue este CADERNO DE QUESTÕES
e o CARTÃO-RESPOSTA/FOLHA DE REDAÇÃO.
Rosa 8 8 Rosa
9. Você poderá deixar o local de prova somente após decorridas duas horas do início da aplicação e
Azul 7 poderá levar seu CADERNO DE QUESTÕES ao deixar em defi nitivo a sala de prova nos 30 minutos 7 Azul
Cinza 6 que antecedem o término das provas. 6 Cinza
Amarelo 5 5 Amarelo
ENEM2024ENEM2024ENEM2024ENEM2024ENEM2024ENEM2024ENEM2024ENEM2024ENEM2024ENEM2024ENEM2024ENEM2024ENEM2024ENEM2024ENEM2024ENEM2024ENEM2024ENEM2024ENEM2024ENEM2024ENEM2024ENEM2024ENEM2024ENEM2024ENEM2024ENEM2024ENEM2024ENEM2024ENEM2024ENEM2024ENEM2024ENEM2024ENEM2024ENEM2024ENEM2024ENEM2024ENEM2024ENEM2024ENEM2024ENEM2024ENEM2024ENEM2024ENEM2024ENEM2024ENEM2024ENEM2024ENEM2024ENEM2024ENEM2024ENEM2024ENEM2024ENEM2024ENEM2024ENEM2024ENEM2024ENEM2024ENEM2024ENEM2024ENEM2024ENEM2024ENEM2024ENEM2024ENEM2024ENEM2024ENEM
*010175AZ1*
BBB0011iiiggg00uuu11rrr77rrr55iiilllAAhhhZZooosss..ii...nniiinnndddddbbddd 11 111 11224433////00006688////2222000022222244 11117766::::11442266::::00446600"
147;MT;18078;C;16;0;;1.68425;1.70099;0.10013;AZUL;1363;;0;2024;Texto extraído diretamente do caderno oficial.
147;MT;18078;C;16;0;;1.68425;1.70099;0.10013;AZUL;1363;;0;2024;Texto extraído diretamente do caderno oficial.
147;MT;18078;C;16;0;;1.68425;1.70099;0.10013;AZUL;1363;;0;2024;Texto extraído diretamente do caderno oficial.
98;CN;141807;E;16;0;;1.68259;1.77477;0.07803;AZUL;1419;;0;2024;Texto extraído diretamente do caderno oficial.
98;CN;141807;E;16;0;;1.68259;1.77477;0.07803;AZUL;1419;;0;2024;Texto extraído diretamente do caderno oficial.
98;CN;141807;E;16;0;;1.68259;1.77477;0.07803;AZUL;1419;;0;2024;Texto extraído diretamente do caderno oficial.
107;CN;87450;E;13;0;;1.67455;0.6282;0.18765;AZUL;1483;;0;2024;Texto extraído diretamente do caderno oficial.
107;CN;87450;E;13;0;;1.67455;0.6282;0.18765;AZUL;1483;;0;2024;Texto extraído diretamente do caderno oficial.
107;CN;87450;E;13;0;;1.67455;0.6282;0.18765;AZUL;1483;;0;2024;Texto extraído diretamente do caderno oficial.
79;CH;140475;A;10;0;;1.65663;0.56156;0.19846;AZUL;1431;;0;2024;Texto extraído diretamente do caderno oficial.
79;CH;140475;A;10;0;;1.65663;0.56156;0.19846;AZUL;1431;;0;2024;Texto extraído diretamente do caderno oficial.
79;CH;140475;A;10;0;;1.65663;0.56156;0.19846;AZUL;1343;;0;2024;Texto extraído diretamente do caderno oficial.
79;CH;140475;A;10;0;;1.65663;0.56156;0.19846;AZUL;1343;;0;2024;Texto extraído diretamente do caderno oficial.
79;CH;140475;A;10;0;;1.65663;0.56156;0.19846;AZUL;1343;;0;2024;Texto extraído diretamente do caderno oficial.
79;CH;140475;A;10;0;;1.65663;0.56156;0.19846;AZUL;1431;;0;2024;Texto extraído diretamente do caderno oficial.
178;MT;87525;C;26;0;;1.64523;0.58391;0.19253;AZUL;1363;;0;2024;Texto extraído diretamente do caderno oficial.
178;MT;87525;C;26;0;;1.64523;0.58391;0.19253;AZUL;1363;;0;2024;Texto extraído diretamente do caderno oficial.
178;MT;87525;C;26;0;;1.64523;0.58391;0.19253;AZUL;1363;;0;2024;Texto extraído diretamente do caderno oficial.
16;LC;157615;E;15;0;;1.64072;0.95986;0.19106;AZUL;1459;;0;2024;Texto extraído diretamente do caderno oficial.
16;LC;157615;E;15;0;;1.64072;0.95986;0.19106;AZUL;1459;;0;2024;Texto extraído diretamente do caderno oficial.
16;LC;157615;E;15;0;;1.64072;0.95986;0.19106;AZUL;1459;;0;2024;Texto extraído diretamente do caderno oficial.
80;CH;140423;A;4;0;;1.63763;-0.46573;0.19507;AZUL;1383;;0;2024;Texto extraído diretamente do caderno oficial.
80;CH;140423;A;4;0;;1.63763;-0.46573;0.19507;AZUL;1383;;0;2024;Texto extraído diretamente do caderno oficial.
80;CH;140423;A;4;0;;1.63763;-0.46573;0.19507;AZUL;1383;;0;2024;Texto extraído diretamente do caderno oficial.
6;LC;150629;D;18;0;;1.63483;0.22791;0.18384;AZUL;1441;;0;2024;"*010175AZ32*
01
1 Dia 1 Dia
1°Capa 4°Capa
Transcreva a sua Redação para a Folha de Redação.
Azul 1 1 Azul
Amarelo 2 2 Amarelo
Branco 3 1 3 Branco
Rosa 4 2 4 Rosa
3
Ledor 9 9 Ledor
Libras 10 4 10 Libras
5
6
7
8
O
9
H
10
N O
11
U
12 Ã
C
13 Ç
S
14 A
A
15 D
16 R
E
17
R
18
A
19
D
20
21
22
23
24
2 Dia 2 Dia
1°Capa 25 4°Capa
Libras 12 26 12 Libras
Ledor 11 11 Ledor
27
28
Rosa 8 8 Rosa
Azul 7 29 7 Azul
Cinza 6 6 Cinza
30
Amarelo 5 5 Amarelo
01
BBB0011iiiggg00uuu11rrr77rrr55iiilllAAhhhZZooosss..ii...nniiinnndddddbbddd 33 11122 11224433////00006688////2222000022222244 11117766::::11442266::::00556699"
6;LC;150629;D;18;0;;1.63483;0.22791;0.18384;AZUL;1353;;0;2024;"*010175AZ32*
01
1 Dia 1 Dia
1°Capa 4°Capa
Transcreva a sua Redação para a Folha de Redação.
Azul 1 1 Azul
Amarelo 2 2 Amarelo
Branco 3 1 3 Branco
Rosa 4 2 4 Rosa
3
Ledor 9 9 Ledor
Libras 10 4 10 Libras
5
6
7
8
O
9
H
10
N O
11
U
12 Ã
C
13 Ç
S
14 A
A
15 D
16 R
E
17
R
18
A
19
D
20
21
22
23
24
2 Dia 2 Dia
1°Capa 25 4°Capa
Libras 12 26 12 Libras
Ledor 11 11 Ledor
27
28
Rosa 8 8 Rosa
Azul 7 29 7 Azul
Cinza 6 6 Cinza
30
Amarelo 5 5 Amarelo
01
BBB0011iiiggg00uuu11rrr77rrr55iiilllAAhhhZZooosss..ii...nniiinnndddddbbddd 33 11122 11224433////00006688////2222000022222244 11117766::::11442266::::00556699"
6;LC;150629;D;18;0;;1.63483;0.22791;0.18384;AZUL;1353;;0;2024;"*010175AZ32*
01
1 Dia 1 Dia
1°Capa 4°Capa
Transcreva a sua Redação para a Folha de Redação.
Azul 1 1 Azul
Amarelo 2 2 Amarelo
Branco 3 1 3 Branco
Rosa 4 2 4 Rosa
3
Ledor 9 9 Ledor
Libras 10 4 10 Libras
5
6
7
8
O
9
H
10
N O
11
U
12 Ã
C
13 Ç
S
14 A
A
15 D
16 R
E
17
R
18
A
19
D
20
21
22
23
24
2 Dia 2 Dia
1°Capa 25 4°Capa
Libras 12 26 12 Libras
Ledor 11 11 Ledor
27
28
Rosa 8 8 Rosa
Azul 7 29 7 Azul
Cinza 6 6 Cinza
30
Amarelo 5 5 Amarelo
01
BBB0011iiiggg00uuu11rrr77rrr55iiilllAAhhhZZooosss..ii...nniiinnndddddbbddd 33 11122 11224433////00006688////2222000022222244 11117766::::11442266::::00556699"
6;LC;150629;D;18;0;;1.63483;0.22791;0.18384;AZUL;1441;;0;2024;"*010175AZ32*
01
1 Dia 1 Dia
1°Capa 4°Capa
Transcreva a sua Redação para a Folha de Redação.
Azul 1 1 Azul
Amarelo 2 2 Amarelo
Branco 3 1 3 Branco
Rosa 4 2 4 Rosa
3
Ledor 9 9 Ledor
Libras 10 4 10 Libras
5
6
7
8
O
9
H
10
N O
11
U
12 Ã
C
13 Ç
S
14 A
A
15 D
16 R
E
17
R
18
A
19
D
20
21
22
23
24
2 Dia 2 Dia
1°Capa 25 4°Capa
Libras 12 26 12 Libras
Ledor 11 11 Ledor
27
28
Rosa 8 8 Rosa
Azul 7 29 7 Azul
Cinza 6 6 Cinza
30
Amarelo 5 5 Amarelo
01
BBB0011iiiggg00uuu11rrr77rrr55iiilllAAhhhZZooosss..ii...nniiinnndddddbbddd 33 11122 11224433////00006688////2222000022222244 11117766::::11442266::::00556699"
6;LC;150629;D;18;0;;1.63483;0.22791;0.18384;AZUL;1441;;0;2024;"*010175AZ32*
01
1 Dia 1 Dia
1°Capa 4°Capa
Transcreva a sua Redação para a Folha de Redação.
Azul 1 1 Azul
Amarelo 2 2 Amarelo
Branco 3 1 3 Branco
Rosa 4 2 4 Rosa
3
Ledor 9 9 Ledor
Libras 10 4 10 Libras
5
6
7
8
O
9
H
10
N O
11
U
12 Ã
C
13 Ç
S
14 A
A
15 D
16 R
E
17
R
18
A
19
D
20
21
22
23
24
2 Dia 2 Dia
1°Capa 25 4°Capa
Libras 12 26 12 Libras
Ledor 11 11 Ledor
27
28
Rosa 8 8 Rosa
Azul 7 29 7 Azul
Cinza 6 6 Cinza
30
Amarelo 5 5 Amarelo
01
BBB0011iiiggg00uuu11rrr77rrr55iiilllAAhhhZZooosss..ii...nniiinnndddddbbddd 33 11122 11224433////00006688////2222000022222244 11117766::::11442266::::00556699"
6;LC;150629;D;18;0;;1.63483;0.22791;0.18384;AZUL;1353;;0;2024;"*010175AZ32*
01
1 Dia 1 Dia
1°Capa 4°Capa
Transcreva a sua Redação para a Folha de Redação.
Azul 1 1 Azul
Amarelo 2 2 Amarelo
Branco 3 1 3 Branco
Rosa 4 2 4 Rosa
3
Ledor 9 9 Ledor
Libras 10 4 10 Libras
5
6
7
8
O
9
H
10
N O
11
U
12 Ã
C
13 Ç
S
14 A
A
15 D
16 R
E
17
R
18
A
19
D
20
21
22
23
24
2 Dia 2 Dia
1°Capa 25 4°Capa
Libras 12 26 12 Libras
Ledor 11 11 Ledor
27
28
Rosa 8 8 Rosa
Azul 7 29 7 Azul
Cinza 6 6 Cinza
30
Amarelo 5 5 Amarelo
01
BBB0011iiiggg00uuu11rrr77rrr55iiilllAAhhhZZooosss..ii...nniiinnndddddbbddd 33 11122 11224433////00006688////2222000022222244 11117766::::11442266::::00556699"
179;MT;126023;A;10;0;;1.6235;0.45598;0.1784;AZUL;1471;;0;2024;Texto extraído diretamente do caderno oficial.
179;MT;126023;A;10;0;;1.6235;0.45598;0.1784;AZUL;1471;;0;2024;Texto extraído diretamente do caderno oficial.
179;MT;126023;A;10;0;;1.6235;0.45598;0.1784;AZUL;1471;;0;2024;Texto extraído diretamente do caderno oficial.
72;CH;140508;D;16;0;;1.62073;0.14243;0.18986;AZUL;1431;;0;2024;Texto extraído diretamente do caderno oficial.
72;CH;140508;D;16;0;;1.62073;0.14243;0.18986;AZUL;1343;;0;2024;Texto extraído diretamente do caderno oficial.
72;CH;140508;D;16;0;;1.62073;0.14243;0.18986;AZUL;1431;;0;2024;Texto extraído diretamente do caderno oficial.
72;CH;140508;D;16;0;;1.62073;0.14243;0.18986;AZUL;1343;;0;2024;Texto extraído diretamente do caderno oficial.
72;CH;140508;D;16;0;;1.62073;0.14243;0.18986;AZUL;1343;;0;2024;Texto extraído diretamente do caderno oficial.
72;CH;140508;D;16;0;;1.62073;0.14243;0.18986;AZUL;1431;;0;2024;Texto extraído diretamente do caderno oficial.
58;CH;149809;C;6;0;;1.6146;-0.07254;0.20394;AZUL;1343;;0;2024;Texto extraído diretamente do caderno oficial.
58;CH;149809;C;6;0;;1.6146;-0.07254;0.20394;AZUL;1343;;0;2024;Texto extraído diretamente do caderno oficial.
58;CH;149809;C;6;0;;1.6146;-0.07254;0.20394;AZUL;1431;;0;2024;Texto extraído diretamente do caderno oficial.
58;CH;149809;C;6;0;;1.6146;-0.07254;0.20394;AZUL;1431;;0;2024;Texto extraído diretamente do caderno oficial.
58;CH;149809;C;6;0;;1.6146;-0.07254;0.20394;AZUL;1431;;0;2024;Texto extraído diretamente do caderno oficial.
58;CH;149809;C;6;0;;1.6146;-0.07254;0.20394;AZUL;1343;;0;2024;Texto extraído diretamente do caderno oficial.
40;LC;150607;A;16;0;;1.60463;1.535;0.21298;AZUL;1459;;0;2024;Texto extraído diretamente do caderno oficial.
40;LC;150607;A;16;0;;1.60463;1.535;0.21298;AZUL;1459;;0;2024;Texto extraído diretamente do caderno oficial.
40;LC;150607;A;16;0;;1.60463;1.535;0.21298;AZUL;1459;;0;2024;Texto extraído diretamente do caderno oficial.
3;LC;140663;D;5;0;;1.59952;1.88032;0.12125;AZUL;1353;1.0;0;2024;"*010175AZ32*
01
1 Dia 1 Dia
1°Capa 4°Capa
Transcreva a sua Redação para a Folha de Redação.
Azul 1 1 Azul
Amarelo 2 2 Amarelo
Branco 3 1 3 Branco
Rosa 4 2 4 Rosa
3
Ledor 9 9 Ledor
Libras 10 4 10 Libras
5
6
7
8
O
9
H
10
N O
11
U
12 Ã
C
13 Ç
S
14 A
A
15 D
16 R
E
17
R
18
A
19
D
20
21
22
23
24
2 Dia 2 Dia
1°Capa 25 4°Capa
Libras 12 26 12 Libras
Ledor 11 11 Ledor
27
28
Rosa 8 8 Rosa
Azul 7 29 7 Azul
Cinza 6 6 Cinza
30
Amarelo 5 5 Amarelo
01
BBB0011iiiggg00uuu11rrr77rrr55iiilllAAhhhZZooosss..ii...nniiinnndddddbbddd 33 11122 11224433////00006688////2222000022222244 11117766::::11442266::::00556699"
3;LC;140663;D;5;0;;1.59952;1.88032;0.12125;AZUL;1441;1.0;0;2024;"*010175AZ32*
01
1 Dia 1 Dia
1°Capa 4°Capa
Transcreva a sua Redação para a Folha de Redação.
Azul 1 1 Azul
Amarelo 2 2 Amarelo
Branco 3 1 3 Branco
Rosa 4 2 4 Rosa
3
Ledor 9 9 Ledor
Libras 10 4 10 Libras
5
6
7
8
O
9
H
10
N O
11
U
12 Ã
C
13 Ç
S
14 A
A
15 D
16 R
E
17
R
18
A
19
D
20
21
22
23
24
2 Dia 2 Dia
1°Capa 25 4°Capa
Libras 12 26 12 Libras
Ledor 11 11 Ledor
27
28
Rosa 8 8 Rosa
Azul 7 29 7 Azul
Cinza 6 6 Cinza
30
Amarelo 5 5 Amarelo
01
BBB0011iiiggg00uuu11rrr77rrr55iiilllAAhhhZZooosss..ii...nniiinnndddddbbddd 33 11122 11224433////00006688////2222000022222244 11117766::::11442266::::00556699"
3;LC;140663;D;5;0;;1.59952;1.88032;0.12125;AZUL;1441;1.0;0;2024;"*010175AZ32*
01
1 Dia 1 Dia
1°Capa 4°Capa
Transcreva a sua Redação para a Folha de Redação.
Azul 1 1 Azul
Amarelo 2 2 Amarelo
Branco 3 1 3 Branco
Rosa 4 2 4 Rosa
3
Ledor 9 9 Ledor
Libras 10 4 10 Libras
5
6
7
8
O
9
H
10
N O
11
U
12 Ã
C
13 Ç
S
14 A
A
15 D
16 R
E
17
R
18
A
19
D
20
21
22
23
24
2 Dia 2 Dia
1°Capa 25 4°Capa
Libras 12 26 12 Libras
Ledor 11 11 Ledor
27
28
Rosa 8 8 Rosa
Azul 7 29 7 Azul
Cinza 6 6 Cinza
30
Amarelo 5 5 Amarelo
01
BBB0011iiiggg00uuu11rrr77rrr55iiilllAAhhhZZooosss..ii...nniiinnndddddbbddd 33 11122 11224433////00006688////2222000022222244 11117766::::11442266::::00556699"
3;LC;140663;D;5;0;;1.59952;1.88032;0.12125;AZUL;1353;1.0;0;2024;"*010175AZ32*
01
1 Dia 1 Dia
1°Capa 4°Capa
Transcreva a sua Redação para a Folha de Redação.
Azul 1 1 Azul
Amarelo 2 2 Amarelo
Branco 3 1 3 Branco
Rosa 4 2 4 Rosa
3
Ledor 9 9 Ledor
Libras 10 4 10 Libras
5
6
7
8
O
9
H
10
N O
11
U
12 Ã
C
13 Ç
S
14 A
A
15 D
16 R
E
17
R
18
A
19
D
20
21
22
23
24
2 Dia 2 Dia
1°Capa 25 4°Capa
Libras 12 26 12 Libras
Ledor 11 11 Ledor
27
28
Rosa 8 8 Rosa
Azul 7 29 7 Azul
Cinza 6 6 Cinza
30
Amarelo 5 5 Amarelo
01
BBB0011iiiggg00uuu11rrr77rrr55iiilllAAhhhZZooosss..ii...nniiinnndddddbbddd 33 11122 11224433////00006688////2222000022222244 11117766::::11442266::::00556699"
3;LC;140663;D;5;0;;1.59952;1.88032;0.12125;AZUL;1441;1.0;0;2024;"*010175AZ32*
01
1 Dia 1 Dia
1°Capa 4°Capa
Transcreva a sua Redação para a Folha de Redação.
Azul 1 1 Azul
Amarelo 2 2 Amarelo
Branco 3 1 3 Branco
Rosa 4 2 4 Rosa
3
Ledor 9 9 Ledor
Libras 10 4 10 Libras
5
6
7
8
O
9
H
10
N O
11
U
12 Ã
C
13 Ç
S
14 A
A
15 D
16 R
E
17
R
18
A
19
D
20
21
22
23
24
2 Dia 2 Dia
1°Capa 25 4°Capa
Libras 12 26 12 Libras
Ledor 11 11 Ledor
27
28
Rosa 8 8 Rosa
Azul 7 29 7 Azul
Cinza 6 6 Cinza
30
Amarelo 5 5 Amarelo
01
BBB0011iiiggg00uuu11rrr77rrr55iiilllAAhhhZZooosss..ii...nniiinnndddddbbddd 33 11122 11224433////00006688////2222000022222244 11117766::::11442266::::00556699"
3;LC;140663;D;5;0;;1.59952;1.88032;0.12125;AZUL;1353;1.0;0;2024;"*010175AZ32*
01
1 Dia 1 Dia
1°Capa 4°Capa
Transcreva a sua Redação para a Folha de Redação.
Azul 1 1 Azul
Amarelo 2 2 Amarelo
Branco 3 1 3 Branco
Rosa 4 2 4 Rosa
3
Ledor 9 9 Ledor
Libras 10 4 10 Libras
5
6
7
8
O
9
H
10
N O
11
U
12 Ã
C
13 Ç
S
14 A
A
15 D
16 R
E
17
R
18
A
19
D
20
21
22
23
24
2 Dia 2 Dia
1°Capa 25 4°Capa
Libras 12 26 12 Libras
Ledor 11 11 Ledor
27
28
Rosa 8 8 Rosa
Azul 7 29 7 Azul
Cinza 6 6 Cinza
30
Amarelo 5 5 Amarelo
01
BBB0011iiiggg00uuu11rrr77rrr55iiilllAAhhhZZooosss..ii...nniiinnndddddbbddd 33 11122 11224433////00006688////2222000022222244 11117766::::11442266::::00556699"
58;CH;149862;D;23;0;;1.59442;0.91705;0.18709;AZUL;1383;;0;2024;Texto extraído diretamente do caderno oficial.
58;CH;149862;D;23;0;;1.59442;0.91705;0.18709;AZUL;1383;;0;2024;Texto extraído diretamente do caderno oficial.
58;CH;149862;D;23;0;;1.59442;0.91705;0.18709;AZUL;1383;;0;2024;Texto extraído diretamente do caderno oficial.
85;CH;140564;A;13;0;;1.59365;1.18465;0.23723;AZUL;1383;;0;2024;Texto extraído diretamente do caderno oficial.
85;CH;140564;A;13;0;;1.59365;1.18465;0.23723;AZUL;1383;;0;2024;Texto extraído diretamente do caderno oficial.
85;CH;140564;A;13;0;;1.59365;1.18465;0.23723;AZUL;1383;;0;2024;Texto extraído diretamente do caderno oficial.
49;CH;118023;C;15;0;;1.58473;1.27479;0.12442;AZUL;1343;;0;2024;Texto extraído diretamente do caderno oficial.
49;CH;118023;C;15;0;;1.58473;1.27479;0.12442;AZUL;1343;;0;2024;Texto extraído diretamente do caderno oficial.
49;CH;118023;C;15;0;;1.58473;1.27479;0.12442;AZUL;1431;;0;2024;Texto extraído diretamente do caderno oficial.
49;CH;118023;C;15;0;;1.58473;1.27479;0.12442;AZUL;1431;;0;2024;Texto extraído diretamente do caderno oficial.
49;CH;118023;C;15;0;;1.58473;1.27479;0.12442;AZUL;1431;;0;2024;Texto extraído diretamente do caderno oficial.
49;CH;118023;C;15;0;;1.58473;1.27479;0.12442;AZUL;1343;;0;2024;Texto extraído diretamente do caderno oficial.
45;LC;150676;B;4;0;;1.5787;-0.00945;0.05369;AZUL;1395;;0;2024;Texto extraído diretamente do caderno oficial.
45;LC;150676;B;4;0;;1.5787;-0.00945;0.05369;AZUL;1395;;0;2024;Texto extraído diretamente do caderno oficial.
45;LC;150676;B;4;0;;1.5787;-0.00945;0.05369;AZUL;1395;;0;2024;Texto extraído diretamente do caderno oficial.
34;LC;120341;C;19;0;;1.57743;0.96321;0.09612;AZUL;1459;;0;2024;Texto extraído diretamente do caderno oficial.
34;LC;120341;C;19;0;;1.57743;0.96321;0.09612;AZUL;1459;;0;2024;Texto extraído diretamente do caderno oficial.
34;LC;120341;C;19;0;;1.57743;0.96321;0.09612;AZUL;1459;;0;2024;Texto extraído diretamente do caderno oficial.
130;CN;12135;C;29;0;;1.57651;0.53632;0.17771;AZUL;1373;;0;2024;Texto extraído diretamente do caderno oficial.
130;CN;12135;C;29;0;;1.57651;0.53632;0.17771;AZUL;1373;;0;2024;Texto extraído diretamente do caderno oficial.
130;CN;12135;C;29;0;;1.57651;0.53632;0.17771;AZUL;1373;;0;2024;Texto extraído diretamente do caderno oficial.
151;MT;96979;D;1;0;;1.5765;0.09067;0.17135;AZUL;1471;;0;2024;Texto extraído diretamente do caderno oficial.
151;MT;96979;D;1;0;;1.5765;0.09067;0.17135;AZUL;1471;;0;2024;Texto extraído diretamente do caderno oficial.
151;MT;96979;D;1;0;;1.5765;0.09067;0.17135;AZUL;1471;;0;2024;Texto extraído diretamente do caderno oficial.
162;MT;117717;C;13;0;;1.56842;1.95154;0.23233;AZUL;1363;;0;2024;Texto extraído diretamente do caderno oficial.
162;MT;117717;C;13;0;;1.56842;1.95154;0.23233;AZUL;1363;;0;2024;Texto extraído diretamente do caderno oficial.
162;MT;117717;C;13;0;;1.56842;1.95154;0.23233;AZUL;1363;;0;2024;Texto extraído diretamente do caderno oficial.
17;LC;157598;C;18;0;;1.56827;1.94895;0.23722;AZUL;1459;;0;2024;"*010175AZ32*
01
1 Dia 1 Dia
1°Capa 4°Capa
Transcreva a sua Redação para a Folha de Redação.
Azul 1 1 Azul
Amarelo 2 2 Amarelo
Branco 3 1 3 Branco
Rosa 4 2 4 Rosa
3
Ledor 9 9 Ledor
Libras 10 4 10 Libras
5
6
7
8
O
9
H
10
N O
11
U
12 Ã
C
13 Ç
S
14 A
A
15 D
16 R
E
17
R
18
A
19
D
20
21
22
23
24
2 Dia 2 Dia
1°Capa 25 4°Capa
Libras 12 26 12 Libras
Ledor 11 11 Ledor
27
28
Rosa 8 8 Rosa
Azul 7 29 7 Azul
Cinza 6 6 Cinza
30
Amarelo 5 5 Amarelo
01
BBB0011iiiggg00uuu11rrr77rrr55iiilllAAhhhZZooosss..ii...nniiinnndddddbbddd 33 11122 11224433////00006688////2222000022222244 11117766::::11442266::::00556699"
17;LC;157598;C;18;0;;1.56827;1.94895;0.23722;AZUL;1459;;0;2024;"*010175AZ32*
01
1 Dia 1 Dia
1°Capa 4°Capa
Transcreva a sua Redação para a Folha de Redação.
Azul 1 1 Azul
Amarelo 2 2 Amarelo
Branco 3 1 3 Branco
Rosa 4 2 4 Rosa
3
Ledor 9 9 Ledor
Libras 10 4 10 Libras
5
6
7
8
O
9
H
10
N O
11
U
12 Ã
C
13 Ç
S
14 A
A
15 D
16 R
E
17
R
18
A
19
D
20
21
22
23
24
2 Dia 2 Dia
1°Capa 25 4°Capa
Libras 12 26 12 Libras
Ledor 11 11 Ledor
27
28
Rosa 8 8 Rosa
Azul 7 29 7 Azul
Cinza 6 6 Cinza
30
Amarelo 5 5 Amarelo
01
BBB0011iiiggg00uuu11rrr77rrr55iiilllAAhhhZZooosss..ii...nniiinnndddddbbddd 33 11122 11224433////00006688////2222000022222244 11117766::::11442266::::00556699"
17;LC;157598;C;18;0;;1.56827;1.94895;0.23722;AZUL;1459;;0;2024;"*010175AZ32*
01
1 Dia 1 Dia
1°Capa 4°Capa
Transcreva a sua Redação para a Folha de Redação.
Azul 1 1 Azul
Amarelo 2 2 Amarelo
Branco 3 1 3 Branco
Rosa 4 2 4 Rosa
3
Ledor 9 9 Ledor
Libras 10 4 10 Libras
5
6
7
8
O
9
H
10
N O
11
U
12 Ã
C
13 Ç
S
14 A
A
15 D
16 R
E
17
R
18
A
19
D
20
21
22
23
24
2 Dia 2 Dia
1°Capa 25 4°Capa
Libras 12 26 12 Libras
Ledor 11 11 Ledor
27
28
Rosa 8 8 Rosa
Azul 7 29 7 Azul
Cinza 6 6 Cinza
30
Amarelo 5 5 Amarelo
01
BBB0011iiiggg00uuu11rrr77rrr55iiilllAAhhhZZooosss..ii...nniiinnndddddbbddd 33 11122 11224433////00006688////2222000022222244 11117766::::11442266::::00556699"
150;MT;141537;A;15;0;;1.56806;2.3502;0.29201;AZUL;1363;;0;2024;Texto extraído diretamente do caderno oficial.
150;MT;141537;A;15;0;;1.56806;2.3502;0.29201;AZUL;1363;;0;2024;Texto extraído diretamente do caderno oficial.
150;MT;141537;A;15;0;;1.56806;2.3502;0.29201;AZUL;1363;;0;2024;Texto extraído diretamente do caderno oficial.
113;CN;141789;B;16;0;;1.56293;2.49679;0.14573;AZUL;1373;;0;2024;Texto extraído diretamente do caderno oficial.
113;CN;141789;B;16;0;;1.56293;2.49679;0.14573;AZUL;1373;;0;2024;Texto extraído diretamente do caderno oficial.
113;CN;141789;B;16;0;;1.56293;2.49679;0.14573;AZUL;1373;;0;2024;Texto extraído diretamente do caderno oficial.
60;CH;125718;B;30;0;;1.56271;1.15577;0.1328;AZUL;1383;;0;2024;Texto extraído diretamente do caderno oficial.
60;CH;125718;B;30;0;;1.56271;1.15577;0.1328;AZUL;1383;;0;2024;Texto extraído diretamente do caderno oficial.
60;CH;125718;B;30;0;;1.56271;1.15577;0.1328;AZUL;1383;;0;2024;Texto extraído diretamente do caderno oficial.
41;LC;153550;B;12;0;;1.56252;0.97856;0.22899;AZUL;1459;;0;2024;Texto extraído diretamente do caderno oficial.
41;LC;153550;B;12;0;;1.56252;0.97856;0.22899;AZUL;1459;;0;2024;Texto extraído diretamente do caderno oficial.
41;LC;153550;B;12;0;;1.56252;0.97856;0.22899;AZUL;1459;;0;2024;Texto extraído diretamente do caderno oficial.
11;LC;150680;E;26;0;;1.56187;1.78435;0.1507;AZUL;1395;;0;2024;"*010175AZ32*
01
1 Dia 1 Dia
1°Capa 4°Capa
Transcreva a sua Redação para a Folha de Redação.
Azul 1 1 Azul
Amarelo 2 2 Amarelo
Branco 3 1 3 Branco
Rosa 4 2 4 Rosa
3
Ledor 9 9 Ledor
Libras 10 4 10 Libras
5
6
7
8
O
9
H
10
N O
11
U
12 Ã
C
13 Ç
S
14 A
A
15 D
16 R
E
17
R
18
A
19
D
20
21
22
23
24
2 Dia 2 Dia
1°Capa 25 4°Capa
Libras 12 26 12 Libras
Ledor 11 11 Ledor
27
28
Rosa 8 8 Rosa
Azul 7 29 7 Azul
Cinza 6 6 Cinza
30
Amarelo 5 5 Amarelo
01
BBB0011iiiggg00uuu11rrr77rrr55iiilllAAhhhZZooosss..ii...nniiinnndddddbbddd 33 11122 11224433////00006688////2222000022222244 11117766::::11442266::::00556699"
11;LC;150680;E;26;0;;1.56187;1.78435;0.1507;AZUL;1395;;0;2024;"*010175AZ32*
01
1 Dia 1 Dia
1°Capa 4°Capa
Transcreva a sua Redação para a Folha de Redação.
Azul 1 1 Azul
Amarelo 2 2 Amarelo
Branco 3 1 3 Branco
Rosa 4 2 4 Rosa
3
Ledor 9 9 Ledor
Libras 10 4 10 Libras
5
6
7
8
O
9
H
10
N O
11
U
12 Ã
C
13 Ç
S
14 A
A
15 D
16 R
E
17
R
18
A
19
D
20
21
22
23
24
2 Dia 2 Dia
1°Capa 25 4°Capa
Libras 12 26 12 Libras
Ledor 11 11 Ledor
27
28
Rosa 8 8 Rosa
Azul 7 29 7 Azul
Cinza 6 6 Cinza
30
Amarelo 5 5 Amarelo
01
BBB0011iiiggg00uuu11rrr77rrr55iiilllAAhhhZZooosss..ii...nniiinnndddddbbddd 33 11122 11224433////00006688////2222000022222244 11117766::::11442266::::00556699"
11;LC;150680;E;26;0;;1.56187;1.78435;0.1507;AZUL;1395;;0;2024;"*010175AZ32*
01
1 Dia 1 Dia
1°Capa 4°Capa
Transcreva a sua Redação para a Folha de Redação.
Azul 1 1 Azul
Amarelo 2 2 Amarelo
Branco 3 1 3 Branco
Rosa 4 2 4 Rosa
3
Ledor 9 9 Ledor
Libras 10 4 10 Libras
5
6
7
8
O
9
H
10
N O
11
U
12 Ã
C
13 Ç
S
14 A
A
15 D
16 R
E
17
R
18
A
19
D
20
21
22
23
24
2 Dia 2 Dia
1°Capa 25 4°Capa
Libras 12 26 12 Libras
Ledor 11 11 Ledor
27
28
Rosa 8 8 Rosa
Azul 7 29 7 Azul
Cinza 6 6 Cinza
30
Amarelo 5 5 Amarelo
01
BBB0011iiiggg00uuu11rrr77rrr55iiilllAAhhhZZooosss..ii...nniiinnndddddbbddd 33 11122 11224433////00006688////2222000022222244 11117766::::11442266::::00556699"
133;CN;86958;A;17;0;;1.55647;2.09416;0.14181;AZUL;1483;;0;2024;Texto extraído diretamente do caderno oficial.
133;CN;86958;A;17;0;;1.55647;2.09416;0.14181;AZUL;1483;;0;2024;Texto extraído diretamente do caderno oficial.
133;CN;86958;A;17;0;;1.55647;2.09416;0.14181;AZUL;1483;;0;2024;Texto extraído diretamente do caderno oficial.
154;MT;83162;C;26;0;;1.55368;1.18413;0.18289;AZUL;1471;;0;2024;Texto extraído diretamente do caderno oficial.
154;MT;83162;C;26;0;;1.55368;1.18413;0.18289;AZUL;1471;;0;2024;Texto extraído diretamente do caderno oficial.
154;MT;83162;C;26;0;;1.55368;1.18413;0.18289;AZUL;1471;;0;2024;Texto extraído diretamente do caderno oficial.
163;MT;96852;B;25;0;;1.55357;0.3164;0.23751;AZUL;1471;;0;2024;Texto extraído diretamente do caderno oficial.
163;MT;96852;B;25;0;;1.55357;0.3164;0.23751;AZUL;1471;;0;2024;Texto extraído diretamente do caderno oficial.
163;MT;96852;B;25;0;;1.55357;0.3164;0.23751;AZUL;1471;;0;2024;Texto extraído diretamente do caderno oficial.
89;CH;149787;E;4;0;;1.55351;0.67065;0.0359;AZUL;1447;;0;2024;Texto extraído diretamente do caderno oficial.
89;CH;149787;E;4;0;;1.55351;0.67065;0.0359;AZUL;1447;;0;2024;Texto extraído diretamente do caderno oficial.
89;CH;149787;E;4;0;;1.55351;0.67065;0.0359;AZUL;1447;;0;2024;Texto extraído diretamente do caderno oficial.
117;CN;86002;E;28;0;;1.54385;0.18646;0.02403;AZUL;1419;;0;2024;Texto extraído diretamente do caderno oficial.
117;CN;86002;E;28;0;;1.54385;0.18646;0.02403;AZUL;1419;;0;2024;Texto extraído diretamente do caderno oficial.
117;CN;86002;E;28;0;;1.54385;0.18646;0.02403;AZUL;1419;;0;2024;Texto extraído diretamente do caderno oficial.
101;CN;78625;A;22;0;;1.54378;0.98844;0.37883;AZUL;1483;;0;2024;Texto extraído diretamente do caderno oficial.
101;CN;78625;A;22;0;;1.54378;0.98844;0.37883;AZUL;1483;;0;2024;Texto extraído diretamente do caderno oficial.
101;CN;78625;A;22;0;;1.54378;0.98844;0.37883;AZUL;1483;;0;2024;Texto extraído diretamente do caderno oficial.
118;CN;111515;D;2;0;;1.53146;1.27326;0.12431;AZUL;1419;;0;2024;Texto extraído diretamente do caderno oficial.
118;CN;111515;D;2;0;;1.53146;1.27326;0.12431;AZUL;1419;;0;2024;Texto extraído diretamente do caderno oficial.
118;CN;111515;D;2;0;;1.53146;1.27326;0.12431;AZUL;1419;;0;2024;Texto extraído diretamente do caderno oficial.
22;LC;141446;C;27;0;;1.53078;0.23278;0.20717;AZUL;1441;;0;2024;"*010175AZ32*
01
1 Dia 1 Dia
1°Capa 4°Capa
Transcreva a sua Redação para a Folha de Redação.
Azul 1 1 Azul
Amarelo 2 2 Amarelo
Branco 3 1 3 Branco
Rosa 4 2 4 Rosa
3
Ledor 9 9 Ledor
Libras 10 4 10 Libras
5
6
7
8
O
9
H
10
N O
11
U
12 Ã
C
13 Ç
S
14 A
A
15 D
16 R
E
17
R
18
A
19
D
20
21
22
23
24
2 Dia 2 Dia
1°Capa 25 4°Capa
Libras 12 26 12 Libras
Ledor 11 11 Ledor
27
28
Rosa 8 8 Rosa
Azul 7 29 7 Azul
Cinza 6 6 Cinza
30
Amarelo 5 5 Amarelo
01
BBB0011iiiggg00uuu11rrr77rrr55iiilllAAhhhZZooosss..ii...nniiinnndddddbbddd 33 11122 11224433////00006688////2222000022222244 11117766::::11442266::::00556699"
22;LC;141446;C;27;0;;1.53078;0.23278;0.20717;AZUL;1353;;0;2024;"*010175AZ32*
01
1 Dia 1 Dia
1°Capa 4°Capa
Transcreva a sua Redação para a Folha de Redação.
Azul 1 1 Azul
Amarelo 2 2 Amarelo
Branco 3 1 3 Branco
Rosa 4 2 4 Rosa
3
Ledor 9 9 Ledor
Libras 10 4 10 Libras
5
6
7
8
O
9
H
10
N O
11
U
12 Ã
C
13 Ç
S
14 A
A
15 D
16 R
E
17
R
18
A
19
D
20
21
22
23
24
2 Dia 2 Dia
1°Capa 25 4°Capa
Libras 12 26 12 Libras
Ledor 11 11 Ledor
27
28
Rosa 8 8 Rosa
Azul 7 29 7 Azul
Cinza 6 6 Cinza
30
Amarelo 5 5 Amarelo
01
BBB0011iiiggg00uuu11rrr77rrr55iiilllAAhhhZZooosss..ii...nniiinnndddddbbddd 33 11122 11224433////00006688////2222000022222244 11117766::::11442266::::00556699"
22;LC;141446;C;27;0;;1.53078;0.23278;0.20717;AZUL;1441;;0;2024;"*010175AZ32*
01
1 Dia 1 Dia
1°Capa 4°Capa
Transcreva a sua Redação para a Folha de Redação.
Azul 1 1 Azul
Amarelo 2 2 Amarelo
Branco 3 1 3 Branco
Rosa 4 2 4 Rosa
3
Ledor 9 9 Ledor
Libras 10 4 10 Libras
5
6
7
8
O
9
H
10
N O
11
U
12 Ã
C
13 Ç
S
14 A
A
15 D
16 R
E
17
R
18
A
19
D
20
21
22
23
24
2 Dia 2 Dia
1°Capa 25 4°Capa
Libras 12 26 12 Libras
Ledor 11 11 Ledor
27
28
Rosa 8 8 Rosa
Azul 7 29 7 Azul
Cinza 6 6 Cinza
30
Amarelo 5 5 Amarelo
01
BBB0011iiiggg00uuu11rrr77rrr55iiilllAAhhhZZooosss..ii...nniiinnndddddbbddd 33 11122 11224433////00006688////2222000022222244 11117766::::11442266::::00556699"
22;LC;141446;C;27;0;;1.53078;0.23278;0.20717;AZUL;1353;;0;2024;"*010175AZ32*
01
1 Dia 1 Dia
1°Capa 4°Capa
Transcreva a sua Redação para a Folha de Redação.
Azul 1 1 Azul
Amarelo 2 2 Amarelo
Branco 3 1 3 Branco
Rosa 4 2 4 Rosa
3
Ledor 9 9 Ledor
Libras 10 4 10 Libras
5
6
7
8
O
9
H
10
N O
11
U
12 Ã
C
13 Ç
S
14 A
A
15 D
16 R
E
17
R
18
A
19
D
20
21
22
23
24
2 Dia 2 Dia
1°Capa 25 4°Capa
Libras 12 26 12 Libras
Ledor 11 11 Ledor
27
28
Rosa 8 8 Rosa
Azul 7 29 7 Azul
Cinza 6 6 Cinza
30
Amarelo 5 5 Amarelo
01
BBB0011iiiggg00uuu11rrr77rrr55iiilllAAhhhZZooosss..ii...nniiinnndddddbbddd 33 11122 11224433////00006688////2222000022222244 11117766::::11442266::::00556699"
22;LC;141446;C;27;0;;1.53078;0.23278;0.20717;AZUL;1441;;0;2024;"*010175AZ32*
01
1 Dia 1 Dia
1°Capa 4°Capa
Transcreva a sua Redação para a Folha de Redação.
Azul 1 1 Azul
Amarelo 2 2 Amarelo
Branco 3 1 3 Branco
Rosa 4 2 4 Rosa
3
Ledor 9 9 Ledor
Libras 10 4 10 Libras
5
6
7
8
O
9
H
10
N O
11
U
12 Ã
C
13 Ç
S
14 A
A
15 D
16 R
E
17
R
18
A
19
D
20
21
22
23
24
2 Dia 2 Dia
1°Capa 25 4°Capa
Libras 12 26 12 Libras
Ledor 11 11 Ledor
27
28
Rosa 8 8 Rosa
Azul 7 29 7 Azul
Cinza 6 6 Cinza
30
Amarelo 5 5 Amarelo
01
BBB0011iiiggg00uuu11rrr77rrr55iiilllAAhhhZZooosss..ii...nniiinnndddddbbddd 33 11122 11224433////00006688////2222000022222244 11117766::::11442266::::00556699"
22;LC;141446;C;27;0;;1.53078;0.23278;0.20717;AZUL;1353;;0;2024;"*010175AZ32*
01
1 Dia 1 Dia
1°Capa 4°Capa
Transcreva a sua Redação para a Folha de Redação.
Azul 1 1 Azul
Amarelo 2 2 Amarelo
Branco 3 1 3 Branco
Rosa 4 2 4 Rosa
3
Ledor 9 9 Ledor
Libras 10 4 10 Libras
5
6
7
8
O
9
H
10
N O
11
U
12 Ã
C
13 Ç
S
14 A
A
15 D
16 R
E
17
R
18
A
19
D
20
21
22
23
24
2 Dia 2 Dia
1°Capa 25 4°Capa
Libras 12 26 12 Libras
Ledor 11 11 Ledor
27
28
Rosa 8 8 Rosa
Azul 7 29 7 Azul
Cinza 6 6 Cinza
30
Amarelo 5 5 Amarelo
01
BBB0011iiiggg00uuu11rrr77rrr55iiilllAAhhhZZooosss..ii...nniiinnndddddbbddd 33 11122 11224433////00006688////2222000022222244 11117766::::11442266::::00556699"
146;MT;117796;B;22;0;;1.5236;3.09917;0.1505;AZUL;1407;;0;2024;Texto extraído diretamente do caderno oficial.
146;MT;117796;B;22;0;;1.5236;3.09917;0.1505;AZUL;1407;;0;2024;Texto extraído diretamente do caderno oficial.
146;MT;117796;B;22;0;;1.5236;3.09917;0.1505;AZUL;1407;;0;2024;Texto extraído diretamente do caderno oficial.
142;MT;38222;C;27;0;;1.5176;0.98928;0.20278;AZUL;1471;;0;2024;Texto extraído diretamente do caderno oficial.
142;MT;38222;C;27;0;;1.5176;0.98928;0.20278;AZUL;1471;;0;2024;Texto extraído diretamente do caderno oficial.
142;MT;38222;C;27;0;;1.5176;0.98928;0.20278;AZUL;1471;;0;2024;Texto extraído diretamente do caderno oficial.
134;CN;88676;A;11;0;;1.50992;0.75485;0.13474;AZUL;1373;;0;2024;Texto extraído diretamente do caderno oficial.
134;CN;88676;A;11;0;;1.50992;0.75485;0.13474;AZUL;1373;;0;2024;Texto extraído diretamente do caderno oficial.
134;CN;88676;A;11;0;;1.50992;0.75485;0.13474;AZUL;1373;;0;2024;Texto extraído diretamente do caderno oficial.
81;CH;141310;B;16;0;;1.50359;1.18451;0.25552;AZUL;1431;;0;2024;Texto extraído diretamente do caderno oficial.
81;CH;141310;B;16;0;;1.50359;1.18451;0.25552;AZUL;1431;;0;2024;Texto extraído diretamente do caderno oficial.
81;CH;141310;B;16;0;;1.50359;1.18451;0.25552;AZUL;1343;;0;2024;Texto extraído diretamente do caderno oficial.
81;CH;141310;B;16;0;;1.50359;1.18451;0.25552;AZUL;1343;;0;2024;Texto extraído diretamente do caderno oficial.
81;CH;141310;B;16;0;;1.50359;1.18451;0.25552;AZUL;1343;;0;2024;Texto extraído diretamente do caderno oficial.
81;CH;141310;B;16;0;;1.50359;1.18451;0.25552;AZUL;1431;;0;2024;Texto extraído diretamente do caderno oficial.
165;MT;111706;B;30;0;;1.49785;2.86851;0.21175;AZUL;1407;;0;2024;Texto extraído diretamente do caderno oficial.
165;MT;111706;B;30;0;;1.49785;2.86851;0.21175;AZUL;1407;;0;2024;Texto extraído diretamente do caderno oficial.
165;MT;111706;B;30;0;;1.49785;2.86851;0.21175;AZUL;1407;;0;2024;Texto extraído diretamente do caderno oficial.
162;MT;125992;A;5;0;;1.49745;2.60757;0.14156;AZUL;1407;;0;2024;Texto extraído diretamente do caderno oficial.
162;MT;125992;A;5;0;;1.49745;2.60757;0.14156;AZUL;1407;;0;2024;Texto extraído diretamente do caderno oficial.
162;MT;125992;A;5;0;;1.49745;2.60757;0.14156;AZUL;1407;;0;2024;Texto extraído diretamente do caderno oficial.
154;MT;27840;E;12;0;;1.49597;0.94258;0.18539;AZUL;1363;;0;2024;Texto extraído diretamente do caderno oficial.
154;MT;27840;E;12;0;;1.49597;0.94258;0.18539;AZUL;1363;;0;2024;Texto extraído diretamente do caderno oficial.
154;MT;27840;E;12;0;;1.49597;0.94258;0.18539;AZUL;1363;;0;2024;Texto extraído diretamente do caderno oficial.
64;CH;85827;A;13;0;;1.49039;2.09108;0.13159;AZUL;1447;;0;2024;Texto extraído diretamente do caderno oficial.
64;CH;85827;A;13;0;;1.49039;2.09108;0.13159;AZUL;1447;;0;2024;Texto extraído diretamente do caderno oficial.
64;CH;85827;A;13;0;;1.49039;2.09108;0.13159;AZUL;1447;;0;2024;Texto extraído diretamente do caderno oficial.
92;CN;111657;D;12;0;;1.48916;1.59773;0.21462;AZUL;1373;;0;2024;Texto extraído diretamente do caderno oficial.
92;CN;111657;D;12;0;;1.48916;1.59773;0.21462;AZUL;1373;;0;2024;Texto extraído diretamente do caderno oficial.
92;CN;111657;D;12;0;;1.48916;1.59773;0.21462;AZUL;1373;;0;2024;Texto extraído diretamente do caderno oficial.
98;CN;45163;A;18;0;;1.48715;1.71916;0.18593;AZUL;1373;;0;2024;Texto extraído diretamente do caderno oficial.
98;CN;45163;A;18;0;;1.48715;1.71916;0.18593;AZUL;1373;;0;2024;Texto extraído diretamente do caderno oficial.
98;CN;45163;A;18;0;;1.48715;1.71916;0.18593;AZUL;1373;;0;2024;Texto extraído diretamente do caderno oficial.
70;CH;56368;B;27;0;;1.48674;1.75227;0.12006;AZUL;1447;;0;2024;Texto extraído diretamente do caderno oficial.
70;CH;56368;B;27;0;;1.48674;1.75227;0.12006;AZUL;1447;;0;2024;Texto extraído diretamente do caderno oficial.
70;CH;56368;B;27;0;;1.48674;1.75227;0.12006;AZUL;1447;;0;2024;Texto extraído diretamente do caderno oficial.
72;CH;141374;A;25;0;;1.48442;-0.752;0.00999;AZUL;1383;;0;2024;Texto extraído diretamente do caderno oficial.
72;CH;141374;A;25;0;;1.48442;-0.752;0.00999;AZUL;1383;;0;2024;Texto extraído diretamente do caderno oficial.
72;CH;141374;A;25;0;;1.48442;-0.752;0.00999;AZUL;1383;;0;2024;Texto extraído diretamente do caderno oficial.
115;CN;126577;A;20;0;;1.48367;2.43527;0.15643;AZUL;1373;;0;2024;Texto extraído diretamente do caderno oficial.
115;CN;126577;A;20;0;;1.48367;2.43527;0.15643;AZUL;1373;;0;2024;Texto extraído diretamente do caderno oficial.
115;CN;126577;A;20;0;;1.48367;2.43527;0.15643;AZUL;1373;;0;2024;Texto extraído diretamente do caderno oficial.
85;CH;140451;B;14;0;;1.48185;0.40715;0.0573;AZUL;1447;;0;2024;Texto extraído diretamente do caderno oficial.
85;CH;140451;B;14;0;;1.48185;0.40715;0.0573;AZUL;1447;;0;2024;Texto extraído diretamente do caderno oficial.
85;CH;140451;B;14;0;;1.48185;0.40715;0.0573;AZUL;1447;;0;2024;Texto extraído diretamente do caderno oficial.
54;CH;141025;A;14;0;;1.47602;0.11469;0.20588;AZUL;1343;;0;2024;Texto extraído diretamente do caderno oficial.
54;CH;141025;A;14;0;;1.47602;0.11469;0.20588;AZUL;1431;;0;2024;Texto extraído diretamente do caderno oficial.
54;CH;141025;A;14;0;;1.47602;0.11469;0.20588;AZUL;1431;;0;2024;Texto extraído diretamente do caderno oficial.
54;CH;141025;A;14;0;;1.47602;0.11469;0.20588;AZUL;1343;;0;2024;Texto extraído diretamente do caderno oficial.
54;CH;141025;A;14;0;;1.47602;0.11469;0.20588;AZUL;1431;;0;2024;Texto extraído diretamente do caderno oficial.
54;CH;141025;A;14;0;;1.47602;0.11469;0.20588;AZUL;1343;;0;2024;Texto extraído diretamente do caderno oficial.
4;LC;118208;C;8;0;;1.47453;0.40487;0.18029;AZUL;1353;1.0;0;2024;Texto extraído diretamente do caderno oficial.
4;LC;118208;C;8;0;;1.47453;0.40487;0.18029;AZUL;1353;1.0;0;2024;Texto extraído diretamente do caderno oficial.
4;LC;118208;C;8;0;;1.47453;0.40487;0.18029;AZUL;1441;1.0;0;2024;Texto extraído diretamente do caderno oficial.
4;LC;118208;C;8;0;;1.47453;0.40487;0.18029;AZUL;1441;1.0;0;2024;Texto extraído diretamente do caderno oficial.
4;LC;118208;C;8;0;;1.47453;0.40487;0.18029;AZUL;1441;1.0;0;2024;Texto extraído diretamente do caderno oficial.
4;LC;118208;C;8;0;;1.47453;0.40487;0.18029;AZUL;1353;1.0;0;2024;Texto extraído diretamente do caderno oficial.
160;MT;86955;A;27;0;;1.47338;1.91066;0.1946;AZUL;1363;;0;2024;Texto extraído diretamente do caderno oficial.
160;MT;86955;A;27;0;;1.47338;1.91066;0.1946;AZUL;1363;;0;2024;Texto extraído diretamente do caderno oficial.
160;MT;86955;A;27;0;;1.47338;1.91066;0.1946;AZUL;1363;;0;2024;Texto extraído diretamente do caderno oficial.
104;CN;141808;D;12;0;;1.47108;2.41049;0.27168;AZUL;1419;;0;2024;Texto extraído diretamente do caderno oficial.
104;CN;141808;D;12;0;;1.47108;2.41049;0.27168;AZUL;1419;;0;2024;Texto extraído diretamente do caderno oficial.
104;CN;141808;D;12;0;;1.47108;2.41049;0.27168;AZUL;1419;;0;2024;Texto extraído diretamente do caderno oficial.
156;MT;126004;D;7;0;;1.46288;1.83821;0.27312;AZUL;1363;;0;2024;Texto extraído diretamente do caderno oficial.
156;MT;126004;D;7;0;;1.46288;1.83821;0.27312;AZUL;1363;;0;2024;Texto extraído diretamente do caderno oficial.
156;MT;126004;D;7;0;;1.46288;1.83821;0.27312;AZUL;1363;;0;2024;Texto extraído diretamente do caderno oficial.
159;MT;41895;D;12;0;;1.45957;1.3946;0.2655;AZUL;1471;;0;2024;Texto extraído diretamente do caderno oficial.
159;MT;41895;D;12;0;;1.45957;1.3946;0.2655;AZUL;1471;;0;2024;Texto extraído diretamente do caderno oficial.
159;MT;41895;D;12;0;;1.45957;1.3946;0.2655;AZUL;1471;;0;2024;Texto extraído diretamente do caderno oficial.
33;LC;150588;D;21;0;;1.45822;-0.78889;0.01333;AZUL;1395;;0;2024;Texto extraído diretamente do caderno oficial.
33;LC;150588;D;21;0;;1.45822;-0.78889;0.01333;AZUL;1395;;0;2024;Texto extraído diretamente do caderno oficial.
33;LC;150588;D;21;0;;1.45822;-0.78889;0.01333;AZUL;1395;;0;2024;Texto extraído diretamente do caderno oficial.
57;CH;140583;A;26;0;;1.45157;0.32702;0.25689;AZUL;1447;;0;2024;Texto extraído diretamente do caderno oficial.
57;CH;140583;A;26;0;;1.45157;0.32702;0.25689;AZUL;1447;;0;2024;Texto extraído diretamente do caderno oficial.
57;CH;140583;A;26;0;;1.45157;0.32702;0.25689;AZUL;1447;;0;2024;Texto extraído diretamente do caderno oficial.
132;CN;95504;B;4;0;;1.44913;0.90324;0.29682;AZUL;1373;;0;2024;Texto extraído diretamente do caderno oficial.
132;CN;95504;B;4;0;;1.44913;0.90324;0.29682;AZUL;1373;;0;2024;Texto extraído diretamente do caderno oficial.
132;CN;95504;B;4;0;;1.44913;0.90324;0.29682;AZUL;1373;;0;2024;Texto extraído diretamente do caderno oficial.
145;MT;117764;D;20;0;;1.4441;-0.18872;0.19786;AZUL;1471;;0;2024;Texto extraído diretamente do caderno oficial.
145;MT;117764;D;20;0;;1.4441;-0.18872;0.19786;AZUL;1471;;0;2024;Texto extraído diretamente do caderno oficial.
145;MT;117764;D;20;0;;1.4441;-0.18872;0.19786;AZUL;1471;;0;2024;Texto extraído diretamente do caderno oficial.
131;CN;82747;E;28;0;;1.42716;0.47356;0.22465;AZUL;1373;;0;2024;Texto extraído diretamente do caderno oficial.
131;CN;82747;E;28;0;;1.42716;0.47356;0.22465;AZUL;1373;;0;2024;Texto extraído diretamente do caderno oficial.
131;CN;82747;E;28;0;;1.42716;0.47356;0.22465;AZUL;1373;;0;2024;Texto extraído diretamente do caderno oficial.
168;MT;63313;E;4;0;;1.42101;0.31713;0.01503;AZUL;1471;;0;2024;Texto extraído diretamente do caderno oficial.
168;MT;63313;E;4;0;;1.42101;0.31713;0.01503;AZUL;1471;;0;2024;Texto extraído diretamente do caderno oficial.
168;MT;63313;E;4;0;;1.42101;0.31713;0.01503;AZUL;1471;;0;2024;Texto extraído diretamente do caderno oficial.
144;MT;49136;D;7;0;;1.41236;2.97953;0.14906;AZUL;1471;;0;2024;Texto extraído diretamente do caderno oficial.
144;MT;49136;D;7;0;;1.41236;2.97953;0.14906;AZUL;1471;;0;2024;Texto extraído diretamente do caderno oficial.
144;MT;49136;D;7;0;;1.41236;2.97953;0.14906;AZUL;1471;;0;2024;Texto extraído diretamente do caderno oficial.
47;CH;141035;E;11;0;;1.4122;0.27283;0.0807;AZUL;1383;;0;2024;Texto extraído diretamente do caderno oficial.
47;CH;141035;E;11;0;;1.4122;0.27283;0.0807;AZUL;1383;;0;2024;Texto extraído diretamente do caderno oficial.
47;CH;141035;E;11;0;;1.4122;0.27283;0.0807;AZUL;1383;;0;2024;Texto extraído diretamente do caderno oficial.
175;MT;84219;D;17;0;;1.40499;2.56924;0.29516;AZUL;1363;;0;2024;Texto extraído diretamente do caderno oficial.
175;MT;84219;D;17;0;;1.40499;2.56924;0.29516;AZUL;1363;;0;2024;Texto extraído diretamente do caderno oficial.
175;MT;84219;D;17;0;;1.40499;2.56924;0.29516;AZUL;1363;;0;2024;Texto extraído diretamente do caderno oficial.
96;CN;117869;B;16;0;;1.40342;0.05691;0.18305;AZUL;1483;;0;2024;Texto extraído diretamente do caderno oficial.
96;CN;117869;B;16;0;;1.40342;0.05691;0.18305;AZUL;1483;;0;2024;Texto extraído diretamente do caderno oficial.
96;CN;117869;B;16;0;;1.40342;0.05691;0.18305;AZUL;1483;;0;2024;Texto extraído diretamente do caderno oficial.
37;LC;10593;D;19;0;;1.402;0.401;0.215;AZUL;1353;;0;2024;Texto extraído diretamente do caderno oficial.
37;LC;10593;D;19;0;;1.402;0.401;0.215;AZUL;1441;;0;2024;Texto extraído diretamente do caderno oficial.
37;LC;10593;D;19;0;;1.402;0.401;0.215;AZUL;1353;;0;2024;Texto extraído diretamente do caderno oficial.
37;LC;10593;D;19;0;;1.402;0.401;0.215;AZUL;1353;;0;2024;Texto extraído diretamente do caderno oficial.
37;LC;10593;D;19;0;;1.402;0.401;0.215;AZUL;1441;;0;2024;Texto extraído diretamente do caderno oficial.
37;LC;10593;D;19;0;;1.402;0.401;0.215;AZUL;1441;;0;2024;Texto extraído diretamente do caderno oficial.
90;CH;44318;C;18;0;;1.40036;1.16171;0.17727;AZUL;1383;;0;2024;Texto extraído diretamente do caderno oficial.
90;CH;44318;C;18;0;;1.40036;1.16171;0.17727;AZUL;1383;;0;2024;Texto extraído diretamente do caderno oficial.
90;CH;44318;C;18;0;;1.40036;1.16171;0.17727;AZUL;1383;;0;2024;Texto extraído diretamente do caderno oficial.
52;CH;125853;D;17;0;;1.39576;-0.86517;0.20417;AZUL;1431;;0;2024;Texto extraído diretamente do caderno oficial.
52;CH;125853;D;17;0;;1.39576;-0.86517;0.20417;AZUL;1431;;0;2024;Texto extraído diretamente do caderno oficial.
52;CH;125853;D;17;0;;1.39576;-0.86517;0.20417;AZUL;1343;;0;2024;Texto extraído diretamente do caderno oficial.
52;CH;125853;D;17;0;;1.39576;-0.86517;0.20417;AZUL;1343;;0;2024;Texto extraído diretamente do caderno oficial.
52;CH;125853;D;17;0;;1.39576;-0.86517;0.20417;AZUL;1431;;0;2024;Texto extraído diretamente do caderno oficial.
52;CH;125853;D;17;0;;1.39576;-0.86517;0.20417;AZUL;1343;;0;2024;Texto extraído diretamente do caderno oficial.
169;MT;26485;B;25;0;;1.39291;2.46888;0.17809;AZUL;1363;;0;2024;Texto extraído diretamente do caderno oficial.
169;MT;26485;B;25;0;;1.39291;2.46888;0.17809;AZUL;1363;;0;2024;Texto extraído diretamente do caderno oficial.
169;MT;26485;B;25;0;;1.39291;2.46888;0.17809;AZUL;1363;;0;2024;Texto extraído diretamente do caderno oficial.
13;LC;140935;C;16;0;;1.38987;1.48831;0.2771;AZUL;1353;;0;2024;Texto extraído diretamente do caderno oficial.
13;LC;140935;C;16;0;;1.38987;1.48831;0.2771;AZUL;1441;;0;2024;Texto extraído diretamente do caderno oficial.
13;LC;140935;C;16;0;;1.38987;1.48831;0.2771;AZUL;1353;;0;2024;Texto extraído diretamente do caderno oficial.
13;LC;140935;C;16;0;;1.38987;1.48831;0.2771;AZUL;1441;;0;2024;Texto extraído diretamente do caderno oficial.
13;LC;140935;C;16;0;;1.38987;1.48831;0.2771;AZUL;1353;;0;2024;Texto extraído diretamente do caderno oficial.
13;LC;140935;C;16;0;;1.38987;1.48831;0.2771;AZUL;1441;;0;2024;Texto extraído diretamente do caderno oficial.
173;MT;97503;D;5;0;;1.35644;1.59204;0.16417;AZUL;1363;;0;2024;Texto extraído diretamente do caderno oficial.
173;MT;97503;D;5;0;;1.35644;1.59204;0.16417;AZUL;1363;;0;2024;Texto extraído diretamente do caderno oficial.
173;MT;97503;D;5;0;;1.35644;1.59204;0.16417;AZUL;1363;;0;2024;Texto extraído diretamente do caderno oficial.
167;MT;81496;D;3;0;;1.34998;2.01873;0.21909;AZUL;1407;;0;2024;Texto extraído diretamente do caderno oficial.
167;MT;81496;D;3;0;;1.34998;2.01873;0.21909;AZUL;1407;;0;2024;Texto extraído diretamente do caderno oficial.
167;MT;81496;D;3;0;;1.34998;2.01873;0.21909;AZUL;1407;;0;2024;Texto extraído diretamente do caderno oficial.
174;MT;111768;B;26;0;;1.34953;0.50738;0.16017;AZUL;1363;;0;2024;Texto extraído diretamente do caderno oficial.
174;MT;111768;B;26;0;;1.34953;0.50738;0.16017;AZUL;1363;;0;2024;Texto extraído diretamente do caderno oficial.
174;MT;111768;B;26;0;;1.34953;0.50738;0.16017;AZUL;1363;;0;2024;Texto extraído diretamente do caderno oficial.
69;CH;111879;C;22;0;;1.34861;-0.66075;0.0051;AZUL;1383;;0;2024;Texto extraído diretamente do caderno oficial.
69;CH;111879;C;22;0;;1.34861;-0.66075;0.0051;AZUL;1383;;0;2024;Texto extraído diretamente do caderno oficial.
69;CH;111879;C;22;0;;1.34861;-0.66075;0.0051;AZUL;1383;;0;2024;Texto extraído diretamente do caderno oficial.
108;CN;117673;A;23;0;;1.34516;2.49622;0.24066;AZUL;1373;;0;2024;Texto extraído diretamente do caderno oficial.
108;CN;117673;A;23;0;;1.34516;2.49622;0.24066;AZUL;1373;;0;2024;Texto extraído diretamente do caderno oficial.
108;CN;117673;A;23;0;;1.34516;2.49622;0.24066;AZUL;1373;;0;2024;Texto extraído diretamente do caderno oficial.
83;CH;125788;D;21;0;;1.33923;1.58995;0.13226;AZUL;1447;;0;2024;Texto extraído diretamente do caderno oficial.
83;CH;125788;D;21;0;;1.33923;1.58995;0.13226;AZUL;1447;;0;2024;Texto extraído diretamente do caderno oficial.
83;CH;125788;D;21;0;;1.33923;1.58995;0.13226;AZUL;1447;;0;2024;Texto extraído diretamente do caderno oficial.
20;LC;150622;C;18;0;;1.32912;0.33346;0.01256;AZUL;1395;;0;2024;"*010175AZ32*
01
1 Dia 1 Dia
1°Capa 4°Capa
Transcreva a sua Redação para a Folha de Redação.
Azul 1 1 Azul
Amarelo 2 2 Amarelo
Branco 3 1 3 Branco
Rosa 4 2 4 Rosa
3
Ledor 9 9 Ledor
Libras 10 4 10 Libras
5
6
7
8
O
9
H
10
N O
11
U
12 Ã
C
13 Ç
S
14 A
A
15 D
16 R
E
17
R
18
A
19
D
20
21
22
23
24
2 Dia 2 Dia
1°Capa 25 4°Capa
Libras 12 26 12 Libras
Ledor 11 11 Ledor
27
28
Rosa 8 8 Rosa
Azul 7 29 7 Azul
Cinza 6 6 Cinza
30
Amarelo 5 5 Amarelo
01
BBB0011iiiggg00uuu11rrr77rrr55iiilllAAhhhZZooosss..ii...nniiinnndddddbbddd 33 11122 11224433////00006688////2222000022222244 11117766::::11442266::::00556699"
20;LC;150622;C;18;0;;1.32912;0.33346;0.01256;AZUL;1395;;0;2024;"*010175AZ32*
01
1 Dia 1 Dia
1°Capa 4°Capa
Transcreva a sua Redação para a Folha de Redação.
Azul 1 1 Azul
Amarelo 2 2 Amarelo
Branco 3 1 3 Branco
Rosa 4 2 4 Rosa
3
Ledor 9 9 Ledor
Libras 10 4 10 Libras
5
6
7
8
O
9
H
10
N O
11
U
12 Ã
C
13 Ç
S
14 A
A
15 D
16 R
E
17
R
18
A
19
D
20
21
22
23
24
2 Dia 2 Dia
1°Capa 25 4°Capa
Libras 12 26 12 Libras
Ledor 11 11 Ledor
27
28
Rosa 8 8 Rosa
Azul 7 29 7 Azul
Cinza 6 6 Cinza
30
Amarelo 5 5 Amarelo
01
BBB0011iiiggg00uuu11rrr77rrr55iiilllAAhhhZZooosss..ii...nniiinnndddddbbddd 33 11122 11224433////00006688////2222000022222244 11117766::::11442266::::00556699"
20;LC;150622;C;18;0;;1.32912;0.33346;0.01256;AZUL;1395;;0;2024;"*010175AZ32*
01
1 Dia 1 Dia
1°Capa 4°Capa
Transcreva a sua Redação para a Folha de Redação.
Azul 1 1 Azul
Amarelo 2 2 Amarelo
Branco 3 1 3 Branco
Rosa 4 2 4 Rosa
3
Ledor 9 9 Ledor
Libras 10 4 10 Libras
5
6
7
8
O
9
H
10
N O
11
U
12 Ã
C
13 Ç
S
14 A
A
15 D
16 R
E
17
R
18
A
19
D
20
21
22
23
24
2 Dia 2 Dia
1°Capa 25 4°Capa
Libras 12 26 12 Libras
Ledor 11 11 Ledor
27
28
Rosa 8 8 Rosa
Azul 7 29 7 Azul
Cinza 6 6 Cinza
30
Amarelo 5 5 Amarelo
01
BBB0011iiiggg00uuu11rrr77rrr55iiilllAAhhhZZooosss..ii...nniiinnndddddbbddd 33 11122 11224433////00006688////2222000022222244 11117766::::11442266::::00556699"
119;CN;141522;B;2;0;;1.31784;2.88051;0.29392;AZUL;1483;;0;2024;Texto extraído diretamente do caderno oficial.
119;CN;141522;B;2;0;;1.31784;2.88051;0.29392;AZUL;1483;;0;2024;Texto extraído diretamente do caderno oficial.
119;CN;141522;B;2;0;;1.31784;2.88051;0.29392;AZUL;1483;;0;2024;Texto extraído diretamente do caderno oficial.
24;LC;150768;A;29;0;;1.3153;-0.18943;0.19915;AZUL;1441;;0;2024;"*010175AZ32*
01
1 Dia 1 Dia
1°Capa 4°Capa
Transcreva a sua Redação para a Folha de Redação.
Azul 1 1 Azul
Amarelo 2 2 Amarelo
Branco 3 1 3 Branco
Rosa 4 2 4 Rosa
3
Ledor 9 9 Ledor
Libras 10 4 10 Libras
5
6
7
8
O
9
H
10
N O
11
U
12 Ã
C
13 Ç
S
14 A
A
15 D
16 R
E
17
R
18
A
19
D
20
21
22
23
24
2 Dia 2 Dia
1°Capa 25 4°Capa
Libras 12 26 12 Libras
Ledor 11 11 Ledor
27
28
Rosa 8 8 Rosa
Azul 7 29 7 Azul
Cinza 6 6 Cinza
30
Amarelo 5 5 Amarelo
01
BBB0011iiiggg00uuu11rrr77rrr55iiilllAAhhhZZooosss..ii...nniiinnndddddbbddd 33 11122 11224433////00006688////2222000022222244 11117766::::11442266::::00556699"
24;LC;150768;A;29;0;;1.3153;-0.18943;0.19915;AZUL;1353;;0;2024;"*010175AZ32*
01
1 Dia 1 Dia
1°Capa 4°Capa
Transcreva a sua Redação para a Folha de Redação.
Azul 1 1 Azul
Amarelo 2 2 Amarelo
Branco 3 1 3 Branco
Rosa 4 2 4 Rosa
3
Ledor 9 9 Ledor
Libras 10 4 10 Libras
5
6
7
8
O
9
H
10
N O
11
U
12 Ã
C
13 Ç
S
14 A
A
15 D
16 R
E
17
R
18
A
19
D
20
21
22
23
24
2 Dia 2 Dia
1°Capa 25 4°Capa
Libras 12 26 12 Libras
Ledor 11 11 Ledor
27
28
Rosa 8 8 Rosa
Azul 7 29 7 Azul
Cinza 6 6 Cinza
30
Amarelo 5 5 Amarelo
01
BBB0011iiiggg00uuu11rrr77rrr55iiilllAAhhhZZooosss..ii...nniiinnndddddbbddd 33 11122 11224433////00006688////2222000022222244 11117766::::11442266::::00556699"
24;LC;150768;A;29;0;;1.3153;-0.18943;0.19915;AZUL;1441;;0;2024;"*010175AZ32*
01
1 Dia 1 Dia
1°Capa 4°Capa
Transcreva a sua Redação para a Folha de Redação.
Azul 1 1 Azul
Amarelo 2 2 Amarelo
Branco 3 1 3 Branco
Rosa 4 2 4 Rosa
3
Ledor 9 9 Ledor
Libras 10 4 10 Libras
5
6
7
8
O
9
H
10
N O
11
U
12 Ã
C
13 Ç
S
14 A
A
15 D
16 R
E
17
R
18
A
19
D
20
21
22
23
24
2 Dia 2 Dia
1°Capa 25 4°Capa
Libras 12 26 12 Libras
Ledor 11 11 Ledor
27
28
Rosa 8 8 Rosa
Azul 7 29 7 Azul
Cinza 6 6 Cinza
30
Amarelo 5 5 Amarelo
01
BBB0011iiiggg00uuu11rrr77rrr55iiilllAAhhhZZooosss..ii...nniiinnndddddbbddd 33 11122 11224433////00006688////2222000022222244 11117766::::11442266::::00556699"
24;LC;150768;A;29;0;;1.3153;-0.18943;0.19915;AZUL;1441;;0;2024;"*010175AZ32*
01
1 Dia 1 Dia
1°Capa 4°Capa
Transcreva a sua Redação para a Folha de Redação.
Azul 1 1 Azul
Amarelo 2 2 Amarelo
Branco 3 1 3 Branco
Rosa 4 2 4 Rosa
3
Ledor 9 9 Ledor
Libras 10 4 10 Libras
5
6
7
8
O
9
H
10
N O
11
U
12 Ã
C
13 Ç
S
14 A
A
15 D
16 R
E
17
R
18
A
19
D
20
21
22
23
24
2 Dia 2 Dia
1°Capa 25 4°Capa
Libras 12 26 12 Libras
Ledor 11 11 Ledor
27
28
Rosa 8 8 Rosa
Azul 7 29 7 Azul
Cinza 6 6 Cinza
30
Amarelo 5 5 Amarelo
01
BBB0011iiiggg00uuu11rrr77rrr55iiilllAAhhhZZooosss..ii...nniiinnndddddbbddd 33 11122 11224433////00006688////2222000022222244 11117766::::11442266::::00556699"
24;LC;150768;A;29;0;;1.3153;-0.18943;0.19915;AZUL;1353;;0;2024;"*010175AZ32*
01
1 Dia 1 Dia
1°Capa 4°Capa
Transcreva a sua Redação para a Folha de Redação.
Azul 1 1 Azul
Amarelo 2 2 Amarelo
Branco 3 1 3 Branco
Rosa 4 2 4 Rosa
3
Ledor 9 9 Ledor
Libras 10 4 10 Libras
5
6
7
8
O
9
H
10
N O
11
U
12 Ã
C
13 Ç
S
14 A
A
15 D
16 R
E
17
R
18
A
19
D
20
21
22
23
24
2 Dia 2 Dia
1°Capa 25 4°Capa
Libras 12 26 12 Libras
Ledor 11 11 Ledor
27
28
Rosa 8 8 Rosa
Azul 7 29 7 Azul
Cinza 6 6 Cinza
30
Amarelo 5 5 Amarelo
01
BBB0011iiiggg00uuu11rrr77rrr55iiilllAAhhhZZooosss..ii...nniiinnndddddbbddd 33 11122 11224433////00006688////2222000022222244 11117766::::11442266::::00556699"
24;LC;150768;A;29;0;;1.3153;-0.18943;0.19915;AZUL;1353;;0;2024;"*010175AZ32*
01
1 Dia 1 Dia
1°Capa 4°Capa
Transcreva a sua Redação para a Folha de Redação.
Azul 1 1 Azul
Amarelo 2 2 Amarelo
Branco 3 1 3 Branco
Rosa 4 2 4 Rosa
3
Ledor 9 9 Ledor
Libras 10 4 10 Libras
5
6
7
8
O
9
H
10
N O
11
U
12 Ã
C
13 Ç
S
14 A
A
15 D
16 R
E
17
R
18
A
19
D
20
21
22
23
24
2 Dia 2 Dia
1°Capa 25 4°Capa
Libras 12 26 12 Libras
Ledor 11 11 Ledor
27
28
Rosa 8 8 Rosa
Azul 7 29 7 Azul
Cinza 6 6 Cinza
30
Amarelo 5 5 Amarelo
01
BBB0011iiiggg00uuu11rrr77rrr55iiilllAAhhhZZooosss..ii...nniiinnndddddbbddd 33 11122 11224433////00006688////2222000022222244 11117766::::11442266::::00556699"
58;CH;55300;D;9;0;;1.31187;0.62382;0.05009;AZUL;1447;;0;2024;Texto extraído diretamente do caderno oficial.
58;CH;55300;D;9;0;;1.31187;0.62382;0.05009;AZUL;1447;;0;2024;Texto extraído diretamente do caderno oficial.
58;CH;55300;D;9;0;;1.31187;0.62382;0.05009;AZUL;1447;;0;2024;Texto extraído diretamente do caderno oficial.
46;CH;140794;B;26;0;;1.30844;1.25071;0.18571;AZUL;1431;;0;2024;Texto extraído diretamente do caderno oficial.
46;CH;140794;B;26;0;;1.30844;1.25071;0.18571;AZUL;1431;;0;2024;Texto extraído diretamente do caderno oficial.
46;CH;140794;B;26;0;;1.30844;1.25071;0.18571;AZUL;1431;;0;2024;Texto extraído diretamente do caderno oficial.
46;CH;140794;B;26;0;;1.30844;1.25071;0.18571;AZUL;1343;;0;2024;Texto extraído diretamente do caderno oficial.
46;CH;140794;B;26;0;;1.30844;1.25071;0.18571;AZUL;1343;;0;2024;Texto extraído diretamente do caderno oficial.
46;CH;140794;B;26;0;;1.30844;1.25071;0.18571;AZUL;1343;;0;2024;Texto extraído diretamente do caderno oficial.
8;LC;141238;D;13;0;;1.30507;2.24497;0.3219;AZUL;1441;;0;2024;"*010175AZ32*
01
1 Dia 1 Dia
1°Capa 4°Capa
Transcreva a sua Redação para a Folha de Redação.
Azul 1 1 Azul
Amarelo 2 2 Amarelo
Branco 3 1 3 Branco
Rosa 4 2 4 Rosa
3
Ledor 9 9 Ledor
Libras 10 4 10 Libras
5
6
7
8
O
9
H
10
N O
11
U
12 Ã
C
13 Ç
S
14 A
A
15 D
16 R
E
17
R
18
A
19
D
20
21
22
23
24
2 Dia 2 Dia
1°Capa 25 4°Capa
Libras 12 26 12 Libras
Ledor 11 11 Ledor
27
28
Rosa 8 8 Rosa
Azul 7 29 7 Azul
Cinza 6 6 Cinza
30
Amarelo 5 5 Amarelo
01
BBB0011iiiggg00uuu11rrr77rrr55iiilllAAhhhZZooosss..ii...nniiinnndddddbbddd 33 11122 11224433////00006688////2222000022222244 11117766::::11442266::::00556699"
8;LC;141238;D;13;0;;1.30507;2.24497;0.3219;AZUL;1353;;0;2024;"*010175AZ32*
01
1 Dia 1 Dia
1°Capa 4°Capa
Transcreva a sua Redação para a Folha de Redação.
Azul 1 1 Azul
Amarelo 2 2 Amarelo
Branco 3 1 3 Branco
Rosa 4 2 4 Rosa
3
Ledor 9 9 Ledor
Libras 10 4 10 Libras
5
6
7
8
O
9
H
10
N O
11
U
12 Ã
C
13 Ç
S
14 A
A
15 D
16 R
E
17
R
18
A
19
D
20
21
22
23
24
2 Dia 2 Dia
1°Capa 25 4°Capa
Libras 12 26 12 Libras
Ledor 11 11 Ledor
27
28
Rosa 8 8 Rosa
Azul 7 29 7 Azul
Cinza 6 6 Cinza
30
Amarelo 5 5 Amarelo
01
BBB0011iiiggg00uuu11rrr77rrr55iiilllAAhhhZZooosss..ii...nniiinnndddddbbddd 33 11122 11224433////00006688////2222000022222244 11117766::::11442266::::00556699"
8;LC;141238;D;13;0;;1.30507;2.24497;0.3219;AZUL;1353;;0;2024;"*010175AZ32*
01
1 Dia 1 Dia
1°Capa 4°Capa
Transcreva a sua Redação para a Folha de Redação.
Azul 1 1 Azul
Amarelo 2 2 Amarelo
Branco 3 1 3 Branco
Rosa 4 2 4 Rosa
3
Ledor 9 9 Ledor
Libras 10 4 10 Libras
5
6
7
8
O
9
H
10
N O
11
U
12 Ã
C
13 Ç
S
14 A
A
15 D
16 R
E
17
R
18
A
19
D
20
21
22
23
24
2 Dia 2 Dia
1°Capa 25 4°Capa
Libras 12 26 12 Libras
Ledor 11 11 Ledor
27
28
Rosa 8 8 Rosa
Azul 7 29 7 Azul
Cinza 6 6 Cinza
30
Amarelo 5 5 Amarelo
01
BBB0011iiiggg00uuu11rrr77rrr55iiilllAAhhhZZooosss..ii...nniiinnndddddbbddd 33 11122 11224433////00006688////2222000022222244 11117766::::11442266::::00556699"
8;LC;141238;D;13;0;;1.30507;2.24497;0.3219;AZUL;1441;;0;2024;"*010175AZ32*
01
1 Dia 1 Dia
1°Capa 4°Capa
Transcreva a sua Redação para a Folha de Redação.
Azul 1 1 Azul
Amarelo 2 2 Amarelo
Branco 3 1 3 Branco
Rosa 4 2 4 Rosa
3
Ledor 9 9 Ledor
Libras 10 4 10 Libras
5
6
7
8
O
9
H
10
N O
11
U
12 Ã
C
13 Ç
S
14 A
A
15 D
16 R
E
17
R
18
A
19
D
20
21
22
23
24
2 Dia 2 Dia
1°Capa 25 4°Capa
Libras 12 26 12 Libras
Ledor 11 11 Ledor
27
28
Rosa 8 8 Rosa
Azul 7 29 7 Azul
Cinza 6 6 Cinza
30
Amarelo 5 5 Amarelo
01
BBB0011iiiggg00uuu11rrr77rrr55iiilllAAhhhZZooosss..ii...nniiinnndddddbbddd 33 11122 11224433////00006688////2222000022222244 11117766::::11442266::::00556699"
8;LC;141238;D;13;0;;1.30507;2.24497;0.3219;AZUL;1353;;0;2024;"*010175AZ32*
01
1 Dia 1 Dia
1°Capa 4°Capa
Transcreva a sua Redação para a Folha de Redação.
Azul 1 1 Azul
Amarelo 2 2 Amarelo
Branco 3 1 3 Branco
Rosa 4 2 4 Rosa
3
Ledor 9 9 Ledor
Libras 10 4 10 Libras
5
6
7
8
O
9
H
10
N O
11
U
12 Ã
C
13 Ç
S
14 A
A
15 D
16 R
E
17
R
18
A
19
D
20
21
22
23
24
2 Dia 2 Dia
1°Capa 25 4°Capa
Libras 12 26 12 Libras
Ledor 11 11 Ledor
27
28
Rosa 8 8 Rosa
Azul 7 29 7 Azul
Cinza 6 6 Cinza
30
Amarelo 5 5 Amarelo
01
BBB0011iiiggg00uuu11rrr77rrr55iiilllAAhhhZZooosss..ii...nniiinnndddddbbddd 33 11122 11224433////00006688////2222000022222244 11117766::::11442266::::00556699"
8;LC;141238;D;13;0;;1.30507;2.24497;0.3219;AZUL;1441;;0;2024;"*010175AZ32*
01
1 Dia 1 Dia
1°Capa 4°Capa
Transcreva a sua Redação para a Folha de Redação.
Azul 1 1 Azul
Amarelo 2 2 Amarelo
Branco 3 1 3 Branco
Rosa 4 2 4 Rosa
3
Ledor 9 9 Ledor
Libras 10 4 10 Libras
5
6
7
8
O
9
H
10
N O
11
U
12 Ã
C
13 Ç
S
14 A
A
15 D
16 R
E
17
R
18
A
19
D
20
21
22
23
24
2 Dia 2 Dia
1°Capa 25 4°Capa
Libras 12 26 12 Libras
Ledor 11 11 Ledor
27
28
Rosa 8 8 Rosa
Azul 7 29 7 Azul
Cinza 6 6 Cinza
30
Amarelo 5 5 Amarelo
01
BBB0011iiiggg00uuu11rrr77rrr55iiilllAAhhhZZooosss..ii...nniiinnndddddbbddd 33 11122 11224433////00006688////2222000022222244 11117766::::11442266::::00556699"
27;LC;150645;C;24;0;;1.30407;0.74117;0.04096;AZUL;1395;;0;2024;"*010175AZ32*
01
1 Dia 1 Dia
1°Capa 4°Capa
Transcreva a sua Redação para a Folha de Redação.
Azul 1 1 Azul
Amarelo 2 2 Amarelo
Branco 3 1 3 Branco
Rosa 4 2 4 Rosa
3
Ledor 9 9 Ledor
Libras 10 4 10 Libras
5
6
7
8
O
9
H
10
N O
11
U
12 Ã
C
13 Ç
S
14 A
A
15 D
16 R
E
17
R
18
A
19
D
20
21
22
23
24
2 Dia 2 Dia
1°Capa 25 4°Capa
Libras 12 26 12 Libras
Ledor 11 11 Ledor
27
28
Rosa 8 8 Rosa
Azul 7 29 7 Azul
Cinza 6 6 Cinza
30
Amarelo 5 5 Amarelo
01
BBB0011iiiggg00uuu11rrr77rrr55iiilllAAhhhZZooosss..ii...nniiinnndddddbbddd 33 11122 11224433////00006688////2222000022222244 11117766::::11442266::::00556699"
27;LC;150645;C;24;0;;1.30407;0.74117;0.04096;AZUL;1395;;0;2024;"*010175AZ32*
01
1 Dia 1 Dia
1°Capa 4°Capa
Transcreva a sua Redação para a Folha de Redação.
Azul 1 1 Azul
Amarelo 2 2 Amarelo
Branco 3 1 3 Branco
Rosa 4 2 4 Rosa
3
Ledor 9 9 Ledor
Libras 10 4 10 Libras
5
6
7
8
O
9
H
10
N O
11
U
12 Ã
C
13 Ç
S
14 A
A
15 D
16 R
E
17
R
18
A
19
D
20
21
22
23
24
2 Dia 2 Dia
1°Capa 25 4°Capa
Libras 12 26 12 Libras
Ledor 11 11 Ledor
27
28
Rosa 8 8 Rosa
Azul 7 29 7 Azul
Cinza 6 6 Cinza
30
Amarelo 5 5 Amarelo
01
BBB0011iiiggg00uuu11rrr77rrr55iiilllAAhhhZZooosss..ii...nniiinnndddddbbddd 33 11122 11224433////00006688////2222000022222244 11117766::::11442266::::00556699"
27;LC;150645;C;24;0;;1.30407;0.74117;0.04096;AZUL;1395;;0;2024;"*010175AZ32*
01
1 Dia 1 Dia
1°Capa 4°Capa
Transcreva a sua Redação para a Folha de Redação.
Azul 1 1 Azul
Amarelo 2 2 Amarelo
Branco 3 1 3 Branco
Rosa 4 2 4 Rosa
3
Ledor 9 9 Ledor
Libras 10 4 10 Libras
5
6
7
8
O
9
H
10
N O
11
U
12 Ã
C
13 Ç
S
14 A
A
15 D
16 R
E
17
R
18
A
19
D
20
21
22
23
24
2 Dia 2 Dia
1°Capa 25 4°Capa
Libras 12 26 12 Libras
Ledor 11 11 Ledor
27
28
Rosa 8 8 Rosa
Azul 7 29 7 Azul
Cinza 6 6 Cinza
30
Amarelo 5 5 Amarelo
01
BBB0011iiiggg00uuu11rrr77rrr55iiilllAAhhhZZooosss..ii...nniiinnndddddbbddd 33 11122 11224433////00006688////2222000022222244 11117766::::11442266::::00556699"
59;CH;149789;E;3;0;;1.29902;0.25116;0.01814;AZUL;1383;;0;2024;Texto extraído diretamente do caderno oficial.
59;CH;149789;E;3;0;;1.29902;0.25116;0.01814;AZUL;1383;;0;2024;Texto extraído diretamente do caderno oficial.
59;CH;149789;E;3;0;;1.29902;0.25116;0.01814;AZUL;1383;;0;2024;Texto extraído diretamente do caderno oficial.
99;CN;44307;C;28;0;;1.28277;-0.02368;0.08927;AZUL;1483;;0;2024;Texto extraído diretamente do caderno oficial.
99;CN;44307;C;28;0;;1.28277;-0.02368;0.08927;AZUL;1483;;0;2024;Texto extraído diretamente do caderno oficial.
99;CN;44307;C;28;0;;1.28277;-0.02368;0.08927;AZUL;1483;;0;2024;Texto extraído diretamente do caderno oficial.
176;MT;141571;D;24;0;;1.27914;-0.47051;0.21183;AZUL;1363;;0;2024;Texto extraído diretamente do caderno oficial.
176;MT;141571;D;24;0;;1.27914;-0.47051;0.21183;AZUL;1363;;0;2024;Texto extraído diretamente do caderno oficial.
176;MT;141571;D;24;0;;1.27914;-0.47051;0.21183;AZUL;1363;;0;2024;Texto extraído diretamente do caderno oficial.
55;CH;88833;B;3;0;;1.27565;0.64626;0.11824;AZUL;1383;;0;2024;Texto extraído diretamente do caderno oficial.
55;CH;88833;B;3;0;;1.27565;0.64626;0.11824;AZUL;1383;;0;2024;Texto extraído diretamente do caderno oficial.
55;CH;88833;B;3;0;;1.27565;0.64626;0.11824;AZUL;1383;;0;2024;Texto extraído diretamente do caderno oficial.
82;CH;55581;E;23;0;;1.27011;0.4607;0.01257;AZUL;1447;;0;2024;Texto extraído diretamente do caderno oficial.
82;CH;55581;E;23;0;;1.27011;0.4607;0.01257;AZUL;1447;;0;2024;Texto extraído diretamente do caderno oficial.
82;CH;55581;E;23;0;;1.27011;0.4607;0.01257;AZUL;1447;;0;2024;Texto extraído diretamente do caderno oficial.
169;MT;125923;E;28;0;;1.26643;2.72688;0.13414;AZUL;1407;;0;2024;Texto extraído diretamente do caderno oficial.
169;MT;125923;E;28;0;;1.26643;2.72688;0.13414;AZUL;1407;;0;2024;Texto extraído diretamente do caderno oficial.
169;MT;125923;E;28;0;;1.26643;2.72688;0.13414;AZUL;1407;;0;2024;Texto extraído diretamente do caderno oficial.
83;CH;149844;D;12;0;;1.26372;0.92757;0.22995;AZUL;1343;;0;2024;Texto extraído diretamente do caderno oficial.
83;CH;149844;D;12;0;;1.26372;0.92757;0.22995;AZUL;1431;;0;2024;Texto extraído diretamente do caderno oficial.
83;CH;149844;D;12;0;;1.26372;0.92757;0.22995;AZUL;1343;;0;2024;Texto extraído diretamente do caderno oficial.
83;CH;149844;D;12;0;;1.26372;0.92757;0.22995;AZUL;1431;;0;2024;Texto extraído diretamente do caderno oficial.
83;CH;149844;D;12;0;;1.26372;0.92757;0.22995;AZUL;1343;;0;2024;Texto extraído diretamente do caderno oficial.
83;CH;149844;D;12;0;;1.26372;0.92757;0.22995;AZUL;1431;;0;2024;Texto extraído diretamente do caderno oficial.
35;LC;150642;E;23;0;;1.26109;1.31039;0.27904;AZUL;1459;;0;2024;Texto extraído diretamente do caderno oficial.
35;LC;150642;E;23;0;;1.26109;1.31039;0.27904;AZUL;1459;;0;2024;Texto extraído diretamente do caderno oficial.
35;LC;150642;E;23;0;;1.26109;1.31039;0.27904;AZUL;1459;;0;2024;Texto extraído diretamente do caderno oficial.
165;MT;49227;D;29;0;;1.25608;1.96379;0.24858;AZUL;1471;;0;2024;Texto extraído diretamente do caderno oficial.
165;MT;49227;D;29;0;;1.25608;1.96379;0.24858;AZUL;1471;;0;2024;Texto extraído diretamente do caderno oficial.
165;MT;49227;D;29;0;;1.25608;1.96379;0.24858;AZUL;1471;;0;2024;Texto extraído diretamente do caderno oficial.
146;MT;153134;B;3;0;;1.25353;0.84993;0.21314;AZUL;1471;;0;2024;Texto extraído diretamente do caderno oficial.
146;MT;153134;B;3;0;;1.25353;0.84993;0.21314;AZUL;1471;;0;2024;Texto extraído diretamente do caderno oficial.
146;MT;153134;B;3;0;;1.25353;0.84993;0.21314;AZUL;1471;;0;2024;Texto extraído diretamente do caderno oficial.
132;CN;141594;B;5;0;;1.24643;2.317;0.08752;AZUL;1419;;0;2024;Texto extraído diretamente do caderno oficial.
132;CN;141594;B;5;0;;1.24643;2.317;0.08752;AZUL;1419;;0;2024;Texto extraído diretamente do caderno oficial.
132;CN;141594;B;5;0;;1.24643;2.317;0.08752;AZUL;1419;;0;2024;Texto extraído diretamente do caderno oficial.
74;CH;86829;D;2;0;;1.23581;1.19631;0.17298;AZUL;1431;;0;2024;Texto extraído diretamente do caderno oficial.
74;CH;86829;D;2;0;;1.23581;1.19631;0.17298;AZUL;1343;;0;2024;Texto extraído diretamente do caderno oficial.
74;CH;86829;D;2;0;;1.23581;1.19631;0.17298;AZUL;1431;;0;2024;Texto extraído diretamente do caderno oficial.
74;CH;86829;D;2;0;;1.23581;1.19631;0.17298;AZUL;1431;;0;2024;Texto extraído diretamente do caderno oficial.
74;CH;86829;D;2;0;;1.23581;1.19631;0.17298;AZUL;1343;;0;2024;Texto extraído diretamente do caderno oficial.
74;CH;86829;D;2;0;;1.23581;1.19631;0.17298;AZUL;1343;;0;2024;Texto extraído diretamente do caderno oficial.
28;LC;150505;B;16;0;;1.2319;0.54082;0.1049;AZUL;1459;;0;2024;"*010175AZ32*
01
1 Dia 1 Dia
1°Capa 4°Capa
Transcreva a sua Redação para a Folha de Redação.
Azul 1 1 Azul
Amarelo 2 2 Amarelo
Branco 3 1 3 Branco
Rosa 4 2 4 Rosa
3
Ledor 9 9 Ledor
Libras 10 4 10 Libras
5
6
7
8
O
9
H
10
N O
11
U
12 Ã
C
13 Ç
S
14 A
A
15 D
16 R
E
17
R
18
A
19
D
20
21
22
23
24
2 Dia 2 Dia
1°Capa 25 4°Capa
Libras 12 26 12 Libras
Ledor 11 11 Ledor
27
28
Rosa 8 8 Rosa
Azul 7 29 7 Azul
Cinza 6 6 Cinza
30
Amarelo 5 5 Amarelo
01
BBB0011iiiggg00uuu11rrr77rrr55iiilllAAhhhZZooosss..ii...nniiinnndddddbbddd 33 11122 11224433////00006688////2222000022222244 11117766::::11442266::::00556699"
28;LC;150505;B;16;0;;1.2319;0.54082;0.1049;AZUL;1459;;0;2024;"*010175AZ32*
01
1 Dia 1 Dia
1°Capa 4°Capa
Transcreva a sua Redação para a Folha de Redação.
Azul 1 1 Azul
Amarelo 2 2 Amarelo
Branco 3 1 3 Branco
Rosa 4 2 4 Rosa
3
Ledor 9 9 Ledor
Libras 10 4 10 Libras
5
6
7
8
O
9
H
10
N O
11
U
12 Ã
C
13 Ç
S
14 A
A
15 D
16 R
E
17
R
18
A
19
D
20
21
22
23
24
2 Dia 2 Dia
1°Capa 25 4°Capa
Libras 12 26 12 Libras
Ledor 11 11 Ledor
27
28
Rosa 8 8 Rosa
Azul 7 29 7 Azul
Cinza 6 6 Cinza
30
Amarelo 5 5 Amarelo
01
BBB0011iiiggg00uuu11rrr77rrr55iiilllAAhhhZZooosss..ii...nniiinnndddddbbddd 33 11122 11224433////00006688////2222000022222244 11117766::::11442266::::00556699"
28;LC;150505;B;16;0;;1.2319;0.54082;0.1049;AZUL;1459;;0;2024;"*010175AZ32*
01
1 Dia 1 Dia
1°Capa 4°Capa
Transcreva a sua Redação para a Folha de Redação.
Azul 1 1 Azul
Amarelo 2 2 Amarelo
Branco 3 1 3 Branco
Rosa 4 2 4 Rosa
3
Ledor 9 9 Ledor
Libras 10 4 10 Libras
5
6
7
8
O
9
H
10
N O
11
U
12 Ã
C
13 Ç
S
14 A
A
15 D
16 R
E
17
R
18
A
19
D
20
21
22
23
24
2 Dia 2 Dia
1°Capa 25 4°Capa
Libras 12 26 12 Libras
Ledor 11 11 Ledor
27
28
Rosa 8 8 Rosa
Azul 7 29 7 Azul
Cinza 6 6 Cinza
30
Amarelo 5 5 Amarelo
01
BBB0011iiiggg00uuu11rrr77rrr55iiilllAAhhhZZooosss..ii...nniiinnndddddbbddd 33 11122 11224433////00006688////2222000022222244 11117766::::11442266::::00556699"
95;CN;88330;A;26;0;;1.22652;0.72244;0.21354;AZUL;1373;;0;2024;Texto extraído diretamente do caderno oficial.
95;CN;88330;A;26;0;;1.22652;0.72244;0.21354;AZUL;1373;;0;2024;Texto extraído diretamente do caderno oficial.
95;CN;88330;A;26;0;;1.22652;0.72244;0.21354;AZUL;1373;;0;2024;Texto extraído diretamente do caderno oficial.
161;MT;111764;E;30;0;;1.22427;1.34947;0.17872;AZUL;1363;;0;2024;Texto extraído diretamente do caderno oficial.
161;MT;111764;E;30;0;;1.22427;1.34947;0.17872;AZUL;1363;;0;2024;Texto extraído diretamente do caderno oficial.
161;MT;111764;E;30;0;;1.22427;1.34947;0.17872;AZUL;1363;;0;2024;Texto extraído diretamente do caderno oficial.
1;LC;140710;C;7;0;;1.2195;1.21829;0.22976;AZUL;1395;1.0;0;2024;"ºº
1 DIA
01
EXAME NACIONAL DO ENSINO MÉDIO
PROVA DE LINGUAGENS, CÓDIGOS E SUAS TECNOLOGIAS E REDAÇÃO
1 Dia 1 Dia
PROVA DE CIÊNCIAS HUMANAS E SUAS TECNOLOGIAS
1°Capa 4°Capa
Azul 1 1 Azul
Amarelo 2 CADERNO 2 Amarelo
Branco 3 3 Branco
1
Rosa 4 4 Rosa
Ledor 9 9 Ledor
AZUL
Libras 10 10 Libras
ENEM2024ENEM2024ENEM2024ENEM2024ENEM2024ENEM2024ENEM2024ENEM2024ENEM2024ENEM2024ENEM2024ENEM2024ENEM2024ENEM2024ENEM2024ENEM2024ENEM2024ENEM2024ENEM2024ENEM2024ENEM2024ENEM2024ENEM2024ENEM2024ENEM2024ENEM2024ENEM2024ENEM2024ENEM2024ENEM2024ENEM2024ENEM2024ENEM2024ENEM2024ENEM2024ENEM2024ENEM2024ENEM2024ENEM2024ENEM2024ENEM2024ENEM2024ENEM2024ENEM2024ENEM2024ENEM2024ENEM2024ENEM2024ENEM2024ENEM2024ENEM2024ENEM2024ENEM2024ENEM2024ENEM2024ENEM2024ENEM2024ENEM2024ENEM2024ENEM2024ENEM2024ENEM2024ENEM2024ENEM2024ENEM
ENEM2024ENEM2024ENEM2024ENEM2024ENEM2024ENEM2024ENEM2024ENEM2024ENEM2024ENEM2024ENEM2024ENEM2024ENEM2024ENEM2024ENEM2024ENEM2024ENEM2024ENEM2024ENEM2024ENEM2024ENEM2024ENEM2024ENEM2024ENEM2024ENEM2024ENEM2024ENEM2024ENEM2024ENEM2024ENEM2024ENEM2024ENEM2024ENEM2024ENEM2024ENEM2024ENEM2024ENEM2024ENEM2024ENEM2024ENEM2024ENEM2024ENEM2024ENEM2024ENEM2024ENEM2024ENEM2024ENEM2024ENEM2024ENEM2024ENEM2024ENEM2024ENEM2024ENEM2024ENEM2024ENEM2024ENEM2024ENEM2024ENEM2024ENEM2024ENEM2024ENEM2024ENEM2024ENEM2024ENEM2024ENEM
ATENÇÃO: transcreva no espaço apropriado do seu CARTÃO-RESPOSTA,
com sua caligrafi a usual, considerando as letras maiúsculas e minúsculas, a seguinte frase:
O arco-íris foge de mim
LEIA ATENTAMENTE AS INSTRUÇÕES SEGUINTES:
1. E ste CADERNO DE QUESTÕES contém 90 questões numeradas de 01 a 90 e a Proposta de Redação,
dispostas da seguinte maneira:
a) questões de número 01 a 45, relativas à área de Linguagens, Códigos e suas Tecnologias;
b) Proposta de Redação;
c) questões de número 46 a 90, relativas à área de Ciências Humanas e suas Tecnologias.
ATENÇÃO: as questões de 01 a 05 são relativas à língua estrangeira. Você deverá responder apenas
às questões relativas à língua estrangeira (inglês ou espanhol) escolhida no ato de sua inscrição.
2. Confi ra se a quantidade e a ordem das questões do seu CADERNO DE QUESTÕES estão de acordo
com as instruções anteriores. Caso o caderno esteja incompleto, tenha defeito ou apresente qualquer
divergência, comunique ao aplicador da sala para que ele tome as providências cabíveis.
3. Para cada uma das questões objetivas, são apresentadas 5 opções. Apenas uma responde
corretamente à questão.
4. O tempo disponível para estas provas é de cinco horas e trinta minutos.
5. Reserve tempo sufi ciente para preencher o CARTÃO-RESPOSTA e a FOLHA DE REDAÇÃO.
2 Dia 6. Os rascunhos e as marcações assinaladas no CADERNO DE QUESTÕES não serão considerados na 2 Dia
1°Capa avaliação. 4°Capa
Libras 12 7. Somente serão corrigidas as redações transcritas na FOLHA DE REDAÇÃO. 12 Libras
Ledor 11 11 Ledor
8. Quando terminar as provas, acene para chamar o aplicador e entregue este CADERNO DE QUESTÕES
e o CARTÃO-RESPOSTA/FOLHA DE REDAÇÃO.
Rosa 8 8 Rosa
9. Você poderá deixar o local de prova somente após decorridas duas horas do início da aplicação e
Azul 7 poderá levar seu CADERNO DE QUESTÕES ao deixar em defi nitivo a sala de prova nos 30 minutos 7 Azul
Cinza 6 que antecedem o término das provas. 6 Cinza
Amarelo 5 5 Amarelo
ENEM2024ENEM2024ENEM2024ENEM2024ENEM2024ENEM2024ENEM2024ENEM2024ENEM2024ENEM2024ENEM2024ENEM2024ENEM2024ENEM2024ENEM2024ENEM2024ENEM2024ENEM2024ENEM2024ENEM2024ENEM2024ENEM2024ENEM2024ENEM2024ENEM2024ENEM2024ENEM2024ENEM2024ENEM2024ENEM2024ENEM2024ENEM2024ENEM2024ENEM2024ENEM2024ENEM2024ENEM2024ENEM2024ENEM2024ENEM2024ENEM2024ENEM2024ENEM2024ENEM2024ENEM2024ENEM2024ENEM2024ENEM2024ENEM2024ENEM2024ENEM2024ENEM2024ENEM2024ENEM2024ENEM2024ENEM2024ENEM2024ENEM2024ENEM2024ENEM2024ENEM2024ENEM2024ENEM2024ENEM2024ENEM
*010175AZ1*
BBB0011iiiggg00uuu11rrr77rrr55iiilllAAhhhZZooosss..ii...nniiinnndddddbbddd 11 111 11224433////00006688////2222000022222244 11117766::::11442266::::00446600"
1;LC;140710;C;7;0;;1.2195;1.21829;0.22976;AZUL;1395;1.0;0;2024;"ºº
1 DIA
01
EXAME NACIONAL DO ENSINO MÉDIO
PROVA DE LINGUAGENS, CÓDIGOS E SUAS TECNOLOGIAS E REDAÇÃO
1 Dia 1 Dia
PROVA DE CIÊNCIAS HUMANAS E SUAS TECNOLOGIAS
1°Capa 4°Capa
Azul 1 1 Azul
Amarelo 2 CADERNO 2 Amarelo
Branco 3 3 Branco
1
Rosa 4 4 Rosa
Ledor 9 9 Ledor
AZUL
Libras 10 10 Libras
ENEM2024ENEM2024ENEM2024ENEM2024ENEM2024ENEM2024ENEM2024ENEM2024ENEM2024ENEM2024ENEM2024ENEM2024ENEM2024ENEM2024ENEM2024ENEM2024ENEM2024ENEM2024ENEM2024ENEM2024ENEM2024ENEM2024ENEM2024ENEM2024ENEM2024ENEM2024ENEM2024ENEM2024ENEM2024ENEM2024ENEM2024ENEM2024ENEM2024ENEM2024ENEM2024ENEM2024ENEM2024ENEM2024ENEM2024ENEM2024ENEM2024ENEM2024ENEM2024ENEM2024ENEM2024ENEM2024ENEM2024ENEM2024ENEM2024ENEM2024ENEM2024ENEM2024ENEM2024ENEM2024ENEM2024ENEM2024ENEM2024ENEM2024ENEM2024ENEM2024ENEM2024ENEM2024ENEM2024ENEM2024ENEM
ENEM2024ENEM2024ENEM2024ENEM2024ENEM2024ENEM2024ENEM2024ENEM2024ENEM2024ENEM2024ENEM2024ENEM2024ENEM2024ENEM2024ENEM2024ENEM2024ENEM2024ENEM2024ENEM2024ENEM2024ENEM2024ENEM2024ENEM2024ENEM2024ENEM2024ENEM2024ENEM2024ENEM2024ENEM2024ENEM2024ENEM2024ENEM2024ENEM2024ENEM2024ENEM2024ENEM2024ENEM2024ENEM2024ENEM2024ENEM2024ENEM2024ENEM2024ENEM2024ENEM2024ENEM2024ENEM2024ENEM2024ENEM2024ENEM2024ENEM2024ENEM2024ENEM2024ENEM2024ENEM2024ENEM2024ENEM2024ENEM2024ENEM2024ENEM2024ENEM2024ENEM2024ENEM2024ENEM2024ENEM2024ENEM
ATENÇÃO: transcreva no espaço apropriado do seu CARTÃO-RESPOSTA,
com sua caligrafi a usual, considerando as letras maiúsculas e minúsculas, a seguinte frase:
O arco-íris foge de mim
LEIA ATENTAMENTE AS INSTRUÇÕES SEGUINTES:
1. E ste CADERNO DE QUESTÕES contém 90 questões numeradas de 01 a 90 e a Proposta de Redação,
dispostas da seguinte maneira:
a) questões de número 01 a 45, relativas à área de Linguagens, Códigos e suas Tecnologias;
b) Proposta de Redação;
c) questões de número 46 a 90, relativas à área de Ciências Humanas e suas Tecnologias.
ATENÇÃO: as questões de 01 a 05 são relativas à língua estrangeira. Você deverá responder apenas
às questões relativas à língua estrangeira (inglês ou espanhol) escolhida no ato de sua inscrição.
2. Confi ra se a quantidade e a ordem das questões do seu CADERNO DE QUESTÕES estão de acordo
com as instruções anteriores. Caso o caderno esteja incompleto, tenha defeito ou apresente qualquer
divergência, comunique ao aplicador da sala para que ele tome as providências cabíveis.
3. Para cada uma das questões objetivas, são apresentadas 5 opções. Apenas uma responde
corretamente à questão.
4. O tempo disponível para estas provas é de cinco horas e trinta minutos.
5. Reserve tempo sufi ciente para preencher o CARTÃO-RESPOSTA e a FOLHA DE REDAÇÃO.
2 Dia 6. Os rascunhos e as marcações assinaladas no CADERNO DE QUESTÕES não serão considerados na 2 Dia
1°Capa avaliação. 4°Capa
Libras 12 7. Somente serão corrigidas as redações transcritas na FOLHA DE REDAÇÃO. 12 Libras
Ledor 11 11 Ledor
8. Quando terminar as provas, acene para chamar o aplicador e entregue este CADERNO DE QUESTÕES
e o CARTÃO-RESPOSTA/FOLHA DE REDAÇÃO.
Rosa 8 8 Rosa
9. Você poderá deixar o local de prova somente após decorridas duas horas do início da aplicação e
Azul 7 poderá levar seu CADERNO DE QUESTÕES ao deixar em defi nitivo a sala de prova nos 30 minutos 7 Azul
Cinza 6 que antecedem o término das provas. 6 Cinza
Amarelo 5 5 Amarelo
ENEM2024ENEM2024ENEM2024ENEM2024ENEM2024ENEM2024ENEM2024ENEM2024ENEM2024ENEM2024ENEM2024ENEM2024ENEM2024ENEM2024ENEM2024ENEM2024ENEM2024ENEM2024ENEM2024ENEM2024ENEM2024ENEM2024ENEM2024ENEM2024ENEM2024ENEM2024ENEM2024ENEM2024ENEM2024ENEM2024ENEM2024ENEM2024ENEM2024ENEM2024ENEM2024ENEM2024ENEM2024ENEM2024ENEM2024ENEM2024ENEM2024ENEM2024ENEM2024ENEM2024ENEM2024ENEM2024ENEM2024ENEM2024ENEM2024ENEM2024ENEM2024ENEM2024ENEM2024ENEM2024ENEM2024ENEM2024ENEM2024ENEM2024ENEM2024ENEM2024ENEM2024ENEM2024ENEM2024ENEM2024ENEM
*010175AZ1*
BBB0011iiiggg00uuu11rrr77rrr55iiilllAAhhhZZooosss..ii...nniiinnndddddbbddd 11 111 11224433////00006688////2222000022222244 11117766::::11442266::::00446600"
1;LC;140710;C;7;0;;1.2195;1.21829;0.22976;AZUL;1395;1.0;0;2024;"ºº
1 DIA
01
EXAME NACIONAL DO ENSINO MÉDIO
PROVA DE LINGUAGENS, CÓDIGOS E SUAS TECNOLOGIAS E REDAÇÃO
1 Dia 1 Dia
PROVA DE CIÊNCIAS HUMANAS E SUAS TECNOLOGIAS
1°Capa 4°Capa
Azul 1 1 Azul
Amarelo 2 CADERNO 2 Amarelo
Branco 3 3 Branco
1
Rosa 4 4 Rosa
Ledor 9 9 Ledor
AZUL
Libras 10 10 Libras
ENEM2024ENEM2024ENEM2024ENEM2024ENEM2024ENEM2024ENEM2024ENEM2024ENEM2024ENEM2024ENEM2024ENEM2024ENEM2024ENEM2024ENEM2024ENEM2024ENEM2024ENEM2024ENEM2024ENEM2024ENEM2024ENEM2024ENEM2024ENEM2024ENEM2024ENEM2024ENEM2024ENEM2024ENEM2024ENEM2024ENEM2024ENEM2024ENEM2024ENEM2024ENEM2024ENEM2024ENEM2024ENEM2024ENEM2024ENEM2024ENEM2024ENEM2024ENEM2024ENEM2024ENEM2024ENEM2024ENEM2024ENEM2024ENEM2024ENEM2024ENEM2024ENEM2024ENEM2024ENEM2024ENEM2024ENEM2024ENEM2024ENEM2024ENEM2024ENEM2024ENEM2024ENEM2024ENEM2024ENEM2024ENEM
ENEM2024ENEM2024ENEM2024ENEM2024ENEM2024ENEM2024ENEM2024ENEM2024ENEM2024ENEM2024ENEM2024ENEM2024ENEM2024ENEM2024ENEM2024ENEM2024ENEM2024ENEM2024ENEM2024ENEM2024ENEM2024ENEM2024ENEM2024ENEM2024ENEM2024ENEM2024ENEM2024ENEM2024ENEM2024ENEM2024ENEM2024ENEM2024ENEM2024ENEM2024ENEM2024ENEM2024ENEM2024ENEM2024ENEM2024ENEM2024ENEM2024ENEM2024ENEM2024ENEM2024ENEM2024ENEM2024ENEM2024ENEM2024ENEM2024ENEM2024ENEM2024ENEM2024ENEM2024ENEM2024ENEM2024ENEM2024ENEM2024ENEM2024ENEM2024ENEM2024ENEM2024ENEM2024ENEM2024ENEM2024ENEM
ATENÇÃO: transcreva no espaço apropriado do seu CARTÃO-RESPOSTA,
com sua caligrafi a usual, considerando as letras maiúsculas e minúsculas, a seguinte frase:
O arco-íris foge de mim
LEIA ATENTAMENTE AS INSTRUÇÕES SEGUINTES:
1. E ste CADERNO DE QUESTÕES contém 90 questões numeradas de 01 a 90 e a Proposta de Redação,
dispostas da seguinte maneira:
a) questões de número 01 a 45, relativas à área de Linguagens, Códigos e suas Tecnologias;
b) Proposta de Redação;
c) questões de número 46 a 90, relativas à área de Ciências Humanas e suas Tecnologias.
ATENÇÃO: as questões de 01 a 05 são relativas à língua estrangeira. Você deverá responder apenas
às questões relativas à língua estrangeira (inglês ou espanhol) escolhida no ato de sua inscrição.
2. Confi ra se a quantidade e a ordem das questões do seu CADERNO DE QUESTÕES estão de acordo
com as instruções anteriores. Caso o caderno esteja incompleto, tenha defeito ou apresente qualquer
divergência, comunique ao aplicador da sala para que ele tome as providências cabíveis.
3. Para cada uma das questões objetivas, são apresentadas 5 opções. Apenas uma responde
corretamente à questão.
4. O tempo disponível para estas provas é de cinco horas e trinta minutos.
5. Reserve tempo sufi ciente para preencher o CARTÃO-RESPOSTA e a FOLHA DE REDAÇÃO.
2 Dia 6. Os rascunhos e as marcações assinaladas no CADERNO DE QUESTÕES não serão considerados na 2 Dia
1°Capa avaliação. 4°Capa
Libras 12 7. Somente serão corrigidas as redações transcritas na FOLHA DE REDAÇÃO. 12 Libras
Ledor 11 11 Ledor
8. Quando terminar as provas, acene para chamar o aplicador e entregue este CADERNO DE QUESTÕES
e o CARTÃO-RESPOSTA/FOLHA DE REDAÇÃO.
Rosa 8 8 Rosa
9. Você poderá deixar o local de prova somente após decorridas duas horas do início da aplicação e
Azul 7 poderá levar seu CADERNO DE QUESTÕES ao deixar em defi nitivo a sala de prova nos 30 minutos 7 Azul
Cinza 6 que antecedem o término das provas. 6 Cinza
Amarelo 5 5 Amarelo
ENEM2024ENEM2024ENEM2024ENEM2024ENEM2024ENEM2024ENEM2024ENEM2024ENEM2024ENEM2024ENEM2024ENEM2024ENEM2024ENEM2024ENEM2024ENEM2024ENEM2024ENEM2024ENEM2024ENEM2024ENEM2024ENEM2024ENEM2024ENEM2024ENEM2024ENEM2024ENEM2024ENEM2024ENEM2024ENEM2024ENEM2024ENEM2024ENEM2024ENEM2024ENEM2024ENEM2024ENEM2024ENEM2024ENEM2024ENEM2024ENEM2024ENEM2024ENEM2024ENEM2024ENEM2024ENEM2024ENEM2024ENEM2024ENEM2024ENEM2024ENEM2024ENEM2024ENEM2024ENEM2024ENEM2024ENEM2024ENEM2024ENEM2024ENEM2024ENEM2024ENEM2024ENEM2024ENEM2024ENEM2024ENEM
*010175AZ1*
BBB0011iiiggg00uuu11rrr77rrr55iiilllAAhhhZZooosss..ii...nniiinnndddddbbddd 11 111 11224433////00006688////2222000022222244 11117766::::11442266::::00446600"
29;LC;140961;A;17;0;;1.21803;1.38698;0.10064;AZUL;1395;;0;2024;Texto extraído diretamente do caderno oficial.
29;LC;140961;A;17;0;;1.21803;1.38698;0.10064;AZUL;1395;;0;2024;Texto extraído diretamente do caderno oficial.
29;LC;140961;A;17;0;;1.21803;1.38698;0.10064;AZUL;1395;;0;2024;Texto extraído diretamente do caderno oficial.
121;CN;141621;A;20;0;;1.21508;1.69932;0.15114;AZUL;1419;;0;2024;Texto extraído diretamente do caderno oficial.
121;CN;141621;A;20;0;;1.21508;1.69932;0.15114;AZUL;1419;;0;2024;Texto extraído diretamente do caderno oficial.
121;CN;141621;A;20;0;;1.21508;1.69932;0.15114;AZUL;1419;;0;2024;Texto extraído diretamente do caderno oficial.
143;MT;95625;A;17;0;;1.20166;0.77428;0.16195;AZUL;1471;;0;2024;Texto extraído diretamente do caderno oficial.
143;MT;95625;A;17;0;;1.20166;0.77428;0.16195;AZUL;1471;;0;2024;Texto extraído diretamente do caderno oficial.
143;MT;95625;A;17;0;;1.20166;0.77428;0.16195;AZUL;1471;;0;2024;Texto extraído diretamente do caderno oficial.
129;CN;98246;A;15;0;;1.19807;0.63661;0.13434;AZUL;1483;;0;2024;Texto extraído diretamente do caderno oficial.
129;CN;98246;A;15;0;;1.19807;0.63661;0.13434;AZUL;1483;;0;2024;Texto extraído diretamente do caderno oficial.
129;CN;98246;A;15;0;;1.19807;0.63661;0.13434;AZUL;1483;;0;2024;Texto extraído diretamente do caderno oficial.
131;CN;117859;B;5;0;;1.18974;2.2259;0.21918;AZUL;1419;;0;2024;Texto extraído diretamente do caderno oficial.
131;CN;117859;B;5;0;;1.18974;2.2259;0.21918;AZUL;1419;;0;2024;Texto extraído diretamente do caderno oficial.
131;CN;117859;B;5;0;;1.18974;2.2259;0.21918;AZUL;1419;;0;2024;Texto extraído diretamente do caderno oficial.
11;LC;150940;B;15;0;;1.17106;0.92453;0.04846;AZUL;1459;;0;2024;"*010175AZ32*
01
1 Dia 1 Dia
1°Capa 4°Capa
Transcreva a sua Redação para a Folha de Redação.
Azul 1 1 Azul
Amarelo 2 2 Amarelo
Branco 3 1 3 Branco
Rosa 4 2 4 Rosa
3
Ledor 9 9 Ledor
Libras 10 4 10 Libras
5
6
7
8
O
9
H
10
N O
11
U
12 Ã
C
13 Ç
S
14 A
A
15 D
16 R
E
17
R
18
A
19
D
20
21
22
23
24
2 Dia 2 Dia
1°Capa 25 4°Capa
Libras 12 26 12 Libras
Ledor 11 11 Ledor
27
28
Rosa 8 8 Rosa
Azul 7 29 7 Azul
Cinza 6 6 Cinza
30
Amarelo 5 5 Amarelo
01
BBB0011iiiggg00uuu11rrr77rrr55iiilllAAhhhZZooosss..ii...nniiinnndddddbbddd 33 11122 11224433////00006688////2222000022222244 11117766::::11442266::::00556699"
11;LC;150940;B;15;0;;1.17106;0.92453;0.04846;AZUL;1459;;0;2024;"*010175AZ32*
01
1 Dia 1 Dia
1°Capa 4°Capa
Transcreva a sua Redação para a Folha de Redação.
Azul 1 1 Azul
Amarelo 2 2 Amarelo
Branco 3 1 3 Branco
Rosa 4 2 4 Rosa
3
Ledor 9 9 Ledor
Libras 10 4 10 Libras
5
6
7
8
O
9
H
10
N O
11
U
12 Ã
C
13 Ç
S
14 A
A
15 D
16 R
E
17
R
18
A
19
D
20
21
22
23
24
2 Dia 2 Dia
1°Capa 25 4°Capa
Libras 12 26 12 Libras
Ledor 11 11 Ledor
27
28
Rosa 8 8 Rosa
Azul 7 29 7 Azul
Cinza 6 6 Cinza
30
Amarelo 5 5 Amarelo
01
BBB0011iiiggg00uuu11rrr77rrr55iiilllAAhhhZZooosss..ii...nniiinnndddddbbddd 33 11122 11224433////00006688////2222000022222244 11117766::::11442266::::00556699"
11;LC;150940;B;15;0;;1.17106;0.92453;0.04846;AZUL;1459;;0;2024;"*010175AZ32*
01
1 Dia 1 Dia
1°Capa 4°Capa
Transcreva a sua Redação para a Folha de Redação.
Azul 1 1 Azul
Amarelo 2 2 Amarelo
Branco 3 1 3 Branco
Rosa 4 2 4 Rosa
3
Ledor 9 9 Ledor
Libras 10 4 10 Libras
5
6
7
8
O
9
H
10
N O
11
U
12 Ã
C
13 Ç
S
14 A
A
15 D
16 R
E
17
R
18
A
19
D
20
21
22
23
24
2 Dia 2 Dia
1°Capa 25 4°Capa
Libras 12 26 12 Libras
Ledor 11 11 Ledor
27
28
Rosa 8 8 Rosa
Azul 7 29 7 Azul
Cinza 6 6 Cinza
30
Amarelo 5 5 Amarelo
01
BBB0011iiiggg00uuu11rrr77rrr55iiilllAAhhhZZooosss..ii...nniiinnndddddbbddd 33 11122 11224433////00006688////2222000022222244 11117766::::11442266::::00556699"
43;LC;157593;D;3;0;;1.17057;0.6619;0.00779;AZUL;1459;;0;2024;Texto extraído diretamente do caderno oficial.
43;LC;157593;D;3;0;;1.17057;0.6619;0.00779;AZUL;1459;;0;2024;Texto extraído diretamente do caderno oficial.
43;LC;157593;D;3;0;;1.17057;0.6619;0.00779;AZUL;1459;;0;2024;Texto extraído diretamente do caderno oficial.
94;CN;117781;E;2;0;;1.16425;0.88519;0.20873;AZUL;1373;;0;2024;Texto extraído diretamente do caderno oficial.
94;CN;117781;E;2;0;;1.16425;0.88519;0.20873;AZUL;1373;;0;2024;Texto extraído diretamente do caderno oficial.
94;CN;117781;E;2;0;;1.16425;0.88519;0.20873;AZUL;1373;;0;2024;Texto extraído diretamente do caderno oficial.
110;CN;82598;B;27;0;;1.16405;0.1391;0.23831;AZUL;1373;;0;2024;Texto extraído diretamente do caderno oficial.
110;CN;82598;B;27;0;;1.16405;0.1391;0.23831;AZUL;1373;;0;2024;Texto extraído diretamente do caderno oficial.
110;CN;82598;B;27;0;;1.16405;0.1391;0.23831;AZUL;1373;;0;2024;Texto extraído diretamente do caderno oficial.
76;CH;149807;A;24;0;;1.15112;-0.24753;0.19867;AZUL;1431;;0;2024;Texto extraído diretamente do caderno oficial.
76;CH;149807;A;24;0;;1.15112;-0.24753;0.19867;AZUL;1343;;0;2024;Texto extraído diretamente do caderno oficial.
76;CH;149807;A;24;0;;1.15112;-0.24753;0.19867;AZUL;1431;;0;2024;Texto extraído diretamente do caderno oficial.
76;CH;149807;A;24;0;;1.15112;-0.24753;0.19867;AZUL;1431;;0;2024;Texto extraído diretamente do caderno oficial.
76;CH;149807;A;24;0;;1.15112;-0.24753;0.19867;AZUL;1343;;0;2024;Texto extraído diretamente do caderno oficial.
76;CH;149807;A;24;0;;1.15112;-0.24753;0.19867;AZUL;1343;;0;2024;Texto extraído diretamente do caderno oficial.
172;MT;125890;D;17;0;;1.13982;1.73496;0.10129;AZUL;1407;;0;2024;Texto extraído diretamente do caderno oficial.
172;MT;125890;D;17;0;;1.13982;1.73496;0.10129;AZUL;1407;;0;2024;Texto extraído diretamente do caderno oficial.
172;MT;125890;D;17;0;;1.13982;1.73496;0.10129;AZUL;1407;;0;2024;Texto extraído diretamente do caderno oficial.
100;CN;97650;D;25;0;;1.12876;-0.22105;0.20737;AZUL;1483;;0;2024;Texto extraído diretamente do caderno oficial.
100;CN;97650;D;25;0;;1.12876;-0.22105;0.20737;AZUL;1483;;0;2024;Texto extraído diretamente do caderno oficial.
100;CN;97650;D;25;0;;1.12876;-0.22105;0.20737;AZUL;1483;;0;2024;Texto extraído diretamente do caderno oficial.
1;LC;152688;B;6;0;;1.12528;0.36546;0.2073;AZUL;1459;1.0;0;2024;"ºº
1 DIA
01
EXAME NACIONAL DO ENSINO MÉDIO
PROVA DE LINGUAGENS, CÓDIGOS E SUAS TECNOLOGIAS E REDAÇÃO
1 Dia 1 Dia
PROVA DE CIÊNCIAS HUMANAS E SUAS TECNOLOGIAS
1°Capa 4°Capa
Azul 1 1 Azul
Amarelo 2 CADERNO 2 Amarelo
Branco 3 3 Branco
1
Rosa 4 4 Rosa
Ledor 9 9 Ledor
AZUL
Libras 10 10 Libras
ENEM2024ENEM2024ENEM2024ENEM2024ENEM2024ENEM2024ENEM2024ENEM2024ENEM2024ENEM2024ENEM2024ENEM2024ENEM2024ENEM2024ENEM2024ENEM2024ENEM2024ENEM2024ENEM2024ENEM2024ENEM2024ENEM2024ENEM2024ENEM2024ENEM2024ENEM2024ENEM2024ENEM2024ENEM2024ENEM2024ENEM2024ENEM2024ENEM2024ENEM2024ENEM2024ENEM2024ENEM2024ENEM2024ENEM2024ENEM2024ENEM2024ENEM2024ENEM2024ENEM2024ENEM2024ENEM2024ENEM2024ENEM2024ENEM2024ENEM2024ENEM2024ENEM2024ENEM2024ENEM2024ENEM2024ENEM2024ENEM2024ENEM2024ENEM2024ENEM2024ENEM2024ENEM2024ENEM2024ENEM2024ENEM
ENEM2024ENEM2024ENEM2024ENEM2024ENEM2024ENEM2024ENEM2024ENEM2024ENEM2024ENEM2024ENEM2024ENEM2024ENEM2024ENEM2024ENEM2024ENEM2024ENEM2024ENEM2024ENEM2024ENEM2024ENEM2024ENEM2024ENEM2024ENEM2024ENEM2024ENEM2024ENEM2024ENEM2024ENEM2024ENEM2024ENEM2024ENEM2024ENEM2024ENEM2024ENEM2024ENEM2024ENEM2024ENEM2024ENEM2024ENEM2024ENEM2024ENEM2024ENEM2024ENEM2024ENEM2024ENEM2024ENEM2024ENEM2024ENEM2024ENEM2024ENEM2024ENEM2024ENEM2024ENEM2024ENEM2024ENEM2024ENEM2024ENEM2024ENEM2024ENEM2024ENEM2024ENEM2024ENEM2024ENEM2024ENEM
ATENÇÃO: transcreva no espaço apropriado do seu CARTÃO-RESPOSTA,
com sua caligrafi a usual, considerando as letras maiúsculas e minúsculas, a seguinte frase:
O arco-íris foge de mim
LEIA ATENTAMENTE AS INSTRUÇÕES SEGUINTES:
1. E ste CADERNO DE QUESTÕES contém 90 questões numeradas de 01 a 90 e a Proposta de Redação,
dispostas da seguinte maneira:
a) questões de número 01 a 45, relativas à área de Linguagens, Códigos e suas Tecnologias;
b) Proposta de Redação;
c) questões de número 46 a 90, relativas à área de Ciências Humanas e suas Tecnologias.
ATENÇÃO: as questões de 01 a 05 são relativas à língua estrangeira. Você deverá responder apenas
às questões relativas à língua estrangeira (inglês ou espanhol) escolhida no ato de sua inscrição.
2. Confi ra se a quantidade e a ordem das questões do seu CADERNO DE QUESTÕES estão de acordo
com as instruções anteriores. Caso o caderno esteja incompleto, tenha defeito ou apresente qualquer
divergência, comunique ao aplicador da sala para que ele tome as providências cabíveis.
3. Para cada uma das questões objetivas, são apresentadas 5 opções. Apenas uma responde
corretamente à questão.
4. O tempo disponível para estas provas é de cinco horas e trinta minutos.
5. Reserve tempo sufi ciente para preencher o CARTÃO-RESPOSTA e a FOLHA DE REDAÇÃO.
2 Dia 6. Os rascunhos e as marcações assinaladas no CADERNO DE QUESTÕES não serão considerados na 2 Dia
1°Capa avaliação. 4°Capa
Libras 12 7. Somente serão corrigidas as redações transcritas na FOLHA DE REDAÇÃO. 12 Libras
Ledor 11 11 Ledor
8. Quando terminar as provas, acene para chamar o aplicador e entregue este CADERNO DE QUESTÕES
e o CARTÃO-RESPOSTA/FOLHA DE REDAÇÃO.
Rosa 8 8 Rosa
9. Você poderá deixar o local de prova somente após decorridas duas horas do início da aplicação e
Azul 7 poderá levar seu CADERNO DE QUESTÕES ao deixar em defi nitivo a sala de prova nos 30 minutos 7 Azul
Cinza 6 que antecedem o término das provas. 6 Cinza
Amarelo 5 5 Amarelo
ENEM2024ENEM2024ENEM2024ENEM2024ENEM2024ENEM2024ENEM2024ENEM2024ENEM2024ENEM2024ENEM2024ENEM2024ENEM2024ENEM2024ENEM2024ENEM2024ENEM2024ENEM2024ENEM2024ENEM2024ENEM2024ENEM2024ENEM2024ENEM2024ENEM2024ENEM2024ENEM2024ENEM2024ENEM2024ENEM2024ENEM2024ENEM2024ENEM2024ENEM2024ENEM2024ENEM2024ENEM2024ENEM2024ENEM2024ENEM2024ENEM2024ENEM2024ENEM2024ENEM2024ENEM2024ENEM2024ENEM2024ENEM2024ENEM2024ENEM2024ENEM2024ENEM2024ENEM2024ENEM2024ENEM2024ENEM2024ENEM2024ENEM2024ENEM2024ENEM2024ENEM2024ENEM2024ENEM2024ENEM2024ENEM
*010175AZ1*
BBB0011iiiggg00uuu11rrr77rrr55iiilllAAhhhZZooosss..ii...nniiinnndddddbbddd 11 111 11224433////00006688////2222000022222244 11117766::::11442266::::00446600"
1;LC;152688;B;6;0;;1.12528;0.36546;0.2073;AZUL;1459;1.0;0;2024;"ºº
1 DIA
01
EXAME NACIONAL DO ENSINO MÉDIO
PROVA DE LINGUAGENS, CÓDIGOS E SUAS TECNOLOGIAS E REDAÇÃO
1 Dia 1 Dia
PROVA DE CIÊNCIAS HUMANAS E SUAS TECNOLOGIAS
1°Capa 4°Capa
Azul 1 1 Azul
Amarelo 2 CADERNO 2 Amarelo
Branco 3 3 Branco
1
Rosa 4 4 Rosa
Ledor 9 9 Ledor
AZUL
Libras 10 10 Libras
ENEM2024ENEM2024ENEM2024ENEM2024ENEM2024ENEM2024ENEM2024ENEM2024ENEM2024ENEM2024ENEM2024ENEM2024ENEM2024ENEM2024ENEM2024ENEM2024ENEM2024ENEM2024ENEM2024ENEM2024ENEM2024ENEM2024ENEM2024ENEM2024ENEM2024ENEM2024ENEM2024ENEM2024ENEM2024ENEM2024ENEM2024ENEM2024ENEM2024ENEM2024ENEM2024ENEM2024ENEM2024ENEM2024ENEM2024ENEM2024ENEM2024ENEM2024ENEM2024ENEM2024ENEM2024ENEM2024ENEM2024ENEM2024ENEM2024ENEM2024ENEM2024ENEM2024ENEM2024ENEM2024ENEM2024ENEM2024ENEM2024ENEM2024ENEM2024ENEM2024ENEM2024ENEM2024ENEM2024ENEM2024ENEM
ENEM2024ENEM2024ENEM2024ENEM2024ENEM2024ENEM2024ENEM2024ENEM2024ENEM2024ENEM2024ENEM2024ENEM2024ENEM2024ENEM2024ENEM2024ENEM2024ENEM2024ENEM2024ENEM2024ENEM2024ENEM2024ENEM2024ENEM2024ENEM2024ENEM2024ENEM2024ENEM2024ENEM2024ENEM2024ENEM2024ENEM2024ENEM2024ENEM2024ENEM2024ENEM2024ENEM2024ENEM2024ENEM2024ENEM2024ENEM2024ENEM2024ENEM2024ENEM2024ENEM2024ENEM2024ENEM2024ENEM2024ENEM2024ENEM2024ENEM2024ENEM2024ENEM2024ENEM2024ENEM2024ENEM2024ENEM2024ENEM2024ENEM2024ENEM2024ENEM2024ENEM2024ENEM2024ENEM2024ENEM2024ENEM
ATENÇÃO: transcreva no espaço apropriado do seu CARTÃO-RESPOSTA,
com sua caligrafi a usual, considerando as letras maiúsculas e minúsculas, a seguinte frase:
O arco-íris foge de mim
LEIA ATENTAMENTE AS INSTRUÇÕES SEGUINTES:
1. E ste CADERNO DE QUESTÕES contém 90 questões numeradas de 01 a 90 e a Proposta de Redação,
dispostas da seguinte maneira:
a) questões de número 01 a 45, relativas à área de Linguagens, Códigos e suas Tecnologias;
b) Proposta de Redação;
c) questões de número 46 a 90, relativas à área de Ciências Humanas e suas Tecnologias.
ATENÇÃO: as questões de 01 a 05 são relativas à língua estrangeira. Você deverá responder apenas
às questões relativas à língua estrangeira (inglês ou espanhol) escolhida no ato de sua inscrição.
2. Confi ra se a quantidade e a ordem das questões do seu CADERNO DE QUESTÕES estão de acordo
com as instruções anteriores. Caso o caderno esteja incompleto, tenha defeito ou apresente qualquer
divergência, comunique ao aplicador da sala para que ele tome as providências cabíveis.
3. Para cada uma das questões objetivas, são apresentadas 5 opções. Apenas uma responde
corretamente à questão.
4. O tempo disponível para estas provas é de cinco horas e trinta minutos.
5. Reserve tempo sufi ciente para preencher o CARTÃO-RESPOSTA e a FOLHA DE REDAÇÃO.
2 Dia 6. Os rascunhos e as marcações assinaladas no CADERNO DE QUESTÕES não serão considerados na 2 Dia
1°Capa avaliação. 4°Capa
Libras 12 7. Somente serão corrigidas as redações transcritas na FOLHA DE REDAÇÃO. 12 Libras
Ledor 11 11 Ledor
8. Quando terminar as provas, acene para chamar o aplicador e entregue este CADERNO DE QUESTÕES
e o CARTÃO-RESPOSTA/FOLHA DE REDAÇÃO.
Rosa 8 8 Rosa
9. Você poderá deixar o local de prova somente após decorridas duas horas do início da aplicação e
Azul 7 poderá levar seu CADERNO DE QUESTÕES ao deixar em defi nitivo a sala de prova nos 30 minutos 7 Azul
Cinza 6 que antecedem o término das provas. 6 Cinza
Amarelo 5 5 Amarelo
ENEM2024ENEM2024ENEM2024ENEM2024ENEM2024ENEM2024ENEM2024ENEM2024ENEM2024ENEM2024ENEM2024ENEM2024ENEM2024ENEM2024ENEM2024ENEM2024ENEM2024ENEM2024ENEM2024ENEM2024ENEM2024ENEM2024ENEM2024ENEM2024ENEM2024ENEM2024ENEM2024ENEM2024ENEM2024ENEM2024ENEM2024ENEM2024ENEM2024ENEM2024ENEM2024ENEM2024ENEM2024ENEM2024ENEM2024ENEM2024ENEM2024ENEM2024ENEM2024ENEM2024ENEM2024ENEM2024ENEM2024ENEM2024ENEM2024ENEM2024ENEM2024ENEM2024ENEM2024ENEM2024ENEM2024ENEM2024ENEM2024ENEM2024ENEM2024ENEM2024ENEM2024ENEM2024ENEM2024ENEM2024ENEM
*010175AZ1*
BBB0011iiiggg00uuu11rrr77rrr55iiilllAAhhhZZooosss..ii...nniiinnndddddbbddd 11 111 11224433////00006688////2222000022222244 11117766::::11442266::::00446600"
1;LC;152688;B;6;0;;1.12528;0.36546;0.2073;AZUL;1459;1.0;0;2024;"ºº
1 DIA
01
EXAME NACIONAL DO ENSINO MÉDIO
PROVA DE LINGUAGENS, CÓDIGOS E SUAS TECNOLOGIAS E REDAÇÃO
1 Dia 1 Dia
PROVA DE CIÊNCIAS HUMANAS E SUAS TECNOLOGIAS
1°Capa 4°Capa
Azul 1 1 Azul
Amarelo 2 CADERNO 2 Amarelo
Branco 3 3 Branco
1
Rosa 4 4 Rosa
Ledor 9 9 Ledor
AZUL
Libras 10 10 Libras
ENEM2024ENEM2024ENEM2024ENEM2024ENEM2024ENEM2024ENEM2024ENEM2024ENEM2024ENEM2024ENEM2024ENEM2024ENEM2024ENEM2024ENEM2024ENEM2024ENEM2024ENEM2024ENEM2024ENEM2024ENEM2024ENEM2024ENEM2024ENEM2024ENEM2024ENEM2024ENEM2024ENEM2024ENEM2024ENEM2024ENEM2024ENEM2024ENEM2024ENEM2024ENEM2024ENEM2024ENEM2024ENEM2024ENEM2024ENEM2024ENEM2024ENEM2024ENEM2024ENEM2024ENEM2024ENEM2024ENEM2024ENEM2024ENEM2024ENEM2024ENEM2024ENEM2024ENEM2024ENEM2024ENEM2024ENEM2024ENEM2024ENEM2024ENEM2024ENEM2024ENEM2024ENEM2024ENEM2024ENEM2024ENEM
ENEM2024ENEM2024ENEM2024ENEM2024ENEM2024ENEM2024ENEM2024ENEM2024ENEM2024ENEM2024ENEM2024ENEM2024ENEM2024ENEM2024ENEM2024ENEM2024ENEM2024ENEM2024ENEM2024ENEM2024ENEM2024ENEM2024ENEM2024ENEM2024ENEM2024ENEM2024ENEM2024ENEM2024ENEM2024ENEM2024ENEM2024ENEM2024ENEM2024ENEM2024ENEM2024ENEM2024ENEM2024ENEM2024ENEM2024ENEM2024ENEM2024ENEM2024ENEM2024ENEM2024ENEM2024ENEM2024ENEM2024ENEM2024ENEM2024ENEM2024ENEM2024ENEM2024ENEM2024ENEM2024ENEM2024ENEM2024ENEM2024ENEM2024ENEM2024ENEM2024ENEM2024ENEM2024ENEM2024ENEM2024ENEM
ATENÇÃO: transcreva no espaço apropriado do seu CARTÃO-RESPOSTA,
com sua caligrafi a usual, considerando as letras maiúsculas e minúsculas, a seguinte frase:
O arco-íris foge de mim
LEIA ATENTAMENTE AS INSTRUÇÕES SEGUINTES:
1. E ste CADERNO DE QUESTÕES contém 90 questões numeradas de 01 a 90 e a Proposta de Redação,
dispostas da seguinte maneira:
a) questões de número 01 a 45, relativas à área de Linguagens, Códigos e suas Tecnologias;
b) Proposta de Redação;
c) questões de número 46 a 90, relativas à área de Ciências Humanas e suas Tecnologias.
ATENÇÃO: as questões de 01 a 05 são relativas à língua estrangeira. Você deverá responder apenas
às questões relativas à língua estrangeira (inglês ou espanhol) escolhida no ato de sua inscrição.
2. Confi ra se a quantidade e a ordem das questões do seu CADERNO DE QUESTÕES estão de acordo
com as instruções anteriores. Caso o caderno esteja incompleto, tenha defeito ou apresente qualquer
divergência, comunique ao aplicador da sala para que ele tome as providências cabíveis.
3. Para cada uma das questões objetivas, são apresentadas 5 opções. Apenas uma responde
corretamente à questão.
4. O tempo disponível para estas provas é de cinco horas e trinta minutos.
5. Reserve tempo sufi ciente para preencher o CARTÃO-RESPOSTA e a FOLHA DE REDAÇÃO.
2 Dia 6. Os rascunhos e as marcações assinaladas no CADERNO DE QUESTÕES não serão considerados na 2 Dia
1°Capa avaliação. 4°Capa
Libras 12 7. Somente serão corrigidas as redações transcritas na FOLHA DE REDAÇÃO. 12 Libras
Ledor 11 11 Ledor
8. Quando terminar as provas, acene para chamar o aplicador e entregue este CADERNO DE QUESTÕES
e o CARTÃO-RESPOSTA/FOLHA DE REDAÇÃO.
Rosa 8 8 Rosa
9. Você poderá deixar o local de prova somente após decorridas duas horas do início da aplicação e
Azul 7 poderá levar seu CADERNO DE QUESTÕES ao deixar em defi nitivo a sala de prova nos 30 minutos 7 Azul
Cinza 6 que antecedem o término das provas. 6 Cinza
Amarelo 5 5 Amarelo
ENEM2024ENEM2024ENEM2024ENEM2024ENEM2024ENEM2024ENEM2024ENEM2024ENEM2024ENEM2024ENEM2024ENEM2024ENEM2024ENEM2024ENEM2024ENEM2024ENEM2024ENEM2024ENEM2024ENEM2024ENEM2024ENEM2024ENEM2024ENEM2024ENEM2024ENEM2024ENEM2024ENEM2024ENEM2024ENEM2024ENEM2024ENEM2024ENEM2024ENEM2024ENEM2024ENEM2024ENEM2024ENEM2024ENEM2024ENEM2024ENEM2024ENEM2024ENEM2024ENEM2024ENEM2024ENEM2024ENEM2024ENEM2024ENEM2024ENEM2024ENEM2024ENEM2024ENEM2024ENEM2024ENEM2024ENEM2024ENEM2024ENEM2024ENEM2024ENEM2024ENEM2024ENEM2024ENEM2024ENEM2024ENEM
*010175AZ1*
BBB0011iiiggg00uuu11rrr77rrr55iiilllAAhhhZZooosss..ii...nniiinnndddddbbddd 11 111 11224433////00006688////2222000022222244 11117766::::11442266::::00446600"
61;CH;140574;B;11;0;;1.12353;1.02169;0.12343;AZUL;1383;;0;2024;Texto extraído diretamente do caderno oficial.
61;CH;140574;B;11;0;;1.12353;1.02169;0.12343;AZUL;1383;;0;2024;Texto extraído diretamente do caderno oficial.
61;CH;140574;B;11;0;;1.12353;1.02169;0.12343;AZUL;1383;;0;2024;Texto extraído diretamente do caderno oficial.
127;CN;82981;C;8;0;;1.12236;1.94205;0.1949;AZUL;1373;;0;2024;Texto extraído diretamente do caderno oficial.
127;CN;82981;C;8;0;;1.12236;1.94205;0.1949;AZUL;1373;;0;2024;Texto extraído diretamente do caderno oficial.
127;CN;82981;C;8;0;;1.12236;1.94205;0.1949;AZUL;1373;;0;2024;Texto extraído diretamente do caderno oficial.
106;CN;111475;D;19;0;;1.11115;1.46269;0.22184;AZUL;1419;;0;2024;Texto extraído diretamente do caderno oficial.
106;CN;111475;D;19;0;;1.11115;1.46269;0.22184;AZUL;1419;;0;2024;Texto extraído diretamente do caderno oficial.
106;CN;111475;D;19;0;;1.11115;1.46269;0.22184;AZUL;1419;;0;2024;Texto extraído diretamente do caderno oficial.
45;LC;150600;A;21;0;;1.10756;1.57176;0.27729;AZUL;1353;;0;2024;Texto extraído diretamente do caderno oficial.
45;LC;150600;A;21;0;;1.10756;1.57176;0.27729;AZUL;1441;;0;2024;Texto extraído diretamente do caderno oficial.
45;LC;150600;A;21;0;;1.10756;1.57176;0.27729;AZUL;1441;;0;2024;Texto extraído diretamente do caderno oficial.
45;LC;150600;A;21;0;;1.10756;1.57176;0.27729;AZUL;1353;;0;2024;Texto extraído diretamente do caderno oficial.
45;LC;150600;A;21;0;;1.10756;1.57176;0.27729;AZUL;1441;;0;2024;Texto extraído diretamente do caderno oficial.
45;LC;150600;A;21;0;;1.10756;1.57176;0.27729;AZUL;1353;;0;2024;Texto extraído diretamente do caderno oficial.
164;MT;28216;A;8;0;;1.10653;1.83497;0.18515;AZUL;1471;;0;2024;Texto extraído diretamente do caderno oficial.
164;MT;28216;A;8;0;;1.10653;1.83497;0.18515;AZUL;1471;;0;2024;Texto extraído diretamente do caderno oficial.
164;MT;28216;A;8;0;;1.10653;1.83497;0.18515;AZUL;1471;;0;2024;Texto extraído diretamente do caderno oficial.
69;CH;88661;C;1;0;;1.09592;1.36918;0.15733;AZUL;1447;;0;2024;Texto extraído diretamente do caderno oficial.
69;CH;88661;C;1;0;;1.09592;1.36918;0.15733;AZUL;1447;;0;2024;Texto extraído diretamente do caderno oficial.
69;CH;88661;C;1;0;;1.09592;1.36918;0.15733;AZUL;1447;;0;2024;Texto extraído diretamente do caderno oficial.
77;CH;125794;A;21;0;;1.08881;-0.92571;0.01007;AZUL;1383;;0;2024;Texto extraído diretamente do caderno oficial.
77;CH;125794;A;21;0;;1.08881;-0.92571;0.01007;AZUL;1383;;0;2024;Texto extraído diretamente do caderno oficial.
77;CH;125794;A;21;0;;1.08881;-0.92571;0.01007;AZUL;1383;;0;2024;Texto extraído diretamente do caderno oficial.
27;LC;150602;B;2;0;;1.07077;0.04632;0.21574;AZUL;1353;;0;2024;"*010175AZ32*
01
1 Dia 1 Dia
1°Capa 4°Capa
Transcreva a sua Redação para a Folha de Redação.
Azul 1 1 Azul
Amarelo 2 2 Amarelo
Branco 3 1 3 Branco
Rosa 4 2 4 Rosa
3
Ledor 9 9 Ledor
Libras 10 4 10 Libras
5
6
7
8
O
9
H
10
N O
11
U
12 Ã
C
13 Ç
S
14 A
A
15 D
16 R
E
17
R
18
A
19
D
20
21
22
23
24
2 Dia 2 Dia
1°Capa 25 4°Capa
Libras 12 26 12 Libras
Ledor 11 11 Ledor
27
28
Rosa 8 8 Rosa
Azul 7 29 7 Azul
Cinza 6 6 Cinza
30
Amarelo 5 5 Amarelo
01
BBB0011iiiggg00uuu11rrr77rrr55iiilllAAhhhZZooosss..ii...nniiinnndddddbbddd 33 11122 11224433////00006688////2222000022222244 11117766::::11442266::::00556699"
27;LC;150602;B;2;0;;1.07077;0.04632;0.21574;AZUL;1441;;0;2024;"*010175AZ32*
01
1 Dia 1 Dia
1°Capa 4°Capa
Transcreva a sua Redação para a Folha de Redação.
Azul 1 1 Azul
Amarelo 2 2 Amarelo
Branco 3 1 3 Branco
Rosa 4 2 4 Rosa
3
Ledor 9 9 Ledor
Libras 10 4 10 Libras
5
6
7
8
O
9
H
10
N O
11
U
12 Ã
C
13 Ç
S
14 A
A
15 D
16 R
E
17
R
18
A
19
D
20
21
22
23
24
2 Dia 2 Dia
1°Capa 25 4°Capa
Libras 12 26 12 Libras
Ledor 11 11 Ledor
27
28
Rosa 8 8 Rosa
Azul 7 29 7 Azul
Cinza 6 6 Cinza
30
Amarelo 5 5 Amarelo
01
BBB0011iiiggg00uuu11rrr77rrr55iiilllAAhhhZZooosss..ii...nniiinnndddddbbddd 33 11122 11224433////00006688////2222000022222244 11117766::::11442266::::00556699"
27;LC;150602;B;2;0;;1.07077;0.04632;0.21574;AZUL;1441;;0;2024;"*010175AZ32*
01
1 Dia 1 Dia
1°Capa 4°Capa
Transcreva a sua Redação para a Folha de Redação.
Azul 1 1 Azul
Amarelo 2 2 Amarelo
Branco 3 1 3 Branco
Rosa 4 2 4 Rosa
3
Ledor 9 9 Ledor
Libras 10 4 10 Libras
5
6
7
8
O
9
H
10
N O
11
U
12 Ã
C
13 Ç
S
14 A
A
15 D
16 R
E
17
R
18
A
19
D
20
21
22
23
24
2 Dia 2 Dia
1°Capa 25 4°Capa
Libras 12 26 12 Libras
Ledor 11 11 Ledor
27
28
Rosa 8 8 Rosa
Azul 7 29 7 Azul
Cinza 6 6 Cinza
30
Amarelo 5 5 Amarelo
01
BBB0011iiiggg00uuu11rrr77rrr55iiilllAAhhhZZooosss..ii...nniiinnndddddbbddd 33 11122 11224433////00006688////2222000022222244 11117766::::11442266::::00556699"
27;LC;150602;B;2;0;;1.07077;0.04632;0.21574;AZUL;1353;;0;2024;"*010175AZ32*
01
1 Dia 1 Dia
1°Capa 4°Capa
Transcreva a sua Redação para a Folha de Redação.
Azul 1 1 Azul
Amarelo 2 2 Amarelo
Branco 3 1 3 Branco
Rosa 4 2 4 Rosa
3
Ledor 9 9 Ledor
Libras 10 4 10 Libras
5
6
7
8
O
9
H
10
N O
11
U
12 Ã
C
13 Ç
S
14 A
A
15 D
16 R
E
17
R
18
A
19
D
20
21
22
23
24
2 Dia 2 Dia
1°Capa 25 4°Capa
Libras 12 26 12 Libras
Ledor 11 11 Ledor
27
28
Rosa 8 8 Rosa
Azul 7 29 7 Azul
Cinza 6 6 Cinza
30
Amarelo 5 5 Amarelo
01
BBB0011iiiggg00uuu11rrr77rrr55iiilllAAhhhZZooosss..ii...nniiinnndddddbbddd 33 11122 11224433////00006688////2222000022222244 11117766::::11442266::::00556699"
27;LC;150602;B;2;0;;1.07077;0.04632;0.21574;AZUL;1441;;0;2024;"*010175AZ32*
01
1 Dia 1 Dia
1°Capa 4°Capa
Transcreva a sua Redação para a Folha de Redação.
Azul 1 1 Azul
Amarelo 2 2 Amarelo
Branco 3 1 3 Branco
Rosa 4 2 4 Rosa
3
Ledor 9 9 Ledor
Libras 10 4 10 Libras
5
6
7
8
O
9
H
10
N O
11
U
12 Ã
C
13 Ç
S
14 A
A
15 D
16 R
E
17
R
18
A
19
D
20
21
22
23
24
2 Dia 2 Dia
1°Capa 25 4°Capa
Libras 12 26 12 Libras
Ledor 11 11 Ledor
27
28
Rosa 8 8 Rosa
Azul 7 29 7 Azul
Cinza 6 6 Cinza
30
Amarelo 5 5 Amarelo
01
BBB0011iiiggg00uuu11rrr77rrr55iiilllAAhhhZZooosss..ii...nniiinnndddddbbddd 33 11122 11224433////00006688////2222000022222244 11117766::::11442266::::00556699"
27;LC;150602;B;2;0;;1.07077;0.04632;0.21574;AZUL;1353;;0;2024;"*010175AZ32*
01
1 Dia 1 Dia
1°Capa 4°Capa
Transcreva a sua Redação para a Folha de Redação.
Azul 1 1 Azul
Amarelo 2 2 Amarelo
Branco 3 1 3 Branco
Rosa 4 2 4 Rosa
3
Ledor 9 9 Ledor
Libras 10 4 10 Libras
5
6
7
8
O
9
H
10
N O
11
U
12 Ã
C
13 Ç
S
14 A
A
15 D
16 R
E
17
R
18
A
19
D
20
21
22
23
24
2 Dia 2 Dia
1°Capa 25 4°Capa
Libras 12 26 12 Libras
Ledor 11 11 Ledor
27
28
Rosa 8 8 Rosa
Azul 7 29 7 Azul
Cinza 6 6 Cinza
30
Amarelo 5 5 Amarelo
01
BBB0011iiiggg00uuu11rrr77rrr55iiilllAAhhhZZooosss..ii...nniiinnndddddbbddd 33 11122 11224433////00006688////2222000022222244 11117766::::11442266::::00556699"
34;LC;150684;B;28;0;;1.05578;0.18306;0.20969;AZUL;1441;;0;2024;Texto extraído diretamente do caderno oficial.
34;LC;150684;B;28;0;;1.05578;0.18306;0.20969;AZUL;1353;;0;2024;Texto extraído diretamente do caderno oficial.
34;LC;150684;B;28;0;;1.05578;0.18306;0.20969;AZUL;1441;;0;2024;Texto extraído diretamente do caderno oficial.
34;LC;150684;B;28;0;;1.05578;0.18306;0.20969;AZUL;1353;;0;2024;Texto extraído diretamente do caderno oficial.
34;LC;150684;B;28;0;;1.05578;0.18306;0.20969;AZUL;1441;;0;2024;Texto extraído diretamente do caderno oficial.
34;LC;150684;B;28;0;;1.05578;0.18306;0.20969;AZUL;1353;;0;2024;Texto extraído diretamente do caderno oficial.
75;CH;149808;A;1;0;;1.05033;0.20527;0.00887;AZUL;1383;;0;2024;Texto extraído diretamente do caderno oficial.
75;CH;149808;A;1;0;;1.05033;0.20527;0.00887;AZUL;1383;;0;2024;Texto extraído diretamente do caderno oficial.
75;CH;149808;A;1;0;;1.05033;0.20527;0.00887;AZUL;1383;;0;2024;Texto extraído diretamente do caderno oficial.
96;CN;85312;C;14;0;;1.04682;0.19023;0.21346;AZUL;1373;;0;2024;Texto extraído diretamente do caderno oficial.
96;CN;85312;C;14;0;;1.04682;0.19023;0.21346;AZUL;1373;;0;2024;Texto extraído diretamente do caderno oficial.
96;CN;85312;C;14;0;;1.04682;0.19023;0.21346;AZUL;1373;;0;2024;Texto extraído diretamente do caderno oficial.
14;LC;157665;C;21;0;;1.03891;0.31916;0.00705;AZUL;1459;;0;2024;Texto extraído diretamente do caderno oficial.
14;LC;157665;C;21;0;;1.03891;0.31916;0.00705;AZUL;1459;;0;2024;Texto extraído diretamente do caderno oficial.
14;LC;157665;C;21;0;;1.03891;0.31916;0.00705;AZUL;1459;;0;2024;Texto extraído diretamente do caderno oficial.
103;CN;59767;D;6;0;;1.03037;2.2554;0.22682;AZUL;1373;;0;2024;Texto extraído diretamente do caderno oficial.
103;CN;59767;D;6;0;;1.03037;2.2554;0.22682;AZUL;1373;;0;2024;Texto extraído diretamente do caderno oficial.
103;CN;59767;D;6;0;;1.03037;2.2554;0.22682;AZUL;1373;;0;2024;Texto extraído diretamente do caderno oficial.
150;MT;111708;C;13;0;;1.02692;3.36222;0.18689;AZUL;1407;;0;2024;Texto extraído diretamente do caderno oficial.
150;MT;111708;C;13;0;;1.02692;3.36222;0.18689;AZUL;1407;;0;2024;Texto extraído diretamente do caderno oficial.
150;MT;111708;C;13;0;;1.02692;3.36222;0.18689;AZUL;1407;;0;2024;Texto extraído diretamente do caderno oficial.
139;MT;86942;C;9;0;;1.01265;2.90829;0.31125;AZUL;1471;;0;2024;Texto extraído diretamente do caderno oficial.
139;MT;86942;C;9;0;;1.01265;2.90829;0.31125;AZUL;1471;;0;2024;Texto extraído diretamente do caderno oficial.
139;MT;86942;C;9;0;;1.01265;2.90829;0.31125;AZUL;1471;;0;2024;Texto extraído diretamente do caderno oficial.
164;MT;79213;C;8;0;;1.0066;2.12389;0.21728;AZUL;1407;;0;2024;Texto extraído diretamente do caderno oficial.
164;MT;79213;C;8;0;;1.0066;2.12389;0.21728;AZUL;1407;;0;2024;Texto extraído diretamente do caderno oficial.
164;MT;79213;C;8;0;;1.0066;2.12389;0.21728;AZUL;1407;;0;2024;Texto extraído diretamente do caderno oficial.
32;LC;141799;B;16;0;;0.97991;0.88701;0.02074;AZUL;1395;;0;2024;Texto extraído diretamente do caderno oficial.
32;LC;141799;B;16;0;;0.97991;0.88701;0.02074;AZUL;1395;;0;2024;Texto extraído diretamente do caderno oficial.
32;LC;141799;B;16;0;;0.97991;0.88701;0.02074;AZUL;1395;;0;2024;Texto extraído diretamente do caderno oficial.
33;LC;141447;C;4;0;;0.97308;0.68535;0.20836;AZUL;1441;;0;2024;Texto extraído diretamente do caderno oficial.
33;LC;141447;C;4;0;;0.97308;0.68535;0.20836;AZUL;1441;;0;2024;Texto extraído diretamente do caderno oficial.
33;LC;141447;C;4;0;;0.97308;0.68535;0.20836;AZUL;1353;;0;2024;Texto extraído diretamente do caderno oficial.
33;LC;141447;C;4;0;;0.97308;0.68535;0.20836;AZUL;1441;;0;2024;Texto extraído diretamente do caderno oficial.
33;LC;141447;C;4;0;;0.97308;0.68535;0.20836;AZUL;1353;;0;2024;Texto extraído diretamente do caderno oficial.
33;LC;141447;C;4;0;;0.97308;0.68535;0.20836;AZUL;1353;;0;2024;Texto extraído diretamente do caderno oficial.
65;CH;141009;C;23;0;;0.96638;0.17386;0.02709;AZUL;1447;;0;2024;Texto extraído diretamente do caderno oficial.
65;CH;141009;C;23;0;;0.96638;0.17386;0.02709;AZUL;1447;;0;2024;Texto extraído diretamente do caderno oficial.
65;CH;141009;C;23;0;;0.96638;0.17386;0.02709;AZUL;1447;;0;2024;Texto extraído diretamente do caderno oficial.
155;MT;84096;B;2;0;;0.94228;2.28567;0.11961;AZUL;1471;;0;2024;Texto extraído diretamente do caderno oficial.
155;MT;84096;B;2;0;;0.94228;2.28567;0.11961;AZUL;1471;;0;2024;Texto extraído diretamente do caderno oficial.
155;MT;84096;B;2;0;;0.94228;2.28567;0.11961;AZUL;1471;;0;2024;Texto extraído diretamente do caderno oficial.
61;CH;85670;E;24;0;;0.93648;0.01685;0.00699;AZUL;1447;;0;2024;Texto extraído diretamente do caderno oficial.
61;CH;85670;E;24;0;;0.93648;0.01685;0.00699;AZUL;1447;;0;2024;Texto extraído diretamente do caderno oficial.
61;CH;85670;E;24;0;;0.93648;0.01685;0.00699;AZUL;1447;;0;2024;Texto extraído diretamente do caderno oficial.
112;CN;141747;B;30;0;;0.93211;-0.69435;0.20425;AZUL;1373;;0;2024;Texto extraído diretamente do caderno oficial.
112;CN;141747;B;30;0;;0.93211;-0.69435;0.20425;AZUL;1373;;0;2024;Texto extraído diretamente do caderno oficial.
112;CN;141747;B;30;0;;0.93211;-0.69435;0.20425;AZUL;1373;;0;2024;Texto extraído diretamente do caderno oficial.
99;CN;126592;D;7;0;;0.92744;1.27494;0.08115;AZUL;1419;;0;2024;Texto extraído diretamente do caderno oficial.
99;CN;126592;D;7;0;;0.92744;1.27494;0.08115;AZUL;1419;;0;2024;Texto extraído diretamente do caderno oficial.
99;CN;126592;D;7;0;;0.92744;1.27494;0.08115;AZUL;1419;;0;2024;Texto extraído diretamente do caderno oficial.
160;MT;95816;E;19;0;;0.9255;4.23744;0.12086;AZUL;1471;;0;2024;Texto extraído diretamente do caderno oficial.
160;MT;95816;E;19;0;;0.9255;4.23744;0.12086;AZUL;1471;;0;2024;Texto extraído diretamente do caderno oficial.
160;MT;95816;E;19;0;;0.9255;4.23744;0.12086;AZUL;1471;;0;2024;Texto extraído diretamente do caderno oficial.
115;CN;83614;C;24;0;;0.91431;1.14394;0.07728;AZUL;1483;;0;2024;Texto extraído diretamente do caderno oficial.
115;CN;83614;C;24;0;;0.91431;1.14394;0.07728;AZUL;1483;;0;2024;Texto extraído diretamente do caderno oficial.
115;CN;83614;C;24;0;;0.91431;1.14394;0.07728;AZUL;1483;;0;2024;Texto extraído diretamente do caderno oficial.
100;CN;126548;C;10;0;;0.90764;-0.16726;0.20002;AZUL;1373;;0;2024;Texto extraído diretamente do caderno oficial.
100;CN;126548;C;10;0;;0.90764;-0.16726;0.20002;AZUL;1373;;0;2024;Texto extraído diretamente do caderno oficial.
100;CN;126548;C;10;0;;0.90764;-0.16726;0.20002;AZUL;1373;;0;2024;Texto extraído diretamente do caderno oficial.
133;CN;88476;E;3;0;;0.90246;-0.70921;0.20607;AZUL;1373;;0;2024;Texto extraído diretamente do caderno oficial.
133;CN;88476;E;3;0;;0.90246;-0.70921;0.20607;AZUL;1373;;0;2024;Texto extraído diretamente do caderno oficial.
133;CN;88476;E;3;0;;0.90246;-0.70921;0.20607;AZUL;1373;;0;2024;Texto extraído diretamente do caderno oficial.
4;LC;111888;D;5;0;;0.88567;0.32823;0.01968;AZUL;1395;1.0;0;2024;Texto extraído diretamente do caderno oficial.
4;LC;111888;D;5;0;;0.88567;0.32823;0.01968;AZUL;1395;1.0;0;2024;Texto extraído diretamente do caderno oficial.
4;LC;111888;D;5;0;;0.88567;0.32823;0.01968;AZUL;1395;1.0;0;2024;Texto extraído diretamente do caderno oficial.
62;CH;141135;B;22;0;;0.87966;0.51011;0.00817;AZUL;1447;;0;2024;Texto extraído diretamente do caderno oficial.
62;CH;141135;B;22;0;;0.87966;0.51011;0.00817;AZUL;1447;;0;2024;Texto extraído diretamente do caderno oficial.
62;CH;141135;B;22;0;;0.87966;0.51011;0.00817;AZUL;1447;;0;2024;Texto extraído diretamente do caderno oficial.
23;LC;141205;C;9;0;;0.84167;0.36015;0.23496;AZUL;1441;;0;2024;"*010175AZ32*
01
1 Dia 1 Dia
1°Capa 4°Capa
Transcreva a sua Redação para a Folha de Redação.
Azul 1 1 Azul
Amarelo 2 2 Amarelo
Branco 3 1 3 Branco
Rosa 4 2 4 Rosa
3
Ledor 9 9 Ledor
Libras 10 4 10 Libras
5
6
7
8
O
9
H
10
N O
11
U
12 Ã
C
13 Ç
S
14 A
A
15 D
16 R
E
17
R
18
A
19
D
20
21
22
23
24
2 Dia 2 Dia
1°Capa 25 4°Capa
Libras 12 26 12 Libras
Ledor 11 11 Ledor
27
28
Rosa 8 8 Rosa
Azul 7 29 7 Azul
Cinza 6 6 Cinza
30
Amarelo 5 5 Amarelo
01
BBB0011iiiggg00uuu11rrr77rrr55iiilllAAhhhZZooosss..ii...nniiinnndddddbbddd 33 11122 11224433////00006688////2222000022222244 11117766::::11442266::::00556699"
23;LC;141205;C;9;0;;0.84167;0.36015;0.23496;AZUL;1441;;0;2024;"*010175AZ32*
01
1 Dia 1 Dia
1°Capa 4°Capa
Transcreva a sua Redação para a Folha de Redação.
Azul 1 1 Azul
Amarelo 2 2 Amarelo
Branco 3 1 3 Branco
Rosa 4 2 4 Rosa
3
Ledor 9 9 Ledor
Libras 10 4 10 Libras
5
6
7
8
O
9
H
10
N O
11
U
12 Ã
C
13 Ç
S
14 A
A
15 D
16 R
E
17
R
18
A
19
D
20
21
22
23
24
2 Dia 2 Dia
1°Capa 25 4°Capa
Libras 12 26 12 Libras
Ledor 11 11 Ledor
27
28
Rosa 8 8 Rosa
Azul 7 29 7 Azul
Cinza 6 6 Cinza
30
Amarelo 5 5 Amarelo
01
BBB0011iiiggg00uuu11rrr77rrr55iiilllAAhhhZZooosss..ii...nniiinnndddddbbddd 33 11122 11224433////00006688////2222000022222244 11117766::::11442266::::00556699"
23;LC;141205;C;9;0;;0.84167;0.36015;0.23496;AZUL;1353;;0;2024;"*010175AZ32*
01
1 Dia 1 Dia
1°Capa 4°Capa
Transcreva a sua Redação para a Folha de Redação.
Azul 1 1 Azul
Amarelo 2 2 Amarelo
Branco 3 1 3 Branco
Rosa 4 2 4 Rosa
3
Ledor 9 9 Ledor
Libras 10 4 10 Libras
5
6
7
8
O
9
H
10
N O
11
U
12 Ã
C
13 Ç
S
14 A
A
15 D
16 R
E
17
R
18
A
19
D
20
21
22
23
24
2 Dia 2 Dia
1°Capa 25 4°Capa
Libras 12 26 12 Libras
Ledor 11 11 Ledor
27
28
Rosa 8 8 Rosa
Azul 7 29 7 Azul
Cinza 6 6 Cinza
30
Amarelo 5 5 Amarelo
01
BBB0011iiiggg00uuu11rrr77rrr55iiilllAAhhhZZooosss..ii...nniiinnndddddbbddd 33 11122 11224433////00006688////2222000022222244 11117766::::11442266::::00556699"
23;LC;141205;C;9;0;;0.84167;0.36015;0.23496;AZUL;1441;;0;2024;"*010175AZ32*
01
1 Dia 1 Dia
1°Capa 4°Capa
Transcreva a sua Redação para a Folha de Redação.
Azul 1 1 Azul
Amarelo 2 2 Amarelo
Branco 3 1 3 Branco
Rosa 4 2 4 Rosa
3
Ledor 9 9 Ledor
Libras 10 4 10 Libras
5
6
7
8
O
9
H
10
N O
11
U
12 Ã
C
13 Ç
S
14 A
A
15 D
16 R
E
17
R
18
A
19
D
20
21
22
23
24
2 Dia 2 Dia
1°Capa 25 4°Capa
Libras 12 26 12 Libras
Ledor 11 11 Ledor
27
28
Rosa 8 8 Rosa
Azul 7 29 7 Azul
Cinza 6 6 Cinza
30
Amarelo 5 5 Amarelo
01
BBB0011iiiggg00uuu11rrr77rrr55iiilllAAhhhZZooosss..ii...nniiinnndddddbbddd 33 11122 11224433////00006688////2222000022222244 11117766::::11442266::::00556699"
23;LC;141205;C;9;0;;0.84167;0.36015;0.23496;AZUL;1353;;0;2024;"*010175AZ32*
01
1 Dia 1 Dia
1°Capa 4°Capa
Transcreva a sua Redação para a Folha de Redação.
Azul 1 1 Azul
Amarelo 2 2 Amarelo
Branco 3 1 3 Branco
Rosa 4 2 4 Rosa
3
Ledor 9 9 Ledor
Libras 10 4 10 Libras
5
6
7
8
O
9
H
10
N O
11
U
12 Ã
C
13 Ç
S
14 A
A
15 D
16 R
E
17
R
18
A
19
D
20
21
22
23
24
2 Dia 2 Dia
1°Capa 25 4°Capa
Libras 12 26 12 Libras
Ledor 11 11 Ledor
27
28
Rosa 8 8 Rosa
Azul 7 29 7 Azul
Cinza 6 6 Cinza
30
Amarelo 5 5 Amarelo
01
BBB0011iiiggg00uuu11rrr77rrr55iiilllAAhhhZZooosss..ii...nniiinnndddddbbddd 33 11122 11224433////00006688////2222000022222244 11117766::::11442266::::00556699"
23;LC;141205;C;9;0;;0.84167;0.36015;0.23496;AZUL;1353;;0;2024;"*010175AZ32*
01
1 Dia 1 Dia
1°Capa 4°Capa
Transcreva a sua Redação para a Folha de Redação.
Azul 1 1 Azul
Amarelo 2 2 Amarelo
Branco 3 1 3 Branco
Rosa 4 2 4 Rosa
3
Ledor 9 9 Ledor
Libras 10 4 10 Libras
5
6
7
8
O
9
H
10
N O
11
U
12 Ã
C
13 Ç
S
14 A
A
15 D
16 R
E
17
R
18
A
19
D
20
21
22
23
24
2 Dia 2 Dia
1°Capa 25 4°Capa
Libras 12 26 12 Libras
Ledor 11 11 Ledor
27
28
Rosa 8 8 Rosa
Azul 7 29 7 Azul
Cinza 6 6 Cinza
30
Amarelo 5 5 Amarelo
01
BBB0011iiiggg00uuu11rrr77rrr55iiilllAAhhhZZooosss..ii...nniiinnndddddbbddd 33 11122 11224433////00006688////2222000022222244 11117766::::11442266::::00556699"
133;CN;111416;C;25;0;;0.82553;2.21651;0.16426;AZUL;1419;;0;2024;Texto extraído diretamente do caderno oficial.
133;CN;111416;C;25;0;;0.82553;2.21651;0.16426;AZUL;1419;;0;2024;Texto extraído diretamente do caderno oficial.
133;CN;111416;C;25;0;;0.82553;2.21651;0.16426;AZUL;1419;;0;2024;Texto extraído diretamente do caderno oficial.
88;CH;141365;A;1;0;;0.77659;1.10707;0.24218;AZUL;1431;;0;2024;Texto extraído diretamente do caderno oficial.
88;CH;141365;A;1;0;;0.77659;1.10707;0.24218;AZUL;1343;;0;2024;Texto extraído diretamente do caderno oficial.
88;CH;141365;A;1;0;;0.77659;1.10707;0.24218;AZUL;1343;;0;2024;Texto extraído diretamente do caderno oficial.
88;CH;141365;A;1;0;;0.77659;1.10707;0.24218;AZUL;1431;;0;2024;Texto extraído diretamente do caderno oficial.
88;CH;141365;A;1;0;;0.77659;1.10707;0.24218;AZUL;1343;;0;2024;Texto extraído diretamente do caderno oficial.
88;CH;141365;A;1;0;;0.77659;1.10707;0.24218;AZUL;1431;;0;2024;Texto extraído diretamente do caderno oficial.
103;CN;111667;A;14;0;;0.76781;1.53685;0.05698;AZUL;1483;;0;2024;Texto extraído diretamente do caderno oficial.
103;CN;111667;A;14;0;;0.76781;1.53685;0.05698;AZUL;1483;;0;2024;Texto extraído diretamente do caderno oficial.
103;CN;111667;A;14;0;;0.76781;1.53685;0.05698;AZUL;1483;;0;2024;Texto extraído diretamente do caderno oficial.
113;CN;117963;E;9;0;;0.75872;1.29973;0.00551;AZUL;1419;;0;2024;Texto extraído diretamente do caderno oficial.
113;CN;117963;E;9;0;;0.75872;1.29973;0.00551;AZUL;1419;;0;2024;Texto extraído diretamente do caderno oficial.
113;CN;117963;E;9;0;;0.75872;1.29973;0.00551;AZUL;1419;;0;2024;Texto extraído diretamente do caderno oficial.
53;CH;140621;C;26;0;;0.73965;1.57862;0.13905;AZUL;1383;;0;2024;Texto extraído diretamente do caderno oficial.
53;CH;140621;C;26;0;;0.73965;1.57862;0.13905;AZUL;1383;;0;2024;Texto extraído diretamente do caderno oficial.
53;CH;140621;C;26;0;;0.73965;1.57862;0.13905;AZUL;1383;;0;2024;Texto extraído diretamente do caderno oficial.
31;LC;153419;D;28;0;;0.67096;0.11449;0.00825;AZUL;1459;;0;2024;Texto extraído diretamente do caderno oficial.
31;LC;153419;D;28;0;;0.67096;0.11449;0.00825;AZUL;1459;;0;2024;Texto extraído diretamente do caderno oficial.
31;LC;153419;D;28;0;;0.67096;0.11449;0.00825;AZUL;1459;;0;2024;Texto extraído diretamente do caderno oficial.
102;CN;88181;E;30;0;;0.66752;-0.13699;0.01141;AZUL;1483;;0;2024;Texto extraído diretamente do caderno oficial.
102;CN;88181;E;30;0;;0.66752;-0.13699;0.01141;AZUL;1483;;0;2024;Texto extraído diretamente do caderno oficial.
102;CN;88181;E;30;0;;0.66752;-0.13699;0.01141;AZUL;1483;;0;2024;Texto extraído diretamente do caderno oficial.
35;LC;140892;D;15;0;;0.58481;-0.38987;0.01152;AZUL;1395;;0;2024;Texto extraído diretamente do caderno oficial.
35;LC;140892;D;15;0;;0.58481;-0.38987;0.01152;AZUL;1395;;0;2024;Texto extraído diretamente do caderno oficial.
35;LC;140892;D;15;0;;0.58481;-0.38987;0.01152;AZUL;1395;;0;2024;Texto extraído diretamente do caderno oficial.
127;CN;68866;E;21;0;;0.57062;0.78773;0.0228;AZUL;1419;;0;2024;Texto extraído diretamente do caderno oficial.
127;CN;68866;E;21;0;;0.57062;0.78773;0.0228;AZUL;1419;;0;2024;Texto extraído diretamente do caderno oficial.
127;CN;68866;E;21;0;;0.57062;0.78773;0.0228;AZUL;1419;;0;2024;Texto extraído diretamente do caderno oficial.
67;CH;140616;E;3;0;;0.52413;-0.75088;0.22138;AZUL;1343;;0;2024;Texto extraído diretamente do caderno oficial.
67;CH;140616;E;3;0;;0.52413;-0.75088;0.22138;AZUL;1431;;0;2024;Texto extraído diretamente do caderno oficial.
67;CH;140616;E;3;0;;0.52413;-0.75088;0.22138;AZUL;1431;;0;2024;Texto extraído diretamente do caderno oficial.
67;CH;140616;E;3;0;;0.52413;-0.75088;0.22138;AZUL;1343;;0;2024;Texto extraído diretamente do caderno oficial.
67;CH;140616;E;3;0;;0.52413;-0.75088;0.22138;AZUL;1343;;0;2024;Texto extraído diretamente do caderno oficial.
67;CH;140616;E;3;0;;0.52413;-0.75088;0.22138;AZUL;1431;;0;2024;Texto extraído diretamente do caderno oficial.
36;LC;119743;D;13;0;;0.49366;2.05523;0.09974;AZUL;1395;;0;2024;Texto extraído diretamente do caderno oficial.
36;LC;119743;D;13;0;;0.49366;2.05523;0.09974;AZUL;1395;;0;2024;Texto extraído diretamente do caderno oficial.
36;LC;119743;D;13;0;;0.49366;2.05523;0.09974;AZUL;1395;;0;2024;Texto extraído diretamente do caderno oficial.
73;CH;141338;D;5;0;;0.44561;2.71266;0.00977;AZUL;1383;;0;2024;Texto extraído diretamente do caderno oficial.
73;CH;141338;D;5;0;;0.44561;2.71266;0.00977;AZUL;1383;;0;2024;Texto extraído diretamente do caderno oficial.
73;CH;141338;D;5;0;;0.44561;2.71266;0.00977;AZUL;1383;;0;2024;Texto extraído diretamente do caderno oficial.
43;LC;140836;B;2;0;;0.40526;0.65018;0.30076;AZUL;1353;;0;2024;Texto extraído diretamente do caderno oficial.
43;LC;140836;B;2;0;;0.40526;0.65018;0.30076;AZUL;1353;;0;2024;Texto extraído diretamente do caderno oficial.
43;LC;140836;B;2;0;;0.40526;0.65018;0.30076;AZUL;1441;;0;2024;Texto extraído diretamente do caderno oficial.
43;LC;140836;B;2;0;;0.40526;0.65018;0.30076;AZUL;1441;;0;2024;Texto extraído diretamente do caderno oficial.
43;LC;140836;B;2;0;;0.40526;0.65018;0.30076;AZUL;1353;;0;2024;Texto extraído diretamente do caderno oficial.
43;LC;140836;B;2;0;;0.40526;0.65018;0.30076;AZUL;1441;;0;2024;Texto extraído diretamente do caderno oficial.
62;CH;141045;A;4;0;;0.20704;11.14224;0.17137;AZUL;1383;;0;2024;Texto extraído diretamente do caderno oficial.
62;CH;141045;A;4;0;;0.20704;11.14224;0.17137;AZUL;1383;;0;2024;Texto extraído diretamente do caderno oficial.
62;CH;141045;A;4;0;;0.20704;11.14224;0.17137;AZUL;1383;;0;2024;Texto extraído diretamente do caderno oficial.
