CO_POSICAO;SG_AREA;CO_ITEM;TX_GABARITO;CO_HABILIDADE;IN_ITEM_ABAN;TX_MOTIVO_ABAN;NU_PARAM_A;NU_PARAM_B;NU_PARAM_C;TX_COR;CO_PROVA;TP_LINGUA;IN_ITEM_ADAPTADO;NU_ANO;TX_ENUNCIADO
120;CN;47231;C;5;0;;5.9367;2.33396;0.11437;AZUL;1221;;0;2023;Texto extraído diretamente do caderno oficial.
120;CN;47231;C;5;0;;5.9367;2.33396;0.11437;AZUL;1221;;0;2023;Texto extraído diretamente do caderno oficial.
120;CN;47231;C;5;0;;5.9367;2.33396;0.11437;AZUL;1221;;0;2023;Texto extraído diretamente do caderno oficial.
135;CN;26042;D;19;0;;3.9865;1.63479;0.19026;AZUL;1221;;0;2023;Texto extraído diretamente do caderno oficial.
135;CN;26042;D;19;0;;3.9865;1.63479;0.19026;AZUL;1221;;0;2023;Texto extraído diretamente do caderno oficial.
135;CN;26042;D;19;0;;3.9865;1.63479;0.19026;AZUL;1221;;0;2023;Texto extraído diretamente do caderno oficial.
96;CN;63155;D;26;0;;3.97972;1.34607;0.24211;AZUL;1221;;0;2023;Texto extraído diretamente do caderno oficial.
96;CN;63155;D;26;0;;3.97972;1.34607;0.24211;AZUL;1221;;0;2023;Texto extraído diretamente do caderno oficial.
96;CN;63155;D;26;0;;3.97972;1.34607;0.24211;AZUL;1221;;0;2023;Texto extraído diretamente do caderno oficial.
98;CN;86347;B;28;0;;3.97355;1.19295;0.12256;AZUL;1221;;0;2023;Texto extraído diretamente do caderno oficial.
98;CN;86347;B;28;0;;3.97355;1.19295;0.12256;AZUL;1221;;0;2023;Texto extraído diretamente do caderno oficial.
98;CN;86347;B;28;0;;3.97355;1.19295;0.12256;AZUL;1221;;0;2023;Texto extraído diretamente do caderno oficial.
64;CH;140544;C;6;0;;3.93201;1.29457;0.20117;AZUL;1271;;0;2023;Texto extraído diretamente do caderno oficial.
64;CH;140544;C;6;0;;3.93201;1.29457;0.20117;AZUL;1231;;0;2023;Texto extraído diretamente do caderno oficial.
64;CH;140544;C;6;0;;3.93201;1.29457;0.20117;AZUL;1231;;0;2023;Texto extraído diretamente do caderno oficial.
64;CH;140544;C;6;0;;3.93201;1.29457;0.20117;AZUL;1271;;0;2023;Texto extraído diretamente do caderno oficial.
64;CH;140544;C;6;0;;3.93201;1.29457;0.20117;AZUL;1271;;0;2023;Texto extraído diretamente do caderno oficial.
64;CH;140544;C;6;0;;3.93201;1.29457;0.20117;AZUL;1231;;0;2023;Texto extraído diretamente do caderno oficial.
61;CH;141116;C;15;0;;3.91893;0.65977;0.17428;AZUL;1271;;0;2023;Texto extraído diretamente do caderno oficial.
61;CH;141116;C;15;0;;3.91893;0.65977;0.17428;AZUL;1231;;0;2023;Texto extraído diretamente do caderno oficial.
61;CH;141116;C;15;0;;3.91893;0.65977;0.17428;AZUL;1231;;0;2023;Texto extraído diretamente do caderno oficial.
61;CH;141116;C;15;0;;3.91893;0.65977;0.17428;AZUL;1271;;0;2023;Texto extraído diretamente do caderno oficial.
61;CH;141116;C;15;0;;3.91893;0.65977;0.17428;AZUL;1271;;0;2023;Texto extraído diretamente do caderno oficial.
61;CH;141116;C;15;0;;3.91893;0.65977;0.17428;AZUL;1231;;0;2023;Texto extraído diretamente do caderno oficial.
102;CN;60791;B;24;0;;3.87983;1.96308;0.20715;AZUL;1333;;0;2023;Texto extraído diretamente do caderno oficial.
102;CN;60791;B;24;0;;3.87983;1.96308;0.20715;AZUL;1333;;0;2023;Texto extraído diretamente do caderno oficial.
102;CN;60791;B;24;0;;3.87983;1.96308;0.20715;AZUL;1333;;0;2023;Texto extraído diretamente do caderno oficial.
139;MT;126030;D;18;0;;3.85903;2.30004;0.32314;AZUL;1291;;0;2023;Texto extraído diretamente do caderno oficial.
139;MT;126030;D;18;0;;3.85903;2.30004;0.32314;AZUL;1251;;0;2023;Texto extraído diretamente do caderno oficial.
139;MT;126030;D;18;0;;3.85903;2.30004;0.32314;AZUL;1251;;0;2023;Texto extraído diretamente do caderno oficial.
139;MT;126030;D;18;0;;3.85903;2.30004;0.32314;AZUL;1291;;0;2023;Texto extraído diretamente do caderno oficial.
139;MT;126030;D;18;0;;3.85903;2.30004;0.32314;AZUL;1251;;0;2023;Texto extraído diretamente do caderno oficial.
139;MT;126030;D;18;0;;3.85903;2.30004;0.32314;AZUL;1291;;0;2023;Texto extraído diretamente do caderno oficial.
100;CN;111665;C;20;0;;3.83841;1.04691;0.14482;AZUL;1221;;0;2023;Texto extraído diretamente do caderno oficial.
100;CN;111665;C;20;0;;3.83841;1.04691;0.14482;AZUL;1221;;0;2023;Texto extraído diretamente do caderno oficial.
100;CN;111665;C;20;0;;3.83841;1.04691;0.14482;AZUL;1221;;0;2023;Texto extraído diretamente do caderno oficial.
108;CN;117823;D;6;0;;3.78075;1.77929;0.05731;AZUL;1221;;0;2023;Texto extraído diretamente do caderno oficial.
108;CN;117823;D;6;0;;3.78075;1.77929;0.05731;AZUL;1221;;0;2023;Texto extraído diretamente do caderno oficial.
108;CN;117823;D;6;0;;3.78075;1.77929;0.05731;AZUL;1221;;0;2023;Texto extraído diretamente do caderno oficial.
123;CN;54804;E;24;0;;3.7763;1.61245;0.10238;AZUL;1221;;0;2023;Texto extraído diretamente do caderno oficial.
123;CN;54804;E;24;0;;3.7763;1.61245;0.10238;AZUL;1221;;0;2023;Texto extraído diretamente do caderno oficial.
123;CN;54804;E;24;0;;3.7763;1.61245;0.10238;AZUL;1221;;0;2023;Texto extraído diretamente do caderno oficial.
63;CH;140528;A;18;0;;3.7616;0.50306;0.17834;AZUL;1231;;0;2023;Texto extraído diretamente do caderno oficial.
63;CH;140528;A;18;0;;3.7616;0.50306;0.17834;AZUL;1271;;0;2023;Texto extraído diretamente do caderno oficial.
63;CH;140528;A;18;0;;3.7616;0.50306;0.17834;AZUL;1231;;0;2023;Texto extraído diretamente do caderno oficial.
63;CH;140528;A;18;0;;3.7616;0.50306;0.17834;AZUL;1271;;0;2023;Texto extraído diretamente do caderno oficial.
63;CH;140528;A;18;0;;3.7616;0.50306;0.17834;AZUL;1231;;0;2023;Texto extraído diretamente do caderno oficial.
63;CH;140528;A;18;0;;3.7616;0.50306;0.17834;AZUL;1271;;0;2023;Texto extraído diretamente do caderno oficial.
127;CN;85789;C;7;0;;3.69143;1.47336;0.20493;AZUL;1301;;0;2023;Texto extraído diretamente do caderno oficial.
127;CN;85789;C;7;0;;3.69143;1.47336;0.20493;AZUL;1261;;0;2023;Texto extraído diretamente do caderno oficial.
127;CN;85789;C;7;0;;3.69143;1.47336;0.20493;AZUL;1301;;0;2023;Texto extraído diretamente do caderno oficial.
127;CN;85789;C;7;0;;3.69143;1.47336;0.20493;AZUL;1301;;0;2023;Texto extraído diretamente do caderno oficial.
127;CN;85789;C;7;0;;3.69143;1.47336;0.20493;AZUL;1261;;0;2023;Texto extraído diretamente do caderno oficial.
127;CN;85789;C;7;0;;3.69143;1.47336;0.20493;AZUL;1261;;0;2023;Texto extraído diretamente do caderno oficial.
97;CN;84041;A;3;0;;3.68114;1.27129;0.1;AZUL;1221;;0;2023;Texto extraído diretamente do caderno oficial.
97;CN;84041;A;3;0;;3.68114;1.27129;0.1;AZUL;1221;;0;2023;Texto extraído diretamente do caderno oficial.
97;CN;84041;A;3;0;;3.68114;1.27129;0.1;AZUL;1221;;0;2023;Texto extraído diretamente do caderno oficial.
106;CN;81798;A;7;0;;3.68007;1.99027;0.07257;AZUL;1333;;0;2023;Texto extraído diretamente do caderno oficial.
106;CN;81798;A;7;0;;3.68007;1.99027;0.07257;AZUL;1333;;0;2023;Texto extraído diretamente do caderno oficial.
106;CN;81798;A;7;0;;3.68007;1.99027;0.07257;AZUL;1333;;0;2023;Texto extraído diretamente do caderno oficial.
109;CN;117929;E;19;0;;3.66348;0.70045;0.30851;AZUL;1261;;0;2023;Texto extraído diretamente do caderno oficial.
109;CN;117929;E;19;0;;3.66348;0.70045;0.30851;AZUL;1301;;0;2023;Texto extraído diretamente do caderno oficial.
109;CN;117929;E;19;0;;3.66348;0.70045;0.30851;AZUL;1261;;0;2023;Texto extraído diretamente do caderno oficial.
109;CN;117929;E;19;0;;3.66348;0.70045;0.30851;AZUL;1301;;0;2023;Texto extraído diretamente do caderno oficial.
109;CN;117929;E;19;0;;3.66348;0.70045;0.30851;AZUL;1301;;0;2023;Texto extraído diretamente do caderno oficial.
109;CN;117929;E;19;0;;3.66348;0.70045;0.30851;AZUL;1261;;0;2023;Texto extraído diretamente do caderno oficial.
108;CN;96496;B;17;0;;3.65573;1.2408;0.31288;AZUL;1301;;0;2023;Texto extraído diretamente do caderno oficial.
108;CN;96496;B;17;0;;3.65573;1.2408;0.31288;AZUL;1261;;0;2023;Texto extraído diretamente do caderno oficial.
108;CN;96496;B;17;0;;3.65573;1.2408;0.31288;AZUL;1301;;0;2023;Texto extraído diretamente do caderno oficial.
108;CN;96496;B;17;0;;3.65573;1.2408;0.31288;AZUL;1261;;0;2023;Texto extraído diretamente do caderno oficial.
108;CN;96496;B;17;0;;3.65573;1.2408;0.31288;AZUL;1301;;0;2023;Texto extraído diretamente do caderno oficial.
108;CN;96496;B;17;0;;3.65573;1.2408;0.31288;AZUL;1261;;0;2023;Texto extraído diretamente do caderno oficial.
133;CN;43890;E;27;0;;3.63689;1.43988;0.1836;AZUL;1221;;0;2023;Texto extraído diretamente do caderno oficial.
133;CN;43890;E;27;0;;3.63689;1.43988;0.1836;AZUL;1221;;0;2023;Texto extraído diretamente do caderno oficial.
133;CN;43890;E;27;0;;3.63689;1.43988;0.1836;AZUL;1221;;0;2023;Texto extraído diretamente do caderno oficial.
44;LC;140835;B;20;0;;3.6215;-0.18111;0.18705;AZUL;1241;;0;2023;Texto extraído diretamente do caderno oficial.
44;LC;140835;B;20;0;;3.6215;-0.18111;0.18705;AZUL;1281;;0;2023;Texto extraído diretamente do caderno oficial.
44;LC;140835;B;20;0;;3.6215;-0.18111;0.18705;AZUL;1281;;0;2023;Texto extraído diretamente do caderno oficial.
44;LC;140835;B;20;0;;3.6215;-0.18111;0.18705;AZUL;1241;;0;2023;Texto extraído diretamente do caderno oficial.
44;LC;140835;B;20;0;;3.6215;-0.18111;0.18705;AZUL;1281;;0;2023;Texto extraído diretamente do caderno oficial.
44;LC;140835;B;20;0;;3.6215;-0.18111;0.18705;AZUL;1241;;0;2023;Texto extraído diretamente do caderno oficial.
166;MT;89543;B;25;0;;3.60975;1.52395;0.3178;AZUL;1323;;0;2023;Texto extraído diretamente do caderno oficial.
166;MT;89543;B;25;0;;3.60975;1.52395;0.3178;AZUL;1323;;0;2023;Texto extraído diretamente do caderno oficial.
166;MT;89543;B;25;0;;3.60975;1.52395;0.3178;AZUL;1323;;0;2023;Texto extraído diretamente do caderno oficial.
121;CN;117814;D;17;0;;3.60586;0.48338;0.14782;AZUL;1333;;0;2023;Texto extraído diretamente do caderno oficial.
121;CN;117814;D;17;0;;3.60586;0.48338;0.14782;AZUL;1333;;0;2023;Texto extraído diretamente do caderno oficial.
121;CN;117814;D;17;0;;3.60586;0.48338;0.14782;AZUL;1333;;0;2023;Texto extraído diretamente do caderno oficial.
53;CH;141375;A;30;0;;3.59519;-0.11366;0.18978;AZUL;1231;;0;2023;Texto extraído diretamente do caderno oficial.
53;CH;141375;A;30;0;;3.59519;-0.11366;0.18978;AZUL;1231;;0;2023;Texto extraído diretamente do caderno oficial.
53;CH;141375;A;30;0;;3.59519;-0.11366;0.18978;AZUL;1231;;0;2023;Texto extraído diretamente do caderno oficial.
53;CH;141375;A;30;0;;3.59519;-0.11366;0.18978;AZUL;1271;;0;2023;Texto extraído diretamente do caderno oficial.
53;CH;141375;A;30;0;;3.59519;-0.11366;0.18978;AZUL;1271;;0;2023;Texto extraído diretamente do caderno oficial.
53;CH;141375;A;30;0;;3.59519;-0.11366;0.18978;AZUL;1271;;0;2023;Texto extraído diretamente do caderno oficial.
152;MT;86783;B;22;0;;3.58609;3.00088;0.19242;AZUL;1211;;0;2023;Texto extraído diretamente do caderno oficial.
152;MT;86783;B;22;0;;3.58609;3.00088;0.19242;AZUL;1211;;0;2023;Texto extraído diretamente do caderno oficial.
152;MT;86783;B;22;0;;3.58609;3.00088;0.19242;AZUL;1211;;0;2023;Texto extraído diretamente do caderno oficial.
155;MT;13725;D;12;0;;3.5851;1.4869;0.21903;AZUL;1211;;0;2023;Texto extraído diretamente do caderno oficial.
155;MT;13725;D;12;0;;3.5851;1.4869;0.21903;AZUL;1211;;0;2023;Texto extraído diretamente do caderno oficial.
155;MT;13725;D;12;0;;3.5851;1.4869;0.21903;AZUL;1211;;0;2023;Texto extraído diretamente do caderno oficial.
95;CN;60991;D;25;0;;3.56699;1.70996;0.19228;AZUL;1301;;0;2023;Texto extraído diretamente do caderno oficial.
95;CN;60991;D;25;0;;3.56699;1.70996;0.19228;AZUL;1261;;0;2023;Texto extraído diretamente do caderno oficial.
95;CN;60991;D;25;0;;3.56699;1.70996;0.19228;AZUL;1301;;0;2023;Texto extraído diretamente do caderno oficial.
95;CN;60991;D;25;0;;3.56699;1.70996;0.19228;AZUL;1261;;0;2023;Texto extraído diretamente do caderno oficial.
95;CN;60991;D;25;0;;3.56699;1.70996;0.19228;AZUL;1261;;0;2023;Texto extraído diretamente do caderno oficial.
95;CN;60991;D;25;0;;3.56699;1.70996;0.19228;AZUL;1301;;0;2023;Texto extraído diretamente do caderno oficial.
116;CN;96550;C;13;0;;3.56451;1.17043;0.07963;AZUL;1333;;0;2023;Texto extraído diretamente do caderno oficial.
116;CN;96550;C;13;0;;3.56451;1.17043;0.07963;AZUL;1333;;0;2023;Texto extraído diretamente do caderno oficial.
116;CN;96550;C;13;0;;3.56451;1.17043;0.07963;AZUL;1333;;0;2023;Texto extraído diretamente do caderno oficial.
102;CN;81637;D;21;0;;3.54994;1.89617;0.19877;AZUL;1261;;0;2023;Texto extraído diretamente do caderno oficial.
102;CN;81637;D;21;0;;3.54994;1.89617;0.19877;AZUL;1261;;0;2023;Texto extraído diretamente do caderno oficial.
102;CN;81637;D;21;0;;3.54994;1.89617;0.19877;AZUL;1261;;0;2023;Texto extraído diretamente do caderno oficial.
102;CN;81637;D;21;0;;3.54994;1.89617;0.19877;AZUL;1301;;0;2023;Texto extraído diretamente do caderno oficial.
102;CN;81637;D;21;0;;3.54994;1.89617;0.19877;AZUL;1301;;0;2023;Texto extraído diretamente do caderno oficial.
102;CN;81637;D;21;0;;3.54994;1.89617;0.19877;AZUL;1301;;0;2023;Texto extraído diretamente do caderno oficial.
97;CN;78962;C;26;0;;3.54791;0.5346;0.18023;AZUL;1261;;0;2023;Texto extraído diretamente do caderno oficial.
97;CN;78962;C;26;0;;3.54791;0.5346;0.18023;AZUL;1301;;0;2023;Texto extraído diretamente do caderno oficial.
97;CN;78962;C;26;0;;3.54791;0.5346;0.18023;AZUL;1261;;0;2023;Texto extraído diretamente do caderno oficial.
97;CN;78962;C;26;0;;3.54791;0.5346;0.18023;AZUL;1261;;0;2023;Texto extraído diretamente do caderno oficial.
97;CN;78962;C;26;0;;3.54791;0.5346;0.18023;AZUL;1301;;0;2023;Texto extraído diretamente do caderno oficial.
97;CN;78962;C;26;0;;3.54791;0.5346;0.18023;AZUL;1301;;0;2023;Texto extraído diretamente do caderno oficial.
26;LC;140959;C;17;0;;3.54204;2.45238;0.11597;AZUL;1201;;0;2023;Texto extraído diretamente do caderno oficial.
26;LC;140959;C;17;0;;3.54204;2.45238;0.11597;AZUL;1201;;0;2023;Texto extraído diretamente do caderno oficial.
26;LC;140959;C;17;0;;3.54204;2.45238;0.11597;AZUL;1201;;0;2023;Texto extraído diretamente do caderno oficial.
153;MT;17549;E;8;0;;3.53861;1.72953;0.05329;AZUL;1323;;0;2023;Texto extraído diretamente do caderno oficial.
153;MT;17549;E;8;0;;3.53861;1.72953;0.05329;AZUL;1323;;0;2023;Texto extraído diretamente do caderno oficial.
153;MT;17549;E;8;0;;3.53861;1.72953;0.05329;AZUL;1323;;0;2023;Texto extraído diretamente do caderno oficial.
156;MT;117601;E;10;0;;3.53513;2.27283;0.14674;AZUL;1291;;0;2023;Texto extraído diretamente do caderno oficial.
156;MT;117601;E;10;0;;3.53513;2.27283;0.14674;AZUL;1251;;0;2023;Texto extraído diretamente do caderno oficial.
156;MT;117601;E;10;0;;3.53513;2.27283;0.14674;AZUL;1291;;0;2023;Texto extraído diretamente do caderno oficial.
156;MT;117601;E;10;0;;3.53513;2.27283;0.14674;AZUL;1251;;0;2023;Texto extraído diretamente do caderno oficial.
156;MT;117601;E;10;0;;3.53513;2.27283;0.14674;AZUL;1251;;0;2023;Texto extraído diretamente do caderno oficial.
156;MT;117601;E;10;0;;3.53513;2.27283;0.14674;AZUL;1291;;0;2023;Texto extraído diretamente do caderno oficial.
118;CN;60689;C;18;0;;3.51837;1.46881;0.26943;AZUL;1221;;0;2023;Texto extraído diretamente do caderno oficial.
118;CN;60689;C;18;0;;3.51837;1.46881;0.26943;AZUL;1221;;0;2023;Texto extraído diretamente do caderno oficial.
118;CN;60689;C;18;0;;3.51837;1.46881;0.26943;AZUL;1221;;0;2023;Texto extraído diretamente do caderno oficial.
118;CN;84020;C;16;0;;3.46803;1.44675;0.27231;AZUL;1333;;0;2023;Texto extraído diretamente do caderno oficial.
118;CN;84020;C;16;0;;3.46803;1.44675;0.27231;AZUL;1333;;0;2023;Texto extraído diretamente do caderno oficial.
118;CN;84020;C;16;0;;3.46803;1.44675;0.27231;AZUL;1333;;0;2023;Texto extraído diretamente do caderno oficial.
149;MT;125884;E;11;0;;3.44278;1.55674;0.09149;AZUL;1211;;0;2023;Texto extraído diretamente do caderno oficial.
149;MT;125884;E;11;0;;3.44278;1.55674;0.09149;AZUL;1211;;0;2023;Texto extraído diretamente do caderno oficial.
149;MT;125884;E;11;0;;3.44278;1.55674;0.09149;AZUL;1211;;0;2023;Texto extraído diretamente do caderno oficial.
101;CN;76380;D;21;0;;3.41659;1.65717;0.19066;AZUL;1301;;0;2023;Texto extraído diretamente do caderno oficial.
101;CN;76380;D;21;0;;3.41659;1.65717;0.19066;AZUL;1261;;0;2023;Texto extraído diretamente do caderno oficial.
101;CN;76380;D;21;0;;3.41659;1.65717;0.19066;AZUL;1261;;0;2023;Texto extraído diretamente do caderno oficial.
101;CN;76380;D;21;0;;3.41659;1.65717;0.19066;AZUL;1301;;0;2023;Texto extraído diretamente do caderno oficial.
101;CN;76380;D;21;0;;3.41659;1.65717;0.19066;AZUL;1301;;0;2023;Texto extraído diretamente do caderno oficial.
101;CN;76380;D;21;0;;3.41659;1.65717;0.19066;AZUL;1261;;0;2023;Texto extraído diretamente do caderno oficial.
129;CN;60332;E;10;0;;3.39558;1.60649;0.08851;AZUL;1221;;0;2023;Texto extraído diretamente do caderno oficial.
129;CN;60332;E;10;0;;3.39558;1.60649;0.08851;AZUL;1221;;0;2023;Texto extraído diretamente do caderno oficial.
129;CN;60332;E;10;0;;3.39558;1.60649;0.08851;AZUL;1221;;0;2023;Texto extraído diretamente do caderno oficial.
112;CN;111466;A;1;0;;3.38485;2.02004;0.18168;AZUL;1221;;0;2023;Texto extraído diretamente do caderno oficial.
112;CN;111466;A;1;0;;3.38485;2.02004;0.18168;AZUL;1221;;0;2023;Texto extraído diretamente do caderno oficial.
112;CN;111466;A;1;0;;3.38485;2.02004;0.18168;AZUL;1221;;0;2023;Texto extraído diretamente do caderno oficial.
102;CN;48641;C;24;0;;3.37503;1.55583;0.25041;AZUL;1221;;0;2023;Texto extraído diretamente do caderno oficial.
102;CN;48641;C;24;0;;3.37503;1.55583;0.25041;AZUL;1221;;0;2023;Texto extraído diretamente do caderno oficial.
102;CN;48641;C;24;0;;3.37503;1.55583;0.25041;AZUL;1221;;0;2023;Texto extraído diretamente do caderno oficial.
88;CH;141044;C;2;0;;3.33701;0.2793;0.20318;AZUL;1231;;0;2023;Texto extraído diretamente do caderno oficial.
88;CH;141044;C;2;0;;3.33701;0.2793;0.20318;AZUL;1271;;0;2023;Texto extraído diretamente do caderno oficial.
88;CH;141044;C;2;0;;3.33701;0.2793;0.20318;AZUL;1271;;0;2023;Texto extraído diretamente do caderno oficial.
88;CH;141044;C;2;0;;3.33701;0.2793;0.20318;AZUL;1231;;0;2023;Texto extraído diretamente do caderno oficial.
88;CH;141044;C;2;0;;3.33701;0.2793;0.20318;AZUL;1271;;0;2023;Texto extraído diretamente do caderno oficial.
88;CH;141044;C;2;0;;3.33701;0.2793;0.20318;AZUL;1231;;0;2023;Texto extraído diretamente do caderno oficial.
137;MT;31650;C;27;0;;3.33563;1.08025;0.20912;AZUL;1211;;0;2023;Texto extraído diretamente do caderno oficial.
137;MT;31650;C;27;0;;3.33563;1.08025;0.20912;AZUL;1211;;0;2023;Texto extraído diretamente do caderno oficial.
137;MT;31650;C;27;0;;3.33563;1.08025;0.20912;AZUL;1211;;0;2023;Texto extraído diretamente do caderno oficial.
30;LC;140885;A;15;0;;3.32492;0.4163;0.18782;AZUL;1201;;0;2023;"*010175AZ32*
01
1 Dia 1 Dia
1°Capa 4°Capa
Transcreva a sua Redação para a Folha de Redação.
Azul 1 1 Azul
Amarelo 2 2 Amarelo
Branco 3 1 3 Branco
Rosa 4 2 4 Rosa
3
Ledor 9 9 Ledor
Libras 10 4 10 Libras
5
6
7
8
O
9
H
10
N O
11
U
12 Ã
C
13 Ç
S
14 A
A
15 D
16 R
E
17
R
18
A
19
D
20
21
22
23
24
2 Dia 2 Dia
1°Capa 25 4°Capa
Libras 12 26 12 Libras
Ledor 11 11 Ledor
27
28
Rosa 8 8 Rosa
Azul 7 29 7 Azul
Cinza 6 6 Cinza
30
Amarelo 5 5 Amarelo
32 –1º DIA • CADERNO 1 • AZUL–
01
BBiigguurrrriillhhooss..iinndddd 11 1144//0066//22002222 1177::1122::0066"
30;LC;140885;A;15;0;;3.32492;0.4163;0.18782;AZUL;1201;;0;2023;"*010175AZ32*
01
1 Dia 1 Dia
1°Capa 4°Capa
Transcreva a sua Redação para a Folha de Redação.
Azul 1 1 Azul
Amarelo 2 2 Amarelo
Branco 3 1 3 Branco
Rosa 4 2 4 Rosa
3
Ledor 9 9 Ledor
Libras 10 4 10 Libras
5
6
7
8
O
9
H
10
N O
11
U
12 Ã
C
13 Ç
S
14 A
A
15 D
16 R
E
17
R
18
A
19
D
20
21
22
23
24
2 Dia 2 Dia
1°Capa 25 4°Capa
Libras 12 26 12 Libras
Ledor 11 11 Ledor
27
28
Rosa 8 8 Rosa
Azul 7 29 7 Azul
Cinza 6 6 Cinza
30
Amarelo 5 5 Amarelo
32 –1º DIA • CADERNO 1 • AZUL–
01
BBiigguurrrriillhhooss..iinndddd 11 1144//0066//22002222 1177::1122::0066"
30;LC;140885;A;15;0;;3.32492;0.4163;0.18782;AZUL;1201;;0;2023;"*010175AZ32*
01
1 Dia 1 Dia
1°Capa 4°Capa
Transcreva a sua Redação para a Folha de Redação.
Azul 1 1 Azul
Amarelo 2 2 Amarelo
Branco 3 1 3 Branco
Rosa 4 2 4 Rosa
3
Ledor 9 9 Ledor
Libras 10 4 10 Libras
5
6
7
8
O
9
H
10
N O
11
U
12 Ã
C
13 Ç
S
14 A
A
15 D
16 R
E
17
R
18
A
19
D
20
21
22
23
24
2 Dia 2 Dia
1°Capa 25 4°Capa
Libras 12 26 12 Libras
Ledor 11 11 Ledor
27
28
Rosa 8 8 Rosa
Azul 7 29 7 Azul
Cinza 6 6 Cinza
30
Amarelo 5 5 Amarelo
32 –1º DIA • CADERNO 1 • AZUL–
01
BBiigguurrrriillhhooss..iinndddd 11 1144//0066//22002222 1177::1122::0066"
33;LC;141475;A;22;0;;3.31899;0.8809;0.16091;AZUL;1241;;0;2023;Texto extraído diretamente do caderno oficial.
33;LC;141475;A;22;0;;3.31899;0.8809;0.16091;AZUL;1281;;0;2023;Texto extraído diretamente do caderno oficial.
33;LC;141475;A;22;0;;3.31899;0.8809;0.16091;AZUL;1241;;0;2023;Texto extraído diretamente do caderno oficial.
33;LC;141475;A;22;0;;3.31899;0.8809;0.16091;AZUL;1281;;0;2023;Texto extraído diretamente do caderno oficial.
33;LC;141475;A;22;0;;3.31899;0.8809;0.16091;AZUL;1281;;0;2023;Texto extraído diretamente do caderno oficial.
33;LC;141475;A;22;0;;3.31899;0.8809;0.16091;AZUL;1241;;0;2023;Texto extraído diretamente do caderno oficial.
142;MT;117634;A;14;0;;3.29744;2.42208;0.14073;AZUL;1211;;0;2023;Texto extraído diretamente do caderno oficial.
142;MT;117634;A;14;0;;3.29744;2.42208;0.14073;AZUL;1211;;0;2023;Texto extraído diretamente do caderno oficial.
142;MT;117634;A;14;0;;3.29744;2.42208;0.14073;AZUL;1211;;0;2023;Texto extraído diretamente do caderno oficial.
179;MT;27923;A;19;0;;3.29564;2.98287;0.14454;AZUL;1323;;0;2023;Texto extraído diretamente do caderno oficial.
179;MT;27923;A;19;0;;3.29564;2.98287;0.14454;AZUL;1323;;0;2023;Texto extraído diretamente do caderno oficial.
179;MT;27923;A;19;0;;3.29564;2.98287;0.14454;AZUL;1323;;0;2023;Texto extraído diretamente do caderno oficial.
107;CN;86727;A;3;0;;3.26263;1.04212;0.20017;AZUL;1333;;0;2023;Texto extraído diretamente do caderno oficial.
107;CN;86727;A;3;0;;3.26263;1.04212;0.20017;AZUL;1333;;0;2023;Texto extraído diretamente do caderno oficial.
107;CN;86727;A;3;0;;3.26263;1.04212;0.20017;AZUL;1333;;0;2023;Texto extraído diretamente do caderno oficial.
148;MT;117865;B;15;0;;3.26013;1.57311;0.15019;AZUL;1323;;0;2023;Texto extraído diretamente do caderno oficial.
148;MT;117865;B;15;0;;3.26013;1.57311;0.15019;AZUL;1323;;0;2023;Texto extraído diretamente do caderno oficial.
148;MT;117865;B;15;0;;3.26013;1.57311;0.15019;AZUL;1323;;0;2023;Texto extraído diretamente do caderno oficial.
172;MT;117888;D;9;0;;3.25419;2.00748;0.23654;AZUL;1323;;0;2023;Texto extraído diretamente do caderno oficial.
172;MT;117888;D;9;0;;3.25419;2.00748;0.23654;AZUL;1323;;0;2023;Texto extraído diretamente do caderno oficial.
172;MT;117888;D;9;0;;3.25419;2.00748;0.23654;AZUL;1323;;0;2023;Texto extraído diretamente do caderno oficial.
17;LC;120115;D;27;0;;3.23823;0.59679;0.20038;AZUL;1201;;0;2023;"*010175AZ32*
01
1 Dia 1 Dia
1°Capa 4°Capa
Transcreva a sua Redação para a Folha de Redação.
Azul 1 1 Azul
Amarelo 2 2 Amarelo
Branco 3 1 3 Branco
Rosa 4 2 4 Rosa
3
Ledor 9 9 Ledor
Libras 10 4 10 Libras
5
6
7
8
O
9
H
10
N O
11
U
12 Ã
C
13 Ç
S
14 A
A
15 D
16 R
E
17
R
18
A
19
D
20
21
22
23
24
2 Dia 2 Dia
1°Capa 25 4°Capa
Libras 12 26 12 Libras
Ledor 11 11 Ledor
27
28
Rosa 8 8 Rosa
Azul 7 29 7 Azul
Cinza 6 6 Cinza
30
Amarelo 5 5 Amarelo
32 –1º DIA • CADERNO 1 • AZUL–
01
BBiigguurrrriillhhooss..iinndddd 11 1144//0066//22002222 1177::1122::0066"
17;LC;120115;D;27;0;;3.23823;0.59679;0.20038;AZUL;1201;;0;2023;"*010175AZ32*
01
1 Dia 1 Dia
1°Capa 4°Capa
Transcreva a sua Redação para a Folha de Redação.
Azul 1 1 Azul
Amarelo 2 2 Amarelo
Branco 3 1 3 Branco
Rosa 4 2 4 Rosa
3
Ledor 9 9 Ledor
Libras 10 4 10 Libras
5
6
7
8
O
9
H
10
N O
11
U
12 Ã
C
13 Ç
S
14 A
A
15 D
16 R
E
17
R
18
A
19
D
20
21
22
23
24
2 Dia 2 Dia
1°Capa 25 4°Capa
Libras 12 26 12 Libras
Ledor 11 11 Ledor
27
28
Rosa 8 8 Rosa
Azul 7 29 7 Azul
Cinza 6 6 Cinza
30
Amarelo 5 5 Amarelo
32 –1º DIA • CADERNO 1 • AZUL–
01
BBiigguurrrriillhhooss..iinndddd 11 1144//0066//22002222 1177::1122::0066"
17;LC;120115;D;27;0;;3.23823;0.59679;0.20038;AZUL;1201;;0;2023;"*010175AZ32*
01
1 Dia 1 Dia
1°Capa 4°Capa
Transcreva a sua Redação para a Folha de Redação.
Azul 1 1 Azul
Amarelo 2 2 Amarelo
Branco 3 1 3 Branco
Rosa 4 2 4 Rosa
3
Ledor 9 9 Ledor
Libras 10 4 10 Libras
5
6
7
8
O
9
H
10
N O
11
U
12 Ã
C
13 Ç
S
14 A
A
15 D
16 R
E
17
R
18
A
19
D
20
21
22
23
24
2 Dia 2 Dia
1°Capa 25 4°Capa
Libras 12 26 12 Libras
Ledor 11 11 Ledor
27
28
Rosa 8 8 Rosa
Azul 7 29 7 Azul
Cinza 6 6 Cinza
30
Amarelo 5 5 Amarelo
32 –1º DIA • CADERNO 1 • AZUL–
01
BBiigguurrrriillhhooss..iinndddd 11 1144//0066//22002222 1177::1122::0066"
97;CN;78580;B;19;0;;3.20531;1.24481;0.27737;AZUL;1333;;0;2023;Texto extraído diretamente do caderno oficial.
97;CN;78580;B;19;0;;3.20531;1.24481;0.27737;AZUL;1333;;0;2023;Texto extraído diretamente do caderno oficial.
97;CN;78580;B;19;0;;3.20531;1.24481;0.27737;AZUL;1333;;0;2023;Texto extraído diretamente do caderno oficial.
110;CN;78578;B;17;0;;3.20349;1.99265;0.20277;AZUL;1221;;0;2023;Texto extraído diretamente do caderno oficial.
110;CN;78578;B;17;0;;3.20349;1.99265;0.20277;AZUL;1221;;0;2023;Texto extraído diretamente do caderno oficial.
110;CN;78578;B;17;0;;3.20349;1.99265;0.20277;AZUL;1221;;0;2023;Texto extraído diretamente do caderno oficial.
123;CN;117707;C;27;0;;3.17804;1.61233;0.086;AZUL;1333;;0;2023;Texto extraído diretamente do caderno oficial.
123;CN;117707;C;27;0;;3.17804;1.61233;0.086;AZUL;1333;;0;2023;Texto extraído diretamente do caderno oficial.
123;CN;117707;C;27;0;;3.17804;1.61233;0.086;AZUL;1333;;0;2023;Texto extraído diretamente do caderno oficial.
1;LC;140765;A;6;0;;3.17668;0.44857;0.18727;AZUL;1201;1.0;0;2023;"ºº
1 DIA
01
EXAME NACIONAL DO ENSINO MÉDIO
PROVA DE LINGUAGENS, CÓDIGOS E SUAS TECNOLOGIAS E REDAÇÃO
PROVA DE CIÊNCIAS HUMANAS E SUAS TECNOLOGIAS
CADERNO
1
AZUL
ATENÇÃO: transcreva no espaço apropriado do seu CARTÃO-RESPOSTA,
com sua caligrafia usual, considerando as letras maiúsculas e minúsculas, a seguinte frase:
Você é do tamanho do seu sonho
LEIA ATENTAMENTE AS INSTRUÇÕES SEGUINTES:
1. E ste CADERNO DE QUESTÕES contém 90 questões numeradas de 01 a 90 e a Proposta de Redação,
dispostas da seguinte maneira:
a) questões de número 01 a 45, relativas à área de Linguagens, Códigos e suas Tecnologias;
b) Proposta de Redação;
c) questões de número 46 a 90, relativas à área de Ciências Humanas e suas Tecnologias.
ATENÇÃO: as questões de 01 a 05 são relativas à língua estrangeira. Você deverá responder apenas
às questões relativas à língua estrangeira (inglês ou espanhol) escolhida no ato de sua inscrição.
2. Confira se a quantidade e a ordem das questões do seu CADERNO DE QUESTÕES estão de acordo
com as instruções anteriores. Caso o caderno esteja incompleto, tenha defeito ou apresente qualquer
divergência, comunique ao aplicador da sala para que ele tome as providências cabíveis.
3. P ara cada uma das questões objetivas, são apresentadas 5 opções. Apenas uma responde
corretamente à questão.
4. O tempo disponível para estas provas é de cinco horas e trinta minutos.
5. Reserve tempo suficiente para preencher o CARTÃO-RESPOSTA e a FOLHA DE REDAÇÃO.
6. O s rascunhos e as marcações assinaladas no CADERNO DE QUESTÕES não serão considerados na
avaliação.
7. Somente serão corrigidas as redações transcritas na FOLHA DE REDAÇÃO.
8. Q uando terminar as provas, acene para chamar o aplicador e entregue este CADERNO DE QUESTÕES
e o CARTÃO-RESPOSTA/FOLHA DE REDAÇÃO.
9. V ocê poderá deixar o local de prova somente após decorridas duas horas do início da aplicação e
poderá levar seu CADERNO DE QUESTÕES ao deixar em definitivo a sala de prova nos 30 minutos
que antecedem o término das provas.
0 1
1 Dia 1 Dia
1°Capa 4°Capa
Azul 1 1 Azul
Amarelo 2 2 Amarelo
Branco 3 3 Branco
Rosa 4 4 Rosa
Ledor 9 9 Ledor
Libras 10 10 Libras
2 Dia 2 Dia
1°Capa 4°Capa
Libras 12 12 Libras
Ledor 11 11 Ledor
Rosa 8 8 Rosa
Azul 7 7 Azul
Cinza 6 6 Cinza
Amarelo 5 5 Amarelo
*010175AZ1*
BBiigguurrrriillhhooss..iinndddd 11 1144//0066//22002222 1177::1122::0066"
1;LC;140765;A;6;0;;3.17668;0.44857;0.18727;AZUL;1201;1.0;0;2023;"ºº
1 DIA
01
EXAME NACIONAL DO ENSINO MÉDIO
PROVA DE LINGUAGENS, CÓDIGOS E SUAS TECNOLOGIAS E REDAÇÃO
PROVA DE CIÊNCIAS HUMANAS E SUAS TECNOLOGIAS
CADERNO
1
AZUL
ATENÇÃO: transcreva no espaço apropriado do seu CARTÃO-RESPOSTA,
com sua caligrafia usual, considerando as letras maiúsculas e minúsculas, a seguinte frase:
Você é do tamanho do seu sonho
LEIA ATENTAMENTE AS INSTRUÇÕES SEGUINTES:
1. E ste CADERNO DE QUESTÕES contém 90 questões numeradas de 01 a 90 e a Proposta de Redação,
dispostas da seguinte maneira:
a) questões de número 01 a 45, relativas à área de Linguagens, Códigos e suas Tecnologias;
b) Proposta de Redação;
c) questões de número 46 a 90, relativas à área de Ciências Humanas e suas Tecnologias.
ATENÇÃO: as questões de 01 a 05 são relativas à língua estrangeira. Você deverá responder apenas
às questões relativas à língua estrangeira (inglês ou espanhol) escolhida no ato de sua inscrição.
2. Confira se a quantidade e a ordem das questões do seu CADERNO DE QUESTÕES estão de acordo
com as instruções anteriores. Caso o caderno esteja incompleto, tenha defeito ou apresente qualquer
divergência, comunique ao aplicador da sala para que ele tome as providências cabíveis.
3. P ara cada uma das questões objetivas, são apresentadas 5 opções. Apenas uma responde
corretamente à questão.
4. O tempo disponível para estas provas é de cinco horas e trinta minutos.
5. Reserve tempo suficiente para preencher o CARTÃO-RESPOSTA e a FOLHA DE REDAÇÃO.
6. O s rascunhos e as marcações assinaladas no CADERNO DE QUESTÕES não serão considerados na
avaliação.
7. Somente serão corrigidas as redações transcritas na FOLHA DE REDAÇÃO.
8. Q uando terminar as provas, acene para chamar o aplicador e entregue este CADERNO DE QUESTÕES
e o CARTÃO-RESPOSTA/FOLHA DE REDAÇÃO.
9. V ocê poderá deixar o local de prova somente após decorridas duas horas do início da aplicação e
poderá levar seu CADERNO DE QUESTÕES ao deixar em definitivo a sala de prova nos 30 minutos
que antecedem o término das provas.
0 1
1 Dia 1 Dia
1°Capa 4°Capa
Azul 1 1 Azul
Amarelo 2 2 Amarelo
Branco 3 3 Branco
Rosa 4 4 Rosa
Ledor 9 9 Ledor
Libras 10 10 Libras
2 Dia 2 Dia
1°Capa 4°Capa
Libras 12 12 Libras
Ledor 11 11 Ledor
Rosa 8 8 Rosa
Azul 7 7 Azul
Cinza 6 6 Cinza
Amarelo 5 5 Amarelo
*010175AZ1*
BBiigguurrrriillhhooss..iinndddd 11 1144//0066//22002222 1177::1122::0066"
1;LC;140765;A;6;0;;3.17668;0.44857;0.18727;AZUL;1201;1.0;0;2023;"ºº
1 DIA
01
EXAME NACIONAL DO ENSINO MÉDIO
PROVA DE LINGUAGENS, CÓDIGOS E SUAS TECNOLOGIAS E REDAÇÃO
PROVA DE CIÊNCIAS HUMANAS E SUAS TECNOLOGIAS
CADERNO
1
AZUL
ATENÇÃO: transcreva no espaço apropriado do seu CARTÃO-RESPOSTA,
com sua caligrafia usual, considerando as letras maiúsculas e minúsculas, a seguinte frase:
Você é do tamanho do seu sonho
LEIA ATENTAMENTE AS INSTRUÇÕES SEGUINTES:
1. E ste CADERNO DE QUESTÕES contém 90 questões numeradas de 01 a 90 e a Proposta de Redação,
dispostas da seguinte maneira:
a) questões de número 01 a 45, relativas à área de Linguagens, Códigos e suas Tecnologias;
b) Proposta de Redação;
c) questões de número 46 a 90, relativas à área de Ciências Humanas e suas Tecnologias.
ATENÇÃO: as questões de 01 a 05 são relativas à língua estrangeira. Você deverá responder apenas
às questões relativas à língua estrangeira (inglês ou espanhol) escolhida no ato de sua inscrição.
2. Confira se a quantidade e a ordem das questões do seu CADERNO DE QUESTÕES estão de acordo
com as instruções anteriores. Caso o caderno esteja incompleto, tenha defeito ou apresente qualquer
divergência, comunique ao aplicador da sala para que ele tome as providências cabíveis.
3. P ara cada uma das questões objetivas, são apresentadas 5 opções. Apenas uma responde
corretamente à questão.
4. O tempo disponível para estas provas é de cinco horas e trinta minutos.
5. Reserve tempo suficiente para preencher o CARTÃO-RESPOSTA e a FOLHA DE REDAÇÃO.
6. O s rascunhos e as marcações assinaladas no CADERNO DE QUESTÕES não serão considerados na
avaliação.
7. Somente serão corrigidas as redações transcritas na FOLHA DE REDAÇÃO.
8. Q uando terminar as provas, acene para chamar o aplicador e entregue este CADERNO DE QUESTÕES
e o CARTÃO-RESPOSTA/FOLHA DE REDAÇÃO.
9. V ocê poderá deixar o local de prova somente após decorridas duas horas do início da aplicação e
poderá levar seu CADERNO DE QUESTÕES ao deixar em definitivo a sala de prova nos 30 minutos
que antecedem o término das provas.
0 1
1 Dia 1 Dia
1°Capa 4°Capa
Azul 1 1 Azul
Amarelo 2 2 Amarelo
Branco 3 3 Branco
Rosa 4 4 Rosa
Ledor 9 9 Ledor
Libras 10 10 Libras
2 Dia 2 Dia
1°Capa 4°Capa
Libras 12 12 Libras
Ledor 11 11 Ledor
Rosa 8 8 Rosa
Azul 7 7 Azul
Cinza 6 6 Cinza
Amarelo 5 5 Amarelo
*010175AZ1*
BBiigguurrrriillhhooss..iinndddd 11 1144//0066//22002222 1177::1122::0066"
22;LC;140847;C;20;0;;3.15133;0.25141;0.1738;AZUL;1201;;0;2023;"*010175AZ32*
01
1 Dia 1 Dia
1°Capa 4°Capa
Transcreva a sua Redação para a Folha de Redação.
Azul 1 1 Azul
Amarelo 2 2 Amarelo
Branco 3 1 3 Branco
Rosa 4 2 4 Rosa
3
Ledor 9 9 Ledor
Libras 10 4 10 Libras
5
6
7
8
O
9
H
10
N O
11
U
12 Ã
C
13 Ç
S
14 A
A
15 D
16 R
E
17
R
18
A
19
D
20
21
22
23
24
2 Dia 2 Dia
1°Capa 25 4°Capa
Libras 12 26 12 Libras
Ledor 11 11 Ledor
27
28
Rosa 8 8 Rosa
Azul 7 29 7 Azul
Cinza 6 6 Cinza
30
Amarelo 5 5 Amarelo
32 –1º DIA • CADERNO 1 • AZUL–
01
BBiigguurrrriillhhooss..iinndddd 11 1144//0066//22002222 1177::1122::0066"
22;LC;140847;C;20;0;;3.15133;0.25141;0.1738;AZUL;1201;;0;2023;"*010175AZ32*
01
1 Dia 1 Dia
1°Capa 4°Capa
Transcreva a sua Redação para a Folha de Redação.
Azul 1 1 Azul
Amarelo 2 2 Amarelo
Branco 3 1 3 Branco
Rosa 4 2 4 Rosa
3
Ledor 9 9 Ledor
Libras 10 4 10 Libras
5
6
7
8
O
9
H
10
N O
11
U
12 Ã
C
13 Ç
S
14 A
A
15 D
16 R
E
17
R
18
A
19
D
20
21
22
23
24
2 Dia 2 Dia
1°Capa 25 4°Capa
Libras 12 26 12 Libras
Ledor 11 11 Ledor
27
28
Rosa 8 8 Rosa
Azul 7 29 7 Azul
Cinza 6 6 Cinza
30
Amarelo 5 5 Amarelo
32 –1º DIA • CADERNO 1 • AZUL–
01
BBiigguurrrriillhhooss..iinndddd 11 1144//0066//22002222 1177::1122::0066"
22;LC;140847;C;20;0;;3.15133;0.25141;0.1738;AZUL;1201;;0;2023;"*010175AZ32*
01
1 Dia 1 Dia
1°Capa 4°Capa
Transcreva a sua Redação para a Folha de Redação.
Azul 1 1 Azul
Amarelo 2 2 Amarelo
Branco 3 1 3 Branco
Rosa 4 2 4 Rosa
3
Ledor 9 9 Ledor
Libras 10 4 10 Libras
5
6
7
8
O
9
H
10
N O
11
U
12 Ã
C
13 Ç
S
14 A
A
15 D
16 R
E
17
R
18
A
19
D
20
21
22
23
24
2 Dia 2 Dia
1°Capa 25 4°Capa
Libras 12 26 12 Libras
Ledor 11 11 Ledor
27
28
Rosa 8 8 Rosa
Azul 7 29 7 Azul
Cinza 6 6 Cinza
30
Amarelo 5 5 Amarelo
32 –1º DIA • CADERNO 1 • AZUL–
01
BBiigguurrrriillhhooss..iinndddd 11 1144//0066//22002222 1177::1122::0066"
143;MT;117785;A;18;0;;3.14218;2.04254;0.13487;AZUL;1323;;0;2023;Texto extraído diretamente do caderno oficial.
143;MT;117785;A;18;0;;3.14218;2.04254;0.13487;AZUL;1323;;0;2023;Texto extraído diretamente do caderno oficial.
143;MT;117785;A;18;0;;3.14218;2.04254;0.13487;AZUL;1323;;0;2023;Texto extraído diretamente do caderno oficial.
81;CH;140157;E;12;0;;3.11132;-0.20743;0.2064;AZUL;1271;;0;2023;Texto extraído diretamente do caderno oficial.
81;CH;140157;E;12;0;;3.11132;-0.20743;0.2064;AZUL;1231;;0;2023;Texto extraído diretamente do caderno oficial.
81;CH;140157;E;12;0;;3.11132;-0.20743;0.2064;AZUL;1231;;0;2023;Texto extraído diretamente do caderno oficial.
81;CH;140157;E;12;0;;3.11132;-0.20743;0.2064;AZUL;1271;;0;2023;Texto extraído diretamente do caderno oficial.
81;CH;140157;E;12;0;;3.11132;-0.20743;0.2064;AZUL;1271;;0;2023;Texto extraído diretamente do caderno oficial.
81;CH;140157;E;12;0;;3.11132;-0.20743;0.2064;AZUL;1231;;0;2023;Texto extraído diretamente do caderno oficial.
130;CN;126604;D;12;0;;3.09202;0.32873;0.1577;AZUL;1221;;0;2023;Texto extraído diretamente do caderno oficial.
130;CN;126604;D;12;0;;3.09202;0.32873;0.1577;AZUL;1221;;0;2023;Texto extraído diretamente do caderno oficial.
130;CN;126604;D;12;0;;3.09202;0.32873;0.1577;AZUL;1221;;0;2023;Texto extraído diretamente do caderno oficial.
132;CN;126541;C;1;0;;3.08461;0.93344;0.24287;AZUL;1301;;0;2023;Texto extraído diretamente do caderno oficial.
132;CN;126541;C;1;0;;3.08461;0.93344;0.24287;AZUL;1261;;0;2023;Texto extraído diretamente do caderno oficial.
132;CN;126541;C;1;0;;3.08461;0.93344;0.24287;AZUL;1301;;0;2023;Texto extraído diretamente do caderno oficial.
132;CN;126541;C;1;0;;3.08461;0.93344;0.24287;AZUL;1301;;0;2023;Texto extraído diretamente do caderno oficial.
132;CN;126541;C;1;0;;3.08461;0.93344;0.24287;AZUL;1261;;0;2023;Texto extraído diretamente do caderno oficial.
132;CN;126541;C;1;0;;3.08461;0.93344;0.24287;AZUL;1261;;0;2023;Texto extraído diretamente do caderno oficial.
106;CN;63131;C;20;0;;3.05747;2.28881;0.29517;AZUL;1261;;0;2023;Texto extraído diretamente do caderno oficial.
106;CN;63131;C;20;0;;3.05747;2.28881;0.29517;AZUL;1301;;0;2023;Texto extraído diretamente do caderno oficial.
106;CN;63131;C;20;0;;3.05747;2.28881;0.29517;AZUL;1261;;0;2023;Texto extraído diretamente do caderno oficial.
106;CN;63131;C;20;0;;3.05747;2.28881;0.29517;AZUL;1301;;0;2023;Texto extraído diretamente do caderno oficial.
106;CN;63131;C;20;0;;3.05747;2.28881;0.29517;AZUL;1261;;0;2023;Texto extraído diretamente do caderno oficial.
106;CN;63131;C;20;0;;3.05747;2.28881;0.29517;AZUL;1301;;0;2023;Texto extraído diretamente do caderno oficial.
116;CN;60037;B;9;0;;3.05374;1.81691;0.33738;AZUL;1221;;0;2023;Texto extraído diretamente do caderno oficial.
116;CN;60037;B;9;0;;3.05374;1.81691;0.33738;AZUL;1221;;0;2023;Texto extraído diretamente do caderno oficial.
116;CN;60037;B;9;0;;3.05374;1.81691;0.33738;AZUL;1221;;0;2023;Texto extraído diretamente do caderno oficial.
178;MT;125932;B;22;0;;3.05237;2.18342;0.22043;AZUL;1251;;0;2023;Texto extraído diretamente do caderno oficial.
178;MT;125932;B;22;0;;3.05237;2.18342;0.22043;AZUL;1251;;0;2023;Texto extraído diretamente do caderno oficial.
178;MT;125932;B;22;0;;3.05237;2.18342;0.22043;AZUL;1251;;0;2023;Texto extraído diretamente do caderno oficial.
178;MT;125932;B;22;0;;3.05237;2.18342;0.22043;AZUL;1291;;0;2023;Texto extraído diretamente do caderno oficial.
178;MT;125932;B;22;0;;3.05237;2.18342;0.22043;AZUL;1291;;0;2023;Texto extraído diretamente do caderno oficial.
178;MT;125932;B;22;0;;3.05237;2.18342;0.22043;AZUL;1291;;0;2023;Texto extraído diretamente do caderno oficial.
127;CN;97813;C;15;0;;3.04923;2.24438;0.15941;AZUL;1221;;0;2023;Texto extraído diretamente do caderno oficial.
127;CN;97813;C;15;0;;3.04923;2.24438;0.15941;AZUL;1221;;0;2023;Texto extraído diretamente do caderno oficial.
127;CN;97813;C;15;0;;3.04923;2.24438;0.15941;AZUL;1221;;0;2023;Texto extraído diretamente do caderno oficial.
10;LC;111887;E;29;0;;3.04416;0.33951;0.1833;AZUL;1201;;0;2023;"*010175AZ32*
01
1 Dia 1 Dia
1°Capa 4°Capa
Transcreva a sua Redação para a Folha de Redação.
Azul 1 1 Azul
Amarelo 2 2 Amarelo
Branco 3 1 3 Branco
Rosa 4 2 4 Rosa
3
Ledor 9 9 Ledor
Libras 10 4 10 Libras
5
6
7
8
O
9
H
10
N O
11
U
12 Ã
C
13 Ç
S
14 A
A
15 D
16 R
E
17
R
18
A
19
D
20
21
22
23
24
2 Dia 2 Dia
1°Capa 25 4°Capa
Libras 12 26 12 Libras
Ledor 11 11 Ledor
27
28
Rosa 8 8 Rosa
Azul 7 29 7 Azul
Cinza 6 6 Cinza
30
Amarelo 5 5 Amarelo
32 –1º DIA • CADERNO 1 • AZUL–
01
BBiigguurrrriillhhooss..iinndddd 11 1144//0066//22002222 1177::1122::0066"
10;LC;111887;E;29;0;;3.04416;0.33951;0.1833;AZUL;1201;;0;2023;"*010175AZ32*
01
1 Dia 1 Dia
1°Capa 4°Capa
Transcreva a sua Redação para a Folha de Redação.
Azul 1 1 Azul
Amarelo 2 2 Amarelo
Branco 3 1 3 Branco
Rosa 4 2 4 Rosa
3
Ledor 9 9 Ledor
Libras 10 4 10 Libras
5
6
7
8
O
9
H
10
N O
11
U
12 Ã
C
13 Ç
S
14 A
A
15 D
16 R
E
17
R
18
A
19
D
20
21
22
23
24
2 Dia 2 Dia
1°Capa 25 4°Capa
Libras 12 26 12 Libras
Ledor 11 11 Ledor
27
28
Rosa 8 8 Rosa
Azul 7 29 7 Azul
Cinza 6 6 Cinza
30
Amarelo 5 5 Amarelo
32 –1º DIA • CADERNO 1 • AZUL–
01
BBiigguurrrriillhhooss..iinndddd 11 1144//0066//22002222 1177::1122::0066"
10;LC;111887;E;29;0;;3.04416;0.33951;0.1833;AZUL;1201;;0;2023;"*010175AZ32*
01
1 Dia 1 Dia
1°Capa 4°Capa
Transcreva a sua Redação para a Folha de Redação.
Azul 1 1 Azul
Amarelo 2 2 Amarelo
Branco 3 1 3 Branco
Rosa 4 2 4 Rosa
3
Ledor 9 9 Ledor
Libras 10 4 10 Libras
5
6
7
8
O
9
H
10
N O
11
U
12 Ã
C
13 Ç
S
14 A
A
15 D
16 R
E
17
R
18
A
19
D
20
21
22
23
24
2 Dia 2 Dia
1°Capa 25 4°Capa
Libras 12 26 12 Libras
Ledor 11 11 Ledor
27
28
Rosa 8 8 Rosa
Azul 7 29 7 Azul
Cinza 6 6 Cinza
30
Amarelo 5 5 Amarelo
32 –1º DIA • CADERNO 1 • AZUL–
01
BBiigguurrrriillhhooss..iinndddd 11 1144//0066//22002222 1177::1122::0066"
170;MT;37441;D;22;0;;3.01304;2.67185;0.08455;AZUL;1211;;0;2023;Texto extraído diretamente do caderno oficial.
170;MT;37441;D;22;0;;3.01304;2.67185;0.08455;AZUL;1211;;0;2023;Texto extraído diretamente do caderno oficial.
170;MT;37441;D;22;0;;3.01304;2.67185;0.08455;AZUL;1211;;0;2023;Texto extraído diretamente do caderno oficial.
55;CH;140548;C;29;0;;3.00594;-0.06348;0.20314;AZUL;1271;;0;2023;Texto extraído diretamente do caderno oficial.
55;CH;140548;C;29;0;;3.00594;-0.06348;0.20314;AZUL;1271;;0;2023;Texto extraído diretamente do caderno oficial.
55;CH;140548;C;29;0;;3.00594;-0.06348;0.20314;AZUL;1231;;0;2023;Texto extraído diretamente do caderno oficial.
55;CH;140548;C;29;0;;3.00594;-0.06348;0.20314;AZUL;1231;;0;2023;Texto extraído diretamente do caderno oficial.
55;CH;140548;C;29;0;;3.00594;-0.06348;0.20314;AZUL;1231;;0;2023;Texto extraído diretamente do caderno oficial.
55;CH;140548;C;29;0;;3.00594;-0.06348;0.20314;AZUL;1271;;0;2023;Texto extraído diretamente do caderno oficial.
162;MT;27119;D;19;0;;2.99818;0.86032;0.22079;AZUL;1211;;0;2023;Texto extraído diretamente do caderno oficial.
162;MT;27119;D;19;0;;2.99818;0.86032;0.22079;AZUL;1211;;0;2023;Texto extraído diretamente do caderno oficial.
162;MT;27119;D;19;0;;2.99818;0.86032;0.22079;AZUL;1211;;0;2023;Texto extraído diretamente do caderno oficial.
101;CN;98114;B;12;0;;2.98857;1.93426;0.22115;AZUL;1333;;0;2023;Texto extraído diretamente do caderno oficial.
101;CN;98114;B;12;0;;2.98857;1.93426;0.22115;AZUL;1333;;0;2023;Texto extraído diretamente do caderno oficial.
101;CN;98114;B;12;0;;2.98857;1.93426;0.22115;AZUL;1333;;0;2023;Texto extraído diretamente do caderno oficial.
173;MT;81329;D;19;0;;2.97925;1.78747;0.19488;AZUL;1251;;0;2023;Texto extraído diretamente do caderno oficial.
173;MT;81329;D;19;0;;2.97925;1.78747;0.19488;AZUL;1291;;0;2023;Texto extraído diretamente do caderno oficial.
173;MT;81329;D;19;0;;2.97925;1.78747;0.19488;AZUL;1291;;0;2023;Texto extraído diretamente do caderno oficial.
173;MT;81329;D;19;0;;2.97925;1.78747;0.19488;AZUL;1251;;0;2023;Texto extraído diretamente do caderno oficial.
173;MT;81329;D;19;0;;2.97925;1.78747;0.19488;AZUL;1291;;0;2023;Texto extraído diretamente do caderno oficial.
173;MT;81329;D;19;0;;2.97925;1.78747;0.19488;AZUL;1251;;0;2023;Texto extraído diretamente do caderno oficial.
16;LC;140918;A;26;0;;2.96562;0.57507;0.16642;AZUL;1201;;0;2023;Texto extraído diretamente do caderno oficial.
16;LC;140918;A;26;0;;2.96562;0.57507;0.16642;AZUL;1201;;0;2023;Texto extraído diretamente do caderno oficial.
16;LC;140918;A;26;0;;2.96562;0.57507;0.16642;AZUL;1201;;0;2023;Texto extraído diretamente do caderno oficial.
178;MT;111754;B;15;0;;2.95569;2.84307;0.24511;AZUL;1211;;0;2023;Texto extraído diretamente do caderno oficial.
178;MT;111754;B;15;0;;2.95569;2.84307;0.24511;AZUL;1211;;0;2023;Texto extraído diretamente do caderno oficial.
178;MT;111754;B;15;0;;2.95569;2.84307;0.24511;AZUL;1211;;0;2023;Texto extraído diretamente do caderno oficial.
115;CN;41122;C;15;0;;2.94887;0.69942;0.20571;AZUL;1301;;0;2023;Texto extraído diretamente do caderno oficial.
115;CN;41122;C;15;0;;2.94887;0.69942;0.20571;AZUL;1261;;0;2023;Texto extraído diretamente do caderno oficial.
115;CN;41122;C;15;0;;2.94887;0.69942;0.20571;AZUL;1301;;0;2023;Texto extraído diretamente do caderno oficial.
115;CN;41122;C;15;0;;2.94887;0.69942;0.20571;AZUL;1261;;0;2023;Texto extraído diretamente do caderno oficial.
115;CN;41122;C;15;0;;2.94887;0.69942;0.20571;AZUL;1301;;0;2023;Texto extraído diretamente do caderno oficial.
115;CN;41122;C;15;0;;2.94887;0.69942;0.20571;AZUL;1261;;0;2023;Texto extraído diretamente do caderno oficial.
179;MT;44285;E;8;0;;2.94723;2.87386;0.06733;AZUL;1251;;0;2023;Texto extraído diretamente do caderno oficial.
179;MT;44285;E;8;0;;2.94723;2.87386;0.06733;AZUL;1251;;0;2023;Texto extraído diretamente do caderno oficial.
179;MT;44285;E;8;0;;2.94723;2.87386;0.06733;AZUL;1291;;0;2023;Texto extraído diretamente do caderno oficial.
179;MT;44285;E;8;0;;2.94723;2.87386;0.06733;AZUL;1291;;0;2023;Texto extraído diretamente do caderno oficial.
179;MT;44285;E;8;0;;2.94723;2.87386;0.06733;AZUL;1251;;0;2023;Texto extraído diretamente do caderno oficial.
179;MT;44285;E;8;0;;2.94723;2.87386;0.06733;AZUL;1291;;0;2023;Texto extraído diretamente do caderno oficial.
146;MT;53460;C;26;0;;2.93674;0.49751;0.15129;AZUL;1291;;0;2023;Texto extraído diretamente do caderno oficial.
146;MT;53460;C;26;0;;2.93674;0.49751;0.15129;AZUL;1251;;0;2023;Texto extraído diretamente do caderno oficial.
146;MT;53460;C;26;0;;2.93674;0.49751;0.15129;AZUL;1291;;0;2023;Texto extraído diretamente do caderno oficial.
146;MT;53460;C;26;0;;2.93674;0.49751;0.15129;AZUL;1291;;0;2023;Texto extraído diretamente do caderno oficial.
146;MT;53460;C;26;0;;2.93674;0.49751;0.15129;AZUL;1251;;0;2023;Texto extraído diretamente do caderno oficial.
146;MT;53460;C;26;0;;2.93674;0.49751;0.15129;AZUL;1251;;0;2023;Texto extraído diretamente do caderno oficial.
140;MT;117920;A;30;0;;2.92825;1.17752;0.17261;AZUL;1251;;0;2023;Texto extraído diretamente do caderno oficial.
140;MT;117920;A;30;0;;2.92825;1.17752;0.17261;AZUL;1291;;0;2023;Texto extraído diretamente do caderno oficial.
140;MT;117920;A;30;0;;2.92825;1.17752;0.17261;AZUL;1291;;0;2023;Texto extraído diretamente do caderno oficial.
140;MT;117920;A;30;0;;2.92825;1.17752;0.17261;AZUL;1291;;0;2023;Texto extraído diretamente do caderno oficial.
140;MT;117920;A;30;0;;2.92825;1.17752;0.17261;AZUL;1251;;0;2023;Texto extraído diretamente do caderno oficial.
140;MT;117920;A;30;0;;2.92825;1.17752;0.17261;AZUL;1251;;0;2023;Texto extraído diretamente do caderno oficial.
94;CN;40431;B;24;0;;2.92795;1.7851;0.12882;AZUL;1261;;0;2023;Texto extraído diretamente do caderno oficial.
94;CN;40431;B;24;0;;2.92795;1.7851;0.12882;AZUL;1301;;0;2023;Texto extraído diretamente do caderno oficial.
94;CN;40431;B;24;0;;2.92795;1.7851;0.12882;AZUL;1261;;0;2023;Texto extraído diretamente do caderno oficial.
94;CN;40431;B;24;0;;2.92795;1.7851;0.12882;AZUL;1301;;0;2023;Texto extraído diretamente do caderno oficial.
94;CN;40431;B;24;0;;2.92795;1.7851;0.12882;AZUL;1301;;0;2023;Texto extraído diretamente do caderno oficial.
94;CN;40431;B;24;0;;2.92795;1.7851;0.12882;AZUL;1261;;0;2023;Texto extraído diretamente do caderno oficial.
91;CN;141612;E;21;0;;2.90113;0.65327;0.11183;AZUL;1333;;0;2023;Texto extraído diretamente do caderno oficial.
91;CN;141612;E;21;0;;2.90113;0.65327;0.11183;AZUL;1333;;0;2023;Texto extraído diretamente do caderno oficial.
91;CN;141612;E;21;0;;2.90113;0.65327;0.11183;AZUL;1333;;0;2023;Texto extraído diretamente do caderno oficial.
105;CN;76674;D;21;0;;2.88558;2.28909;0.19954;AZUL;1333;;0;2023;Texto extraído diretamente do caderno oficial.
105;CN;76674;D;21;0;;2.88558;2.28909;0.19954;AZUL;1333;;0;2023;Texto extraído diretamente do caderno oficial.
105;CN;76674;D;21;0;;2.88558;2.28909;0.19954;AZUL;1333;;0;2023;Texto extraído diretamente do caderno oficial.
135;CN;82828;A;3;0;;2.87792;1.6912;0.05316;AZUL;1261;;0;2023;Texto extraído diretamente do caderno oficial.
135;CN;82828;A;3;0;;2.87792;1.6912;0.05316;AZUL;1261;;0;2023;Texto extraído diretamente do caderno oficial.
135;CN;82828;A;3;0;;2.87792;1.6912;0.05316;AZUL;1301;;0;2023;Texto extraído diretamente do caderno oficial.
135;CN;82828;A;3;0;;2.87792;1.6912;0.05316;AZUL;1301;;0;2023;Texto extraído diretamente do caderno oficial.
135;CN;82828;A;3;0;;2.87792;1.6912;0.05316;AZUL;1301;;0;2023;Texto extraído diretamente do caderno oficial.
135;CN;82828;A;3;0;;2.87792;1.6912;0.05316;AZUL;1261;;0;2023;Texto extraído diretamente do caderno oficial.
170;MT;32627;A;20;0;;2.87;1.54072;0.12062;AZUL;1323;;0;2023;Texto extraído diretamente do caderno oficial.
170;MT;32627;A;20;0;;2.87;1.54072;0.12062;AZUL;1323;;0;2023;Texto extraído diretamente do caderno oficial.
170;MT;32627;A;20;0;;2.87;1.54072;0.12062;AZUL;1323;;0;2023;Texto extraído diretamente do caderno oficial.
117;CN;13702;B;5;0;;2.86412;1.37123;0.25332;AZUL;1333;;0;2023;Texto extraído diretamente do caderno oficial.
117;CN;13702;B;5;0;;2.86412;1.37123;0.25332;AZUL;1333;;0;2023;Texto extraído diretamente do caderno oficial.
117;CN;13702;B;5;0;;2.86412;1.37123;0.25332;AZUL;1333;;0;2023;Texto extraído diretamente do caderno oficial.
125;CN;9513;B;6;0;;2.85738;1.3405;0.11903;AZUL;1261;;0;2023;Texto extraído diretamente do caderno oficial.
125;CN;9513;B;6;0;;2.85738;1.3405;0.11903;AZUL;1301;;0;2023;Texto extraído diretamente do caderno oficial.
125;CN;9513;B;6;0;;2.85738;1.3405;0.11903;AZUL;1261;;0;2023;Texto extraído diretamente do caderno oficial.
125;CN;9513;B;6;0;;2.85738;1.3405;0.11903;AZUL;1261;;0;2023;Texto extraído diretamente do caderno oficial.
125;CN;9513;B;6;0;;2.85738;1.3405;0.11903;AZUL;1301;;0;2023;Texto extraído diretamente do caderno oficial.
125;CN;9513;B;6;0;;2.85738;1.3405;0.11903;AZUL;1301;;0;2023;Texto extraído diretamente do caderno oficial.
155;MT;117594;D;14;0;;2.85622;2.39663;0.21409;AZUL;1251;;0;2023;Texto extraído diretamente do caderno oficial.
155;MT;117594;D;14;0;;2.85622;2.39663;0.21409;AZUL;1291;;0;2023;Texto extraído diretamente do caderno oficial.
155;MT;117594;D;14;0;;2.85622;2.39663;0.21409;AZUL;1291;;0;2023;Texto extraído diretamente do caderno oficial.
155;MT;117594;D;14;0;;2.85622;2.39663;0.21409;AZUL;1251;;0;2023;Texto extraído diretamente do caderno oficial.
155;MT;117594;D;14;0;;2.85622;2.39663;0.21409;AZUL;1251;;0;2023;Texto extraído diretamente do caderno oficial.
155;MT;117594;D;14;0;;2.85622;2.39663;0.21409;AZUL;1291;;0;2023;Texto extraído diretamente do caderno oficial.
58;CH;141466;C;20;0;;2.82802;0.97492;0.32247;AZUL;1231;;0;2023;Texto extraído diretamente do caderno oficial.
58;CH;141466;C;20;0;;2.82802;0.97492;0.32247;AZUL;1231;;0;2023;Texto extraído diretamente do caderno oficial.
58;CH;141466;C;20;0;;2.82802;0.97492;0.32247;AZUL;1231;;0;2023;Texto extraído diretamente do caderno oficial.
58;CH;141466;C;20;0;;2.82802;0.97492;0.32247;AZUL;1271;;0;2023;Texto extraído diretamente do caderno oficial.
58;CH;141466;C;20;0;;2.82802;0.97492;0.32247;AZUL;1271;;0;2023;Texto extraído diretamente do caderno oficial.
58;CH;141466;C;20;0;;2.82802;0.97492;0.32247;AZUL;1271;;0;2023;Texto extraído diretamente do caderno oficial.
56;CH;140426;E;28;0;;2.81419;0.63293;0.20398;AZUL;1231;;0;2023;Texto extraído diretamente do caderno oficial.
56;CH;140426;E;28;0;;2.81419;0.63293;0.20398;AZUL;1231;;0;2023;Texto extraído diretamente do caderno oficial.
56;CH;140426;E;28;0;;2.81419;0.63293;0.20398;AZUL;1271;;0;2023;Texto extraído diretamente do caderno oficial.
56;CH;140426;E;28;0;;2.81419;0.63293;0.20398;AZUL;1271;;0;2023;Texto extraído diretamente do caderno oficial.
56;CH;140426;E;28;0;;2.81419;0.63293;0.20398;AZUL;1271;;0;2023;Texto extraído diretamente do caderno oficial.
56;CH;140426;E;28;0;;2.81419;0.63293;0.20398;AZUL;1231;;0;2023;Texto extraído diretamente do caderno oficial.
15;LC;141467;E;22;0;;2.80475;0.9347;0.17052;AZUL;1281;;0;2023;Texto extraído diretamente do caderno oficial.
15;LC;141467;E;22;0;;2.80475;0.9347;0.17052;AZUL;1281;;0;2023;Texto extraído diretamente do caderno oficial.
15;LC;141467;E;22;0;;2.80475;0.9347;0.17052;AZUL;1241;;0;2023;Texto extraído diretamente do caderno oficial.
15;LC;141467;E;22;0;;2.80475;0.9347;0.17052;AZUL;1281;;0;2023;Texto extraído diretamente do caderno oficial.
15;LC;141467;E;22;0;;2.80475;0.9347;0.17052;AZUL;1241;;0;2023;Texto extraído diretamente do caderno oficial.
15;LC;141467;E;22;0;;2.80475;0.9347;0.17052;AZUL;1241;;0;2023;Texto extraído diretamente do caderno oficial.
105;CN;117828;B;19;0;;2.80401;1.5881;0.34028;AZUL;1301;;0;2023;Texto extraído diretamente do caderno oficial.
105;CN;117828;B;19;0;;2.80401;1.5881;0.34028;AZUL;1301;;0;2023;Texto extraído diretamente do caderno oficial.
105;CN;117828;B;19;0;;2.80401;1.5881;0.34028;AZUL;1261;;0;2023;Texto extraído diretamente do caderno oficial.
105;CN;117828;B;19;0;;2.80401;1.5881;0.34028;AZUL;1261;;0;2023;Texto extraído diretamente do caderno oficial.
105;CN;117828;B;19;0;;2.80401;1.5881;0.34028;AZUL;1261;;0;2023;Texto extraído diretamente do caderno oficial.
105;CN;117828;B;19;0;;2.80401;1.5881;0.34028;AZUL;1301;;0;2023;Texto extraído diretamente do caderno oficial.
2;LC;140565;D;5;0;;2.78457;0.65111;0.16995;AZUL;1281;1.0;0;2023;Texto extraído diretamente do caderno oficial.
2;LC;140565;D;5;0;;2.78457;0.65111;0.16995;AZUL;1281;1.0;0;2023;Texto extraído diretamente do caderno oficial.
2;LC;140565;D;5;0;;2.78457;0.65111;0.16995;AZUL;1281;1.0;0;2023;Texto extraído diretamente do caderno oficial.
2;LC;140565;D;5;0;;2.78457;0.65111;0.16995;AZUL;1241;1.0;0;2023;Texto extraído diretamente do caderno oficial.
2;LC;140565;D;5;0;;2.78457;0.65111;0.16995;AZUL;1241;1.0;0;2023;Texto extraído diretamente do caderno oficial.
2;LC;140565;D;5;0;;2.78457;0.65111;0.16995;AZUL;1241;1.0;0;2023;Texto extraído diretamente do caderno oficial.
167;MT;15207;B;19;0;;2.77224;2.00426;0.04097;AZUL;1323;;0;2023;Texto extraído diretamente do caderno oficial.
167;MT;15207;B;19;0;;2.77224;2.00426;0.04097;AZUL;1323;;0;2023;Texto extraído diretamente do caderno oficial.
167;MT;15207;B;19;0;;2.77224;2.00426;0.04097;AZUL;1323;;0;2023;Texto extraído diretamente do caderno oficial.
85;CH;141129;A;14;0;;2.76836;0.6298;0.17991;AZUL;1271;;0;2023;Texto extraído diretamente do caderno oficial.
85;CH;141129;A;14;0;;2.76836;0.6298;0.17991;AZUL;1271;;0;2023;Texto extraído diretamente do caderno oficial.
85;CH;141129;A;14;0;;2.76836;0.6298;0.17991;AZUL;1231;;0;2023;Texto extraído diretamente do caderno oficial.
85;CH;141129;A;14;0;;2.76836;0.6298;0.17991;AZUL;1231;;0;2023;Texto extraído diretamente do caderno oficial.
85;CH;141129;A;14;0;;2.76836;0.6298;0.17991;AZUL;1231;;0;2023;Texto extraído diretamente do caderno oficial.
85;CH;141129;A;14;0;;2.76836;0.6298;0.17991;AZUL;1271;;0;2023;Texto extraído diretamente do caderno oficial.
177;MT;125917;B;11;0;;2.76697;2.68891;0.14606;AZUL;1323;;0;2023;Texto extraído diretamente do caderno oficial.
177;MT;125917;B;11;0;;2.76697;2.68891;0.14606;AZUL;1323;;0;2023;Texto extraído diretamente do caderno oficial.
177;MT;125917;B;11;0;;2.76697;2.68891;0.14606;AZUL;1323;;0;2023;Texto extraído diretamente do caderno oficial.
126;CN;111547;A;23;0;;2.76472;2.5307;0.08433;AZUL;1333;;0;2023;Texto extraído diretamente do caderno oficial.
126;CN;111547;A;23;0;;2.76472;2.5307;0.08433;AZUL;1333;;0;2023;Texto extraído diretamente do caderno oficial.
126;CN;111547;A;23;0;;2.76472;2.5307;0.08433;AZUL;1333;;0;2023;Texto extraído diretamente do caderno oficial.
72;CH;141050;A;26;0;;2.73781;1.71743;0.23395;AZUL;1271;;0;2023;Texto extraído diretamente do caderno oficial.
72;CH;141050;A;26;0;;2.73781;1.71743;0.23395;AZUL;1231;;0;2023;Texto extraído diretamente do caderno oficial.
72;CH;141050;A;26;0;;2.73781;1.71743;0.23395;AZUL;1271;;0;2023;Texto extraído diretamente do caderno oficial.
72;CH;141050;A;26;0;;2.73781;1.71743;0.23395;AZUL;1231;;0;2023;Texto extraído diretamente do caderno oficial.
72;CH;141050;A;26;0;;2.73781;1.71743;0.23395;AZUL;1271;;0;2023;Texto extraído diretamente do caderno oficial.
72;CH;141050;A;26;0;;2.73781;1.71743;0.23395;AZUL;1231;;0;2023;Texto extraído diretamente do caderno oficial.
1;LC;140718;E;8;0;;2.73373;0.00161;0.19391;AZUL;1241;1.0;0;2023;"ºº
1 DIA
01
EXAME NACIONAL DO ENSINO MÉDIO
PROVA DE LINGUAGENS, CÓDIGOS E SUAS TECNOLOGIAS E REDAÇÃO
PROVA DE CIÊNCIAS HUMANAS E SUAS TECNOLOGIAS
CADERNO
1
AZUL
ATENÇÃO: transcreva no espaço apropriado do seu CARTÃO-RESPOSTA,
com sua caligrafia usual, considerando as letras maiúsculas e minúsculas, a seguinte frase:
Você é do tamanho do seu sonho
LEIA ATENTAMENTE AS INSTRUÇÕES SEGUINTES:
1. E ste CADERNO DE QUESTÕES contém 90 questões numeradas de 01 a 90 e a Proposta de Redação,
dispostas da seguinte maneira:
a) questões de número 01 a 45, relativas à área de Linguagens, Códigos e suas Tecnologias;
b) Proposta de Redação;
c) questões de número 46 a 90, relativas à área de Ciências Humanas e suas Tecnologias.
ATENÇÃO: as questões de 01 a 05 são relativas à língua estrangeira. Você deverá responder apenas
às questões relativas à língua estrangeira (inglês ou espanhol) escolhida no ato de sua inscrição.
2. Confira se a quantidade e a ordem das questões do seu CADERNO DE QUESTÕES estão de acordo
com as instruções anteriores. Caso o caderno esteja incompleto, tenha defeito ou apresente qualquer
divergência, comunique ao aplicador da sala para que ele tome as providências cabíveis.
3. P ara cada uma das questões objetivas, são apresentadas 5 opções. Apenas uma responde
corretamente à questão.
4. O tempo disponível para estas provas é de cinco horas e trinta minutos.
5. Reserve tempo suficiente para preencher o CARTÃO-RESPOSTA e a FOLHA DE REDAÇÃO.
6. O s rascunhos e as marcações assinaladas no CADERNO DE QUESTÕES não serão considerados na
avaliação.
7. Somente serão corrigidas as redações transcritas na FOLHA DE REDAÇÃO.
8. Q uando terminar as provas, acene para chamar o aplicador e entregue este CADERNO DE QUESTÕES
e o CARTÃO-RESPOSTA/FOLHA DE REDAÇÃO.
9. V ocê poderá deixar o local de prova somente após decorridas duas horas do início da aplicação e
poderá levar seu CADERNO DE QUESTÕES ao deixar em definitivo a sala de prova nos 30 minutos
que antecedem o término das provas.
0 1
1 Dia 1 Dia
1°Capa 4°Capa
Azul 1 1 Azul
Amarelo 2 2 Amarelo
Branco 3 3 Branco
Rosa 4 4 Rosa
Ledor 9 9 Ledor
Libras 10 10 Libras
2 Dia 2 Dia
1°Capa 4°Capa
Libras 12 12 Libras
Ledor 11 11 Ledor
Rosa 8 8 Rosa
Azul 7 7 Azul
Cinza 6 6 Cinza
Amarelo 5 5 Amarelo
*010175AZ1*
BBiigguurrrriillhhooss..iinndddd 11 1144//0066//22002222 1177::1122::0066"
1;LC;140718;E;8;0;;2.73373;0.00161;0.19391;AZUL;1281;1.0;0;2023;"ºº
1 DIA
01
EXAME NACIONAL DO ENSINO MÉDIO
PROVA DE LINGUAGENS, CÓDIGOS E SUAS TECNOLOGIAS E REDAÇÃO
PROVA DE CIÊNCIAS HUMANAS E SUAS TECNOLOGIAS
CADERNO
1
AZUL
ATENÇÃO: transcreva no espaço apropriado do seu CARTÃO-RESPOSTA,
com sua caligrafia usual, considerando as letras maiúsculas e minúsculas, a seguinte frase:
Você é do tamanho do seu sonho
LEIA ATENTAMENTE AS INSTRUÇÕES SEGUINTES:
1. E ste CADERNO DE QUESTÕES contém 90 questões numeradas de 01 a 90 e a Proposta de Redação,
dispostas da seguinte maneira:
a) questões de número 01 a 45, relativas à área de Linguagens, Códigos e suas Tecnologias;
b) Proposta de Redação;
c) questões de número 46 a 90, relativas à área de Ciências Humanas e suas Tecnologias.
ATENÇÃO: as questões de 01 a 05 são relativas à língua estrangeira. Você deverá responder apenas
às questões relativas à língua estrangeira (inglês ou espanhol) escolhida no ato de sua inscrição.
2. Confira se a quantidade e a ordem das questões do seu CADERNO DE QUESTÕES estão de acordo
com as instruções anteriores. Caso o caderno esteja incompleto, tenha defeito ou apresente qualquer
divergência, comunique ao aplicador da sala para que ele tome as providências cabíveis.
3. P ara cada uma das questões objetivas, são apresentadas 5 opções. Apenas uma responde
corretamente à questão.
4. O tempo disponível para estas provas é de cinco horas e trinta minutos.
5. Reserve tempo suficiente para preencher o CARTÃO-RESPOSTA e a FOLHA DE REDAÇÃO.
6. O s rascunhos e as marcações assinaladas no CADERNO DE QUESTÕES não serão considerados na
avaliação.
7. Somente serão corrigidas as redações transcritas na FOLHA DE REDAÇÃO.
8. Q uando terminar as provas, acene para chamar o aplicador e entregue este CADERNO DE QUESTÕES
e o CARTÃO-RESPOSTA/FOLHA DE REDAÇÃO.
9. V ocê poderá deixar o local de prova somente após decorridas duas horas do início da aplicação e
poderá levar seu CADERNO DE QUESTÕES ao deixar em definitivo a sala de prova nos 30 minutos
que antecedem o término das provas.
0 1
1 Dia 1 Dia
1°Capa 4°Capa
Azul 1 1 Azul
Amarelo 2 2 Amarelo
Branco 3 3 Branco
Rosa 4 4 Rosa
Ledor 9 9 Ledor
Libras 10 10 Libras
2 Dia 2 Dia
1°Capa 4°Capa
Libras 12 12 Libras
Ledor 11 11 Ledor
Rosa 8 8 Rosa
Azul 7 7 Azul
Cinza 6 6 Cinza
Amarelo 5 5 Amarelo
*010175AZ1*
BBiigguurrrriillhhooss..iinndddd 11 1144//0066//22002222 1177::1122::0066"
1;LC;140718;E;8;0;;2.73373;0.00161;0.19391;AZUL;1281;1.0;0;2023;"ºº
1 DIA
01
EXAME NACIONAL DO ENSINO MÉDIO
PROVA DE LINGUAGENS, CÓDIGOS E SUAS TECNOLOGIAS E REDAÇÃO
PROVA DE CIÊNCIAS HUMANAS E SUAS TECNOLOGIAS
CADERNO
1
AZUL
ATENÇÃO: transcreva no espaço apropriado do seu CARTÃO-RESPOSTA,
com sua caligrafia usual, considerando as letras maiúsculas e minúsculas, a seguinte frase:
Você é do tamanho do seu sonho
LEIA ATENTAMENTE AS INSTRUÇÕES SEGUINTES:
1. E ste CADERNO DE QUESTÕES contém 90 questões numeradas de 01 a 90 e a Proposta de Redação,
dispostas da seguinte maneira:
a) questões de número 01 a 45, relativas à área de Linguagens, Códigos e suas Tecnologias;
b) Proposta de Redação;
c) questões de número 46 a 90, relativas à área de Ciências Humanas e suas Tecnologias.
ATENÇÃO: as questões de 01 a 05 são relativas à língua estrangeira. Você deverá responder apenas
às questões relativas à língua estrangeira (inglês ou espanhol) escolhida no ato de sua inscrição.
2. Confira se a quantidade e a ordem das questões do seu CADERNO DE QUESTÕES estão de acordo
com as instruções anteriores. Caso o caderno esteja incompleto, tenha defeito ou apresente qualquer
divergência, comunique ao aplicador da sala para que ele tome as providências cabíveis.
3. P ara cada uma das questões objetivas, são apresentadas 5 opções. Apenas uma responde
corretamente à questão.
4. O tempo disponível para estas provas é de cinco horas e trinta minutos.
5. Reserve tempo suficiente para preencher o CARTÃO-RESPOSTA e a FOLHA DE REDAÇÃO.
6. O s rascunhos e as marcações assinaladas no CADERNO DE QUESTÕES não serão considerados na
avaliação.
7. Somente serão corrigidas as redações transcritas na FOLHA DE REDAÇÃO.
8. Q uando terminar as provas, acene para chamar o aplicador e entregue este CADERNO DE QUESTÕES
e o CARTÃO-RESPOSTA/FOLHA DE REDAÇÃO.
9. V ocê poderá deixar o local de prova somente após decorridas duas horas do início da aplicação e
poderá levar seu CADERNO DE QUESTÕES ao deixar em definitivo a sala de prova nos 30 minutos
que antecedem o término das provas.
0 1
1 Dia 1 Dia
1°Capa 4°Capa
Azul 1 1 Azul
Amarelo 2 2 Amarelo
Branco 3 3 Branco
Rosa 4 4 Rosa
Ledor 9 9 Ledor
Libras 10 10 Libras
2 Dia 2 Dia
1°Capa 4°Capa
Libras 12 12 Libras
Ledor 11 11 Ledor
Rosa 8 8 Rosa
Azul 7 7 Azul
Cinza 6 6 Cinza
Amarelo 5 5 Amarelo
*010175AZ1*
BBiigguurrrriillhhooss..iinndddd 11 1144//0066//22002222 1177::1122::0066"
1;LC;140718;E;8;0;;2.73373;0.00161;0.19391;AZUL;1281;1.0;0;2023;"ºº
1 DIA
01
EXAME NACIONAL DO ENSINO MÉDIO
PROVA DE LINGUAGENS, CÓDIGOS E SUAS TECNOLOGIAS E REDAÇÃO
PROVA DE CIÊNCIAS HUMANAS E SUAS TECNOLOGIAS
CADERNO
1
AZUL
ATENÇÃO: transcreva no espaço apropriado do seu CARTÃO-RESPOSTA,
com sua caligrafia usual, considerando as letras maiúsculas e minúsculas, a seguinte frase:
Você é do tamanho do seu sonho
LEIA ATENTAMENTE AS INSTRUÇÕES SEGUINTES:
1. E ste CADERNO DE QUESTÕES contém 90 questões numeradas de 01 a 90 e a Proposta de Redação,
dispostas da seguinte maneira:
a) questões de número 01 a 45, relativas à área de Linguagens, Códigos e suas Tecnologias;
b) Proposta de Redação;
c) questões de número 46 a 90, relativas à área de Ciências Humanas e suas Tecnologias.
ATENÇÃO: as questões de 01 a 05 são relativas à língua estrangeira. Você deverá responder apenas
às questões relativas à língua estrangeira (inglês ou espanhol) escolhida no ato de sua inscrição.
2. Confira se a quantidade e a ordem das questões do seu CADERNO DE QUESTÕES estão de acordo
com as instruções anteriores. Caso o caderno esteja incompleto, tenha defeito ou apresente qualquer
divergência, comunique ao aplicador da sala para que ele tome as providências cabíveis.
3. P ara cada uma das questões objetivas, são apresentadas 5 opções. Apenas uma responde
corretamente à questão.
4. O tempo disponível para estas provas é de cinco horas e trinta minutos.
5. Reserve tempo suficiente para preencher o CARTÃO-RESPOSTA e a FOLHA DE REDAÇÃO.
6. O s rascunhos e as marcações assinaladas no CADERNO DE QUESTÕES não serão considerados na
avaliação.
7. Somente serão corrigidas as redações transcritas na FOLHA DE REDAÇÃO.
8. Q uando terminar as provas, acene para chamar o aplicador e entregue este CADERNO DE QUESTÕES
e o CARTÃO-RESPOSTA/FOLHA DE REDAÇÃO.
9. V ocê poderá deixar o local de prova somente após decorridas duas horas do início da aplicação e
poderá levar seu CADERNO DE QUESTÕES ao deixar em definitivo a sala de prova nos 30 minutos
que antecedem o término das provas.
0 1
1 Dia 1 Dia
1°Capa 4°Capa
Azul 1 1 Azul
Amarelo 2 2 Amarelo
Branco 3 3 Branco
Rosa 4 4 Rosa
Ledor 9 9 Ledor
Libras 10 10 Libras
2 Dia 2 Dia
1°Capa 4°Capa
Libras 12 12 Libras
Ledor 11 11 Ledor
Rosa 8 8 Rosa
Azul 7 7 Azul
Cinza 6 6 Cinza
Amarelo 5 5 Amarelo
*010175AZ1*
BBiigguurrrriillhhooss..iinndddd 11 1144//0066//22002222 1177::1122::0066"
1;LC;140718;E;8;0;;2.73373;0.00161;0.19391;AZUL;1241;1.0;0;2023;"ºº
1 DIA
01
EXAME NACIONAL DO ENSINO MÉDIO
PROVA DE LINGUAGENS, CÓDIGOS E SUAS TECNOLOGIAS E REDAÇÃO
PROVA DE CIÊNCIAS HUMANAS E SUAS TECNOLOGIAS
CADERNO
1
AZUL
ATENÇÃO: transcreva no espaço apropriado do seu CARTÃO-RESPOSTA,
com sua caligrafia usual, considerando as letras maiúsculas e minúsculas, a seguinte frase:
Você é do tamanho do seu sonho
LEIA ATENTAMENTE AS INSTRUÇÕES SEGUINTES:
1. E ste CADERNO DE QUESTÕES contém 90 questões numeradas de 01 a 90 e a Proposta de Redação,
dispostas da seguinte maneira:
a) questões de número 01 a 45, relativas à área de Linguagens, Códigos e suas Tecnologias;
b) Proposta de Redação;
c) questões de número 46 a 90, relativas à área de Ciências Humanas e suas Tecnologias.
ATENÇÃO: as questões de 01 a 05 são relativas à língua estrangeira. Você deverá responder apenas
às questões relativas à língua estrangeira (inglês ou espanhol) escolhida no ato de sua inscrição.
2. Confira se a quantidade e a ordem das questões do seu CADERNO DE QUESTÕES estão de acordo
com as instruções anteriores. Caso o caderno esteja incompleto, tenha defeito ou apresente qualquer
divergência, comunique ao aplicador da sala para que ele tome as providências cabíveis.
3. P ara cada uma das questões objetivas, são apresentadas 5 opções. Apenas uma responde
corretamente à questão.
4. O tempo disponível para estas provas é de cinco horas e trinta minutos.
5. Reserve tempo suficiente para preencher o CARTÃO-RESPOSTA e a FOLHA DE REDAÇÃO.
6. O s rascunhos e as marcações assinaladas no CADERNO DE QUESTÕES não serão considerados na
avaliação.
7. Somente serão corrigidas as redações transcritas na FOLHA DE REDAÇÃO.
8. Q uando terminar as provas, acene para chamar o aplicador e entregue este CADERNO DE QUESTÕES
e o CARTÃO-RESPOSTA/FOLHA DE REDAÇÃO.
9. V ocê poderá deixar o local de prova somente após decorridas duas horas do início da aplicação e
poderá levar seu CADERNO DE QUESTÕES ao deixar em definitivo a sala de prova nos 30 minutos
que antecedem o término das provas.
0 1
1 Dia 1 Dia
1°Capa 4°Capa
Azul 1 1 Azul
Amarelo 2 2 Amarelo
Branco 3 3 Branco
Rosa 4 4 Rosa
Ledor 9 9 Ledor
Libras 10 10 Libras
2 Dia 2 Dia
1°Capa 4°Capa
Libras 12 12 Libras
Ledor 11 11 Ledor
Rosa 8 8 Rosa
Azul 7 7 Azul
Cinza 6 6 Cinza
Amarelo 5 5 Amarelo
*010175AZ1*
BBiigguurrrriillhhooss..iinndddd 11 1144//0066//22002222 1177::1122::0066"
1;LC;140718;E;8;0;;2.73373;0.00161;0.19391;AZUL;1241;1.0;0;2023;"ºº
1 DIA
01
EXAME NACIONAL DO ENSINO MÉDIO
PROVA DE LINGUAGENS, CÓDIGOS E SUAS TECNOLOGIAS E REDAÇÃO
PROVA DE CIÊNCIAS HUMANAS E SUAS TECNOLOGIAS
CADERNO
1
AZUL
ATENÇÃO: transcreva no espaço apropriado do seu CARTÃO-RESPOSTA,
com sua caligrafia usual, considerando as letras maiúsculas e minúsculas, a seguinte frase:
Você é do tamanho do seu sonho
LEIA ATENTAMENTE AS INSTRUÇÕES SEGUINTES:
1. E ste CADERNO DE QUESTÕES contém 90 questões numeradas de 01 a 90 e a Proposta de Redação,
dispostas da seguinte maneira:
a) questões de número 01 a 45, relativas à área de Linguagens, Códigos e suas Tecnologias;
b) Proposta de Redação;
c) questões de número 46 a 90, relativas à área de Ciências Humanas e suas Tecnologias.
ATENÇÃO: as questões de 01 a 05 são relativas à língua estrangeira. Você deverá responder apenas
às questões relativas à língua estrangeira (inglês ou espanhol) escolhida no ato de sua inscrição.
2. Confira se a quantidade e a ordem das questões do seu CADERNO DE QUESTÕES estão de acordo
com as instruções anteriores. Caso o caderno esteja incompleto, tenha defeito ou apresente qualquer
divergência, comunique ao aplicador da sala para que ele tome as providências cabíveis.
3. P ara cada uma das questões objetivas, são apresentadas 5 opções. Apenas uma responde
corretamente à questão.
4. O tempo disponível para estas provas é de cinco horas e trinta minutos.
5. Reserve tempo suficiente para preencher o CARTÃO-RESPOSTA e a FOLHA DE REDAÇÃO.
6. O s rascunhos e as marcações assinaladas no CADERNO DE QUESTÕES não serão considerados na
avaliação.
7. Somente serão corrigidas as redações transcritas na FOLHA DE REDAÇÃO.
8. Q uando terminar as provas, acene para chamar o aplicador e entregue este CADERNO DE QUESTÕES
e o CARTÃO-RESPOSTA/FOLHA DE REDAÇÃO.
9. V ocê poderá deixar o local de prova somente após decorridas duas horas do início da aplicação e
poderá levar seu CADERNO DE QUESTÕES ao deixar em definitivo a sala de prova nos 30 minutos
que antecedem o término das provas.
0 1
1 Dia 1 Dia
1°Capa 4°Capa
Azul 1 1 Azul
Amarelo 2 2 Amarelo
Branco 3 3 Branco
Rosa 4 4 Rosa
Ledor 9 9 Ledor
Libras 10 10 Libras
2 Dia 2 Dia
1°Capa 4°Capa
Libras 12 12 Libras
Ledor 11 11 Ledor
Rosa 8 8 Rosa
Azul 7 7 Azul
Cinza 6 6 Cinza
Amarelo 5 5 Amarelo
*010175AZ1*
BBiigguurrrriillhhooss..iinndddd 11 1144//0066//22002222 1177::1122::0066"
93;CN;117887;E;12;0;;2.73097;0.32923;0.13662;AZUL;1221;;0;2023;Texto extraído diretamente do caderno oficial.
93;CN;117887;E;12;0;;2.73097;0.32923;0.13662;AZUL;1221;;0;2023;Texto extraído diretamente do caderno oficial.
93;CN;117887;E;12;0;;2.73097;0.32923;0.13662;AZUL;1221;;0;2023;Texto extraído diretamente do caderno oficial.
44;LC;40390;A;22;0;;2.71986;-1.03297;0.01557;AZUL;1201;;0;2023;Texto extraído diretamente do caderno oficial.
44;LC;40390;A;22;0;;2.71986;-1.03297;0.01557;AZUL;1201;;0;2023;Texto extraído diretamente do caderno oficial.
44;LC;40390;A;22;0;;2.71986;-1.03297;0.01557;AZUL;1201;;0;2023;Texto extraído diretamente do caderno oficial.
174;MT;125990;A;23;0;;2.71883;1.96573;0.12171;AZUL;1291;;0;2023;Texto extraído diretamente do caderno oficial.
174;MT;125990;A;23;0;;2.71883;1.96573;0.12171;AZUL;1251;;0;2023;Texto extraído diretamente do caderno oficial.
174;MT;125990;A;23;0;;2.71883;1.96573;0.12171;AZUL;1291;;0;2023;Texto extraído diretamente do caderno oficial.
174;MT;125990;A;23;0;;2.71883;1.96573;0.12171;AZUL;1251;;0;2023;Texto extraído diretamente do caderno oficial.
174;MT;125990;A;23;0;;2.71883;1.96573;0.12171;AZUL;1251;;0;2023;Texto extraído diretamente do caderno oficial.
174;MT;125990;A;23;0;;2.71883;1.96573;0.12171;AZUL;1291;;0;2023;Texto extraído diretamente do caderno oficial.
117;CN;82333;A;22;0;;2.71433;1.9822;0.05932;AZUL;1221;;0;2023;Texto extraído diretamente do caderno oficial.
117;CN;82333;A;22;0;;2.71433;1.9822;0.05932;AZUL;1221;;0;2023;Texto extraído diretamente do caderno oficial.
117;CN;82333;A;22;0;;2.71433;1.9822;0.05932;AZUL;1221;;0;2023;Texto extraído diretamente do caderno oficial.
141;MT;14994;E;28;0;;2.70307;1.3682;0.16099;AZUL;1211;;0;2023;Texto extraído diretamente do caderno oficial.
141;MT;14994;E;28;0;;2.70307;1.3682;0.16099;AZUL;1211;;0;2023;Texto extraído diretamente do caderno oficial.
141;MT;14994;E;28;0;;2.70307;1.3682;0.16099;AZUL;1211;;0;2023;Texto extraído diretamente do caderno oficial.
57;CH;141066;C;16;0;;2.69465;0.38977;0.1655;AZUL;1231;;0;2023;Texto extraído diretamente do caderno oficial.
57;CH;141066;C;16;0;;2.69465;0.38977;0.1655;AZUL;1231;;0;2023;Texto extraído diretamente do caderno oficial.
57;CH;141066;C;16;0;;2.69465;0.38977;0.1655;AZUL;1231;;0;2023;Texto extraído diretamente do caderno oficial.
57;CH;141066;C;16;0;;2.69465;0.38977;0.1655;AZUL;1271;;0;2023;Texto extraído diretamente do caderno oficial.
57;CH;141066;C;16;0;;2.69465;0.38977;0.1655;AZUL;1271;;0;2023;Texto extraído diretamente do caderno oficial.
57;CH;141066;C;16;0;;2.69465;0.38977;0.1655;AZUL;1271;;0;2023;Texto extraído diretamente do caderno oficial.
32;LC;141229;A;14;0;;2.6904;1.08302;0.17386;AZUL;1201;;0;2023;Texto extraído diretamente do caderno oficial.
32;LC;141229;A;14;0;;2.6904;1.08302;0.17386;AZUL;1201;;0;2023;Texto extraído diretamente do caderno oficial.
32;LC;141229;A;14;0;;2.6904;1.08302;0.17386;AZUL;1201;;0;2023;Texto extraído diretamente do caderno oficial.
106;CN;141723;C;11;0;;2.6872;0.69491;0.15317;AZUL;1221;;0;2023;Texto extraído diretamente do caderno oficial.
106;CN;141723;C;11;0;;2.6872;0.69491;0.15317;AZUL;1221;;0;2023;Texto extraído diretamente do caderno oficial.
106;CN;141723;C;11;0;;2.6872;0.69491;0.15317;AZUL;1221;;0;2023;Texto extraído diretamente do caderno oficial.
168;MT;24523;A;28;0;;2.68656;2.50464;0.12713;AZUL;1211;;0;2023;Texto extraído diretamente do caderno oficial.
168;MT;24523;A;28;0;;2.68656;2.50464;0.12713;AZUL;1211;;0;2023;Texto extraído diretamente do caderno oficial.
168;MT;24523;A;28;0;;2.68656;2.50464;0.12713;AZUL;1211;;0;2023;Texto extraído diretamente do caderno oficial.
149;MT;50176;B;20;0;;2.66954;1.71786;0.17943;AZUL;1323;;0;2023;Texto extraído diretamente do caderno oficial.
149;MT;50176;B;20;0;;2.66954;1.71786;0.17943;AZUL;1323;;0;2023;Texto extraído diretamente do caderno oficial.
149;MT;50176;B;20;0;;2.66954;1.71786;0.17943;AZUL;1323;;0;2023;Texto extraído diretamente do caderno oficial.
113;CN;82446;A;23;0;;2.66863;2.35839;0.05501;AZUL;1221;;0;2023;Texto extraído diretamente do caderno oficial.
113;CN;82446;A;23;0;;2.66863;2.35839;0.05501;AZUL;1221;;0;2023;Texto extraído diretamente do caderno oficial.
113;CN;82446;A;23;0;;2.66863;2.35839;0.05501;AZUL;1221;;0;2023;Texto extraído diretamente do caderno oficial.
39;LC;140852;C;3;0;;2.66578;-0.42751;0.19271;AZUL;1281;;0;2023;Texto extraído diretamente do caderno oficial.
39;LC;140852;C;3;0;;2.66578;-0.42751;0.19271;AZUL;1281;;0;2023;Texto extraído diretamente do caderno oficial.
39;LC;140852;C;3;0;;2.66578;-0.42751;0.19271;AZUL;1241;;0;2023;Texto extraído diretamente do caderno oficial.
39;LC;140852;C;3;0;;2.66578;-0.42751;0.19271;AZUL;1281;;0;2023;Texto extraído diretamente do caderno oficial.
39;LC;140852;C;3;0;;2.66578;-0.42751;0.19271;AZUL;1241;;0;2023;Texto extraído diretamente do caderno oficial.
39;LC;140852;C;3;0;;2.66578;-0.42751;0.19271;AZUL;1241;;0;2023;Texto extraído diretamente do caderno oficial.
3;LC;141715;E;8;0;;2.65505;0.51608;0.18619;AZUL;1201;1.0;0;2023;"*010175AZ32*
01
1 Dia 1 Dia
1°Capa 4°Capa
Transcreva a sua Redação para a Folha de Redação.
Azul 1 1 Azul
Amarelo 2 2 Amarelo
Branco 3 1 3 Branco
Rosa 4 2 4 Rosa
3
Ledor 9 9 Ledor
Libras 10 4 10 Libras
5
6
7
8
O
9
H
10
N O
11
U
12 Ã
C
13 Ç
S
14 A
A
15 D
16 R
E
17
R
18
A
19
D
20
21
22
23
24
2 Dia 2 Dia
1°Capa 25 4°Capa
Libras 12 26 12 Libras
Ledor 11 11 Ledor
27
28
Rosa 8 8 Rosa
Azul 7 29 7 Azul
Cinza 6 6 Cinza
30
Amarelo 5 5 Amarelo
32 –1º DIA • CADERNO 1 • AZUL–
01
BBiigguurrrriillhhooss..iinndddd 11 1144//0066//22002222 1177::1122::0066"
3;LC;141715;E;8;0;;2.65505;0.51608;0.18619;AZUL;1201;1.0;0;2023;"*010175AZ32*
01
1 Dia 1 Dia
1°Capa 4°Capa
Transcreva a sua Redação para a Folha de Redação.
Azul 1 1 Azul
Amarelo 2 2 Amarelo
Branco 3 1 3 Branco
Rosa 4 2 4 Rosa
3
Ledor 9 9 Ledor
Libras 10 4 10 Libras
5
6
7
8
O
9
H
10
N O
11
U
12 Ã
C
13 Ç
S
14 A
A
15 D
16 R
E
17
R
18
A
19
D
20
21
22
23
24
2 Dia 2 Dia
1°Capa 25 4°Capa
Libras 12 26 12 Libras
Ledor 11 11 Ledor
27
28
Rosa 8 8 Rosa
Azul 7 29 7 Azul
Cinza 6 6 Cinza
30
Amarelo 5 5 Amarelo
32 –1º DIA • CADERNO 1 • AZUL–
01
BBiigguurrrriillhhooss..iinndddd 11 1144//0066//22002222 1177::1122::0066"
3;LC;141715;E;8;0;;2.65505;0.51608;0.18619;AZUL;1201;1.0;0;2023;"*010175AZ32*
01
1 Dia 1 Dia
1°Capa 4°Capa
Transcreva a sua Redação para a Folha de Redação.
Azul 1 1 Azul
Amarelo 2 2 Amarelo
Branco 3 1 3 Branco
Rosa 4 2 4 Rosa
3
Ledor 9 9 Ledor
Libras 10 4 10 Libras
5
6
7
8
O
9
H
10
N O
11
U
12 Ã
C
13 Ç
S
14 A
A
15 D
16 R
E
17
R
18
A
19
D
20
21
22
23
24
2 Dia 2 Dia
1°Capa 25 4°Capa
Libras 12 26 12 Libras
Ledor 11 11 Ledor
27
28
Rosa 8 8 Rosa
Azul 7 29 7 Azul
Cinza 6 6 Cinza
30
Amarelo 5 5 Amarelo
32 –1º DIA • CADERNO 1 • AZUL–
01
BBiigguurrrriillhhooss..iinndddd 11 1144//0066//22002222 1177::1122::0066"
128;CN;89877;E;30;0;;2.64928;1.83585;0.205;AZUL;1301;;0;2023;Texto extraído diretamente do caderno oficial.
128;CN;89877;E;30;0;;2.64928;1.83585;0.205;AZUL;1261;;0;2023;Texto extraído diretamente do caderno oficial.
128;CN;89877;E;30;0;;2.64928;1.83585;0.205;AZUL;1261;;0;2023;Texto extraído diretamente do caderno oficial.
128;CN;89877;E;30;0;;2.64928;1.83585;0.205;AZUL;1301;;0;2023;Texto extraído diretamente do caderno oficial.
128;CN;89877;E;30;0;;2.64928;1.83585;0.205;AZUL;1261;;0;2023;Texto extraído diretamente do caderno oficial.
128;CN;89877;E;30;0;;2.64928;1.83585;0.205;AZUL;1301;;0;2023;Texto extraído diretamente do caderno oficial.
80;CH;141122;D;11;0;;2.6472;0.15404;0.18491;AZUL;1271;;0;2023;Texto extraído diretamente do caderno oficial.
80;CH;141122;D;11;0;;2.6472;0.15404;0.18491;AZUL;1231;;0;2023;Texto extraído diretamente do caderno oficial.
80;CH;141122;D;11;0;;2.6472;0.15404;0.18491;AZUL;1271;;0;2023;Texto extraído diretamente do caderno oficial.
80;CH;141122;D;11;0;;2.6472;0.15404;0.18491;AZUL;1231;;0;2023;Texto extraído diretamente do caderno oficial.
80;CH;141122;D;11;0;;2.6472;0.15404;0.18491;AZUL;1271;;0;2023;Texto extraído diretamente do caderno oficial.
80;CH;141122;D;11;0;;2.6472;0.15404;0.18491;AZUL;1231;;0;2023;Texto extraído diretamente do caderno oficial.
111;CN;97133;E;18;0;;2.64554;0.91215;0.21322;AZUL;1261;;0;2023;Texto extraído diretamente do caderno oficial.
111;CN;97133;E;18;0;;2.64554;0.91215;0.21322;AZUL;1261;;0;2023;Texto extraído diretamente do caderno oficial.
111;CN;97133;E;18;0;;2.64554;0.91215;0.21322;AZUL;1301;;0;2023;Texto extraído diretamente do caderno oficial.
111;CN;97133;E;18;0;;2.64554;0.91215;0.21322;AZUL;1301;;0;2023;Texto extraído diretamente do caderno oficial.
111;CN;97133;E;18;0;;2.64554;0.91215;0.21322;AZUL;1301;;0;2023;Texto extraído diretamente do caderno oficial.
111;CN;97133;E;18;0;;2.64554;0.91215;0.21322;AZUL;1261;;0;2023;Texto extraído diretamente do caderno oficial.
52;CH;140951;D;22;0;;2.63908;0.27834;0.17545;AZUL;1271;;0;2023;Texto extraído diretamente do caderno oficial.
52;CH;140951;D;22;0;;2.63908;0.27834;0.17545;AZUL;1231;;0;2023;Texto extraído diretamente do caderno oficial.
52;CH;140951;D;22;0;;2.63908;0.27834;0.17545;AZUL;1271;;0;2023;Texto extraído diretamente do caderno oficial.
52;CH;140951;D;22;0;;2.63908;0.27834;0.17545;AZUL;1231;;0;2023;Texto extraído diretamente do caderno oficial.
52;CH;140951;D;22;0;;2.63908;0.27834;0.17545;AZUL;1231;;0;2023;Texto extraído diretamente do caderno oficial.
52;CH;140951;D;22;0;;2.63908;0.27834;0.17545;AZUL;1271;;0;2023;Texto extraído diretamente do caderno oficial.
119;CN;88557;C;21;0;;2.6042;1.59379;0.26321;AZUL;1221;;0;2023;Texto extraído diretamente do caderno oficial.
119;CN;88557;C;21;0;;2.6042;1.59379;0.26321;AZUL;1221;;0;2023;Texto extraído diretamente do caderno oficial.
119;CN;88557;C;21;0;;2.6042;1.59379;0.26321;AZUL;1221;;0;2023;Texto extraído diretamente do caderno oficial.
170;MT;117714;A;9;0;;2.60222;2.09304;0.17394;AZUL;1251;;0;2023;Texto extraído diretamente do caderno oficial.
170;MT;117714;A;9;0;;2.60222;2.09304;0.17394;AZUL;1291;;0;2023;Texto extraído diretamente do caderno oficial.
170;MT;117714;A;9;0;;2.60222;2.09304;0.17394;AZUL;1251;;0;2023;Texto extraído diretamente do caderno oficial.
170;MT;117714;A;9;0;;2.60222;2.09304;0.17394;AZUL;1251;;0;2023;Texto extraído diretamente do caderno oficial.
170;MT;117714;A;9;0;;2.60222;2.09304;0.17394;AZUL;1291;;0;2023;Texto extraído diretamente do caderno oficial.
170;MT;117714;A;9;0;;2.60222;2.09304;0.17394;AZUL;1291;;0;2023;Texto extraído diretamente do caderno oficial.
173;MT;125933;B;10;0;;2.60187;2.11188;0.26394;AZUL;1211;;0;2023;Texto extraído diretamente do caderno oficial.
173;MT;125933;B;10;0;;2.60187;2.11188;0.26394;AZUL;1211;;0;2023;Texto extraído diretamente do caderno oficial.
173;MT;125933;B;10;0;;2.60187;2.11188;0.26394;AZUL;1211;;0;2023;Texto extraído diretamente do caderno oficial.
42;LC;141802;E;10;0;;2.59779;-0.03089;0.21017;AZUL;1201;;0;2023;Texto extraído diretamente do caderno oficial.
42;LC;141802;E;10;0;;2.59779;-0.03089;0.21017;AZUL;1201;;0;2023;Texto extraído diretamente do caderno oficial.
42;LC;141802;E;10;0;;2.59779;-0.03089;0.21017;AZUL;1201;;0;2023;Texto extraído diretamente do caderno oficial.
31;LC;140858;C;16;0;;2.59213;1.19798;0.23009;AZUL;1201;;0;2023;Texto extraído diretamente do caderno oficial.
31;LC;140858;C;16;0;;2.59213;1.19798;0.23009;AZUL;1201;;0;2023;Texto extraído diretamente do caderno oficial.
31;LC;140858;C;16;0;;2.59213;1.19798;0.23009;AZUL;1201;;0;2023;Texto extraído diretamente do caderno oficial.
104;CN;111611;B;1;0;;2.59016;2.32557;0.13444;AZUL;1333;;0;2023;Texto extraído diretamente do caderno oficial.
104;CN;111611;B;1;0;;2.59016;2.32557;0.13444;AZUL;1333;;0;2023;Texto extraído diretamente do caderno oficial.
104;CN;111611;B;1;0;;2.59016;2.32557;0.13444;AZUL;1333;;0;2023;Texto extraído diretamente do caderno oficial.
152;MT;16874;C;21;0;;2.59004;2.41256;0.20225;AZUL;1323;;0;2023;Texto extraído diretamente do caderno oficial.
152;MT;16874;C;21;0;;2.59004;2.41256;0.20225;AZUL;1323;;0;2023;Texto extraído diretamente do caderno oficial.
152;MT;16874;C;21;0;;2.59004;2.41256;0.20225;AZUL;1323;;0;2023;Texto extraído diretamente do caderno oficial.
9;LC;141406;D;29;0;;2.58466;2.6116;0.171;AZUL;1241;;0;2023;"*010175AZ32*
01
1 Dia 1 Dia
1°Capa 4°Capa
Transcreva a sua Redação para a Folha de Redação.
Azul 1 1 Azul
Amarelo 2 2 Amarelo
Branco 3 1 3 Branco
Rosa 4 2 4 Rosa
3
Ledor 9 9 Ledor
Libras 10 4 10 Libras
5
6
7
8
O
9
H
10
N O
11
U
12 Ã
C
13 Ç
S
14 A
A
15 D
16 R
E
17
R
18
A
19
D
20
21
22
23
24
2 Dia 2 Dia
1°Capa 25 4°Capa
Libras 12 26 12 Libras
Ledor 11 11 Ledor
27
28
Rosa 8 8 Rosa
Azul 7 29 7 Azul
Cinza 6 6 Cinza
30
Amarelo 5 5 Amarelo
32 –1º DIA • CADERNO 1 • AZUL–
01
BBiigguurrrriillhhooss..iinndddd 11 1144//0066//22002222 1177::1122::0066"
9;LC;141406;D;29;0;;2.58466;2.6116;0.171;AZUL;1281;;0;2023;"*010175AZ32*
01
1 Dia 1 Dia
1°Capa 4°Capa
Transcreva a sua Redação para a Folha de Redação.
Azul 1 1 Azul
Amarelo 2 2 Amarelo
Branco 3 1 3 Branco
Rosa 4 2 4 Rosa
3
Ledor 9 9 Ledor
Libras 10 4 10 Libras
5
6
7
8
O
9
H
10
N O
11
U
12 Ã
C
13 Ç
S
14 A
A
15 D
16 R
E
17
R
18
A
19
D
20
21
22
23
24
2 Dia 2 Dia
1°Capa 25 4°Capa
Libras 12 26 12 Libras
Ledor 11 11 Ledor
27
28
Rosa 8 8 Rosa
Azul 7 29 7 Azul
Cinza 6 6 Cinza
30
Amarelo 5 5 Amarelo
32 –1º DIA • CADERNO 1 • AZUL–
01
BBiigguurrrriillhhooss..iinndddd 11 1144//0066//22002222 1177::1122::0066"
9;LC;141406;D;29;0;;2.58466;2.6116;0.171;AZUL;1241;;0;2023;"*010175AZ32*
01
1 Dia 1 Dia
1°Capa 4°Capa
Transcreva a sua Redação para a Folha de Redação.
Azul 1 1 Azul
Amarelo 2 2 Amarelo
Branco 3 1 3 Branco
Rosa 4 2 4 Rosa
3
Ledor 9 9 Ledor
Libras 10 4 10 Libras
5
6
7
8
O
9
H
10
N O
11
U
12 Ã
C
13 Ç
S
14 A
A
15 D
16 R
E
17
R
18
A
19
D
20
21
22
23
24
2 Dia 2 Dia
1°Capa 25 4°Capa
Libras 12 26 12 Libras
Ledor 11 11 Ledor
27
28
Rosa 8 8 Rosa
Azul 7 29 7 Azul
Cinza 6 6 Cinza
30
Amarelo 5 5 Amarelo
32 –1º DIA • CADERNO 1 • AZUL–
01
BBiigguurrrriillhhooss..iinndddd 11 1144//0066//22002222 1177::1122::0066"
9;LC;141406;D;29;0;;2.58466;2.6116;0.171;AZUL;1281;;0;2023;"*010175AZ32*
01
1 Dia 1 Dia
1°Capa 4°Capa
Transcreva a sua Redação para a Folha de Redação.
Azul 1 1 Azul
Amarelo 2 2 Amarelo
Branco 3 1 3 Branco
Rosa 4 2 4 Rosa
3
Ledor 9 9 Ledor
Libras 10 4 10 Libras
5
6
7
8
O
9
H
10
N O
11
U
12 Ã
C
13 Ç
S
14 A
A
15 D
16 R
E
17
R
18
A
19
D
20
21
22
23
24
2 Dia 2 Dia
1°Capa 25 4°Capa
Libras 12 26 12 Libras
Ledor 11 11 Ledor
27
28
Rosa 8 8 Rosa
Azul 7 29 7 Azul
Cinza 6 6 Cinza
30
Amarelo 5 5 Amarelo
32 –1º DIA • CADERNO 1 • AZUL–
01
BBiigguurrrriillhhooss..iinndddd 11 1144//0066//22002222 1177::1122::0066"
9;LC;141406;D;29;0;;2.58466;2.6116;0.171;AZUL;1281;;0;2023;"*010175AZ32*
01
1 Dia 1 Dia
1°Capa 4°Capa
Transcreva a sua Redação para a Folha de Redação.
Azul 1 1 Azul
Amarelo 2 2 Amarelo
Branco 3 1 3 Branco
Rosa 4 2 4 Rosa
3
Ledor 9 9 Ledor
Libras 10 4 10 Libras
5
6
7
8
O
9
H
10
N O
11
U
12 Ã
C
13 Ç
S
14 A
A
15 D
16 R
E
17
R
18
A
19
D
20
21
22
23
24
2 Dia 2 Dia
1°Capa 25 4°Capa
Libras 12 26 12 Libras
Ledor 11 11 Ledor
27
28
Rosa 8 8 Rosa
Azul 7 29 7 Azul
Cinza 6 6 Cinza
30
Amarelo 5 5 Amarelo
32 –1º DIA • CADERNO 1 • AZUL–
01
BBiigguurrrriillhhooss..iinndddd 11 1144//0066//22002222 1177::1122::0066"
9;LC;141406;D;29;0;;2.58466;2.6116;0.171;AZUL;1241;;0;2023;"*010175AZ32*
01
1 Dia 1 Dia
1°Capa 4°Capa
Transcreva a sua Redação para a Folha de Redação.
Azul 1 1 Azul
Amarelo 2 2 Amarelo
Branco 3 1 3 Branco
Rosa 4 2 4 Rosa
3
Ledor 9 9 Ledor
Libras 10 4 10 Libras
5
6
7
8
O
9
H
10
N O
11
U
12 Ã
C
13 Ç
S
14 A
A
15 D
16 R
E
17
R
18
A
19
D
20
21
22
23
24
2 Dia 2 Dia
1°Capa 25 4°Capa
Libras 12 26 12 Libras
Ledor 11 11 Ledor
27
28
Rosa 8 8 Rosa
Azul 7 29 7 Azul
Cinza 6 6 Cinza
30
Amarelo 5 5 Amarelo
32 –1º DIA • CADERNO 1 • AZUL–
01
BBiigguurrrriillhhooss..iinndddd 11 1144//0066//22002222 1177::1122::0066"
21;LC;141215;D;12;0;;2.56885;1.16647;0.1452;AZUL;1281;;0;2023;"*010175AZ32*
01
1 Dia 1 Dia
1°Capa 4°Capa
Transcreva a sua Redação para a Folha de Redação.
Azul 1 1 Azul
Amarelo 2 2 Amarelo
Branco 3 1 3 Branco
Rosa 4 2 4 Rosa
3
Ledor 9 9 Ledor
Libras 10 4 10 Libras
5
6
7
8
O
9
H
10
N O
11
U
12 Ã
C
13 Ç
S
14 A
A
15 D
16 R
E
17
R
18
A
19
D
20
21
22
23
24
2 Dia 2 Dia
1°Capa 25 4°Capa
Libras 12 26 12 Libras
Ledor 11 11 Ledor
27
28
Rosa 8 8 Rosa
Azul 7 29 7 Azul
Cinza 6 6 Cinza
30
Amarelo 5 5 Amarelo
32 –1º DIA • CADERNO 1 • AZUL–
01
BBiigguurrrriillhhooss..iinndddd 11 1144//0066//22002222 1177::1122::0066"
21;LC;141215;D;12;0;;2.56885;1.16647;0.1452;AZUL;1241;;0;2023;"*010175AZ32*
01
1 Dia 1 Dia
1°Capa 4°Capa
Transcreva a sua Redação para a Folha de Redação.
Azul 1 1 Azul
Amarelo 2 2 Amarelo
Branco 3 1 3 Branco
Rosa 4 2 4 Rosa
3
Ledor 9 9 Ledor
Libras 10 4 10 Libras
5
6
7
8
O
9
H
10
N O
11
U
12 Ã
C
13 Ç
S
14 A
A
15 D
16 R
E
17
R
18
A
19
D
20
21
22
23
24
2 Dia 2 Dia
1°Capa 25 4°Capa
Libras 12 26 12 Libras
Ledor 11 11 Ledor
27
28
Rosa 8 8 Rosa
Azul 7 29 7 Azul
Cinza 6 6 Cinza
30
Amarelo 5 5 Amarelo
32 –1º DIA • CADERNO 1 • AZUL–
01
BBiigguurrrriillhhooss..iinndddd 11 1144//0066//22002222 1177::1122::0066"
21;LC;141215;D;12;0;;2.56885;1.16647;0.1452;AZUL;1281;;0;2023;"*010175AZ32*
01
1 Dia 1 Dia
1°Capa 4°Capa
Transcreva a sua Redação para a Folha de Redação.
Azul 1 1 Azul
Amarelo 2 2 Amarelo
Branco 3 1 3 Branco
Rosa 4 2 4 Rosa
3
Ledor 9 9 Ledor
Libras 10 4 10 Libras
5
6
7
8
O
9
H
10
N O
11
U
12 Ã
C
13 Ç
S
14 A
A
15 D
16 R
E
17
R
18
A
19
D
20
21
22
23
24
2 Dia 2 Dia
1°Capa 25 4°Capa
Libras 12 26 12 Libras
Ledor 11 11 Ledor
27
28
Rosa 8 8 Rosa
Azul 7 29 7 Azul
Cinza 6 6 Cinza
30
Amarelo 5 5 Amarelo
32 –1º DIA • CADERNO 1 • AZUL–
01
BBiigguurrrriillhhooss..iinndddd 11 1144//0066//22002222 1177::1122::0066"
21;LC;141215;D;12;0;;2.56885;1.16647;0.1452;AZUL;1241;;0;2023;"*010175AZ32*
01
1 Dia 1 Dia
1°Capa 4°Capa
Transcreva a sua Redação para a Folha de Redação.
Azul 1 1 Azul
Amarelo 2 2 Amarelo
Branco 3 1 3 Branco
Rosa 4 2 4 Rosa
3
Ledor 9 9 Ledor
Libras 10 4 10 Libras
5
6
7
8
O
9
H
10
N O
11
U
12 Ã
C
13 Ç
S
14 A
A
15 D
16 R
E
17
R
18
A
19
D
20
21
22
23
24
2 Dia 2 Dia
1°Capa 25 4°Capa
Libras 12 26 12 Libras
Ledor 11 11 Ledor
27
28
Rosa 8 8 Rosa
Azul 7 29 7 Azul
Cinza 6 6 Cinza
30
Amarelo 5 5 Amarelo
32 –1º DIA • CADERNO 1 • AZUL–
01
BBiigguurrrriillhhooss..iinndddd 11 1144//0066//22002222 1177::1122::0066"
21;LC;141215;D;12;0;;2.56885;1.16647;0.1452;AZUL;1281;;0;2023;"*010175AZ32*
01
1 Dia 1 Dia
1°Capa 4°Capa
Transcreva a sua Redação para a Folha de Redação.
Azul 1 1 Azul
Amarelo 2 2 Amarelo
Branco 3 1 3 Branco
Rosa 4 2 4 Rosa
3
Ledor 9 9 Ledor
Libras 10 4 10 Libras
5
6
7
8
O
9
H
10
N O
11
U
12 Ã
C
13 Ç
S
14 A
A
15 D
16 R
E
17
R
18
A
19
D
20
21
22
23
24
2 Dia 2 Dia
1°Capa 25 4°Capa
Libras 12 26 12 Libras
Ledor 11 11 Ledor
27
28
Rosa 8 8 Rosa
Azul 7 29 7 Azul
Cinza 6 6 Cinza
30
Amarelo 5 5 Amarelo
32 –1º DIA • CADERNO 1 • AZUL–
01
BBiigguurrrriillhhooss..iinndddd 11 1144//0066//22002222 1177::1122::0066"
21;LC;141215;D;12;0;;2.56885;1.16647;0.1452;AZUL;1241;;0;2023;"*010175AZ32*
01
1 Dia 1 Dia
1°Capa 4°Capa
Transcreva a sua Redação para a Folha de Redação.
Azul 1 1 Azul
Amarelo 2 2 Amarelo
Branco 3 1 3 Branco
Rosa 4 2 4 Rosa
3
Ledor 9 9 Ledor
Libras 10 4 10 Libras
5
6
7
8
O
9
H
10
N O
11
U
12 Ã
C
13 Ç
S
14 A
A
15 D
16 R
E
17
R
18
A
19
D
20
21
22
23
24
2 Dia 2 Dia
1°Capa 25 4°Capa
Libras 12 26 12 Libras
Ledor 11 11 Ledor
27
28
Rosa 8 8 Rosa
Azul 7 29 7 Azul
Cinza 6 6 Cinza
30
Amarelo 5 5 Amarelo
32 –1º DIA • CADERNO 1 • AZUL–
01
BBiigguurrrriillhhooss..iinndddd 11 1144//0066//22002222 1177::1122::0066"
175;MT;44095;C;8;0;;2.56873;2.03809;0.20898;AZUL;1291;;0;2023;Texto extraído diretamente do caderno oficial.
175;MT;44095;C;8;0;;2.56873;2.03809;0.20898;AZUL;1251;;0;2023;Texto extraído diretamente do caderno oficial.
175;MT;44095;C;8;0;;2.56873;2.03809;0.20898;AZUL;1291;;0;2023;Texto extraído diretamente do caderno oficial.
175;MT;44095;C;8;0;;2.56873;2.03809;0.20898;AZUL;1291;;0;2023;Texto extraído diretamente do caderno oficial.
175;MT;44095;C;8;0;;2.56873;2.03809;0.20898;AZUL;1251;;0;2023;Texto extraído diretamente do caderno oficial.
175;MT;44095;C;8;0;;2.56873;2.03809;0.20898;AZUL;1251;;0;2023;Texto extraído diretamente do caderno oficial.
76;CH;140180;A;11;0;;2.54102;0.57876;0.1767;AZUL;1271;;0;2023;Texto extraído diretamente do caderno oficial.
76;CH;140180;A;11;0;;2.54102;0.57876;0.1767;AZUL;1231;;0;2023;Texto extraído diretamente do caderno oficial.
76;CH;140180;A;11;0;;2.54102;0.57876;0.1767;AZUL;1271;;0;2023;Texto extraído diretamente do caderno oficial.
76;CH;140180;A;11;0;;2.54102;0.57876;0.1767;AZUL;1231;;0;2023;Texto extraído diretamente do caderno oficial.
76;CH;140180;A;11;0;;2.54102;0.57876;0.1767;AZUL;1271;;0;2023;Texto extraído diretamente do caderno oficial.
76;CH;140180;A;11;0;;2.54102;0.57876;0.1767;AZUL;1231;;0;2023;Texto extraído diretamente do caderno oficial.
31;LC;141450;A;2;0;;2.53799;0.9971;0.24444;AZUL;1241;;0;2023;Texto extraído diretamente do caderno oficial.
31;LC;141450;A;2;0;;2.53799;0.9971;0.24444;AZUL;1281;;0;2023;Texto extraído diretamente do caderno oficial.
31;LC;141450;A;2;0;;2.53799;0.9971;0.24444;AZUL;1241;;0;2023;Texto extraído diretamente do caderno oficial.
31;LC;141450;A;2;0;;2.53799;0.9971;0.24444;AZUL;1281;;0;2023;Texto extraído diretamente do caderno oficial.
31;LC;141450;A;2;0;;2.53799;0.9971;0.24444;AZUL;1241;;0;2023;Texto extraído diretamente do caderno oficial.
31;LC;141450;A;2;0;;2.53799;0.9971;0.24444;AZUL;1281;;0;2023;Texto extraído diretamente do caderno oficial.
21;LC;140942;D;25;0;;2.53674;0.2806;0.1843;AZUL;1201;;0;2023;"*010175AZ32*
01
1 Dia 1 Dia
1°Capa 4°Capa
Transcreva a sua Redação para a Folha de Redação.
Azul 1 1 Azul
Amarelo 2 2 Amarelo
Branco 3 1 3 Branco
Rosa 4 2 4 Rosa
3
Ledor 9 9 Ledor
Libras 10 4 10 Libras
5
6
7
8
O
9
H
10
N O
11
U
12 Ã
C
13 Ç
S
14 A
A
15 D
16 R
E
17
R
18
A
19
D
20
21
22
23
24
2 Dia 2 Dia
1°Capa 25 4°Capa
Libras 12 26 12 Libras
Ledor 11 11 Ledor
27
28
Rosa 8 8 Rosa
Azul 7 29 7 Azul
Cinza 6 6 Cinza
30
Amarelo 5 5 Amarelo
32 –1º DIA • CADERNO 1 • AZUL–
01
BBiigguurrrriillhhooss..iinndddd 11 1144//0066//22002222 1177::1122::0066"
21;LC;140942;D;25;0;;2.53674;0.2806;0.1843;AZUL;1201;;0;2023;"*010175AZ32*
01
1 Dia 1 Dia
1°Capa 4°Capa
Transcreva a sua Redação para a Folha de Redação.
Azul 1 1 Azul
Amarelo 2 2 Amarelo
Branco 3 1 3 Branco
Rosa 4 2 4 Rosa
3
Ledor 9 9 Ledor
Libras 10 4 10 Libras
5
6
7
8
O
9
H
10
N O
11
U
12 Ã
C
13 Ç
S
14 A
A
15 D
16 R
E
17
R
18
A
19
D
20
21
22
23
24
2 Dia 2 Dia
1°Capa 25 4°Capa
Libras 12 26 12 Libras
Ledor 11 11 Ledor
27
28
Rosa 8 8 Rosa
Azul 7 29 7 Azul
Cinza 6 6 Cinza
30
Amarelo 5 5 Amarelo
32 –1º DIA • CADERNO 1 • AZUL–
01
BBiigguurrrriillhhooss..iinndddd 11 1144//0066//22002222 1177::1122::0066"
21;LC;140942;D;25;0;;2.53674;0.2806;0.1843;AZUL;1201;;0;2023;"*010175AZ32*
01
1 Dia 1 Dia
1°Capa 4°Capa
Transcreva a sua Redação para a Folha de Redação.
Azul 1 1 Azul
Amarelo 2 2 Amarelo
Branco 3 1 3 Branco
Rosa 4 2 4 Rosa
3
Ledor 9 9 Ledor
Libras 10 4 10 Libras
5
6
7
8
O
9
H
10
N O
11
U
12 Ã
C
13 Ç
S
14 A
A
15 D
16 R
E
17
R
18
A
19
D
20
21
22
23
24
2 Dia 2 Dia
1°Capa 25 4°Capa
Libras 12 26 12 Libras
Ledor 11 11 Ledor
27
28
Rosa 8 8 Rosa
Azul 7 29 7 Azul
Cinza 6 6 Cinza
30
Amarelo 5 5 Amarelo
32 –1º DIA • CADERNO 1 • AZUL–
01
BBiigguurrrriillhhooss..iinndddd 11 1144//0066//22002222 1177::1122::0066"
121;CN;47317;A;4;0;;2.53442;1.21479;0.15339;AZUL;1221;;0;2023;Texto extraído diretamente do caderno oficial.
121;CN;47317;A;4;0;;2.53442;1.21479;0.15339;AZUL;1221;;0;2023;Texto extraído diretamente do caderno oficial.
121;CN;47317;A;4;0;;2.53442;1.21479;0.15339;AZUL;1221;;0;2023;Texto extraído diretamente do caderno oficial.
165;MT;96768;C;12;0;;2.53134;1.99645;0.13947;AZUL;1323;;0;2023;Texto extraído diretamente do caderno oficial.
165;MT;96768;C;12;0;;2.53134;1.99645;0.13947;AZUL;1323;;0;2023;Texto extraído diretamente do caderno oficial.
165;MT;96768;C;12;0;;2.53134;1.99645;0.13947;AZUL;1323;;0;2023;Texto extraído diretamente do caderno oficial.
119;CN;63960;E;25;0;;2.51129;1.55249;0.04279;AZUL;1333;;0;2023;Texto extraído diretamente do caderno oficial.
119;CN;63960;E;25;0;;2.51129;1.55249;0.04279;AZUL;1333;;0;2023;Texto extraído diretamente do caderno oficial.
119;CN;63960;E;25;0;;2.51129;1.55249;0.04279;AZUL;1333;;0;2023;Texto extraído diretamente do caderno oficial.
54;CH;141387;B;25;0;;2.50523;-0.04116;0.18539;AZUL;1271;;0;2023;Texto extraído diretamente do caderno oficial.
54;CH;141387;B;25;0;;2.50523;-0.04116;0.18539;AZUL;1231;;0;2023;Texto extraído diretamente do caderno oficial.
54;CH;141387;B;25;0;;2.50523;-0.04116;0.18539;AZUL;1231;;0;2023;Texto extraído diretamente do caderno oficial.
54;CH;141387;B;25;0;;2.50523;-0.04116;0.18539;AZUL;1271;;0;2023;Texto extraído diretamente do caderno oficial.
54;CH;141387;B;25;0;;2.50523;-0.04116;0.18539;AZUL;1231;;0;2023;Texto extraído diretamente do caderno oficial.
54;CH;141387;B;25;0;;2.50523;-0.04116;0.18539;AZUL;1271;;0;2023;Texto extraído diretamente do caderno oficial.
171;MT;117727;A;11;0;;2.49104;3.01094;0.08231;AZUL;1251;;0;2023;Texto extraído diretamente do caderno oficial.
171;MT;117727;A;11;0;;2.49104;3.01094;0.08231;AZUL;1251;;0;2023;Texto extraído diretamente do caderno oficial.
171;MT;117727;A;11;0;;2.49104;3.01094;0.08231;AZUL;1291;;0;2023;Texto extraído diretamente do caderno oficial.
171;MT;117727;A;11;0;;2.49104;3.01094;0.08231;AZUL;1251;;0;2023;Texto extraído diretamente do caderno oficial.
171;MT;117727;A;11;0;;2.49104;3.01094;0.08231;AZUL;1291;;0;2023;Texto extraído diretamente do caderno oficial.
171;MT;117727;A;11;0;;2.49104;3.01094;0.08231;AZUL;1291;;0;2023;Texto extraído diretamente do caderno oficial.
79;CH;141422;A;13;0;;2.48797;0.09997;0.18327;AZUL;1231;;0;2023;Texto extraído diretamente do caderno oficial.
79;CH;141422;A;13;0;;2.48797;0.09997;0.18327;AZUL;1231;;0;2023;Texto extraído diretamente do caderno oficial.
79;CH;141422;A;13;0;;2.48797;0.09997;0.18327;AZUL;1271;;0;2023;Texto extraído diretamente do caderno oficial.
79;CH;141422;A;13;0;;2.48797;0.09997;0.18327;AZUL;1231;;0;2023;Texto extraído diretamente do caderno oficial.
79;CH;141422;A;13;0;;2.48797;0.09997;0.18327;AZUL;1271;;0;2023;Texto extraído diretamente do caderno oficial.
79;CH;141422;A;13;0;;2.48797;0.09997;0.18327;AZUL;1271;;0;2023;Texto extraído diretamente do caderno oficial.
162;MT;125965;C;10;0;;2.47907;0.45055;0.17829;AZUL;1291;;0;2023;Texto extraído diretamente do caderno oficial.
162;MT;125965;C;10;0;;2.47907;0.45055;0.17829;AZUL;1251;;0;2023;Texto extraído diretamente do caderno oficial.
162;MT;125965;C;10;0;;2.47907;0.45055;0.17829;AZUL;1251;;0;2023;Texto extraído diretamente do caderno oficial.
162;MT;125965;C;10;0;;2.47907;0.45055;0.17829;AZUL;1291;;0;2023;Texto extraído diretamente do caderno oficial.
162;MT;125965;C;10;0;;2.47907;0.45055;0.17829;AZUL;1291;;0;2023;Texto extraído diretamente do caderno oficial.
162;MT;125965;C;10;0;;2.47907;0.45055;0.17829;AZUL;1251;;0;2023;Texto extraído diretamente do caderno oficial.
138;MT;111695;B;14;0;;2.46809;3.26728;0.24774;AZUL;1323;;0;2023;Texto extraído diretamente do caderno oficial.
138;MT;111695;B;14;0;;2.46809;3.26728;0.24774;AZUL;1323;;0;2023;Texto extraído diretamente do caderno oficial.
138;MT;111695;B;14;0;;2.46809;3.26728;0.24774;AZUL;1323;;0;2023;Texto extraído diretamente do caderno oficial.
168;MT;27253;D;21;0;;2.46504;1.99892;0.18993;AZUL;1323;;0;2023;Texto extraído diretamente do caderno oficial.
168;MT;27253;D;21;0;;2.46504;1.99892;0.18993;AZUL;1323;;0;2023;Texto extraído diretamente do caderno oficial.
168;MT;27253;D;21;0;;2.46504;1.99892;0.18993;AZUL;1323;;0;2023;Texto extraído diretamente do caderno oficial.
69;CH;140153;D;1;0;;2.45957;2.43937;0.13227;AZUL;1231;;0;2023;Texto extraído diretamente do caderno oficial.
69;CH;140153;D;1;0;;2.45957;2.43937;0.13227;AZUL;1271;;0;2023;Texto extraído diretamente do caderno oficial.
69;CH;140153;D;1;0;;2.45957;2.43937;0.13227;AZUL;1231;;0;2023;Texto extraído diretamente do caderno oficial.
69;CH;140153;D;1;0;;2.45957;2.43937;0.13227;AZUL;1231;;0;2023;Texto extraído diretamente do caderno oficial.
69;CH;140153;D;1;0;;2.45957;2.43937;0.13227;AZUL;1271;;0;2023;Texto extraído diretamente do caderno oficial.
69;CH;140153;D;1;0;;2.45957;2.43937;0.13227;AZUL;1271;;0;2023;Texto extraído diretamente do caderno oficial.
123;CN;89675;C;9;0;;2.45026;2.11499;0.18741;AZUL;1261;;0;2023;Texto extraído diretamente do caderno oficial.
123;CN;89675;C;9;0;;2.45026;2.11499;0.18741;AZUL;1301;;0;2023;Texto extraído diretamente do caderno oficial.
123;CN;89675;C;9;0;;2.45026;2.11499;0.18741;AZUL;1261;;0;2023;Texto extraído diretamente do caderno oficial.
123;CN;89675;C;9;0;;2.45026;2.11499;0.18741;AZUL;1301;;0;2023;Texto extraído diretamente do caderno oficial.
123;CN;89675;C;9;0;;2.45026;2.11499;0.18741;AZUL;1261;;0;2023;Texto extraído diretamente do caderno oficial.
123;CN;89675;C;9;0;;2.45026;2.11499;0.18741;AZUL;1301;;0;2023;Texto extraído diretamente do caderno oficial.
49;CH;140489;C;27;0;;2.44955;0.28832;0.1725;AZUL;1231;;0;2023;Texto extraído diretamente do caderno oficial.
49;CH;140489;C;27;0;;2.44955;0.28832;0.1725;AZUL;1271;;0;2023;Texto extraído diretamente do caderno oficial.
49;CH;140489;C;27;0;;2.44955;0.28832;0.1725;AZUL;1231;;0;2023;Texto extraído diretamente do caderno oficial.
49;CH;140489;C;27;0;;2.44955;0.28832;0.1725;AZUL;1231;;0;2023;Texto extraído diretamente do caderno oficial.
49;CH;140489;C;27;0;;2.44955;0.28832;0.1725;AZUL;1271;;0;2023;Texto extraído diretamente do caderno oficial.
49;CH;140489;C;27;0;;2.44955;0.28832;0.1725;AZUL;1271;;0;2023;Texto extraído diretamente do caderno oficial.
109;CN;68506;B;18;0;;2.44456;1.79477;0.19792;AZUL;1333;;0;2023;Texto extraído diretamente do caderno oficial.
109;CN;68506;B;18;0;;2.44456;1.79477;0.19792;AZUL;1333;;0;2023;Texto extraído diretamente do caderno oficial.
109;CN;68506;B;18;0;;2.44456;1.79477;0.19792;AZUL;1333;;0;2023;Texto extraído diretamente do caderno oficial.
6;LC;118144;C;23;0;;2.43295;0.90091;0.13239;AZUL;1281;;0;2023;"*010175AZ32*
01
1 Dia 1 Dia
1°Capa 4°Capa
Transcreva a sua Redação para a Folha de Redação.
Azul 1 1 Azul
Amarelo 2 2 Amarelo
Branco 3 1 3 Branco
Rosa 4 2 4 Rosa
3
Ledor 9 9 Ledor
Libras 10 4 10 Libras
5
6
7
8
O
9
H
10
N O
11
U
12 Ã
C
13 Ç
S
14 A
A
15 D
16 R
E
17
R
18
A
19
D
20
21
22
23
24
2 Dia 2 Dia
1°Capa 25 4°Capa
Libras 12 26 12 Libras
Ledor 11 11 Ledor
27
28
Rosa 8 8 Rosa
Azul 7 29 7 Azul
Cinza 6 6 Cinza
30
Amarelo 5 5 Amarelo
32 –1º DIA • CADERNO 1 • AZUL–
01
BBiigguurrrriillhhooss..iinndddd 11 1144//0066//22002222 1177::1122::0066"
6;LC;118144;C;23;0;;2.43295;0.90091;0.13239;AZUL;1241;;0;2023;"*010175AZ32*
01
1 Dia 1 Dia
1°Capa 4°Capa
Transcreva a sua Redação para a Folha de Redação.
Azul 1 1 Azul
Amarelo 2 2 Amarelo
Branco 3 1 3 Branco
Rosa 4 2 4 Rosa
3
Ledor 9 9 Ledor
Libras 10 4 10 Libras
5
6
7
8
O
9
H
10
N O
11
U
12 Ã
C
13 Ç
S
14 A
A
15 D
16 R
E
17
R
18
A
19
D
20
21
22
23
24
2 Dia 2 Dia
1°Capa 25 4°Capa
Libras 12 26 12 Libras
Ledor 11 11 Ledor
27
28
Rosa 8 8 Rosa
Azul 7 29 7 Azul
Cinza 6 6 Cinza
30
Amarelo 5 5 Amarelo
32 –1º DIA • CADERNO 1 • AZUL–
01
BBiigguurrrriillhhooss..iinndddd 11 1144//0066//22002222 1177::1122::0066"
6;LC;118144;C;23;0;;2.43295;0.90091;0.13239;AZUL;1281;;0;2023;"*010175AZ32*
01
1 Dia 1 Dia
1°Capa 4°Capa
Transcreva a sua Redação para a Folha de Redação.
Azul 1 1 Azul
Amarelo 2 2 Amarelo
Branco 3 1 3 Branco
Rosa 4 2 4 Rosa
3
Ledor 9 9 Ledor
Libras 10 4 10 Libras
5
6
7
8
O
9
H
10
N O
11
U
12 Ã
C
13 Ç
S
14 A
A
15 D
16 R
E
17
R
18
A
19
D
20
21
22
23
24
2 Dia 2 Dia
1°Capa 25 4°Capa
Libras 12 26 12 Libras
Ledor 11 11 Ledor
27
28
Rosa 8 8 Rosa
Azul 7 29 7 Azul
Cinza 6 6 Cinza
30
Amarelo 5 5 Amarelo
32 –1º DIA • CADERNO 1 • AZUL–
01
BBiigguurrrriillhhooss..iinndddd 11 1144//0066//22002222 1177::1122::0066"
6;LC;118144;C;23;0;;2.43295;0.90091;0.13239;AZUL;1241;;0;2023;"*010175AZ32*
01
1 Dia 1 Dia
1°Capa 4°Capa
Transcreva a sua Redação para a Folha de Redação.
Azul 1 1 Azul
Amarelo 2 2 Amarelo
Branco 3 1 3 Branco
Rosa 4 2 4 Rosa
3
Ledor 9 9 Ledor
Libras 10 4 10 Libras
5
6
7
8
O
9
H
10
N O
11
U
12 Ã
C
13 Ç
S
14 A
A
15 D
16 R
E
17
R
18
A
19
D
20
21
22
23
24
2 Dia 2 Dia
1°Capa 25 4°Capa
Libras 12 26 12 Libras
Ledor 11 11 Ledor
27
28
Rosa 8 8 Rosa
Azul 7 29 7 Azul
Cinza 6 6 Cinza
30
Amarelo 5 5 Amarelo
32 –1º DIA • CADERNO 1 • AZUL–
01
BBiigguurrrriillhhooss..iinndddd 11 1144//0066//22002222 1177::1122::0066"
6;LC;118144;C;23;0;;2.43295;0.90091;0.13239;AZUL;1241;;0;2023;"*010175AZ32*
01
1 Dia 1 Dia
1°Capa 4°Capa
Transcreva a sua Redação para a Folha de Redação.
Azul 1 1 Azul
Amarelo 2 2 Amarelo
Branco 3 1 3 Branco
Rosa 4 2 4 Rosa
3
Ledor 9 9 Ledor
Libras 10 4 10 Libras
5
6
7
8
O
9
H
10
N O
11
U
12 Ã
C
13 Ç
S
14 A
A
15 D
16 R
E
17
R
18
A
19
D
20
21
22
23
24
2 Dia 2 Dia
1°Capa 25 4°Capa
Libras 12 26 12 Libras
Ledor 11 11 Ledor
27
28
Rosa 8 8 Rosa
Azul 7 29 7 Azul
Cinza 6 6 Cinza
30
Amarelo 5 5 Amarelo
32 –1º DIA • CADERNO 1 • AZUL–
01
BBiigguurrrriillhhooss..iinndddd 11 1144//0066//22002222 1177::1122::0066"
6;LC;118144;C;23;0;;2.43295;0.90091;0.13239;AZUL;1281;;0;2023;"*010175AZ32*
01
1 Dia 1 Dia
1°Capa 4°Capa
Transcreva a sua Redação para a Folha de Redação.
Azul 1 1 Azul
Amarelo 2 2 Amarelo
Branco 3 1 3 Branco
Rosa 4 2 4 Rosa
3
Ledor 9 9 Ledor
Libras 10 4 10 Libras
5
6
7
8
O
9
H
10
N O
11
U
12 Ã
C
13 Ç
S
14 A
A
15 D
16 R
E
17
R
18
A
19
D
20
21
22
23
24
2 Dia 2 Dia
1°Capa 25 4°Capa
Libras 12 26 12 Libras
Ledor 11 11 Ledor
27
28
Rosa 8 8 Rosa
Azul 7 29 7 Azul
Cinza 6 6 Cinza
30
Amarelo 5 5 Amarelo
32 –1º DIA • CADERNO 1 • AZUL–
01
BBiigguurrrriillhhooss..iinndddd 11 1144//0066//22002222 1177::1122::0066"
119;CN;111662;D;12;0;;2.43262;2.4702;0.29927;AZUL;1301;;0;2023;Texto extraído diretamente do caderno oficial.
119;CN;111662;D;12;0;;2.43262;2.4702;0.29927;AZUL;1301;;0;2023;Texto extraído diretamente do caderno oficial.
119;CN;111662;D;12;0;;2.43262;2.4702;0.29927;AZUL;1261;;0;2023;Texto extraído diretamente do caderno oficial.
119;CN;111662;D;12;0;;2.43262;2.4702;0.29927;AZUL;1301;;0;2023;Texto extraído diretamente do caderno oficial.
119;CN;111662;D;12;0;;2.43262;2.4702;0.29927;AZUL;1261;;0;2023;Texto extraído diretamente do caderno oficial.
119;CN;111662;D;12;0;;2.43262;2.4702;0.29927;AZUL;1261;;0;2023;Texto extraído diretamente do caderno oficial.
16;LC;141423;E;20;0;;2.43139;0.95743;0.24644;AZUL;1241;;0;2023;Texto extraído diretamente do caderno oficial.
16;LC;141423;E;20;0;;2.43139;0.95743;0.24644;AZUL;1241;;0;2023;Texto extraído diretamente do caderno oficial.
16;LC;141423;E;20;0;;2.43139;0.95743;0.24644;AZUL;1281;;0;2023;Texto extraído diretamente do caderno oficial.
16;LC;141423;E;20;0;;2.43139;0.95743;0.24644;AZUL;1281;;0;2023;Texto extraído diretamente do caderno oficial.
16;LC;141423;E;20;0;;2.43139;0.95743;0.24644;AZUL;1241;;0;2023;Texto extraído diretamente do caderno oficial.
16;LC;141423;E;20;0;;2.43139;0.95743;0.24644;AZUL;1281;;0;2023;Texto extraído diretamente do caderno oficial.
113;CN;141760;D;13;0;;2.4239;1.19043;0.26425;AZUL;1301;;0;2023;Texto extraído diretamente do caderno oficial.
113;CN;141760;D;13;0;;2.4239;1.19043;0.26425;AZUL;1261;;0;2023;Texto extraído diretamente do caderno oficial.
113;CN;141760;D;13;0;;2.4239;1.19043;0.26425;AZUL;1261;;0;2023;Texto extraído diretamente do caderno oficial.
113;CN;141760;D;13;0;;2.4239;1.19043;0.26425;AZUL;1261;;0;2023;Texto extraído diretamente do caderno oficial.
113;CN;141760;D;13;0;;2.4239;1.19043;0.26425;AZUL;1301;;0;2023;Texto extraído diretamente do caderno oficial.
113;CN;141760;D;13;0;;2.4239;1.19043;0.26425;AZUL;1301;;0;2023;Texto extraído diretamente do caderno oficial.
163;MT;6954;C;3;0;;2.416;0.991;0.118;AZUL;1251;;0;2023;Texto extraído diretamente do caderno oficial.
163;MT;6954;C;3;0;;2.416;0.991;0.118;AZUL;1251;;0;2023;Texto extraído diretamente do caderno oficial.
163;MT;6954;C;3;0;;2.416;0.991;0.118;AZUL;1291;;0;2023;Texto extraído diretamente do caderno oficial.
163;MT;6954;C;3;0;;2.416;0.991;0.118;AZUL;1251;;0;2023;Texto extraído diretamente do caderno oficial.
163;MT;6954;C;3;0;;2.416;0.991;0.118;AZUL;1291;;0;2023;Texto extraído diretamente do caderno oficial.
163;MT;6954;C;3;0;;2.416;0.991;0.118;AZUL;1291;;0;2023;Texto extraído diretamente do caderno oficial.
163;MT;125902;A;6;0;;2.40824;2.57722;0.04513;AZUL;1211;;0;2023;Texto extraído diretamente do caderno oficial.
163;MT;125902;A;6;0;;2.40824;2.57722;0.04513;AZUL;1211;;0;2023;Texto extraído diretamente do caderno oficial.
163;MT;125902;A;6;0;;2.40824;2.57722;0.04513;AZUL;1211;;0;2023;Texto extraído diretamente do caderno oficial.
109;CN;83552;D;7;0;;2.40735;1.62185;0.13073;AZUL;1221;;0;2023;Texto extraído diretamente do caderno oficial.
109;CN;83552;D;7;0;;2.40735;1.62185;0.13073;AZUL;1221;;0;2023;Texto extraído diretamente do caderno oficial.
109;CN;83552;D;7;0;;2.40735;1.62185;0.13073;AZUL;1221;;0;2023;Texto extraído diretamente do caderno oficial.
146;MT;60414;B;3;0;;2.40682;2.16964;0.19129;AZUL;1323;;0;2023;Texto extraído diretamente do caderno oficial.
146;MT;60414;B;3;0;;2.40682;2.16964;0.19129;AZUL;1323;;0;2023;Texto extraído diretamente do caderno oficial.
146;MT;60414;B;3;0;;2.40682;2.16964;0.19129;AZUL;1323;;0;2023;Texto extraído diretamente do caderno oficial.
171;MT;84857;C;3;0;;2.39559;1.53865;0.11866;AZUL;1211;;0;2023;Texto extraído diretamente do caderno oficial.
171;MT;84857;C;3;0;;2.39559;1.53865;0.11866;AZUL;1211;;0;2023;Texto extraído diretamente do caderno oficial.
171;MT;84857;C;3;0;;2.39559;1.53865;0.11866;AZUL;1211;;0;2023;Texto extraído diretamente do caderno oficial.
165;MT;28932;E;8;0;;2.39434;1.98395;0.11508;AZUL;1211;;0;2023;Texto extraído diretamente do caderno oficial.
165;MT;28932;E;8;0;;2.39434;1.98395;0.11508;AZUL;1211;;0;2023;Texto extraído diretamente do caderno oficial.
165;MT;28932;E;8;0;;2.39434;1.98395;0.11508;AZUL;1211;;0;2023;Texto extraído diretamente do caderno oficial.
146;MT;14410;E;4;0;;2.38237;1.88674;0.10321;AZUL;1211;;0;2023;Texto extraído diretamente do caderno oficial.
146;MT;14410;E;4;0;;2.38237;1.88674;0.10321;AZUL;1211;;0;2023;Texto extraído diretamente do caderno oficial.
146;MT;14410;E;4;0;;2.38237;1.88674;0.10321;AZUL;1211;;0;2023;Texto extraído diretamente do caderno oficial.
142;MT;82327;B;21;0;;2.37767;2.75304;0.28057;AZUL;1251;;0;2023;Texto extraído diretamente do caderno oficial.
142;MT;82327;B;21;0;;2.37767;2.75304;0.28057;AZUL;1291;;0;2023;Texto extraído diretamente do caderno oficial.
142;MT;82327;B;21;0;;2.37767;2.75304;0.28057;AZUL;1291;;0;2023;Texto extraído diretamente do caderno oficial.
142;MT;82327;B;21;0;;2.37767;2.75304;0.28057;AZUL;1291;;0;2023;Texto extraído diretamente do caderno oficial.
142;MT;82327;B;21;0;;2.37767;2.75304;0.28057;AZUL;1251;;0;2023;Texto extraído diretamente do caderno oficial.
142;MT;82327;B;21;0;;2.37767;2.75304;0.28057;AZUL;1251;;0;2023;Texto extraído diretamente do caderno oficial.
82;CH;141007;A;5;0;;2.36915;-0.20871;0.19363;AZUL;1231;;0;2023;Texto extraído diretamente do caderno oficial.
82;CH;141007;A;5;0;;2.36915;-0.20871;0.19363;AZUL;1231;;0;2023;Texto extraído diretamente do caderno oficial.
82;CH;141007;A;5;0;;2.36915;-0.20871;0.19363;AZUL;1271;;0;2023;Texto extraído diretamente do caderno oficial.
82;CH;141007;A;5;0;;2.36915;-0.20871;0.19363;AZUL;1271;;0;2023;Texto extraído diretamente do caderno oficial.
82;CH;141007;A;5;0;;2.36915;-0.20871;0.19363;AZUL;1271;;0;2023;Texto extraído diretamente do caderno oficial.
82;CH;141007;A;5;0;;2.36915;-0.20871;0.19363;AZUL;1231;;0;2023;Texto extraído diretamente do caderno oficial.
38;LC;141214;A;13;0;;2.36405;0.00914;0.19662;AZUL;1201;;0;2023;Texto extraído diretamente do caderno oficial.
38;LC;141214;A;13;0;;2.36405;0.00914;0.19662;AZUL;1201;;0;2023;Texto extraído diretamente do caderno oficial.
38;LC;141214;A;13;0;;2.36405;0.00914;0.19662;AZUL;1201;;0;2023;Texto extraído diretamente do caderno oficial.
180;MT;111560;A;15;0;;2.34866;1.28885;0.1796;AZUL;1291;;0;2023;Texto extraído diretamente do caderno oficial.
180;MT;111560;A;15;0;;2.34866;1.28885;0.1796;AZUL;1251;;0;2023;Texto extraído diretamente do caderno oficial.
180;MT;111560;A;15;0;;2.34866;1.28885;0.1796;AZUL;1291;;0;2023;Texto extraído diretamente do caderno oficial.
180;MT;111560;A;15;0;;2.34866;1.28885;0.1796;AZUL;1251;;0;2023;Texto extraído diretamente do caderno oficial.
180;MT;111560;A;15;0;;2.34866;1.28885;0.1796;AZUL;1291;;0;2023;Texto extraído diretamente do caderno oficial.
180;MT;111560;A;15;0;;2.34866;1.28885;0.1796;AZUL;1251;;0;2023;Texto extraído diretamente do caderno oficial.
124;CN;66259;B;20;0;;2.34079;1.00185;0.23885;AZUL;1221;;0;2023;Texto extraído diretamente do caderno oficial.
124;CN;66259;B;20;0;;2.34079;1.00185;0.23885;AZUL;1221;;0;2023;Texto extraído diretamente do caderno oficial.
124;CN;66259;B;20;0;;2.34079;1.00185;0.23885;AZUL;1221;;0;2023;Texto extraído diretamente do caderno oficial.
115;CN;117866;B;10;0;;2.33748;1.77344;0.10811;AZUL;1221;;0;2023;Texto extraído diretamente do caderno oficial.
115;CN;117866;B;10;0;;2.33748;1.77344;0.10811;AZUL;1221;;0;2023;Texto extraído diretamente do caderno oficial.
115;CN;117866;B;10;0;;2.33748;1.77344;0.10811;AZUL;1221;;0;2023;Texto extraído diretamente do caderno oficial.
93;CN;38487;D;29;0;;2.33519;0.67545;0.20585;AZUL;1333;;0;2023;Texto extraído diretamente do caderno oficial.
93;CN;38487;D;29;0;;2.33519;0.67545;0.20585;AZUL;1333;;0;2023;Texto extraído diretamente do caderno oficial.
93;CN;38487;D;29;0;;2.33519;0.67545;0.20585;AZUL;1333;;0;2023;Texto extraído diretamente do caderno oficial.
154;MT;126028;B;7;0;;2.33037;1.91643;0.0839;AZUL;1211;;0;2023;Texto extraído diretamente do caderno oficial.
154;MT;126028;B;7;0;;2.33037;1.91643;0.0839;AZUL;1211;;0;2023;Texto extraído diretamente do caderno oficial.
154;MT;126028;B;7;0;;2.33037;1.91643;0.0839;AZUL;1211;;0;2023;Texto extraído diretamente do caderno oficial.
126;CN;87989;C;2;0;;2.32351;1.21005;0.10449;AZUL;1221;;0;2023;Texto extraído diretamente do caderno oficial.
126;CN;87989;C;2;0;;2.32351;1.21005;0.10449;AZUL;1221;;0;2023;Texto extraído diretamente do caderno oficial.
126;CN;87989;C;2;0;;2.32351;1.21005;0.10449;AZUL;1221;;0;2023;Texto extraído diretamente do caderno oficial.
165;MT;77364;E;3;0;;2.32172;3.22024;0.06466;AZUL;1251;;0;2023;Texto extraído diretamente do caderno oficial.
165;MT;77364;E;3;0;;2.32172;3.22024;0.06466;AZUL;1291;;0;2023;Texto extraído diretamente do caderno oficial.
165;MT;77364;E;3;0;;2.32172;3.22024;0.06466;AZUL;1291;;0;2023;Texto extraído diretamente do caderno oficial.
165;MT;77364;E;3;0;;2.32172;3.22024;0.06466;AZUL;1291;;0;2023;Texto extraído diretamente do caderno oficial.
165;MT;77364;E;3;0;;2.32172;3.22024;0.06466;AZUL;1251;;0;2023;Texto extraído diretamente do caderno oficial.
165;MT;77364;E;3;0;;2.32172;3.22024;0.06466;AZUL;1251;;0;2023;Texto extraído diretamente do caderno oficial.
41;LC;141208;D;10;0;;2.30879;0.81162;0.16623;AZUL;1241;;0;2023;Texto extraído diretamente do caderno oficial.
41;LC;141208;D;10;0;;2.30879;0.81162;0.16623;AZUL;1241;;0;2023;Texto extraído diretamente do caderno oficial.
41;LC;141208;D;10;0;;2.30879;0.81162;0.16623;AZUL;1281;;0;2023;Texto extraído diretamente do caderno oficial.
41;LC;141208;D;10;0;;2.30879;0.81162;0.16623;AZUL;1241;;0;2023;Texto extraído diretamente do caderno oficial.
41;LC;141208;D;10;0;;2.30879;0.81162;0.16623;AZUL;1281;;0;2023;Texto extraído diretamente do caderno oficial.
41;LC;141208;D;10;0;;2.30879;0.81162;0.16623;AZUL;1281;;0;2023;Texto extraído diretamente do caderno oficial.
144;MT;39385;C;12;0;;2.28918;2.23364;0.23391;AZUL;1211;;0;2023;Texto extraído diretamente do caderno oficial.
144;MT;39385;C;12;0;;2.28918;2.23364;0.23391;AZUL;1211;;0;2023;Texto extraído diretamente do caderno oficial.
144;MT;39385;C;12;0;;2.28918;2.23364;0.23391;AZUL;1211;;0;2023;Texto extraído diretamente do caderno oficial.
18;LC;140905;B;28;0;;2.28551;2.41311;0.221;AZUL;1201;;0;2023;"*010175AZ32*
01
1 Dia 1 Dia
1°Capa 4°Capa
Transcreva a sua Redação para a Folha de Redação.
Azul 1 1 Azul
Amarelo 2 2 Amarelo
Branco 3 1 3 Branco
Rosa 4 2 4 Rosa
3
Ledor 9 9 Ledor
Libras 10 4 10 Libras
5
6
7
8
O
9
H
10
N O
11
U
12 Ã
C
13 Ç
S
14 A
A
15 D
16 R
E
17
R
18
A
19
D
20
21
22
23
24
2 Dia 2 Dia
1°Capa 25 4°Capa
Libras 12 26 12 Libras
Ledor 11 11 Ledor
27
28
Rosa 8 8 Rosa
Azul 7 29 7 Azul
Cinza 6 6 Cinza
30
Amarelo 5 5 Amarelo
32 –1º DIA • CADERNO 1 • AZUL–
01
BBiigguurrrriillhhooss..iinndddd 11 1144//0066//22002222 1177::1122::0066"
18;LC;140905;B;28;0;;2.28551;2.41311;0.221;AZUL;1201;;0;2023;"*010175AZ32*
01
1 Dia 1 Dia
1°Capa 4°Capa
Transcreva a sua Redação para a Folha de Redação.
Azul 1 1 Azul
Amarelo 2 2 Amarelo
Branco 3 1 3 Branco
Rosa 4 2 4 Rosa
3
Ledor 9 9 Ledor
Libras 10 4 10 Libras
5
6
7
8
O
9
H
10
N O
11
U
12 Ã
C
13 Ç
S
14 A
A
15 D
16 R
E
17
R
18
A
19
D
20
21
22
23
24
2 Dia 2 Dia
1°Capa 25 4°Capa
Libras 12 26 12 Libras
Ledor 11 11 Ledor
27
28
Rosa 8 8 Rosa
Azul 7 29 7 Azul
Cinza 6 6 Cinza
30
Amarelo 5 5 Amarelo
32 –1º DIA • CADERNO 1 • AZUL–
01
BBiigguurrrriillhhooss..iinndddd 11 1144//0066//22002222 1177::1122::0066"
18;LC;140905;B;28;0;;2.28551;2.41311;0.221;AZUL;1201;;0;2023;"*010175AZ32*
01
1 Dia 1 Dia
1°Capa 4°Capa
Transcreva a sua Redação para a Folha de Redação.
Azul 1 1 Azul
Amarelo 2 2 Amarelo
Branco 3 1 3 Branco
Rosa 4 2 4 Rosa
3
Ledor 9 9 Ledor
Libras 10 4 10 Libras
5
6
7
8
O
9
H
10
N O
11
U
12 Ã
C
13 Ç
S
14 A
A
15 D
16 R
E
17
R
18
A
19
D
20
21
22
23
24
2 Dia 2 Dia
1°Capa 25 4°Capa
Libras 12 26 12 Libras
Ledor 11 11 Ledor
27
28
Rosa 8 8 Rosa
Azul 7 29 7 Azul
Cinza 6 6 Cinza
30
Amarelo 5 5 Amarelo
32 –1º DIA • CADERNO 1 • AZUL–
01
BBiigguurrrriillhhooss..iinndddd 11 1144//0066//22002222 1177::1122::0066"
78;CH;141028;D;10;0;;2.27674;0.22219;0.20185;AZUL;1231;;0;2023;Texto extraído diretamente do caderno oficial.
78;CH;141028;D;10;0;;2.27674;0.22219;0.20185;AZUL;1231;;0;2023;Texto extraído diretamente do caderno oficial.
78;CH;141028;D;10;0;;2.27674;0.22219;0.20185;AZUL;1271;;0;2023;Texto extraído diretamente do caderno oficial.
78;CH;141028;D;10;0;;2.27674;0.22219;0.20185;AZUL;1271;;0;2023;Texto extraído diretamente do caderno oficial.
78;CH;141028;D;10;0;;2.27674;0.22219;0.20185;AZUL;1231;;0;2023;Texto extraído diretamente do caderno oficial.
78;CH;141028;D;10;0;;2.27674;0.22219;0.20185;AZUL;1271;;0;2023;Texto extraído diretamente do caderno oficial.
157;MT;32176;B;25;0;;2.26313;1.23798;0.16267;AZUL;1211;;0;2023;Texto extraído diretamente do caderno oficial.
157;MT;32176;B;25;0;;2.26313;1.23798;0.16267;AZUL;1211;;0;2023;Texto extraído diretamente do caderno oficial.
157;MT;32176;B;25;0;;2.26313;1.23798;0.16267;AZUL;1211;;0;2023;Texto extraído diretamente do caderno oficial.
150;MT;117706;A;19;0;;2.26306;1.45121;0.23837;AZUL;1211;;0;2023;Texto extraído diretamente do caderno oficial.
150;MT;117706;A;19;0;;2.26306;1.45121;0.23837;AZUL;1211;;0;2023;Texto extraído diretamente do caderno oficial.
150;MT;117706;A;19;0;;2.26306;1.45121;0.23837;AZUL;1211;;0;2023;Texto extraído diretamente do caderno oficial.
157;MT;7685;D;8;0;;2.26176;1.33672;0.2149;AZUL;1323;;0;2023;Texto extraído diretamente do caderno oficial.
157;MT;7685;D;8;0;;2.26176;1.33672;0.2149;AZUL;1323;;0;2023;Texto extraído diretamente do caderno oficial.
157;MT;7685;D;8;0;;2.26176;1.33672;0.2149;AZUL;1323;;0;2023;Texto extraído diretamente do caderno oficial.
139;MT;67681;A;1;0;;2.25936;0.86844;0.2292;AZUL;1323;;0;2023;Texto extraído diretamente do caderno oficial.
139;MT;67681;A;1;0;;2.25936;0.86844;0.2292;AZUL;1323;;0;2023;Texto extraído diretamente do caderno oficial.
139;MT;67681;A;1;0;;2.25936;0.86844;0.2292;AZUL;1323;;0;2023;Texto extraído diretamente do caderno oficial.
180;MT;40363;E;11;0;;2.25486;2.9863;0.19011;AZUL;1323;;0;2023;Texto extraído diretamente do caderno oficial.
180;MT;40363;E;11;0;;2.25486;2.9863;0.19011;AZUL;1323;;0;2023;Texto extraído diretamente do caderno oficial.
180;MT;40363;E;11;0;;2.25486;2.9863;0.19011;AZUL;1323;;0;2023;Texto extraído diretamente do caderno oficial.
160;MT;125959;B;23;0;;2.2547;1.1525;0.16991;AZUL;1251;;0;2023;Texto extraído diretamente do caderno oficial.
160;MT;125959;B;23;0;;2.2547;1.1525;0.16991;AZUL;1251;;0;2023;Texto extraído diretamente do caderno oficial.
160;MT;125959;B;23;0;;2.2547;1.1525;0.16991;AZUL;1251;;0;2023;Texto extraído diretamente do caderno oficial.
160;MT;125959;B;23;0;;2.2547;1.1525;0.16991;AZUL;1291;;0;2023;Texto extraído diretamente do caderno oficial.
160;MT;125959;B;23;0;;2.2547;1.1525;0.16991;AZUL;1291;;0;2023;Texto extraído diretamente do caderno oficial.
160;MT;125959;B;23;0;;2.2547;1.1525;0.16991;AZUL;1291;;0;2023;Texto extraído diretamente do caderno oficial.
148;MT;141566;C;9;0;;2.25456;2.26979;0.24366;AZUL;1211;;0;2023;Texto extraído diretamente do caderno oficial.
148;MT;141566;C;9;0;;2.25456;2.26979;0.24366;AZUL;1211;;0;2023;Texto extraído diretamente do caderno oficial.
148;MT;141566;C;9;0;;2.25456;2.26979;0.24366;AZUL;1211;;0;2023;Texto extraído diretamente do caderno oficial.
99;CN;37525;C;14;0;;2.24996;1.35811;0.22169;AZUL;1333;;0;2023;Texto extraído diretamente do caderno oficial.
99;CN;37525;C;14;0;;2.24996;1.35811;0.22169;AZUL;1333;;0;2023;Texto extraído diretamente do caderno oficial.
99;CN;37525;C;14;0;;2.24996;1.35811;0.22169;AZUL;1333;;0;2023;Texto extraído diretamente do caderno oficial.
48;CH;140184;B;23;0;;2.24911;0.26187;0.21039;AZUL;1271;;0;2023;Texto extraído diretamente do caderno oficial.
48;CH;140184;B;23;0;;2.24911;0.26187;0.21039;AZUL;1231;;0;2023;Texto extraído diretamente do caderno oficial.
48;CH;140184;B;23;0;;2.24911;0.26187;0.21039;AZUL;1271;;0;2023;Texto extraído diretamente do caderno oficial.
48;CH;140184;B;23;0;;2.24911;0.26187;0.21039;AZUL;1231;;0;2023;Texto extraído diretamente do caderno oficial.
48;CH;140184;B;23;0;;2.24911;0.26187;0.21039;AZUL;1271;;0;2023;Texto extraído diretamente do caderno oficial.
48;CH;140184;B;23;0;;2.24911;0.26187;0.21039;AZUL;1231;;0;2023;Texto extraído diretamente do caderno oficial.
45;LC;140806;D;16;0;;2.24767;0.37674;0.18584;AZUL;1241;;0;2023;Texto extraído diretamente do caderno oficial.
45;LC;140806;D;16;0;;2.24767;0.37674;0.18584;AZUL;1241;;0;2023;Texto extraído diretamente do caderno oficial.
45;LC;140806;D;16;0;;2.24767;0.37674;0.18584;AZUL;1281;;0;2023;Texto extraído diretamente do caderno oficial.
45;LC;140806;D;16;0;;2.24767;0.37674;0.18584;AZUL;1281;;0;2023;Texto extraído diretamente do caderno oficial.
45;LC;140806;D;16;0;;2.24767;0.37674;0.18584;AZUL;1281;;0;2023;Texto extraído diretamente do caderno oficial.
45;LC;140806;D;16;0;;2.24767;0.37674;0.18584;AZUL;1241;;0;2023;Texto extraído diretamente do caderno oficial.
130;CN;88570;C;4;0;;2.24692;1.39111;0.18364;AZUL;1301;;0;2023;Texto extraído diretamente do caderno oficial.
130;CN;88570;C;4;0;;2.24692;1.39111;0.18364;AZUL;1261;;0;2023;Texto extraído diretamente do caderno oficial.
130;CN;88570;C;4;0;;2.24692;1.39111;0.18364;AZUL;1301;;0;2023;Texto extraído diretamente do caderno oficial.
130;CN;88570;C;4;0;;2.24692;1.39111;0.18364;AZUL;1261;;0;2023;Texto extraído diretamente do caderno oficial.
130;CN;88570;C;4;0;;2.24692;1.39111;0.18364;AZUL;1261;;0;2023;Texto extraído diretamente do caderno oficial.
130;CN;88570;C;4;0;;2.24692;1.39111;0.18364;AZUL;1301;;0;2023;Texto extraído diretamente do caderno oficial.
4;LC;140649;B;5;0;;2.23798;0.86091;0.18548;AZUL;1201;1.0;0;2023;"QUESTÃO 73 QUESTÃO 75
Os séculos XV e XVI, quando se vão desmoronando A torcida do Fluminense inicia um movimento para
as estruturas socioeconômicas da Idade Média perante mudar a letra de uma das músicas mais populares das
os novos imperativos da Época moderna, constituem um arquibancadas tricolores. Grupos pedem a remoção do
momento-chave na história florestal de toda a Europa termo “mulambo imundo”, em uma provocação direta ao
Ocidental. Abre-se, genericamente, um longo período Flamengo. Mulambo é um termo que surgiu em Angola,
de “crise florestal”, que se manifesta com acuidade nos na época da escravatura, e eles eram chamados de
países onde mais se desenvolvem as atividades industriais mulambos pelos senhores de engenho, os patrões
e comerciais. As necessidades em produtos lenhosos das fazendas.
aumentam drasticamente com o crescimento do consumo Disponível em: https://oglobo.globo.com. Acesso em: 23 nov. 2021.
nos mercados urbanos e nas regiões onde progridem a
Qual mudança no comportamento social a proposta
metalurgia e a construção naval, além da sua utilização
reportada no texto reflete?
na vida quotidiana de toda a população.
DEVY-VARETA, N. Para uma geografia histórica da floresta portuguesa. AA Rejeição de costumes elitistas.
Revista da Faculdade de Letras — Geografia, n. 1, 1986 (adaptado). BB Repulsão de condutas misóginas.
Qual acontecimento do período contribuiu diretamente
CC Condenação do preconceito racial.
para o agravamento da situação descrita?
DD Criminalização de práticas homofóbicas.
AA O processo de expansão marítima.
EE Contestação do comportamento machista.
BB A eclosão do renascimento cultural.
CC A concretização da centralização política. QUESTÃO 76
DD O movimento de reformas religiosas.
EE A manutenção do sistema feudal.
QUESTÃO 74
Tahuantinsuyu — nome do Império Inca em quéchua —
era dividido em quatro partes ou suyus: Chinchaysuyu
(noroeste do Peru e Equador), Antisuyu (parte amazônica
do império), Collasuyu (atual Bolívia) e Condesuyu (costa
do Oceano Pacífico) e tinha Cuzco, no atual Peru,
como sua capital imperial. Oficialmente, todas as etnias
dominadas pelos incas deveriam adotar a língua quéchua,
adorar o Sapa Inca e o Sol e pagar taxas em forma de
horas de trabalhos periódicos. No entanto, pode-se dizer
que o Império Inca era como um mosaico cultural em que
vários e diferentes grupos étnicos adoravam o Sapa Inca
e o Sol mas, simultaneamente, continuavam a adorar seus
deuses locais e também a falar em suas línguas nativas.
MARTINS, C. Os incas e os tahuantinsuyu: apresentação. Disponível em:
http://antigo.anphlac.org. Acesso em: 6 out. 2021 (adaptado).
Ao comparar, no texto, a vertente da dominação territorial
com os aspectos culturais, os incas tinham uma postura
AA aceitável no que alude aos direitos humanos.
BB admissível no que remete às crenças coloniais.
CC tolerável no que se refere aos regimes tributários.
Fonte: IBGE
DD flexível no que diz respeito aos costumes religiosos.
EE compreensível no que concerne às normas laborais.
–CH • 1º DIA • CADERNO 1 • AZUL– 27
rehlum
rop
sohliF
*010175AZ27*
Taxa de fecundidade no Brasil
De 1960 a 2020,
número de filhos baixa de
6,3 para 1,5
7
6,3
6 5,8
5
4,1
4
3 2,8
2,4
2 1,8
1,5 1,5 1,5 1,5
1
0
1960 1970 19801990200020102020203020402050
Décadas
Disponível em: www.insper.edu.br. Acesso em: 27 set. 2021 (adaptado).
Qual fator foi determinante para a mudança do indicador
apresentado no gráfico?
AA Flexibilização legal da prática de aborto.
BB Envelhecimento da população brasileira.
CC Crescimento dos casos de gravidez precoce.
DD Participação feminina no mercado de trabalho.
EE Diminuição dos benefícios na licença-maternidade."
4;LC;140649;B;5;0;;2.23798;0.86091;0.18548;AZUL;1201;1.0;0;2023;"QUESTÃO 73 QUESTÃO 75
Os séculos XV e XVI, quando se vão desmoronando A torcida do Fluminense inicia um movimento para
as estruturas socioeconômicas da Idade Média perante mudar a letra de uma das músicas mais populares das
os novos imperativos da Época moderna, constituem um arquibancadas tricolores. Grupos pedem a remoção do
momento-chave na história florestal de toda a Europa termo “mulambo imundo”, em uma provocação direta ao
Ocidental. Abre-se, genericamente, um longo período Flamengo. Mulambo é um termo que surgiu em Angola,
de “crise florestal”, que se manifesta com acuidade nos na época da escravatura, e eles eram chamados de
países onde mais se desenvolvem as atividades industriais mulambos pelos senhores de engenho, os patrões
e comerciais. As necessidades em produtos lenhosos das fazendas.
aumentam drasticamente com o crescimento do consumo Disponível em: https://oglobo.globo.com. Acesso em: 23 nov. 2021.
nos mercados urbanos e nas regiões onde progridem a
Qual mudança no comportamento social a proposta
metalurgia e a construção naval, além da sua utilização
reportada no texto reflete?
na vida quotidiana de toda a população.
DEVY-VARETA, N. Para uma geografia histórica da floresta portuguesa. AA Rejeição de costumes elitistas.
Revista da Faculdade de Letras — Geografia, n. 1, 1986 (adaptado). BB Repulsão de condutas misóginas.
Qual acontecimento do período contribuiu diretamente
CC Condenação do preconceito racial.
para o agravamento da situação descrita?
DD Criminalização de práticas homofóbicas.
AA O processo de expansão marítima.
EE Contestação do comportamento machista.
BB A eclosão do renascimento cultural.
CC A concretização da centralização política. QUESTÃO 76
DD O movimento de reformas religiosas.
EE A manutenção do sistema feudal.
QUESTÃO 74
Tahuantinsuyu — nome do Império Inca em quéchua —
era dividido em quatro partes ou suyus: Chinchaysuyu
(noroeste do Peru e Equador), Antisuyu (parte amazônica
do império), Collasuyu (atual Bolívia) e Condesuyu (costa
do Oceano Pacífico) e tinha Cuzco, no atual Peru,
como sua capital imperial. Oficialmente, todas as etnias
dominadas pelos incas deveriam adotar a língua quéchua,
adorar o Sapa Inca e o Sol e pagar taxas em forma de
horas de trabalhos periódicos. No entanto, pode-se dizer
que o Império Inca era como um mosaico cultural em que
vários e diferentes grupos étnicos adoravam o Sapa Inca
e o Sol mas, simultaneamente, continuavam a adorar seus
deuses locais e também a falar em suas línguas nativas.
MARTINS, C. Os incas e os tahuantinsuyu: apresentação. Disponível em:
http://antigo.anphlac.org. Acesso em: 6 out. 2021 (adaptado).
Ao comparar, no texto, a vertente da dominação territorial
com os aspectos culturais, os incas tinham uma postura
AA aceitável no que alude aos direitos humanos.
BB admissível no que remete às crenças coloniais.
CC tolerável no que se refere aos regimes tributários.
Fonte: IBGE
DD flexível no que diz respeito aos costumes religiosos.
EE compreensível no que concerne às normas laborais.
–CH • 1º DIA • CADERNO 1 • AZUL– 27
rehlum
rop
sohliF
*010175AZ27*
Taxa de fecundidade no Brasil
De 1960 a 2020,
número de filhos baixa de
6,3 para 1,5
7
6,3
6 5,8
5
4,1
4
3 2,8
2,4
2 1,8
1,5 1,5 1,5 1,5
1
0
1960 1970 19801990200020102020203020402050
Décadas
Disponível em: www.insper.edu.br. Acesso em: 27 set. 2021 (adaptado).
Qual fator foi determinante para a mudança do indicador
apresentado no gráfico?
AA Flexibilização legal da prática de aborto.
BB Envelhecimento da população brasileira.
CC Crescimento dos casos de gravidez precoce.
DD Participação feminina no mercado de trabalho.
EE Diminuição dos benefícios na licença-maternidade."
4;LC;140649;B;5;0;;2.23798;0.86091;0.18548;AZUL;1201;1.0;0;2023;"QUESTÃO 73 QUESTÃO 75
Os séculos XV e XVI, quando se vão desmoronando A torcida do Fluminense inicia um movimento para
as estruturas socioeconômicas da Idade Média perante mudar a letra de uma das músicas mais populares das
os novos imperativos da Época moderna, constituem um arquibancadas tricolores. Grupos pedem a remoção do
momento-chave na história florestal de toda a Europa termo “mulambo imundo”, em uma provocação direta ao
Ocidental. Abre-se, genericamente, um longo período Flamengo. Mulambo é um termo que surgiu em Angola,
de “crise florestal”, que se manifesta com acuidade nos na época da escravatura, e eles eram chamados de
países onde mais se desenvolvem as atividades industriais mulambos pelos senhores de engenho, os patrões
e comerciais. As necessidades em produtos lenhosos das fazendas.
aumentam drasticamente com o crescimento do consumo Disponível em: https://oglobo.globo.com. Acesso em: 23 nov. 2021.
nos mercados urbanos e nas regiões onde progridem a
Qual mudança no comportamento social a proposta
metalurgia e a construção naval, além da sua utilização
reportada no texto reflete?
na vida quotidiana de toda a população.
DEVY-VARETA, N. Para uma geografia histórica da floresta portuguesa. AA Rejeição de costumes elitistas.
Revista da Faculdade de Letras — Geografia, n. 1, 1986 (adaptado). BB Repulsão de condutas misóginas.
Qual acontecimento do período contribuiu diretamente
CC Condenação do preconceito racial.
para o agravamento da situação descrita?
DD Criminalização de práticas homofóbicas.
AA O processo de expansão marítima.
EE Contestação do comportamento machista.
BB A eclosão do renascimento cultural.
CC A concretização da centralização política. QUESTÃO 76
DD O movimento de reformas religiosas.
EE A manutenção do sistema feudal.
QUESTÃO 74
Tahuantinsuyu — nome do Império Inca em quéchua —
era dividido em quatro partes ou suyus: Chinchaysuyu
(noroeste do Peru e Equador), Antisuyu (parte amazônica
do império), Collasuyu (atual Bolívia) e Condesuyu (costa
do Oceano Pacífico) e tinha Cuzco, no atual Peru,
como sua capital imperial. Oficialmente, todas as etnias
dominadas pelos incas deveriam adotar a língua quéchua,
adorar o Sapa Inca e o Sol e pagar taxas em forma de
horas de trabalhos periódicos. No entanto, pode-se dizer
que o Império Inca era como um mosaico cultural em que
vários e diferentes grupos étnicos adoravam o Sapa Inca
e o Sol mas, simultaneamente, continuavam a adorar seus
deuses locais e também a falar em suas línguas nativas.
MARTINS, C. Os incas e os tahuantinsuyu: apresentação. Disponível em:
http://antigo.anphlac.org. Acesso em: 6 out. 2021 (adaptado).
Ao comparar, no texto, a vertente da dominação territorial
com os aspectos culturais, os incas tinham uma postura
AA aceitável no que alude aos direitos humanos.
BB admissível no que remete às crenças coloniais.
CC tolerável no que se refere aos regimes tributários.
Fonte: IBGE
DD flexível no que diz respeito aos costumes religiosos.
EE compreensível no que concerne às normas laborais.
–CH • 1º DIA • CADERNO 1 • AZUL– 27
rehlum
rop
sohliF
*010175AZ27*
Taxa de fecundidade no Brasil
De 1960 a 2020,
número de filhos baixa de
6,3 para 1,5
7
6,3
6 5,8
5
4,1
4
3 2,8
2,4
2 1,8
1,5 1,5 1,5 1,5
1
0
1960 1970 19801990200020102020203020402050
Décadas
Disponível em: www.insper.edu.br. Acesso em: 27 set. 2021 (adaptado).
Qual fator foi determinante para a mudança do indicador
apresentado no gráfico?
AA Flexibilização legal da prática de aborto.
BB Envelhecimento da população brasileira.
CC Crescimento dos casos de gravidez precoce.
DD Participação feminina no mercado de trabalho.
EE Diminuição dos benefícios na licença-maternidade."
169;MT;53181;B;26;0;;2.23246;0.40894;0.15192;AZUL;1251;;0;2023;Texto extraído diretamente do caderno oficial.
169;MT;53181;B;26;0;;2.23246;0.40894;0.15192;AZUL;1291;;0;2023;Texto extraído diretamente do caderno oficial.
169;MT;53181;B;26;0;;2.23246;0.40894;0.15192;AZUL;1291;;0;2023;Texto extraído diretamente do caderno oficial.
169;MT;53181;B;26;0;;2.23246;0.40894;0.15192;AZUL;1251;;0;2023;Texto extraído diretamente do caderno oficial.
169;MT;53181;B;26;0;;2.23246;0.40894;0.15192;AZUL;1251;;0;2023;Texto extraído diretamente do caderno oficial.
169;MT;53181;B;26;0;;2.23246;0.40894;0.15192;AZUL;1291;;0;2023;Texto extraído diretamente do caderno oficial.
176;MT;40387;D;17;0;;2.22187;1.36509;0.13859;AZUL;1291;;0;2023;Texto extraído diretamente do caderno oficial.
176;MT;40387;D;17;0;;2.22187;1.36509;0.13859;AZUL;1251;;0;2023;Texto extraído diretamente do caderno oficial.
176;MT;40387;D;17;0;;2.22187;1.36509;0.13859;AZUL;1291;;0;2023;Texto extraído diretamente do caderno oficial.
176;MT;40387;D;17;0;;2.22187;1.36509;0.13859;AZUL;1251;;0;2023;Texto extraído diretamente do caderno oficial.
176;MT;40387;D;17;0;;2.22187;1.36509;0.13859;AZUL;1251;;0;2023;Texto extraído diretamente do caderno oficial.
176;MT;40387;D;17;0;;2.22187;1.36509;0.13859;AZUL;1291;;0;2023;Texto extraído diretamente do caderno oficial.
99;CN;89769;D;30;0;;2.21757;2.35841;0.11592;AZUL;1221;;0;2023;Texto extraído diretamente do caderno oficial.
99;CN;89769;D;30;0;;2.21757;2.35841;0.11592;AZUL;1221;;0;2023;Texto extraído diretamente do caderno oficial.
99;CN;89769;D;30;0;;2.21757;2.35841;0.11592;AZUL;1221;;0;2023;Texto extraído diretamente do caderno oficial.
50;CH;140588;B;28;0;;2.21675;0.28898;0.20874;AZUL;1271;;0;2023;Texto extraído diretamente do caderno oficial.
50;CH;140588;B;28;0;;2.21675;0.28898;0.20874;AZUL;1231;;0;2023;Texto extraído diretamente do caderno oficial.
50;CH;140588;B;28;0;;2.21675;0.28898;0.20874;AZUL;1231;;0;2023;Texto extraído diretamente do caderno oficial.
50;CH;140588;B;28;0;;2.21675;0.28898;0.20874;AZUL;1271;;0;2023;Texto extraído diretamente do caderno oficial.
50;CH;140588;B;28;0;;2.21675;0.28898;0.20874;AZUL;1231;;0;2023;Texto extraído diretamente do caderno oficial.
50;CH;140588;B;28;0;;2.21675;0.28898;0.20874;AZUL;1271;;0;2023;Texto extraído diretamente do caderno oficial.
175;MT;85504;B;21;0;;2.21375;1.82985;0.15414;AZUL;1211;;0;2023;Texto extraído diretamente do caderno oficial.
175;MT;85504;B;21;0;;2.21375;1.82985;0.15414;AZUL;1211;;0;2023;Texto extraído diretamente do caderno oficial.
175;MT;85504;B;21;0;;2.21375;1.82985;0.15414;AZUL;1211;;0;2023;Texto extraído diretamente do caderno oficial.
172;MT;125888;C;13;0;;2.2107;2.37234;0.31768;AZUL;1211;;0;2023;Texto extraído diretamente do caderno oficial.
172;MT;125888;C;13;0;;2.2107;2.37234;0.31768;AZUL;1211;;0;2023;Texto extraído diretamente do caderno oficial.
172;MT;125888;C;13;0;;2.2107;2.37234;0.31768;AZUL;1211;;0;2023;Texto extraído diretamente do caderno oficial.
8;LC;141443;C;27;0;;2.20477;0.52119;0.1393;AZUL;1201;;0;2023;"*010175AZ32*
01
1 Dia 1 Dia
1°Capa 4°Capa
Transcreva a sua Redação para a Folha de Redação.
Azul 1 1 Azul
Amarelo 2 2 Amarelo
Branco 3 1 3 Branco
Rosa 4 2 4 Rosa
3
Ledor 9 9 Ledor
Libras 10 4 10 Libras
5
6
7
8
O
9
H
10
N O
11
U
12 Ã
C
13 Ç
S
14 A
A
15 D
16 R
E
17
R
18
A
19
D
20
21
22
23
24
2 Dia 2 Dia
1°Capa 25 4°Capa
Libras 12 26 12 Libras
Ledor 11 11 Ledor
27
28
Rosa 8 8 Rosa
Azul 7 29 7 Azul
Cinza 6 6 Cinza
30
Amarelo 5 5 Amarelo
32 –1º DIA • CADERNO 1 • AZUL–
01
BBiigguurrrriillhhooss..iinndddd 11 1144//0066//22002222 1177::1122::0066"
8;LC;141443;C;27;0;;2.20477;0.52119;0.1393;AZUL;1201;;0;2023;"*010175AZ32*
01
1 Dia 1 Dia
1°Capa 4°Capa
Transcreva a sua Redação para a Folha de Redação.
Azul 1 1 Azul
Amarelo 2 2 Amarelo
Branco 3 1 3 Branco
Rosa 4 2 4 Rosa
3
Ledor 9 9 Ledor
Libras 10 4 10 Libras
5
6
7
8
O
9
H
10
N O
11
U
12 Ã
C
13 Ç
S
14 A
A
15 D
16 R
E
17
R
18
A
19
D
20
21
22
23
24
2 Dia 2 Dia
1°Capa 25 4°Capa
Libras 12 26 12 Libras
Ledor 11 11 Ledor
27
28
Rosa 8 8 Rosa
Azul 7 29 7 Azul
Cinza 6 6 Cinza
30
Amarelo 5 5 Amarelo
32 –1º DIA • CADERNO 1 • AZUL–
01
BBiigguurrrriillhhooss..iinndddd 11 1144//0066//22002222 1177::1122::0066"
8;LC;141443;C;27;0;;2.20477;0.52119;0.1393;AZUL;1201;;0;2023;"*010175AZ32*
01
1 Dia 1 Dia
1°Capa 4°Capa
Transcreva a sua Redação para a Folha de Redação.
Azul 1 1 Azul
Amarelo 2 2 Amarelo
Branco 3 1 3 Branco
Rosa 4 2 4 Rosa
3
Ledor 9 9 Ledor
Libras 10 4 10 Libras
5
6
7
8
O
9
H
10
N O
11
U
12 Ã
C
13 Ç
S
14 A
A
15 D
16 R
E
17
R
18
A
19
D
20
21
22
23
24
2 Dia 2 Dia
1°Capa 25 4°Capa
Libras 12 26 12 Libras
Ledor 11 11 Ledor
27
28
Rosa 8 8 Rosa
Azul 7 29 7 Azul
Cinza 6 6 Cinza
30
Amarelo 5 5 Amarelo
32 –1º DIA • CADERNO 1 • AZUL–
01
BBiigguurrrriillhhooss..iinndddd 11 1144//0066//22002222 1177::1122::0066"
7;LC;141283;B;14;0;;2.20125;0.82582;0.2119;AZUL;1281;;0;2023;"QUESTÃO 73 QUESTÃO 75
Os séculos XV e XVI, quando se vão desmoronando A torcida do Fluminense inicia um movimento para
as estruturas socioeconômicas da Idade Média perante mudar a letra de uma das músicas mais populares das
os novos imperativos da Época moderna, constituem um arquibancadas tricolores. Grupos pedem a remoção do
momento-chave na história florestal de toda a Europa termo “mulambo imundo”, em uma provocação direta ao
Ocidental. Abre-se, genericamente, um longo período Flamengo. Mulambo é um termo que surgiu em Angola,
de “crise florestal”, que se manifesta com acuidade nos na época da escravatura, e eles eram chamados de
países onde mais se desenvolvem as atividades industriais mulambos pelos senhores de engenho, os patrões
e comerciais. As necessidades em produtos lenhosos das fazendas.
aumentam drasticamente com o crescimento do consumo Disponível em: https://oglobo.globo.com. Acesso em: 23 nov. 2021.
nos mercados urbanos e nas regiões onde progridem a
Qual mudança no comportamento social a proposta
metalurgia e a construção naval, além da sua utilização
reportada no texto reflete?
na vida quotidiana de toda a população.
DEVY-VARETA, N. Para uma geografia histórica da floresta portuguesa. AA Rejeição de costumes elitistas.
Revista da Faculdade de Letras — Geografia, n. 1, 1986 (adaptado). BB Repulsão de condutas misóginas.
Qual acontecimento do período contribuiu diretamente
CC Condenação do preconceito racial.
para o agravamento da situação descrita?
DD Criminalização de práticas homofóbicas.
AA O processo de expansão marítima.
EE Contestação do comportamento machista.
BB A eclosão do renascimento cultural.
CC A concretização da centralização política. QUESTÃO 76
DD O movimento de reformas religiosas.
EE A manutenção do sistema feudal.
QUESTÃO 74
Tahuantinsuyu — nome do Império Inca em quéchua —
era dividido em quatro partes ou suyus: Chinchaysuyu
(noroeste do Peru e Equador), Antisuyu (parte amazônica
do império), Collasuyu (atual Bolívia) e Condesuyu (costa
do Oceano Pacífico) e tinha Cuzco, no atual Peru,
como sua capital imperial. Oficialmente, todas as etnias
dominadas pelos incas deveriam adotar a língua quéchua,
adorar o Sapa Inca e o Sol e pagar taxas em forma de
horas de trabalhos periódicos. No entanto, pode-se dizer
que o Império Inca era como um mosaico cultural em que
vários e diferentes grupos étnicos adoravam o Sapa Inca
e o Sol mas, simultaneamente, continuavam a adorar seus
deuses locais e também a falar em suas línguas nativas.
MARTINS, C. Os incas e os tahuantinsuyu: apresentação. Disponível em:
http://antigo.anphlac.org. Acesso em: 6 out. 2021 (adaptado).
Ao comparar, no texto, a vertente da dominação territorial
com os aspectos culturais, os incas tinham uma postura
AA aceitável no que alude aos direitos humanos.
BB admissível no que remete às crenças coloniais.
CC tolerável no que se refere aos regimes tributários.
Fonte: IBGE
DD flexível no que diz respeito aos costumes religiosos.
EE compreensível no que concerne às normas laborais.
–CH • 1º DIA • CADERNO 1 • AZUL– 27
rehlum
rop
sohliF
*010175AZ27*
Taxa de fecundidade no Brasil
De 1960 a 2020,
número de filhos baixa de
6,3 para 1,5
7
6,3
6 5,8
5
4,1
4
3 2,8
2,4
2 1,8
1,5 1,5 1,5 1,5
1
0
1960 1970 19801990200020102020203020402050
Décadas
Disponível em: www.insper.edu.br. Acesso em: 27 set. 2021 (adaptado).
Qual fator foi determinante para a mudança do indicador
apresentado no gráfico?
AA Flexibilização legal da prática de aborto.
BB Envelhecimento da população brasileira.
CC Crescimento dos casos de gravidez precoce.
DD Participação feminina no mercado de trabalho.
EE Diminuição dos benefícios na licença-maternidade."
7;LC;141283;B;14;0;;2.20125;0.82582;0.2119;AZUL;1281;;0;2023;"QUESTÃO 73 QUESTÃO 75
Os séculos XV e XVI, quando se vão desmoronando A torcida do Fluminense inicia um movimento para
as estruturas socioeconômicas da Idade Média perante mudar a letra de uma das músicas mais populares das
os novos imperativos da Época moderna, constituem um arquibancadas tricolores. Grupos pedem a remoção do
momento-chave na história florestal de toda a Europa termo “mulambo imundo”, em uma provocação direta ao
Ocidental. Abre-se, genericamente, um longo período Flamengo. Mulambo é um termo que surgiu em Angola,
de “crise florestal”, que se manifesta com acuidade nos na época da escravatura, e eles eram chamados de
países onde mais se desenvolvem as atividades industriais mulambos pelos senhores de engenho, os patrões
e comerciais. As necessidades em produtos lenhosos das fazendas.
aumentam drasticamente com o crescimento do consumo Disponível em: https://oglobo.globo.com. Acesso em: 23 nov. 2021.
nos mercados urbanos e nas regiões onde progridem a
Qual mudança no comportamento social a proposta
metalurgia e a construção naval, além da sua utilização
reportada no texto reflete?
na vida quotidiana de toda a população.
DEVY-VARETA, N. Para uma geografia histórica da floresta portuguesa. AA Rejeição de costumes elitistas.
Revista da Faculdade de Letras — Geografia, n. 1, 1986 (adaptado). BB Repulsão de condutas misóginas.
Qual acontecimento do período contribuiu diretamente
CC Condenação do preconceito racial.
para o agravamento da situação descrita?
DD Criminalização de práticas homofóbicas.
AA O processo de expansão marítima.
EE Contestação do comportamento machista.
BB A eclosão do renascimento cultural.
CC A concretização da centralização política. QUESTÃO 76
DD O movimento de reformas religiosas.
EE A manutenção do sistema feudal.
QUESTÃO 74
Tahuantinsuyu — nome do Império Inca em quéchua —
era dividido em quatro partes ou suyus: Chinchaysuyu
(noroeste do Peru e Equador), Antisuyu (parte amazônica
do império), Collasuyu (atual Bolívia) e Condesuyu (costa
do Oceano Pacífico) e tinha Cuzco, no atual Peru,
como sua capital imperial. Oficialmente, todas as etnias
dominadas pelos incas deveriam adotar a língua quéchua,
adorar o Sapa Inca e o Sol e pagar taxas em forma de
horas de trabalhos periódicos. No entanto, pode-se dizer
que o Império Inca era como um mosaico cultural em que
vários e diferentes grupos étnicos adoravam o Sapa Inca
e o Sol mas, simultaneamente, continuavam a adorar seus
deuses locais e também a falar em suas línguas nativas.
MARTINS, C. Os incas e os tahuantinsuyu: apresentação. Disponível em:
http://antigo.anphlac.org. Acesso em: 6 out. 2021 (adaptado).
Ao comparar, no texto, a vertente da dominação territorial
com os aspectos culturais, os incas tinham uma postura
AA aceitável no que alude aos direitos humanos.
BB admissível no que remete às crenças coloniais.
CC tolerável no que se refere aos regimes tributários.
Fonte: IBGE
DD flexível no que diz respeito aos costumes religiosos.
EE compreensível no que concerne às normas laborais.
–CH • 1º DIA • CADERNO 1 • AZUL– 27
rehlum
rop
sohliF
*010175AZ27*
Taxa de fecundidade no Brasil
De 1960 a 2020,
número de filhos baixa de
6,3 para 1,5
7
6,3
6 5,8
5
4,1
4
3 2,8
2,4
2 1,8
1,5 1,5 1,5 1,5
1
0
1960 1970 19801990200020102020203020402050
Décadas
Disponível em: www.insper.edu.br. Acesso em: 27 set. 2021 (adaptado).
Qual fator foi determinante para a mudança do indicador
apresentado no gráfico?
AA Flexibilização legal da prática de aborto.
BB Envelhecimento da população brasileira.
CC Crescimento dos casos de gravidez precoce.
DD Participação feminina no mercado de trabalho.
EE Diminuição dos benefícios na licença-maternidade."
7;LC;141283;B;14;0;;2.20125;0.82582;0.2119;AZUL;1281;;0;2023;"QUESTÃO 73 QUESTÃO 75
Os séculos XV e XVI, quando se vão desmoronando A torcida do Fluminense inicia um movimento para
as estruturas socioeconômicas da Idade Média perante mudar a letra de uma das músicas mais populares das
os novos imperativos da Época moderna, constituem um arquibancadas tricolores. Grupos pedem a remoção do
momento-chave na história florestal de toda a Europa termo “mulambo imundo”, em uma provocação direta ao
Ocidental. Abre-se, genericamente, um longo período Flamengo. Mulambo é um termo que surgiu em Angola,
de “crise florestal”, que se manifesta com acuidade nos na época da escravatura, e eles eram chamados de
países onde mais se desenvolvem as atividades industriais mulambos pelos senhores de engenho, os patrões
e comerciais. As necessidades em produtos lenhosos das fazendas.
aumentam drasticamente com o crescimento do consumo Disponível em: https://oglobo.globo.com. Acesso em: 23 nov. 2021.
nos mercados urbanos e nas regiões onde progridem a
Qual mudança no comportamento social a proposta
metalurgia e a construção naval, além da sua utilização
reportada no texto reflete?
na vida quotidiana de toda a população.
DEVY-VARETA, N. Para uma geografia histórica da floresta portuguesa. AA Rejeição de costumes elitistas.
Revista da Faculdade de Letras — Geografia, n. 1, 1986 (adaptado). BB Repulsão de condutas misóginas.
Qual acontecimento do período contribuiu diretamente
CC Condenação do preconceito racial.
para o agravamento da situação descrita?
DD Criminalização de práticas homofóbicas.
AA O processo de expansão marítima.
EE Contestação do comportamento machista.
BB A eclosão do renascimento cultural.
CC A concretização da centralização política. QUESTÃO 76
DD O movimento de reformas religiosas.
EE A manutenção do sistema feudal.
QUESTÃO 74
Tahuantinsuyu — nome do Império Inca em quéchua —
era dividido em quatro partes ou suyus: Chinchaysuyu
(noroeste do Peru e Equador), Antisuyu (parte amazônica
do império), Collasuyu (atual Bolívia) e Condesuyu (costa
do Oceano Pacífico) e tinha Cuzco, no atual Peru,
como sua capital imperial. Oficialmente, todas as etnias
dominadas pelos incas deveriam adotar a língua quéchua,
adorar o Sapa Inca e o Sol e pagar taxas em forma de
horas de trabalhos periódicos. No entanto, pode-se dizer
que o Império Inca era como um mosaico cultural em que
vários e diferentes grupos étnicos adoravam o Sapa Inca
e o Sol mas, simultaneamente, continuavam a adorar seus
deuses locais e também a falar em suas línguas nativas.
MARTINS, C. Os incas e os tahuantinsuyu: apresentação. Disponível em:
http://antigo.anphlac.org. Acesso em: 6 out. 2021 (adaptado).
Ao comparar, no texto, a vertente da dominação territorial
com os aspectos culturais, os incas tinham uma postura
AA aceitável no que alude aos direitos humanos.
BB admissível no que remete às crenças coloniais.
CC tolerável no que se refere aos regimes tributários.
Fonte: IBGE
DD flexível no que diz respeito aos costumes religiosos.
EE compreensível no que concerne às normas laborais.
–CH • 1º DIA • CADERNO 1 • AZUL– 27
rehlum
rop
sohliF
*010175AZ27*
Taxa de fecundidade no Brasil
De 1960 a 2020,
número de filhos baixa de
6,3 para 1,5
7
6,3
6 5,8
5
4,1
4
3 2,8
2,4
2 1,8
1,5 1,5 1,5 1,5
1
0
1960 1970 19801990200020102020203020402050
Décadas
Disponível em: www.insper.edu.br. Acesso em: 27 set. 2021 (adaptado).
Qual fator foi determinante para a mudança do indicador
apresentado no gráfico?
AA Flexibilização legal da prática de aborto.
BB Envelhecimento da população brasileira.
CC Crescimento dos casos de gravidez precoce.
DD Participação feminina no mercado de trabalho.
EE Diminuição dos benefícios na licença-maternidade."
7;LC;141283;B;14;0;;2.20125;0.82582;0.2119;AZUL;1241;;0;2023;"QUESTÃO 73 QUESTÃO 75
Os séculos XV e XVI, quando se vão desmoronando A torcida do Fluminense inicia um movimento para
as estruturas socioeconômicas da Idade Média perante mudar a letra de uma das músicas mais populares das
os novos imperativos da Época moderna, constituem um arquibancadas tricolores. Grupos pedem a remoção do
momento-chave na história florestal de toda a Europa termo “mulambo imundo”, em uma provocação direta ao
Ocidental. Abre-se, genericamente, um longo período Flamengo. Mulambo é um termo que surgiu em Angola,
de “crise florestal”, que se manifesta com acuidade nos na época da escravatura, e eles eram chamados de
países onde mais se desenvolvem as atividades industriais mulambos pelos senhores de engenho, os patrões
e comerciais. As necessidades em produtos lenhosos das fazendas.
aumentam drasticamente com o crescimento do consumo Disponível em: https://oglobo.globo.com. Acesso em: 23 nov. 2021.
nos mercados urbanos e nas regiões onde progridem a
Qual mudança no comportamento social a proposta
metalurgia e a construção naval, além da sua utilização
reportada no texto reflete?
na vida quotidiana de toda a população.
DEVY-VARETA, N. Para uma geografia histórica da floresta portuguesa. AA Rejeição de costumes elitistas.
Revista da Faculdade de Letras — Geografia, n. 1, 1986 (adaptado). BB Repulsão de condutas misóginas.
Qual acontecimento do período contribuiu diretamente
CC Condenação do preconceito racial.
para o agravamento da situação descrita?
DD Criminalização de práticas homofóbicas.
AA O processo de expansão marítima.
EE Contestação do comportamento machista.
BB A eclosão do renascimento cultural.
CC A concretização da centralização política. QUESTÃO 76
DD O movimento de reformas religiosas.
EE A manutenção do sistema feudal.
QUESTÃO 74
Tahuantinsuyu — nome do Império Inca em quéchua —
era dividido em quatro partes ou suyus: Chinchaysuyu
(noroeste do Peru e Equador), Antisuyu (parte amazônica
do império), Collasuyu (atual Bolívia) e Condesuyu (costa
do Oceano Pacífico) e tinha Cuzco, no atual Peru,
como sua capital imperial. Oficialmente, todas as etnias
dominadas pelos incas deveriam adotar a língua quéchua,
adorar o Sapa Inca e o Sol e pagar taxas em forma de
horas de trabalhos periódicos. No entanto, pode-se dizer
que o Império Inca era como um mosaico cultural em que
vários e diferentes grupos étnicos adoravam o Sapa Inca
e o Sol mas, simultaneamente, continuavam a adorar seus
deuses locais e também a falar em suas línguas nativas.
MARTINS, C. Os incas e os tahuantinsuyu: apresentação. Disponível em:
http://antigo.anphlac.org. Acesso em: 6 out. 2021 (adaptado).
Ao comparar, no texto, a vertente da dominação territorial
com os aspectos culturais, os incas tinham uma postura
AA aceitável no que alude aos direitos humanos.
BB admissível no que remete às crenças coloniais.
CC tolerável no que se refere aos regimes tributários.
Fonte: IBGE
DD flexível no que diz respeito aos costumes religiosos.
EE compreensível no que concerne às normas laborais.
–CH • 1º DIA • CADERNO 1 • AZUL– 27
rehlum
rop
sohliF
*010175AZ27*
Taxa de fecundidade no Brasil
De 1960 a 2020,
número de filhos baixa de
6,3 para 1,5
7
6,3
6 5,8
5
4,1
4
3 2,8
2,4
2 1,8
1,5 1,5 1,5 1,5
1
0
1960 1970 19801990200020102020203020402050
Décadas
Disponível em: www.insper.edu.br. Acesso em: 27 set. 2021 (adaptado).
Qual fator foi determinante para a mudança do indicador
apresentado no gráfico?
AA Flexibilização legal da prática de aborto.
BB Envelhecimento da população brasileira.
CC Crescimento dos casos de gravidez precoce.
DD Participação feminina no mercado de trabalho.
EE Diminuição dos benefícios na licença-maternidade."
7;LC;141283;B;14;0;;2.20125;0.82582;0.2119;AZUL;1241;;0;2023;"QUESTÃO 73 QUESTÃO 75
Os séculos XV e XVI, quando se vão desmoronando A torcida do Fluminense inicia um movimento para
as estruturas socioeconômicas da Idade Média perante mudar a letra de uma das músicas mais populares das
os novos imperativos da Época moderna, constituem um arquibancadas tricolores. Grupos pedem a remoção do
momento-chave na história florestal de toda a Europa termo “mulambo imundo”, em uma provocação direta ao
Ocidental. Abre-se, genericamente, um longo período Flamengo. Mulambo é um termo que surgiu em Angola,
de “crise florestal”, que se manifesta com acuidade nos na época da escravatura, e eles eram chamados de
países onde mais se desenvolvem as atividades industriais mulambos pelos senhores de engenho, os patrões
e comerciais. As necessidades em produtos lenhosos das fazendas.
aumentam drasticamente com o crescimento do consumo Disponível em: https://oglobo.globo.com. Acesso em: 23 nov. 2021.
nos mercados urbanos e nas regiões onde progridem a
Qual mudança no comportamento social a proposta
metalurgia e a construção naval, além da sua utilização
reportada no texto reflete?
na vida quotidiana de toda a população.
DEVY-VARETA, N. Para uma geografia histórica da floresta portuguesa. AA Rejeição de costumes elitistas.
Revista da Faculdade de Letras — Geografia, n. 1, 1986 (adaptado). BB Repulsão de condutas misóginas.
Qual acontecimento do período contribuiu diretamente
CC Condenação do preconceito racial.
para o agravamento da situação descrita?
DD Criminalização de práticas homofóbicas.
AA O processo de expansão marítima.
EE Contestação do comportamento machista.
BB A eclosão do renascimento cultural.
CC A concretização da centralização política. QUESTÃO 76
DD O movimento de reformas religiosas.
EE A manutenção do sistema feudal.
QUESTÃO 74
Tahuantinsuyu — nome do Império Inca em quéchua —
era dividido em quatro partes ou suyus: Chinchaysuyu
(noroeste do Peru e Equador), Antisuyu (parte amazônica
do império), Collasuyu (atual Bolívia) e Condesuyu (costa
do Oceano Pacífico) e tinha Cuzco, no atual Peru,
como sua capital imperial. Oficialmente, todas as etnias
dominadas pelos incas deveriam adotar a língua quéchua,
adorar o Sapa Inca e o Sol e pagar taxas em forma de
horas de trabalhos periódicos. No entanto, pode-se dizer
que o Império Inca era como um mosaico cultural em que
vários e diferentes grupos étnicos adoravam o Sapa Inca
e o Sol mas, simultaneamente, continuavam a adorar seus
deuses locais e também a falar em suas línguas nativas.
MARTINS, C. Os incas e os tahuantinsuyu: apresentação. Disponível em:
http://antigo.anphlac.org. Acesso em: 6 out. 2021 (adaptado).
Ao comparar, no texto, a vertente da dominação territorial
com os aspectos culturais, os incas tinham uma postura
AA aceitável no que alude aos direitos humanos.
BB admissível no que remete às crenças coloniais.
CC tolerável no que se refere aos regimes tributários.
Fonte: IBGE
DD flexível no que diz respeito aos costumes religiosos.
EE compreensível no que concerne às normas laborais.
–CH • 1º DIA • CADERNO 1 • AZUL– 27
rehlum
rop
sohliF
*010175AZ27*
Taxa de fecundidade no Brasil
De 1960 a 2020,
número de filhos baixa de
6,3 para 1,5
7
6,3
6 5,8
5
4,1
4
3 2,8
2,4
2 1,8
1,5 1,5 1,5 1,5
1
0
1960 1970 19801990200020102020203020402050
Décadas
Disponível em: www.insper.edu.br. Acesso em: 27 set. 2021 (adaptado).
Qual fator foi determinante para a mudança do indicador
apresentado no gráfico?
AA Flexibilização legal da prática de aborto.
BB Envelhecimento da população brasileira.
CC Crescimento dos casos de gravidez precoce.
DD Participação feminina no mercado de trabalho.
EE Diminuição dos benefícios na licença-maternidade."
7;LC;141283;B;14;0;;2.20125;0.82582;0.2119;AZUL;1241;;0;2023;"QUESTÃO 73 QUESTÃO 75
Os séculos XV e XVI, quando se vão desmoronando A torcida do Fluminense inicia um movimento para
as estruturas socioeconômicas da Idade Média perante mudar a letra de uma das músicas mais populares das
os novos imperativos da Época moderna, constituem um arquibancadas tricolores. Grupos pedem a remoção do
momento-chave na história florestal de toda a Europa termo “mulambo imundo”, em uma provocação direta ao
Ocidental. Abre-se, genericamente, um longo período Flamengo. Mulambo é um termo que surgiu em Angola,
de “crise florestal”, que se manifesta com acuidade nos na época da escravatura, e eles eram chamados de
países onde mais se desenvolvem as atividades industriais mulambos pelos senhores de engenho, os patrões
e comerciais. As necessidades em produtos lenhosos das fazendas.
aumentam drasticamente com o crescimento do consumo Disponível em: https://oglobo.globo.com. Acesso em: 23 nov. 2021.
nos mercados urbanos e nas regiões onde progridem a
Qual mudança no comportamento social a proposta
metalurgia e a construção naval, além da sua utilização
reportada no texto reflete?
na vida quotidiana de toda a população.
DEVY-VARETA, N. Para uma geografia histórica da floresta portuguesa. AA Rejeição de costumes elitistas.
Revista da Faculdade de Letras — Geografia, n. 1, 1986 (adaptado). BB Repulsão de condutas misóginas.
Qual acontecimento do período contribuiu diretamente
CC Condenação do preconceito racial.
para o agravamento da situação descrita?
DD Criminalização de práticas homofóbicas.
AA O processo de expansão marítima.
EE Contestação do comportamento machista.
BB A eclosão do renascimento cultural.
CC A concretização da centralização política. QUESTÃO 76
DD O movimento de reformas religiosas.
EE A manutenção do sistema feudal.
QUESTÃO 74
Tahuantinsuyu — nome do Império Inca em quéchua —
era dividido em quatro partes ou suyus: Chinchaysuyu
(noroeste do Peru e Equador), Antisuyu (parte amazônica
do império), Collasuyu (atual Bolívia) e Condesuyu (costa
do Oceano Pacífico) e tinha Cuzco, no atual Peru,
como sua capital imperial. Oficialmente, todas as etnias
dominadas pelos incas deveriam adotar a língua quéchua,
adorar o Sapa Inca e o Sol e pagar taxas em forma de
horas de trabalhos periódicos. No entanto, pode-se dizer
que o Império Inca era como um mosaico cultural em que
vários e diferentes grupos étnicos adoravam o Sapa Inca
e o Sol mas, simultaneamente, continuavam a adorar seus
deuses locais e também a falar em suas línguas nativas.
MARTINS, C. Os incas e os tahuantinsuyu: apresentação. Disponível em:
http://antigo.anphlac.org. Acesso em: 6 out. 2021 (adaptado).
Ao comparar, no texto, a vertente da dominação territorial
com os aspectos culturais, os incas tinham uma postura
AA aceitável no que alude aos direitos humanos.
BB admissível no que remete às crenças coloniais.
CC tolerável no que se refere aos regimes tributários.
Fonte: IBGE
DD flexível no que diz respeito aos costumes religiosos.
EE compreensível no que concerne às normas laborais.
–CH • 1º DIA • CADERNO 1 • AZUL– 27
rehlum
rop
sohliF
*010175AZ27*
Taxa de fecundidade no Brasil
De 1960 a 2020,
número de filhos baixa de
6,3 para 1,5
7
6,3
6 5,8
5
4,1
4
3 2,8
2,4
2 1,8
1,5 1,5 1,5 1,5
1
0
1960 1970 19801990200020102020203020402050
Décadas
Disponível em: www.insper.edu.br. Acesso em: 27 set. 2021 (adaptado).
Qual fator foi determinante para a mudança do indicador
apresentado no gráfico?
AA Flexibilização legal da prática de aborto.
BB Envelhecimento da população brasileira.
CC Crescimento dos casos de gravidez precoce.
DD Participação feminina no mercado de trabalho.
EE Diminuição dos benefícios na licença-maternidade."
144;MT;125961;E;10;0;;2.19756;1.63229;0.13191;AZUL;1323;;0;2023;Texto extraído diretamente do caderno oficial.
144;MT;125961;E;10;0;;2.19756;1.63229;0.13191;AZUL;1323;;0;2023;Texto extraído diretamente do caderno oficial.
144;MT;125961;E;10;0;;2.19756;1.63229;0.13191;AZUL;1323;;0;2023;Texto extraído diretamente do caderno oficial.
171;MT;117759;C;14;0;;2.19608;2.24658;0.27848;AZUL;1323;;0;2023;Texto extraído diretamente do caderno oficial.
171;MT;117759;C;14;0;;2.19608;2.24658;0.27848;AZUL;1323;;0;2023;Texto extraído diretamente do caderno oficial.
171;MT;117759;C;14;0;;2.19608;2.24658;0.27848;AZUL;1323;;0;2023;Texto extraído diretamente do caderno oficial.
161;MT;64151;E;2;0;;2.19283;2.05125;0.07643;AZUL;1251;;0;2023;Texto extraído diretamente do caderno oficial.
161;MT;64151;E;2;0;;2.19283;2.05125;0.07643;AZUL;1291;;0;2023;Texto extraído diretamente do caderno oficial.
161;MT;64151;E;2;0;;2.19283;2.05125;0.07643;AZUL;1251;;0;2023;Texto extraído diretamente do caderno oficial.
161;MT;64151;E;2;0;;2.19283;2.05125;0.07643;AZUL;1291;;0;2023;Texto extraído diretamente do caderno oficial.
161;MT;64151;E;2;0;;2.19283;2.05125;0.07643;AZUL;1251;;0;2023;Texto extraído diretamente do caderno oficial.
161;MT;64151;E;2;0;;2.19283;2.05125;0.07643;AZUL;1291;;0;2023;Texto extraído diretamente do caderno oficial.
101;CN;117711;A;14;0;;2.18942;2.20856;0.13524;AZUL;1221;;0;2023;Texto extraído diretamente do caderno oficial.
101;CN;117711;A;14;0;;2.18942;2.20856;0.13524;AZUL;1221;;0;2023;Texto extraído diretamente do caderno oficial.
101;CN;117711;A;14;0;;2.18942;2.20856;0.13524;AZUL;1221;;0;2023;Texto extraído diretamente do caderno oficial.
135;CN;81454;A;10;0;;2.18202;0.92105;0.18528;AZUL;1333;;0;2023;Texto extraído diretamente do caderno oficial.
135;CN;81454;A;10;0;;2.18202;0.92105;0.18528;AZUL;1333;;0;2023;Texto extraído diretamente do caderno oficial.
135;CN;81454;A;10;0;;2.18202;0.92105;0.18528;AZUL;1333;;0;2023;Texto extraído diretamente do caderno oficial.
105;CN;87721;E;8;0;;2.1809;1.01182;0.20267;AZUL;1221;;0;2023;Texto extraído diretamente do caderno oficial.
105;CN;87721;E;8;0;;2.1809;1.01182;0.20267;AZUL;1221;;0;2023;Texto extraído diretamente do caderno oficial.
105;CN;87721;E;8;0;;2.1809;1.01182;0.20267;AZUL;1221;;0;2023;Texto extraído diretamente do caderno oficial.
167;MT;14661;C;11;0;;2.1714;0.98005;0.19773;AZUL;1291;;0;2023;Texto extraído diretamente do caderno oficial.
167;MT;14661;C;11;0;;2.1714;0.98005;0.19773;AZUL;1251;;0;2023;Texto extraído diretamente do caderno oficial.
167;MT;14661;C;11;0;;2.1714;0.98005;0.19773;AZUL;1291;;0;2023;Texto extraído diretamente do caderno oficial.
167;MT;14661;C;11;0;;2.1714;0.98005;0.19773;AZUL;1251;;0;2023;Texto extraído diretamente do caderno oficial.
167;MT;14661;C;11;0;;2.1714;0.98005;0.19773;AZUL;1291;;0;2023;Texto extraído diretamente do caderno oficial.
167;MT;14661;C;11;0;;2.1714;0.98005;0.19773;AZUL;1251;;0;2023;Texto extraído diretamente do caderno oficial.
141;MT;117730;A;30;0;;2.16697;2.85932;0.07989;AZUL;1291;;0;2023;Texto extraído diretamente do caderno oficial.
141;MT;117730;A;30;0;;2.16697;2.85932;0.07989;AZUL;1251;;0;2023;Texto extraído diretamente do caderno oficial.
141;MT;117730;A;30;0;;2.16697;2.85932;0.07989;AZUL;1291;;0;2023;Texto extraído diretamente do caderno oficial.
141;MT;117730;A;30;0;;2.16697;2.85932;0.07989;AZUL;1291;;0;2023;Texto extraído diretamente do caderno oficial.
141;MT;117730;A;30;0;;2.16697;2.85932;0.07989;AZUL;1251;;0;2023;Texto extraído diretamente do caderno oficial.
141;MT;117730;A;30;0;;2.16697;2.85932;0.07989;AZUL;1251;;0;2023;Texto extraído diretamente do caderno oficial.
25;LC;14918;C;26;0;;2.15783;0.63045;0.14759;AZUL;1281;;0;2023;Texto extraído diretamente do caderno oficial.
25;LC;14918;C;26;0;;2.15783;0.63045;0.14759;AZUL;1281;;0;2023;Texto extraído diretamente do caderno oficial.
25;LC;14918;C;26;0;;2.15783;0.63045;0.14759;AZUL;1241;;0;2023;Texto extraído diretamente do caderno oficial.
25;LC;14918;C;26;0;;2.15783;0.63045;0.14759;AZUL;1281;;0;2023;Texto extraído diretamente do caderno oficial.
25;LC;14918;C;26;0;;2.15783;0.63045;0.14759;AZUL;1241;;0;2023;Texto extraído diretamente do caderno oficial.
25;LC;14918;C;26;0;;2.15783;0.63045;0.14759;AZUL;1241;;0;2023;Texto extraído diretamente do caderno oficial.
59;CH;141021;B;24;0;;2.15539;2.47587;0.28708;AZUL;1231;;0;2023;Texto extraído diretamente do caderno oficial.
59;CH;141021;B;24;0;;2.15539;2.47587;0.28708;AZUL;1231;;0;2023;Texto extraído diretamente do caderno oficial.
59;CH;141021;B;24;0;;2.15539;2.47587;0.28708;AZUL;1271;;0;2023;Texto extraído diretamente do caderno oficial.
59;CH;141021;B;24;0;;2.15539;2.47587;0.28708;AZUL;1271;;0;2023;Texto extraído diretamente do caderno oficial.
59;CH;141021;B;24;0;;2.15539;2.47587;0.28708;AZUL;1271;;0;2023;Texto extraído diretamente do caderno oficial.
59;CH;141021;B;24;0;;2.15539;2.47587;0.28708;AZUL;1231;;0;2023;Texto extraído diretamente do caderno oficial.
32;LC;140878;D;28;0;;2.15451;0.45326;0.16205;AZUL;1241;;0;2023;Texto extraído diretamente do caderno oficial.
32;LC;140878;D;28;0;;2.15451;0.45326;0.16205;AZUL;1241;;0;2023;Texto extraído diretamente do caderno oficial.
32;LC;140878;D;28;0;;2.15451;0.45326;0.16205;AZUL;1241;;0;2023;Texto extraído diretamente do caderno oficial.
32;LC;140878;D;28;0;;2.15451;0.45326;0.16205;AZUL;1281;;0;2023;Texto extraído diretamente do caderno oficial.
32;LC;140878;D;28;0;;2.15451;0.45326;0.16205;AZUL;1281;;0;2023;Texto extraído diretamente do caderno oficial.
32;LC;140878;D;28;0;;2.15451;0.45326;0.16205;AZUL;1281;;0;2023;Texto extraído diretamente do caderno oficial.
141;MT;126034;E;18;0;;2.15211;1.80485;0.13117;AZUL;1323;;0;2023;Texto extraído diretamente do caderno oficial.
141;MT;126034;E;18;0;;2.15211;1.80485;0.13117;AZUL;1323;;0;2023;Texto extraído diretamente do caderno oficial.
141;MT;126034;E;18;0;;2.15211;1.80485;0.13117;AZUL;1323;;0;2023;Texto extraído diretamente do caderno oficial.
98;CN;117924;E;27;0;;2.12814;2.10133;0.11495;AZUL;1301;;0;2023;Texto extraído diretamente do caderno oficial.
98;CN;117924;E;27;0;;2.12814;2.10133;0.11495;AZUL;1261;;0;2023;Texto extraído diretamente do caderno oficial.
98;CN;117924;E;27;0;;2.12814;2.10133;0.11495;AZUL;1301;;0;2023;Texto extraído diretamente do caderno oficial.
98;CN;117924;E;27;0;;2.12814;2.10133;0.11495;AZUL;1261;;0;2023;Texto extraído diretamente do caderno oficial.
98;CN;117924;E;27;0;;2.12814;2.10133;0.11495;AZUL;1261;;0;2023;Texto extraído diretamente do caderno oficial.
98;CN;117924;E;27;0;;2.12814;2.10133;0.11495;AZUL;1301;;0;2023;Texto extraído diretamente do caderno oficial.
86;CH;63858;C;4;0;;2.12258;0.82426;0.22694;AZUL;1231;;0;2023;Texto extraído diretamente do caderno oficial.
86;CH;63858;C;4;0;;2.12258;0.82426;0.22694;AZUL;1271;;0;2023;Texto extraído diretamente do caderno oficial.
86;CH;63858;C;4;0;;2.12258;0.82426;0.22694;AZUL;1271;;0;2023;Texto extraído diretamente do caderno oficial.
86;CH;63858;C;4;0;;2.12258;0.82426;0.22694;AZUL;1231;;0;2023;Texto extraído diretamente do caderno oficial.
86;CH;63858;C;4;0;;2.12258;0.82426;0.22694;AZUL;1231;;0;2023;Texto extraído diretamente do caderno oficial.
86;CH;63858;C;4;0;;2.12258;0.82426;0.22694;AZUL;1271;;0;2023;Texto extraído diretamente do caderno oficial.
122;CN;83554;D;15;0;;2.11332;0.37902;0.20512;AZUL;1333;;0;2023;Texto extraído diretamente do caderno oficial.
122;CN;83554;D;15;0;;2.11332;0.37902;0.20512;AZUL;1333;;0;2023;Texto extraído diretamente do caderno oficial.
122;CN;83554;D;15;0;;2.11332;0.37902;0.20512;AZUL;1333;;0;2023;Texto extraído diretamente do caderno oficial.
25;LC;140880;B;16;0;;2.11251;0.83411;0.21824;AZUL;1201;;0;2023;Texto extraído diretamente do caderno oficial.
25;LC;140880;B;16;0;;2.11251;0.83411;0.21824;AZUL;1201;;0;2023;Texto extraído diretamente do caderno oficial.
25;LC;140880;B;16;0;;2.11251;0.83411;0.21824;AZUL;1201;;0;2023;Texto extraído diretamente do caderno oficial.
160;MT;141540;A;29;0;;2.11162;2.38012;0.17296;AZUL;1211;;0;2023;Texto extraído diretamente do caderno oficial.
160;MT;141540;A;29;0;;2.11162;2.38012;0.17296;AZUL;1211;;0;2023;Texto extraído diretamente do caderno oficial.
160;MT;141540;A;29;0;;2.11162;2.38012;0.17296;AZUL;1211;;0;2023;Texto extraído diretamente do caderno oficial.
129;CN;27182;B;11;0;;2.10805;1.4948;0.14338;AZUL;1333;;0;2023;Texto extraído diretamente do caderno oficial.
129;CN;27182;B;11;0;;2.10805;1.4948;0.14338;AZUL;1333;;0;2023;Texto extraído diretamente do caderno oficial.
129;CN;27182;B;11;0;;2.10805;1.4948;0.14338;AZUL;1333;;0;2023;Texto extraído diretamente do caderno oficial.
163;MT;117622;D;22;0;;2.10598;1.42213;0.10091;AZUL;1323;;0;2023;Texto extraído diretamente do caderno oficial.
163;MT;117622;D;22;0;;2.10598;1.42213;0.10091;AZUL;1323;;0;2023;Texto extraído diretamente do caderno oficial.
163;MT;117622;D;22;0;;2.10598;1.42213;0.10091;AZUL;1323;;0;2023;Texto extraído diretamente do caderno oficial.
154;MT;96099;B;1;0;;2.10364;1.58069;0.19261;AZUL;1291;;0;2023;Texto extraído diretamente do caderno oficial.
154;MT;96099;B;1;0;;2.10364;1.58069;0.19261;AZUL;1251;;0;2023;Texto extraído diretamente do caderno oficial.
154;MT;96099;B;1;0;;2.10364;1.58069;0.19261;AZUL;1291;;0;2023;Texto extraído diretamente do caderno oficial.
154;MT;96099;B;1;0;;2.10364;1.58069;0.19261;AZUL;1251;;0;2023;Texto extraído diretamente do caderno oficial.
154;MT;96099;B;1;0;;2.10364;1.58069;0.19261;AZUL;1251;;0;2023;Texto extraído diretamente do caderno oficial.
154;MT;96099;B;1;0;;2.10364;1.58069;0.19261;AZUL;1291;;0;2023;Texto extraído diretamente do caderno oficial.
8;LC;14727;D;16;0;;2.1034;-0.07713;0.12881;AZUL;1241;;0;2023;"*010175AZ32*
01
1 Dia 1 Dia
1°Capa 4°Capa
Transcreva a sua Redação para a Folha de Redação.
Azul 1 1 Azul
Amarelo 2 2 Amarelo
Branco 3 1 3 Branco
Rosa 4 2 4 Rosa
3
Ledor 9 9 Ledor
Libras 10 4 10 Libras
5
6
7
8
O
9
H
10
N O
11
U
12 Ã
C
13 Ç
S
14 A
A
15 D
16 R
E
17
R
18
A
19
D
20
21
22
23
24
2 Dia 2 Dia
1°Capa 25 4°Capa
Libras 12 26 12 Libras
Ledor 11 11 Ledor
27
28
Rosa 8 8 Rosa
Azul 7 29 7 Azul
Cinza 6 6 Cinza
30
Amarelo 5 5 Amarelo
32 –1º DIA • CADERNO 1 • AZUL–
01
BBiigguurrrriillhhooss..iinndddd 11 1144//0066//22002222 1177::1122::0066"
8;LC;14727;D;16;0;;2.1034;-0.07713;0.12881;AZUL;1281;;0;2023;"*010175AZ32*
01
1 Dia 1 Dia
1°Capa 4°Capa
Transcreva a sua Redação para a Folha de Redação.
Azul 1 1 Azul
Amarelo 2 2 Amarelo
Branco 3 1 3 Branco
Rosa 4 2 4 Rosa
3
Ledor 9 9 Ledor
Libras 10 4 10 Libras
5
6
7
8
O
9
H
10
N O
11
U
12 Ã
C
13 Ç
S
14 A
A
15 D
16 R
E
17
R
18
A
19
D
20
21
22
23
24
2 Dia 2 Dia
1°Capa 25 4°Capa
Libras 12 26 12 Libras
Ledor 11 11 Ledor
27
28
Rosa 8 8 Rosa
Azul 7 29 7 Azul
Cinza 6 6 Cinza
30
Amarelo 5 5 Amarelo
32 –1º DIA • CADERNO 1 • AZUL–
01
BBiigguurrrriillhhooss..iinndddd 11 1144//0066//22002222 1177::1122::0066"
8;LC;14727;D;16;0;;2.1034;-0.07713;0.12881;AZUL;1281;;0;2023;"*010175AZ32*
01
1 Dia 1 Dia
1°Capa 4°Capa
Transcreva a sua Redação para a Folha de Redação.
Azul 1 1 Azul
Amarelo 2 2 Amarelo
Branco 3 1 3 Branco
Rosa 4 2 4 Rosa
3
Ledor 9 9 Ledor
Libras 10 4 10 Libras
5
6
7
8
O
9
H
10
N O
11
U
12 Ã
C
13 Ç
S
14 A
A
15 D
16 R
E
17
R
18
A
19
D
20
21
22
23
24
2 Dia 2 Dia
1°Capa 25 4°Capa
Libras 12 26 12 Libras
Ledor 11 11 Ledor
27
28
Rosa 8 8 Rosa
Azul 7 29 7 Azul
Cinza 6 6 Cinza
30
Amarelo 5 5 Amarelo
32 –1º DIA • CADERNO 1 • AZUL–
01
BBiigguurrrriillhhooss..iinndddd 11 1144//0066//22002222 1177::1122::0066"
8;LC;14727;D;16;0;;2.1034;-0.07713;0.12881;AZUL;1241;;0;2023;"*010175AZ32*
01
1 Dia 1 Dia
1°Capa 4°Capa
Transcreva a sua Redação para a Folha de Redação.
Azul 1 1 Azul
Amarelo 2 2 Amarelo
Branco 3 1 3 Branco
Rosa 4 2 4 Rosa
3
Ledor 9 9 Ledor
Libras 10 4 10 Libras
5
6
7
8
O
9
H
10
N O
11
U
12 Ã
C
13 Ç
S
14 A
A
15 D
16 R
E
17
R
18
A
19
D
20
21
22
23
24
2 Dia 2 Dia
1°Capa 25 4°Capa
Libras 12 26 12 Libras
Ledor 11 11 Ledor
27
28
Rosa 8 8 Rosa
Azul 7 29 7 Azul
Cinza 6 6 Cinza
30
Amarelo 5 5 Amarelo
32 –1º DIA • CADERNO 1 • AZUL–
01
BBiigguurrrriillhhooss..iinndddd 11 1144//0066//22002222 1177::1122::0066"
8;LC;14727;D;16;0;;2.1034;-0.07713;0.12881;AZUL;1241;;0;2023;"*010175AZ32*
01
1 Dia 1 Dia
1°Capa 4°Capa
Transcreva a sua Redação para a Folha de Redação.
Azul 1 1 Azul
Amarelo 2 2 Amarelo
Branco 3 1 3 Branco
Rosa 4 2 4 Rosa
3
Ledor 9 9 Ledor
Libras 10 4 10 Libras
5
6
7
8
O
9
H
10
N O
11
U
12 Ã
C
13 Ç
S
14 A
A
15 D
16 R
E
17
R
18
A
19
D
20
21
22
23
24
2 Dia 2 Dia
1°Capa 25 4°Capa
Libras 12 26 12 Libras
Ledor 11 11 Ledor
27
28
Rosa 8 8 Rosa
Azul 7 29 7 Azul
Cinza 6 6 Cinza
30
Amarelo 5 5 Amarelo
32 –1º DIA • CADERNO 1 • AZUL–
01
BBiigguurrrriillhhooss..iinndddd 11 1144//0066//22002222 1177::1122::0066"
8;LC;14727;D;16;0;;2.1034;-0.07713;0.12881;AZUL;1281;;0;2023;"*010175AZ32*
01
1 Dia 1 Dia
1°Capa 4°Capa
Transcreva a sua Redação para a Folha de Redação.
Azul 1 1 Azul
Amarelo 2 2 Amarelo
Branco 3 1 3 Branco
Rosa 4 2 4 Rosa
3
Ledor 9 9 Ledor
Libras 10 4 10 Libras
5
6
7
8
O
9
H
10
N O
11
U
12 Ã
C
13 Ç
S
14 A
A
15 D
16 R
E
17
R
18
A
19
D
20
21
22
23
24
2 Dia 2 Dia
1°Capa 25 4°Capa
Libras 12 26 12 Libras
Ledor 11 11 Ledor
27
28
Rosa 8 8 Rosa
Azul 7 29 7 Azul
Cinza 6 6 Cinza
30
Amarelo 5 5 Amarelo
32 –1º DIA • CADERNO 1 • AZUL–
01
BBiigguurrrriillhhooss..iinndddd 11 1144//0066//22002222 1177::1122::0066"
143;MT;111446;B;5;0;;2.09757;1.52611;0.10674;AZUL;1211;;0;2023;Texto extraído diretamente do caderno oficial.
143;MT;111446;B;5;0;;2.09757;1.52611;0.10674;AZUL;1211;;0;2023;Texto extraído diretamente do caderno oficial.
143;MT;111446;B;5;0;;2.09757;1.52611;0.10674;AZUL;1211;;0;2023;Texto extraído diretamente do caderno oficial.
90;CH;140539;E;7;0;;2.09613;0.22557;0.2149;AZUL;1271;;0;2023;Texto extraído diretamente do caderno oficial.
90;CH;140539;E;7;0;;2.09613;0.22557;0.2149;AZUL;1231;;0;2023;Texto extraído diretamente do caderno oficial.
90;CH;140539;E;7;0;;2.09613;0.22557;0.2149;AZUL;1271;;0;2023;Texto extraído diretamente do caderno oficial.
90;CH;140539;E;7;0;;2.09613;0.22557;0.2149;AZUL;1231;;0;2023;Texto extraído diretamente do caderno oficial.
90;CH;140539;E;7;0;;2.09613;0.22557;0.2149;AZUL;1271;;0;2023;Texto extraído diretamente do caderno oficial.
90;CH;140539;E;7;0;;2.09613;0.22557;0.2149;AZUL;1231;;0;2023;Texto extraído diretamente do caderno oficial.
136;MT;48324;B;8;0;;2.09451;2.44818;0.25838;AZUL;1211;;0;2023;Texto extraído diretamente do caderno oficial.
136;MT;48324;B;8;0;;2.09451;2.44818;0.25838;AZUL;1211;;0;2023;Texto extraído diretamente do caderno oficial.
136;MT;48324;B;8;0;;2.09451;2.44818;0.25838;AZUL;1211;;0;2023;Texto extraído diretamente do caderno oficial.
137;MT;15451;D;24;0;;2.088;1.815;0.224;AZUL;1291;;0;2023;Texto extraído diretamente do caderno oficial.
137;MT;15451;D;24;0;;2.088;1.815;0.224;AZUL;1251;;0;2023;Texto extraído diretamente do caderno oficial.
137;MT;15451;D;24;0;;2.088;1.815;0.224;AZUL;1291;;0;2023;Texto extraído diretamente do caderno oficial.
137;MT;15451;D;24;0;;2.088;1.815;0.224;AZUL;1251;;0;2023;Texto extraído diretamente do caderno oficial.
137;MT;15451;D;24;0;;2.088;1.815;0.224;AZUL;1291;;0;2023;Texto extraído diretamente do caderno oficial.
137;MT;15451;D;24;0;;2.088;1.815;0.224;AZUL;1251;;0;2023;Texto extraído diretamente do caderno oficial.
151;MT;126027;E;7;0;;2.08753;1.72911;0.18351;AZUL;1323;;0;2023;Texto extraído diretamente do caderno oficial.
151;MT;126027;E;7;0;;2.08753;1.72911;0.18351;AZUL;1323;;0;2023;Texto extraído diretamente do caderno oficial.
151;MT;126027;E;7;0;;2.08753;1.72911;0.18351;AZUL;1323;;0;2023;Texto extraído diretamente do caderno oficial.
128;CN;111621;C;5;0;;2.08549;2.83027;0.2966;AZUL;1333;;0;2023;Texto extraído diretamente do caderno oficial.
128;CN;111621;C;5;0;;2.08549;2.83027;0.2966;AZUL;1333;;0;2023;Texto extraído diretamente do caderno oficial.
128;CN;111621;C;5;0;;2.08549;2.83027;0.2966;AZUL;1333;;0;2023;Texto extraído diretamente do caderno oficial.
145;MT;83076;B;4;0;;2.07038;2.11919;0.04391;AZUL;1323;;0;2023;Texto extraído diretamente do caderno oficial.
145;MT;83076;B;4;0;;2.07038;2.11919;0.04391;AZUL;1323;;0;2023;Texto extraído diretamente do caderno oficial.
145;MT;83076;B;4;0;;2.07038;2.11919;0.04391;AZUL;1323;;0;2023;Texto extraído diretamente do caderno oficial.
124;CN;117817;D;22;0;;2.05051;1.77607;0.18888;AZUL;1333;;0;2023;Texto extraído diretamente do caderno oficial.
124;CN;117817;D;22;0;;2.05051;1.77607;0.18888;AZUL;1333;;0;2023;Texto extraído diretamente do caderno oficial.
124;CN;117817;D;22;0;;2.05051;1.77607;0.18888;AZUL;1333;;0;2023;Texto extraído diretamente do caderno oficial.
159;MT;125977;D;23;0;;2.04085;1.27709;0.27067;AZUL;1211;;0;2023;Texto extraído diretamente do caderno oficial.
159;MT;125977;D;23;0;;2.04085;1.27709;0.27067;AZUL;1211;;0;2023;Texto extraído diretamente do caderno oficial.
159;MT;125977;D;23;0;;2.04085;1.27709;0.27067;AZUL;1211;;0;2023;Texto extraído diretamente do caderno oficial.
24;LC;140909;A;27;0;;2.0402;0.915;0.1813;AZUL;1241;;0;2023;"*010175AZ32*
01
1 Dia 1 Dia
1°Capa 4°Capa
Transcreva a sua Redação para a Folha de Redação.
Azul 1 1 Azul
Amarelo 2 2 Amarelo
Branco 3 1 3 Branco
Rosa 4 2 4 Rosa
3
Ledor 9 9 Ledor
Libras 10 4 10 Libras
5
6
7
8
O
9
H
10
N O
11
U
12 Ã
C
13 Ç
S
14 A
A
15 D
16 R
E
17
R
18
A
19
D
20
21
22
23
24
2 Dia 2 Dia
1°Capa 25 4°Capa
Libras 12 26 12 Libras
Ledor 11 11 Ledor
27
28
Rosa 8 8 Rosa
Azul 7 29 7 Azul
Cinza 6 6 Cinza
30
Amarelo 5 5 Amarelo
32 –1º DIA • CADERNO 1 • AZUL–
01
BBiigguurrrriillhhooss..iinndddd 11 1144//0066//22002222 1177::1122::0066"
24;LC;140909;A;27;0;;2.0402;0.915;0.1813;AZUL;1281;;0;2023;"*010175AZ32*
01
1 Dia 1 Dia
1°Capa 4°Capa
Transcreva a sua Redação para a Folha de Redação.
Azul 1 1 Azul
Amarelo 2 2 Amarelo
Branco 3 1 3 Branco
Rosa 4 2 4 Rosa
3
Ledor 9 9 Ledor
Libras 10 4 10 Libras
5
6
7
8
O
9
H
10
N O
11
U
12 Ã
C
13 Ç
S
14 A
A
15 D
16 R
E
17
R
18
A
19
D
20
21
22
23
24
2 Dia 2 Dia
1°Capa 25 4°Capa
Libras 12 26 12 Libras
Ledor 11 11 Ledor
27
28
Rosa 8 8 Rosa
Azul 7 29 7 Azul
Cinza 6 6 Cinza
30
Amarelo 5 5 Amarelo
32 –1º DIA • CADERNO 1 • AZUL–
01
BBiigguurrrriillhhooss..iinndddd 11 1144//0066//22002222 1177::1122::0066"
24;LC;140909;A;27;0;;2.0402;0.915;0.1813;AZUL;1281;;0;2023;"*010175AZ32*
01
1 Dia 1 Dia
1°Capa 4°Capa
Transcreva a sua Redação para a Folha de Redação.
Azul 1 1 Azul
Amarelo 2 2 Amarelo
Branco 3 1 3 Branco
Rosa 4 2 4 Rosa
3
Ledor 9 9 Ledor
Libras 10 4 10 Libras
5
6
7
8
O
9
H
10
N O
11
U
12 Ã
C
13 Ç
S
14 A
A
15 D
16 R
E
17
R
18
A
19
D
20
21
22
23
24
2 Dia 2 Dia
1°Capa 25 4°Capa
Libras 12 26 12 Libras
Ledor 11 11 Ledor
27
28
Rosa 8 8 Rosa
Azul 7 29 7 Azul
Cinza 6 6 Cinza
30
Amarelo 5 5 Amarelo
32 –1º DIA • CADERNO 1 • AZUL–
01
BBiigguurrrriillhhooss..iinndddd 11 1144//0066//22002222 1177::1122::0066"
24;LC;140909;A;27;0;;2.0402;0.915;0.1813;AZUL;1241;;0;2023;"*010175AZ32*
01
1 Dia 1 Dia
1°Capa 4°Capa
Transcreva a sua Redação para a Folha de Redação.
Azul 1 1 Azul
Amarelo 2 2 Amarelo
Branco 3 1 3 Branco
Rosa 4 2 4 Rosa
3
Ledor 9 9 Ledor
Libras 10 4 10 Libras
5
6
7
8
O
9
H
10
N O
11
U
12 Ã
C
13 Ç
S
14 A
A
15 D
16 R
E
17
R
18
A
19
D
20
21
22
23
24
2 Dia 2 Dia
1°Capa 25 4°Capa
Libras 12 26 12 Libras
Ledor 11 11 Ledor
27
28
Rosa 8 8 Rosa
Azul 7 29 7 Azul
Cinza 6 6 Cinza
30
Amarelo 5 5 Amarelo
32 –1º DIA • CADERNO 1 • AZUL–
01
BBiigguurrrriillhhooss..iinndddd 11 1144//0066//22002222 1177::1122::0066"
24;LC;140909;A;27;0;;2.0402;0.915;0.1813;AZUL;1281;;0;2023;"*010175AZ32*
01
1 Dia 1 Dia
1°Capa 4°Capa
Transcreva a sua Redação para a Folha de Redação.
Azul 1 1 Azul
Amarelo 2 2 Amarelo
Branco 3 1 3 Branco
Rosa 4 2 4 Rosa
3
Ledor 9 9 Ledor
Libras 10 4 10 Libras
5
6
7
8
O
9
H
10
N O
11
U
12 Ã
C
13 Ç
S
14 A
A
15 D
16 R
E
17
R
18
A
19
D
20
21
22
23
24
2 Dia 2 Dia
1°Capa 25 4°Capa
Libras 12 26 12 Libras
Ledor 11 11 Ledor
27
28
Rosa 8 8 Rosa
Azul 7 29 7 Azul
Cinza 6 6 Cinza
30
Amarelo 5 5 Amarelo
32 –1º DIA • CADERNO 1 • AZUL–
01
BBiigguurrrriillhhooss..iinndddd 11 1144//0066//22002222 1177::1122::0066"
24;LC;140909;A;27;0;;2.0402;0.915;0.1813;AZUL;1241;;0;2023;"*010175AZ32*
01
1 Dia 1 Dia
1°Capa 4°Capa
Transcreva a sua Redação para a Folha de Redação.
Azul 1 1 Azul
Amarelo 2 2 Amarelo
Branco 3 1 3 Branco
Rosa 4 2 4 Rosa
3
Ledor 9 9 Ledor
Libras 10 4 10 Libras
5
6
7
8
O
9
H
10
N O
11
U
12 Ã
C
13 Ç
S
14 A
A
15 D
16 R
E
17
R
18
A
19
D
20
21
22
23
24
2 Dia 2 Dia
1°Capa 25 4°Capa
Libras 12 26 12 Libras
Ledor 11 11 Ledor
27
28
Rosa 8 8 Rosa
Azul 7 29 7 Azul
Cinza 6 6 Cinza
30
Amarelo 5 5 Amarelo
32 –1º DIA • CADERNO 1 • AZUL–
01
BBiigguurrrriillhhooss..iinndddd 11 1144//0066//22002222 1177::1122::0066"
129;CN;141738;A;4;0;;2.03842;2.62635;0.23027;AZUL;1301;;0;2023;Texto extraído diretamente do caderno oficial.
129;CN;141738;A;4;0;;2.03842;2.62635;0.23027;AZUL;1261;;0;2023;Texto extraído diretamente do caderno oficial.
129;CN;141738;A;4;0;;2.03842;2.62635;0.23027;AZUL;1301;;0;2023;Texto extraído diretamente do caderno oficial.
129;CN;141738;A;4;0;;2.03842;2.62635;0.23027;AZUL;1261;;0;2023;Texto extraído diretamente do caderno oficial.
129;CN;141738;A;4;0;;2.03842;2.62635;0.23027;AZUL;1301;;0;2023;Texto extraído diretamente do caderno oficial.
129;CN;141738;A;4;0;;2.03842;2.62635;0.23027;AZUL;1261;;0;2023;Texto extraído diretamente do caderno oficial.
19;LC;140811;A;30;0;;2.03832;0.76702;0.24521;AZUL;1281;;0;2023;"*010175AZ32*
01
1 Dia 1 Dia
1°Capa 4°Capa
Transcreva a sua Redação para a Folha de Redação.
Azul 1 1 Azul
Amarelo 2 2 Amarelo
Branco 3 1 3 Branco
Rosa 4 2 4 Rosa
3
Ledor 9 9 Ledor
Libras 10 4 10 Libras
5
6
7
8
O
9
H
10
N O
11
U
12 Ã
C
13 Ç
S
14 A
A
15 D
16 R
E
17
R
18
A
19
D
20
21
22
23
24
2 Dia 2 Dia
1°Capa 25 4°Capa
Libras 12 26 12 Libras
Ledor 11 11 Ledor
27
28
Rosa 8 8 Rosa
Azul 7 29 7 Azul
Cinza 6 6 Cinza
30
Amarelo 5 5 Amarelo
32 –1º DIA • CADERNO 1 • AZUL–
01
BBiigguurrrriillhhooss..iinndddd 11 1144//0066//22002222 1177::1122::0066"
19;LC;140811;A;30;0;;2.03832;0.76702;0.24521;AZUL;1241;;0;2023;"*010175AZ32*
01
1 Dia 1 Dia
1°Capa 4°Capa
Transcreva a sua Redação para a Folha de Redação.
Azul 1 1 Azul
Amarelo 2 2 Amarelo
Branco 3 1 3 Branco
Rosa 4 2 4 Rosa
3
Ledor 9 9 Ledor
Libras 10 4 10 Libras
5
6
7
8
O
9
H
10
N O
11
U
12 Ã
C
13 Ç
S
14 A
A
15 D
16 R
E
17
R
18
A
19
D
20
21
22
23
24
2 Dia 2 Dia
1°Capa 25 4°Capa
Libras 12 26 12 Libras
Ledor 11 11 Ledor
27
28
Rosa 8 8 Rosa
Azul 7 29 7 Azul
Cinza 6 6 Cinza
30
Amarelo 5 5 Amarelo
32 –1º DIA • CADERNO 1 • AZUL–
01
BBiigguurrrriillhhooss..iinndddd 11 1144//0066//22002222 1177::1122::0066"
19;LC;140811;A;30;0;;2.03832;0.76702;0.24521;AZUL;1281;;0;2023;"*010175AZ32*
01
1 Dia 1 Dia
1°Capa 4°Capa
Transcreva a sua Redação para a Folha de Redação.
Azul 1 1 Azul
Amarelo 2 2 Amarelo
Branco 3 1 3 Branco
Rosa 4 2 4 Rosa
3
Ledor 9 9 Ledor
Libras 10 4 10 Libras
5
6
7
8
O
9
H
10
N O
11
U
12 Ã
C
13 Ç
S
14 A
A
15 D
16 R
E
17
R
18
A
19
D
20
21
22
23
24
2 Dia 2 Dia
1°Capa 25 4°Capa
Libras 12 26 12 Libras
Ledor 11 11 Ledor
27
28
Rosa 8 8 Rosa
Azul 7 29 7 Azul
Cinza 6 6 Cinza
30
Amarelo 5 5 Amarelo
32 –1º DIA • CADERNO 1 • AZUL–
01
BBiigguurrrriillhhooss..iinndddd 11 1144//0066//22002222 1177::1122::0066"
19;LC;140811;A;30;0;;2.03832;0.76702;0.24521;AZUL;1241;;0;2023;"*010175AZ32*
01
1 Dia 1 Dia
1°Capa 4°Capa
Transcreva a sua Redação para a Folha de Redação.
Azul 1 1 Azul
Amarelo 2 2 Amarelo
Branco 3 1 3 Branco
Rosa 4 2 4 Rosa
3
Ledor 9 9 Ledor
Libras 10 4 10 Libras
5
6
7
8
O
9
H
10
N O
11
U
12 Ã
C
13 Ç
S
14 A
A
15 D
16 R
E
17
R
18
A
19
D
20
21
22
23
24
2 Dia 2 Dia
1°Capa 25 4°Capa
Libras 12 26 12 Libras
Ledor 11 11 Ledor
27
28
Rosa 8 8 Rosa
Azul 7 29 7 Azul
Cinza 6 6 Cinza
30
Amarelo 5 5 Amarelo
32 –1º DIA • CADERNO 1 • AZUL–
01
BBiigguurrrriillhhooss..iinndddd 11 1144//0066//22002222 1177::1122::0066"
19;LC;140811;A;30;0;;2.03832;0.76702;0.24521;AZUL;1241;;0;2023;"*010175AZ32*
01
1 Dia 1 Dia
1°Capa 4°Capa
Transcreva a sua Redação para a Folha de Redação.
Azul 1 1 Azul
Amarelo 2 2 Amarelo
Branco 3 1 3 Branco
Rosa 4 2 4 Rosa
3
Ledor 9 9 Ledor
Libras 10 4 10 Libras
5
6
7
8
O
9
H
10
N O
11
U
12 Ã
C
13 Ç
S
14 A
A
15 D
16 R
E
17
R
18
A
19
D
20
21
22
23
24
2 Dia 2 Dia
1°Capa 25 4°Capa
Libras 12 26 12 Libras
Ledor 11 11 Ledor
27
28
Rosa 8 8 Rosa
Azul 7 29 7 Azul
Cinza 6 6 Cinza
30
Amarelo 5 5 Amarelo
32 –1º DIA • CADERNO 1 • AZUL–
01
BBiigguurrrriillhhooss..iinndddd 11 1144//0066//22002222 1177::1122::0066"
19;LC;140811;A;30;0;;2.03832;0.76702;0.24521;AZUL;1281;;0;2023;"*010175AZ32*
01
1 Dia 1 Dia
1°Capa 4°Capa
Transcreva a sua Redação para a Folha de Redação.
Azul 1 1 Azul
Amarelo 2 2 Amarelo
Branco 3 1 3 Branco
Rosa 4 2 4 Rosa
3
Ledor 9 9 Ledor
Libras 10 4 10 Libras
5
6
7
8
O
9
H
10
N O
11
U
12 Ã
C
13 Ç
S
14 A
A
15 D
16 R
E
17
R
18
A
19
D
20
21
22
23
24
2 Dia 2 Dia
1°Capa 25 4°Capa
Libras 12 26 12 Libras
Ledor 11 11 Ledor
27
28
Rosa 8 8 Rosa
Azul 7 29 7 Azul
Cinza 6 6 Cinza
30
Amarelo 5 5 Amarelo
32 –1º DIA • CADERNO 1 • AZUL–
01
BBiigguurrrriillhhooss..iinndddd 11 1144//0066//22002222 1177::1122::0066"
158;MT;117615;B;23;0;;2.02503;1.88946;0.19048;AZUL;1323;;0;2023;Texto extraído diretamente do caderno oficial.
158;MT;117615;B;23;0;;2.02503;1.88946;0.19048;AZUL;1323;;0;2023;Texto extraído diretamente do caderno oficial.
158;MT;117615;B;23;0;;2.02503;1.88946;0.19048;AZUL;1323;;0;2023;Texto extraído diretamente do caderno oficial.
71;CH;141017;D;7;0;;2.01061;1.68198;0.19435;AZUL;1271;;0;2023;Texto extraído diretamente do caderno oficial.
71;CH;141017;D;7;0;;2.01061;1.68198;0.19435;AZUL;1271;;0;2023;Texto extraído diretamente do caderno oficial.
71;CH;141017;D;7;0;;2.01061;1.68198;0.19435;AZUL;1271;;0;2023;Texto extraído diretamente do caderno oficial.
71;CH;141017;D;7;0;;2.01061;1.68198;0.19435;AZUL;1231;;0;2023;Texto extraído diretamente do caderno oficial.
71;CH;141017;D;7;0;;2.01061;1.68198;0.19435;AZUL;1231;;0;2023;Texto extraído diretamente do caderno oficial.
71;CH;141017;D;7;0;;2.01061;1.68198;0.19435;AZUL;1231;;0;2023;Texto extraído diretamente do caderno oficial.
66;CH;87223;B;3;0;;2.00691;2.05587;0.29477;AZUL;1271;;0;2023;Texto extraído diretamente do caderno oficial.
66;CH;87223;B;3;0;;2.00691;2.05587;0.29477;AZUL;1231;;0;2023;Texto extraído diretamente do caderno oficial.
66;CH;87223;B;3;0;;2.00691;2.05587;0.29477;AZUL;1231;;0;2023;Texto extraído diretamente do caderno oficial.
66;CH;87223;B;3;0;;2.00691;2.05587;0.29477;AZUL;1231;;0;2023;Texto extraído diretamente do caderno oficial.
66;CH;87223;B;3;0;;2.00691;2.05587;0.29477;AZUL;1271;;0;2023;Texto extraído diretamente do caderno oficial.
66;CH;87223;B;3;0;;2.00691;2.05587;0.29477;AZUL;1271;;0;2023;Texto extraído diretamente do caderno oficial.
35;LC;141243;A;11;0;;2.00614;-0.27647;0.09754;AZUL;1201;;0;2023;Texto extraído diretamente do caderno oficial.
35;LC;141243;A;11;0;;2.00614;-0.27647;0.09754;AZUL;1201;;0;2023;Texto extraído diretamente do caderno oficial.
35;LC;141243;A;11;0;;2.00614;-0.27647;0.09754;AZUL;1201;;0;2023;Texto extraído diretamente do caderno oficial.
144;MT;141563;E;7;0;;2.0018;1.46283;0.23942;AZUL;1291;;0;2023;Texto extraído diretamente do caderno oficial.
144;MT;141563;E;7;0;;2.0018;1.46283;0.23942;AZUL;1251;;0;2023;Texto extraído diretamente do caderno oficial.
144;MT;141563;E;7;0;;2.0018;1.46283;0.23942;AZUL;1291;;0;2023;Texto extraído diretamente do caderno oficial.
144;MT;141563;E;7;0;;2.0018;1.46283;0.23942;AZUL;1251;;0;2023;Texto extraído diretamente do caderno oficial.
144;MT;141563;E;7;0;;2.0018;1.46283;0.23942;AZUL;1291;;0;2023;Texto extraído diretamente do caderno oficial.
144;MT;141563;E;7;0;;2.0018;1.46283;0.23942;AZUL;1251;;0;2023;Texto extraído diretamente do caderno oficial.
30;LC;140921;B;29;0;;1.98881;0.13165;0.16935;AZUL;1241;;0;2023;"*010175AZ32*
01
1 Dia 1 Dia
1°Capa 4°Capa
Transcreva a sua Redação para a Folha de Redação.
Azul 1 1 Azul
Amarelo 2 2 Amarelo
Branco 3 1 3 Branco
Rosa 4 2 4 Rosa
3
Ledor 9 9 Ledor
Libras 10 4 10 Libras
5
6
7
8
O
9
H
10
N O
11
U
12 Ã
C
13 Ç
S
14 A
A
15 D
16 R
E
17
R
18
A
19
D
20
21
22
23
24
2 Dia 2 Dia
1°Capa 25 4°Capa
Libras 12 26 12 Libras
Ledor 11 11 Ledor
27
28
Rosa 8 8 Rosa
Azul 7 29 7 Azul
Cinza 6 6 Cinza
30
Amarelo 5 5 Amarelo
32 –1º DIA • CADERNO 1 • AZUL–
01
BBiigguurrrriillhhooss..iinndddd 11 1144//0066//22002222 1177::1122::0066"
30;LC;140921;B;29;0;;1.98881;0.13165;0.16935;AZUL;1281;;0;2023;"*010175AZ32*
01
1 Dia 1 Dia
1°Capa 4°Capa
Transcreva a sua Redação para a Folha de Redação.
Azul 1 1 Azul
Amarelo 2 2 Amarelo
Branco 3 1 3 Branco
Rosa 4 2 4 Rosa
3
Ledor 9 9 Ledor
Libras 10 4 10 Libras
5
6
7
8
O
9
H
10
N O
11
U
12 Ã
C
13 Ç
S
14 A
A
15 D
16 R
E
17
R
18
A
19
D
20
21
22
23
24
2 Dia 2 Dia
1°Capa 25 4°Capa
Libras 12 26 12 Libras
Ledor 11 11 Ledor
27
28
Rosa 8 8 Rosa
Azul 7 29 7 Azul
Cinza 6 6 Cinza
30
Amarelo 5 5 Amarelo
32 –1º DIA • CADERNO 1 • AZUL–
01
BBiigguurrrriillhhooss..iinndddd 11 1144//0066//22002222 1177::1122::0066"
30;LC;140921;B;29;0;;1.98881;0.13165;0.16935;AZUL;1281;;0;2023;"*010175AZ32*
01
1 Dia 1 Dia
1°Capa 4°Capa
Transcreva a sua Redação para a Folha de Redação.
Azul 1 1 Azul
Amarelo 2 2 Amarelo
Branco 3 1 3 Branco
Rosa 4 2 4 Rosa
3
Ledor 9 9 Ledor
Libras 10 4 10 Libras
5
6
7
8
O
9
H
10
N O
11
U
12 Ã
C
13 Ç
S
14 A
A
15 D
16 R
E
17
R
18
A
19
D
20
21
22
23
24
2 Dia 2 Dia
1°Capa 25 4°Capa
Libras 12 26 12 Libras
Ledor 11 11 Ledor
27
28
Rosa 8 8 Rosa
Azul 7 29 7 Azul
Cinza 6 6 Cinza
30
Amarelo 5 5 Amarelo
32 –1º DIA • CADERNO 1 • AZUL–
01
BBiigguurrrriillhhooss..iinndddd 11 1144//0066//22002222 1177::1122::0066"
30;LC;140921;B;29;0;;1.98881;0.13165;0.16935;AZUL;1241;;0;2023;"*010175AZ32*
01
1 Dia 1 Dia
1°Capa 4°Capa
Transcreva a sua Redação para a Folha de Redação.
Azul 1 1 Azul
Amarelo 2 2 Amarelo
Branco 3 1 3 Branco
Rosa 4 2 4 Rosa
3
Ledor 9 9 Ledor
Libras 10 4 10 Libras
5
6
7
8
O
9
H
10
N O
11
U
12 Ã
C
13 Ç
S
14 A
A
15 D
16 R
E
17
R
18
A
19
D
20
21
22
23
24
2 Dia 2 Dia
1°Capa 25 4°Capa
Libras 12 26 12 Libras
Ledor 11 11 Ledor
27
28
Rosa 8 8 Rosa
Azul 7 29 7 Azul
Cinza 6 6 Cinza
30
Amarelo 5 5 Amarelo
32 –1º DIA • CADERNO 1 • AZUL–
01
BBiigguurrrriillhhooss..iinndddd 11 1144//0066//22002222 1177::1122::0066"
30;LC;140921;B;29;0;;1.98881;0.13165;0.16935;AZUL;1241;;0;2023;"*010175AZ32*
01
1 Dia 1 Dia
1°Capa 4°Capa
Transcreva a sua Redação para a Folha de Redação.
Azul 1 1 Azul
Amarelo 2 2 Amarelo
Branco 3 1 3 Branco
Rosa 4 2 4 Rosa
3
Ledor 9 9 Ledor
Libras 10 4 10 Libras
5
6
7
8
O
9
H
10
N O
11
U
12 Ã
C
13 Ç
S
14 A
A
15 D
16 R
E
17
R
18
A
19
D
20
21
22
23
24
2 Dia 2 Dia
1°Capa 25 4°Capa
Libras 12 26 12 Libras
Ledor 11 11 Ledor
27
28
Rosa 8 8 Rosa
Azul 7 29 7 Azul
Cinza 6 6 Cinza
30
Amarelo 5 5 Amarelo
32 –1º DIA • CADERNO 1 • AZUL–
01
BBiigguurrrriillhhooss..iinndddd 11 1144//0066//22002222 1177::1122::0066"
30;LC;140921;B;29;0;;1.98881;0.13165;0.16935;AZUL;1281;;0;2023;"*010175AZ32*
01
1 Dia 1 Dia
1°Capa 4°Capa
Transcreva a sua Redação para a Folha de Redação.
Azul 1 1 Azul
Amarelo 2 2 Amarelo
Branco 3 1 3 Branco
Rosa 4 2 4 Rosa
3
Ledor 9 9 Ledor
Libras 10 4 10 Libras
5
6
7
8
O
9
H
10
N O
11
U
12 Ã
C
13 Ç
S
14 A
A
15 D
16 R
E
17
R
18
A
19
D
20
21
22
23
24
2 Dia 2 Dia
1°Capa 25 4°Capa
Libras 12 26 12 Libras
Ledor 11 11 Ledor
27
28
Rosa 8 8 Rosa
Azul 7 29 7 Azul
Cinza 6 6 Cinza
30
Amarelo 5 5 Amarelo
32 –1º DIA • CADERNO 1 • AZUL–
01
BBiigguurrrriillhhooss..iinndddd 11 1144//0066//22002222 1177::1122::0066"
103;CN;111492;D;22;0;;1.98795;2.27444;0.11215;AZUL;1261;;0;2023;Texto extraído diretamente do caderno oficial.
103;CN;111492;D;22;0;;1.98795;2.27444;0.11215;AZUL;1261;;0;2023;Texto extraído diretamente do caderno oficial.
103;CN;111492;D;22;0;;1.98795;2.27444;0.11215;AZUL;1301;;0;2023;Texto extraído diretamente do caderno oficial.
103;CN;111492;D;22;0;;1.98795;2.27444;0.11215;AZUL;1301;;0;2023;Texto extraído diretamente do caderno oficial.
103;CN;111492;D;22;0;;1.98795;2.27444;0.11215;AZUL;1301;;0;2023;Texto extraído diretamente do caderno oficial.
103;CN;111492;D;22;0;;1.98795;2.27444;0.11215;AZUL;1261;;0;2023;Texto extraído diretamente do caderno oficial.
65;CH;87839;A;9;0;;1.98671;1.12588;0.26402;AZUL;1231;;0;2023;Texto extraído diretamente do caderno oficial.
65;CH;87839;A;9;0;;1.98671;1.12588;0.26402;AZUL;1271;;0;2023;Texto extraído diretamente do caderno oficial.
65;CH;87839;A;9;0;;1.98671;1.12588;0.26402;AZUL;1231;;0;2023;Texto extraído diretamente do caderno oficial.
65;CH;87839;A;9;0;;1.98671;1.12588;0.26402;AZUL;1271;;0;2023;Texto extraído diretamente do caderno oficial.
65;CH;87839;A;9;0;;1.98671;1.12588;0.26402;AZUL;1231;;0;2023;Texto extraído diretamente do caderno oficial.
65;CH;87839;A;9;0;;1.98671;1.12588;0.26402;AZUL;1271;;0;2023;Texto extraído diretamente do caderno oficial.
131;CN;126533;A;1;0;;1.97611;1.97226;0.15173;AZUL;1301;;0;2023;Texto extraído diretamente do caderno oficial.
131;CN;126533;A;1;0;;1.97611;1.97226;0.15173;AZUL;1261;;0;2023;Texto extraído diretamente do caderno oficial.
131;CN;126533;A;1;0;;1.97611;1.97226;0.15173;AZUL;1301;;0;2023;Texto extraído diretamente do caderno oficial.
131;CN;126533;A;1;0;;1.97611;1.97226;0.15173;AZUL;1261;;0;2023;Texto extraído diretamente do caderno oficial.
131;CN;126533;A;1;0;;1.97611;1.97226;0.15173;AZUL;1301;;0;2023;Texto extraído diretamente do caderno oficial.
131;CN;126533;A;1;0;;1.97611;1.97226;0.15173;AZUL;1261;;0;2023;Texto extraído diretamente do caderno oficial.
168;MT;82009;D;2;0;;1.97365;0.14531;0.19547;AZUL;1291;;0;2023;Texto extraído diretamente do caderno oficial.
168;MT;82009;D;2;0;;1.97365;0.14531;0.19547;AZUL;1291;;0;2023;Texto extraído diretamente do caderno oficial.
168;MT;82009;D;2;0;;1.97365;0.14531;0.19547;AZUL;1291;;0;2023;Texto extraído diretamente do caderno oficial.
168;MT;82009;D;2;0;;1.97365;0.14531;0.19547;AZUL;1251;;0;2023;Texto extraído diretamente do caderno oficial.
168;MT;82009;D;2;0;;1.97365;0.14531;0.19547;AZUL;1251;;0;2023;Texto extraído diretamente do caderno oficial.
168;MT;82009;D;2;0;;1.97365;0.14531;0.19547;AZUL;1251;;0;2023;Texto extraído diretamente do caderno oficial.
112;CN;11543;E;12;0;;1.97133;0.18515;0.1645;AZUL;1261;;0;2023;Texto extraído diretamente do caderno oficial.
112;CN;11543;E;12;0;;1.97133;0.18515;0.1645;AZUL;1261;;0;2023;Texto extraído diretamente do caderno oficial.
112;CN;11543;E;12;0;;1.97133;0.18515;0.1645;AZUL;1301;;0;2023;Texto extraído diretamente do caderno oficial.
112;CN;11543;E;12;0;;1.97133;0.18515;0.1645;AZUL;1301;;0;2023;Texto extraído diretamente do caderno oficial.
112;CN;11543;E;12;0;;1.97133;0.18515;0.1645;AZUL;1261;;0;2023;Texto extraído diretamente do caderno oficial.
112;CN;11543;E;12;0;;1.97133;0.18515;0.1645;AZUL;1301;;0;2023;Texto extraído diretamente do caderno oficial.
111;CN;56084;A;28;0;;1.96491;1.28856;0.18913;AZUL;1333;;0;2023;Texto extraído diretamente do caderno oficial.
111;CN;56084;A;28;0;;1.96491;1.28856;0.18913;AZUL;1333;;0;2023;Texto extraído diretamente do caderno oficial.
111;CN;56084;A;28;0;;1.96491;1.28856;0.18913;AZUL;1333;;0;2023;Texto extraído diretamente do caderno oficial.
39;LC;97007;C;4;0;;1.9592;0.91289;0.16231;AZUL;1201;;0;2023;Texto extraído diretamente do caderno oficial.
39;LC;97007;C;4;0;;1.9592;0.91289;0.16231;AZUL;1201;;0;2023;Texto extraído diretamente do caderno oficial.
39;LC;97007;C;4;0;;1.9592;0.91289;0.16231;AZUL;1201;;0;2023;Texto extraído diretamente do caderno oficial.
164;MT;96489;B;5;0;;1.95326;0.87566;0.13053;AZUL;1251;;0;2023;Texto extraído diretamente do caderno oficial.
164;MT;96489;B;5;0;;1.95326;0.87566;0.13053;AZUL;1291;;0;2023;Texto extraído diretamente do caderno oficial.
164;MT;96489;B;5;0;;1.95326;0.87566;0.13053;AZUL;1251;;0;2023;Texto extraído diretamente do caderno oficial.
164;MT;96489;B;5;0;;1.95326;0.87566;0.13053;AZUL;1291;;0;2023;Texto extraído diretamente do caderno oficial.
164;MT;96489;B;5;0;;1.95326;0.87566;0.13053;AZUL;1251;;0;2023;Texto extraído diretamente do caderno oficial.
164;MT;96489;B;5;0;;1.95326;0.87566;0.13053;AZUL;1291;;0;2023;Texto extraído diretamente do caderno oficial.
17;LC;140926;D;26;0;;1.95105;-0.13372;0.19557;AZUL;1281;;0;2023;"*010175AZ32*
01
1 Dia 1 Dia
1°Capa 4°Capa
Transcreva a sua Redação para a Folha de Redação.
Azul 1 1 Azul
Amarelo 2 2 Amarelo
Branco 3 1 3 Branco
Rosa 4 2 4 Rosa
3
Ledor 9 9 Ledor
Libras 10 4 10 Libras
5
6
7
8
O
9
H
10
N O
11
U
12 Ã
C
13 Ç
S
14 A
A
15 D
16 R
E
17
R
18
A
19
D
20
21
22
23
24
2 Dia 2 Dia
1°Capa 25 4°Capa
Libras 12 26 12 Libras
Ledor 11 11 Ledor
27
28
Rosa 8 8 Rosa
Azul 7 29 7 Azul
Cinza 6 6 Cinza
30
Amarelo 5 5 Amarelo
32 –1º DIA • CADERNO 1 • AZUL–
01
BBiigguurrrriillhhooss..iinndddd 11 1144//0066//22002222 1177::1122::0066"
17;LC;140926;D;26;0;;1.95105;-0.13372;0.19557;AZUL;1241;;0;2023;"*010175AZ32*
01
1 Dia 1 Dia
1°Capa 4°Capa
Transcreva a sua Redação para a Folha de Redação.
Azul 1 1 Azul
Amarelo 2 2 Amarelo
Branco 3 1 3 Branco
Rosa 4 2 4 Rosa
3
Ledor 9 9 Ledor
Libras 10 4 10 Libras
5
6
7
8
O
9
H
10
N O
11
U
12 Ã
C
13 Ç
S
14 A
A
15 D
16 R
E
17
R
18
A
19
D
20
21
22
23
24
2 Dia 2 Dia
1°Capa 25 4°Capa
Libras 12 26 12 Libras
Ledor 11 11 Ledor
27
28
Rosa 8 8 Rosa
Azul 7 29 7 Azul
Cinza 6 6 Cinza
30
Amarelo 5 5 Amarelo
32 –1º DIA • CADERNO 1 • AZUL–
01
BBiigguurrrriillhhooss..iinndddd 11 1144//0066//22002222 1177::1122::0066"
17;LC;140926;D;26;0;;1.95105;-0.13372;0.19557;AZUL;1241;;0;2023;"*010175AZ32*
01
1 Dia 1 Dia
1°Capa 4°Capa
Transcreva a sua Redação para a Folha de Redação.
Azul 1 1 Azul
Amarelo 2 2 Amarelo
Branco 3 1 3 Branco
Rosa 4 2 4 Rosa
3
Ledor 9 9 Ledor
Libras 10 4 10 Libras
5
6
7
8
O
9
H
10
N O
11
U
12 Ã
C
13 Ç
S
14 A
A
15 D
16 R
E
17
R
18
A
19
D
20
21
22
23
24
2 Dia 2 Dia
1°Capa 25 4°Capa
Libras 12 26 12 Libras
Ledor 11 11 Ledor
27
28
Rosa 8 8 Rosa
Azul 7 29 7 Azul
Cinza 6 6 Cinza
30
Amarelo 5 5 Amarelo
32 –1º DIA • CADERNO 1 • AZUL–
01
BBiigguurrrriillhhooss..iinndddd 11 1144//0066//22002222 1177::1122::0066"
17;LC;140926;D;26;0;;1.95105;-0.13372;0.19557;AZUL;1281;;0;2023;"*010175AZ32*
01
1 Dia 1 Dia
1°Capa 4°Capa
Transcreva a sua Redação para a Folha de Redação.
Azul 1 1 Azul
Amarelo 2 2 Amarelo
Branco 3 1 3 Branco
Rosa 4 2 4 Rosa
3
Ledor 9 9 Ledor
Libras 10 4 10 Libras
5
6
7
8
O
9
H
10
N O
11
U
12 Ã
C
13 Ç
S
14 A
A
15 D
16 R
E
17
R
18
A
19
D
20
21
22
23
24
2 Dia 2 Dia
1°Capa 25 4°Capa
Libras 12 26 12 Libras
Ledor 11 11 Ledor
27
28
Rosa 8 8 Rosa
Azul 7 29 7 Azul
Cinza 6 6 Cinza
30
Amarelo 5 5 Amarelo
32 –1º DIA • CADERNO 1 • AZUL–
01
BBiigguurrrriillhhooss..iinndddd 11 1144//0066//22002222 1177::1122::0066"
17;LC;140926;D;26;0;;1.95105;-0.13372;0.19557;AZUL;1281;;0;2023;"*010175AZ32*
01
1 Dia 1 Dia
1°Capa 4°Capa
Transcreva a sua Redação para a Folha de Redação.
Azul 1 1 Azul
Amarelo 2 2 Amarelo
Branco 3 1 3 Branco
Rosa 4 2 4 Rosa
3
Ledor 9 9 Ledor
Libras 10 4 10 Libras
5
6
7
8
O
9
H
10
N O
11
U
12 Ã
C
13 Ç
S
14 A
A
15 D
16 R
E
17
R
18
A
19
D
20
21
22
23
24
2 Dia 2 Dia
1°Capa 25 4°Capa
Libras 12 26 12 Libras
Ledor 11 11 Ledor
27
28
Rosa 8 8 Rosa
Azul 7 29 7 Azul
Cinza 6 6 Cinza
30
Amarelo 5 5 Amarelo
32 –1º DIA • CADERNO 1 • AZUL–
01
BBiigguurrrriillhhooss..iinndddd 11 1144//0066//22002222 1177::1122::0066"
17;LC;140926;D;26;0;;1.95105;-0.13372;0.19557;AZUL;1241;;0;2023;"*010175AZ32*
01
1 Dia 1 Dia
1°Capa 4°Capa
Transcreva a sua Redação para a Folha de Redação.
Azul 1 1 Azul
Amarelo 2 2 Amarelo
Branco 3 1 3 Branco
Rosa 4 2 4 Rosa
3
Ledor 9 9 Ledor
Libras 10 4 10 Libras
5
6
7
8
O
9
H
10
N O
11
U
12 Ã
C
13 Ç
S
14 A
A
15 D
16 R
E
17
R
18
A
19
D
20
21
22
23
24
2 Dia 2 Dia
1°Capa 25 4°Capa
Libras 12 26 12 Libras
Ledor 11 11 Ledor
27
28
Rosa 8 8 Rosa
Azul 7 29 7 Azul
Cinza 6 6 Cinza
30
Amarelo 5 5 Amarelo
32 –1º DIA • CADERNO 1 • AZUL–
01
BBiigguurrrriillhhooss..iinndddd 11 1144//0066//22002222 1177::1122::0066"
167;MT;27330;A;18;0;;1.94836;1.9392;0.17138;AZUL;1211;;0;2023;Texto extraído diretamente do caderno oficial.
167;MT;27330;A;18;0;;1.94836;1.9392;0.17138;AZUL;1211;;0;2023;Texto extraído diretamente do caderno oficial.
167;MT;27330;A;18;0;;1.94836;1.9392;0.17138;AZUL;1211;;0;2023;Texto extraído diretamente do caderno oficial.
143;MT;87686;E;29;0;;1.94508;1.67467;0.08764;AZUL;1251;;0;2023;Texto extraído diretamente do caderno oficial.
143;MT;87686;E;29;0;;1.94508;1.67467;0.08764;AZUL;1291;;0;2023;Texto extraído diretamente do caderno oficial.
143;MT;87686;E;29;0;;1.94508;1.67467;0.08764;AZUL;1251;;0;2023;Texto extraído diretamente do caderno oficial.
143;MT;87686;E;29;0;;1.94508;1.67467;0.08764;AZUL;1291;;0;2023;Texto extraído diretamente do caderno oficial.
143;MT;87686;E;29;0;;1.94508;1.67467;0.08764;AZUL;1251;;0;2023;Texto extraído diretamente do caderno oficial.
143;MT;87686;E;29;0;;1.94508;1.67467;0.08764;AZUL;1291;;0;2023;Texto extraído diretamente do caderno oficial.
83;CH;141354;B;3;0;;1.93619;-0.42999;0.19883;AZUL;1271;;0;2023;Texto extraído diretamente do caderno oficial.
83;CH;141354;B;3;0;;1.93619;-0.42999;0.19883;AZUL;1231;;0;2023;Texto extraído diretamente do caderno oficial.
83;CH;141354;B;3;0;;1.93619;-0.42999;0.19883;AZUL;1231;;0;2023;Texto extraído diretamente do caderno oficial.
83;CH;141354;B;3;0;;1.93619;-0.42999;0.19883;AZUL;1271;;0;2023;Texto extraído diretamente do caderno oficial.
83;CH;141354;B;3;0;;1.93619;-0.42999;0.19883;AZUL;1231;;0;2023;Texto extraído diretamente do caderno oficial.
83;CH;141354;B;3;0;;1.93619;-0.42999;0.19883;AZUL;1271;;0;2023;Texto extraído diretamente do caderno oficial.
92;CN;83378;B;3;0;;1.92829;-1.14947;0.20133;AZUL;1221;;0;2023;Texto extraído diretamente do caderno oficial.
92;CN;83378;B;3;0;;1.92829;-1.14947;0.20133;AZUL;1221;;0;2023;Texto extraído diretamente do caderno oficial.
92;CN;83378;B;3;0;;1.92829;-1.14947;0.20133;AZUL;1221;;0;2023;Texto extraído diretamente do caderno oficial.
142;MT;125950;E;6;0;;1.92613;2.49551;0.13769;AZUL;1323;;0;2023;Texto extraído diretamente do caderno oficial.
142;MT;125950;E;6;0;;1.92613;2.49551;0.13769;AZUL;1323;;0;2023;Texto extraído diretamente do caderno oficial.
142;MT;125950;E;6;0;;1.92613;2.49551;0.13769;AZUL;1323;;0;2023;Texto extraído diretamente do caderno oficial.
114;CN;86898;E;9;0;;1.90197;1.42904;0.17325;AZUL;1333;;0;2023;Texto extraído diretamente do caderno oficial.
114;CN;86898;E;9;0;;1.90197;1.42904;0.17325;AZUL;1333;;0;2023;Texto extraído diretamente do caderno oficial.
114;CN;86898;E;9;0;;1.90197;1.42904;0.17325;AZUL;1333;;0;2023;Texto extraído diretamente do caderno oficial.
164;MT;117808;C;16;0;;1.89829;1.63461;0.19327;AZUL;1323;;0;2023;Texto extraído diretamente do caderno oficial.
164;MT;117808;C;16;0;;1.89829;1.63461;0.19327;AZUL;1323;;0;2023;Texto extraído diretamente do caderno oficial.
164;MT;117808;C;16;0;;1.89829;1.63461;0.19327;AZUL;1323;;0;2023;Texto extraído diretamente do caderno oficial.
27;LC;140870;A;24;0;;1.89752;0.42059;0.21091;AZUL;1241;;0;2023;"*010175AZ32*
01
1 Dia 1 Dia
1°Capa 4°Capa
Transcreva a sua Redação para a Folha de Redação.
Azul 1 1 Azul
Amarelo 2 2 Amarelo
Branco 3 1 3 Branco
Rosa 4 2 4 Rosa
3
Ledor 9 9 Ledor
Libras 10 4 10 Libras
5
6
7
8
O
9
H
10
N O
11
U
12 Ã
C
13 Ç
S
14 A
A
15 D
16 R
E
17
R
18
A
19
D
20
21
22
23
24
2 Dia 2 Dia
1°Capa 25 4°Capa
Libras 12 26 12 Libras
Ledor 11 11 Ledor
27
28
Rosa 8 8 Rosa
Azul 7 29 7 Azul
Cinza 6 6 Cinza
30
Amarelo 5 5 Amarelo
32 –1º DIA • CADERNO 1 • AZUL–
01
BBiigguurrrriillhhooss..iinndddd 11 1144//0066//22002222 1177::1122::0066"
27;LC;140870;A;24;0;;1.89752;0.42059;0.21091;AZUL;1281;;0;2023;"*010175AZ32*
01
1 Dia 1 Dia
1°Capa 4°Capa
Transcreva a sua Redação para a Folha de Redação.
Azul 1 1 Azul
Amarelo 2 2 Amarelo
Branco 3 1 3 Branco
Rosa 4 2 4 Rosa
3
Ledor 9 9 Ledor
Libras 10 4 10 Libras
5
6
7
8
O
9
H
10
N O
11
U
12 Ã
C
13 Ç
S
14 A
A
15 D
16 R
E
17
R
18
A
19
D
20
21
22
23
24
2 Dia 2 Dia
1°Capa 25 4°Capa
Libras 12 26 12 Libras
Ledor 11 11 Ledor
27
28
Rosa 8 8 Rosa
Azul 7 29 7 Azul
Cinza 6 6 Cinza
30
Amarelo 5 5 Amarelo
32 –1º DIA • CADERNO 1 • AZUL–
01
BBiigguurrrriillhhooss..iinndddd 11 1144//0066//22002222 1177::1122::0066"
27;LC;140870;A;24;0;;1.89752;0.42059;0.21091;AZUL;1241;;0;2023;"*010175AZ32*
01
1 Dia 1 Dia
1°Capa 4°Capa
Transcreva a sua Redação para a Folha de Redação.
Azul 1 1 Azul
Amarelo 2 2 Amarelo
Branco 3 1 3 Branco
Rosa 4 2 4 Rosa
3
Ledor 9 9 Ledor
Libras 10 4 10 Libras
5
6
7
8
O
9
H
10
N O
11
U
12 Ã
C
13 Ç
S
14 A
A
15 D
16 R
E
17
R
18
A
19
D
20
21
22
23
24
2 Dia 2 Dia
1°Capa 25 4°Capa
Libras 12 26 12 Libras
Ledor 11 11 Ledor
27
28
Rosa 8 8 Rosa
Azul 7 29 7 Azul
Cinza 6 6 Cinza
30
Amarelo 5 5 Amarelo
32 –1º DIA • CADERNO 1 • AZUL–
01
BBiigguurrrriillhhooss..iinndddd 11 1144//0066//22002222 1177::1122::0066"
27;LC;140870;A;24;0;;1.89752;0.42059;0.21091;AZUL;1281;;0;2023;"*010175AZ32*
01
1 Dia 1 Dia
1°Capa 4°Capa
Transcreva a sua Redação para a Folha de Redação.
Azul 1 1 Azul
Amarelo 2 2 Amarelo
Branco 3 1 3 Branco
Rosa 4 2 4 Rosa
3
Ledor 9 9 Ledor
Libras 10 4 10 Libras
5
6
7
8
O
9
H
10
N O
11
U
12 Ã
C
13 Ç
S
14 A
A
15 D
16 R
E
17
R
18
A
19
D
20
21
22
23
24
2 Dia 2 Dia
1°Capa 25 4°Capa
Libras 12 26 12 Libras
Ledor 11 11 Ledor
27
28
Rosa 8 8 Rosa
Azul 7 29 7 Azul
Cinza 6 6 Cinza
30
Amarelo 5 5 Amarelo
32 –1º DIA • CADERNO 1 • AZUL–
01
BBiigguurrrriillhhooss..iinndddd 11 1144//0066//22002222 1177::1122::0066"
27;LC;140870;A;24;0;;1.89752;0.42059;0.21091;AZUL;1241;;0;2023;"*010175AZ32*
01
1 Dia 1 Dia
1°Capa 4°Capa
Transcreva a sua Redação para a Folha de Redação.
Azul 1 1 Azul
Amarelo 2 2 Amarelo
Branco 3 1 3 Branco
Rosa 4 2 4 Rosa
3
Ledor 9 9 Ledor
Libras 10 4 10 Libras
5
6
7
8
O
9
H
10
N O
11
U
12 Ã
C
13 Ç
S
14 A
A
15 D
16 R
E
17
R
18
A
19
D
20
21
22
23
24
2 Dia 2 Dia
1°Capa 25 4°Capa
Libras 12 26 12 Libras
Ledor 11 11 Ledor
27
28
Rosa 8 8 Rosa
Azul 7 29 7 Azul
Cinza 6 6 Cinza
30
Amarelo 5 5 Amarelo
32 –1º DIA • CADERNO 1 • AZUL–
01
BBiigguurrrriillhhooss..iinndddd 11 1144//0066//22002222 1177::1122::0066"
27;LC;140870;A;24;0;;1.89752;0.42059;0.21091;AZUL;1281;;0;2023;"*010175AZ32*
01
1 Dia 1 Dia
1°Capa 4°Capa
Transcreva a sua Redação para a Folha de Redação.
Azul 1 1 Azul
Amarelo 2 2 Amarelo
Branco 3 1 3 Branco
Rosa 4 2 4 Rosa
3
Ledor 9 9 Ledor
Libras 10 4 10 Libras
5
6
7
8
O
9
H
10
N O
11
U
12 Ã
C
13 Ç
S
14 A
A
15 D
16 R
E
17
R
18
A
19
D
20
21
22
23
24
2 Dia 2 Dia
1°Capa 25 4°Capa
Libras 12 26 12 Libras
Ledor 11 11 Ledor
27
28
Rosa 8 8 Rosa
Azul 7 29 7 Azul
Cinza 6 6 Cinza
30
Amarelo 5 5 Amarelo
32 –1º DIA • CADERNO 1 • AZUL–
01
BBiigguurrrriillhhooss..iinndddd 11 1144//0066//22002222 1177::1122::0066"
60;CH;12445;A;15;0;;1.893;0.675;0.185;AZUL;1271;;0;2023;Texto extraído diretamente do caderno oficial.
60;CH;12445;A;15;0;;1.893;0.675;0.185;AZUL;1231;;0;2023;Texto extraído diretamente do caderno oficial.
60;CH;12445;A;15;0;;1.893;0.675;0.185;AZUL;1231;;0;2023;Texto extraído diretamente do caderno oficial.
60;CH;12445;A;15;0;;1.893;0.675;0.185;AZUL;1231;;0;2023;Texto extraído diretamente do caderno oficial.
60;CH;12445;A;15;0;;1.893;0.675;0.185;AZUL;1271;;0;2023;Texto extraído diretamente do caderno oficial.
60;CH;12445;A;15;0;;1.893;0.675;0.185;AZUL;1271;;0;2023;Texto extraído diretamente do caderno oficial.
40;LC;141212;B;11;0;;1.8902;0.53683;0.20416;AZUL;1201;;0;2023;Texto extraído diretamente do caderno oficial.
40;LC;141212;B;11;0;;1.8902;0.53683;0.20416;AZUL;1201;;0;2023;Texto extraído diretamente do caderno oficial.
40;LC;141212;B;11;0;;1.8902;0.53683;0.20416;AZUL;1201;;0;2023;Texto extraído diretamente do caderno oficial.
42;LC;7238;E;18;0;;1.89;0.197;0.172;AZUL;1281;;0;2023;Texto extraído diretamente do caderno oficial.
42;LC;7238;E;18;0;;1.89;0.197;0.172;AZUL;1241;;0;2023;Texto extraído diretamente do caderno oficial.
42;LC;7238;E;18;0;;1.89;0.197;0.172;AZUL;1241;;0;2023;Texto extraído diretamente do caderno oficial.
42;LC;7238;E;18;0;;1.89;0.197;0.172;AZUL;1281;;0;2023;Texto extraído diretamente do caderno oficial.
42;LC;7238;E;18;0;;1.89;0.197;0.172;AZUL;1281;;0;2023;Texto extraído diretamente do caderno oficial.
42;LC;7238;E;18;0;;1.89;0.197;0.172;AZUL;1241;;0;2023;Texto extraído diretamente do caderno oficial.
125;CN;17580;B;17;0;;1.88685;1.03171;0.15614;AZUL;1333;;0;2023;Texto extraído diretamente do caderno oficial.
125;CN;17580;B;17;0;;1.88685;1.03171;0.15614;AZUL;1333;;0;2023;Texto extraído diretamente do caderno oficial.
125;CN;17580;B;17;0;;1.88685;1.03171;0.15614;AZUL;1333;;0;2023;Texto extraído diretamente do caderno oficial.
148;MT;117596;B;5;0;;1.88551;3.17516;0.20307;AZUL;1251;;0;2023;Texto extraído diretamente do caderno oficial.
148;MT;117596;B;5;0;;1.88551;3.17516;0.20307;AZUL;1251;;0;2023;Texto extraído diretamente do caderno oficial.
148;MT;117596;B;5;0;;1.88551;3.17516;0.20307;AZUL;1291;;0;2023;Texto extraído diretamente do caderno oficial.
148;MT;117596;B;5;0;;1.88551;3.17516;0.20307;AZUL;1251;;0;2023;Texto extraído diretamente do caderno oficial.
148;MT;117596;B;5;0;;1.88551;3.17516;0.20307;AZUL;1291;;0;2023;Texto extraído diretamente do caderno oficial.
148;MT;117596;B;5;0;;1.88551;3.17516;0.20307;AZUL;1291;;0;2023;Texto extraído diretamente do caderno oficial.
104;CN;126559;B;18;0;;1.87573;2.07387;0.0786;AZUL;1261;;0;2023;Texto extraído diretamente do caderno oficial.
104;CN;126559;B;18;0;;1.87573;2.07387;0.0786;AZUL;1301;;0;2023;Texto extraído diretamente do caderno oficial.
104;CN;126559;B;18;0;;1.87573;2.07387;0.0786;AZUL;1261;;0;2023;Texto extraído diretamente do caderno oficial.
104;CN;126559;B;18;0;;1.87573;2.07387;0.0786;AZUL;1301;;0;2023;Texto extraído diretamente do caderno oficial.
104;CN;126559;B;18;0;;1.87573;2.07387;0.0786;AZUL;1301;;0;2023;Texto extraído diretamente do caderno oficial.
104;CN;126559;B;18;0;;1.87573;2.07387;0.0786;AZUL;1261;;0;2023;Texto extraído diretamente do caderno oficial.
128;CN;40724;C;2;0;;1.87231;-0.45616;0.19791;AZUL;1221;;0;2023;Texto extraído diretamente do caderno oficial.
128;CN;40724;C;2;0;;1.87231;-0.45616;0.19791;AZUL;1221;;0;2023;Texto extraído diretamente do caderno oficial.
128;CN;40724;C;2;0;;1.87231;-0.45616;0.19791;AZUL;1221;;0;2023;Texto extraído diretamente do caderno oficial.
89;CH;140536;B;2;0;;1.85938;0.20017;0.19319;AZUL;1231;;0;2023;Texto extraído diretamente do caderno oficial.
89;CH;140536;B;2;0;;1.85938;0.20017;0.19319;AZUL;1231;;0;2023;Texto extraído diretamente do caderno oficial.
89;CH;140536;B;2;0;;1.85938;0.20017;0.19319;AZUL;1271;;0;2023;Texto extraído diretamente do caderno oficial.
89;CH;140536;B;2;0;;1.85938;0.20017;0.19319;AZUL;1231;;0;2023;Texto extraído diretamente do caderno oficial.
89;CH;140536;B;2;0;;1.85938;0.20017;0.19319;AZUL;1271;;0;2023;Texto extraído diretamente do caderno oficial.
89;CH;140536;B;2;0;;1.85938;0.20017;0.19319;AZUL;1271;;0;2023;Texto extraído diretamente do caderno oficial.
20;LC;15026;D;14;0;;1.85867;0.9812;0.24537;AZUL;1281;;0;2023;"*010175AZ32*
01
1 Dia 1 Dia
1°Capa 4°Capa
Transcreva a sua Redação para a Folha de Redação.
Azul 1 1 Azul
Amarelo 2 2 Amarelo
Branco 3 1 3 Branco
Rosa 4 2 4 Rosa
3
Ledor 9 9 Ledor
Libras 10 4 10 Libras
5
6
7
8
O
9
H
10
N O
11
U
12 Ã
C
13 Ç
S
14 A
A
15 D
16 R
E
17
R
18
A
19
D
20
21
22
23
24
2 Dia 2 Dia
1°Capa 25 4°Capa
Libras 12 26 12 Libras
Ledor 11 11 Ledor
27
28
Rosa 8 8 Rosa
Azul 7 29 7 Azul
Cinza 6 6 Cinza
30
Amarelo 5 5 Amarelo
32 –1º DIA • CADERNO 1 • AZUL–
01
BBiigguurrrriillhhooss..iinndddd 11 1144//0066//22002222 1177::1122::0066"
20;LC;15026;D;14;0;;1.85867;0.9812;0.24537;AZUL;1241;;0;2023;"*010175AZ32*
01
1 Dia 1 Dia
1°Capa 4°Capa
Transcreva a sua Redação para a Folha de Redação.
Azul 1 1 Azul
Amarelo 2 2 Amarelo
Branco 3 1 3 Branco
Rosa 4 2 4 Rosa
3
Ledor 9 9 Ledor
Libras 10 4 10 Libras
5
6
7
8
O
9
H
10
N O
11
U
12 Ã
C
13 Ç
S
14 A
A
15 D
16 R
E
17
R
18
A
19
D
20
21
22
23
24
2 Dia 2 Dia
1°Capa 25 4°Capa
Libras 12 26 12 Libras
Ledor 11 11 Ledor
27
28
Rosa 8 8 Rosa
Azul 7 29 7 Azul
Cinza 6 6 Cinza
30
Amarelo 5 5 Amarelo
32 –1º DIA • CADERNO 1 • AZUL–
01
BBiigguurrrriillhhooss..iinndddd 11 1144//0066//22002222 1177::1122::0066"
20;LC;15026;D;14;0;;1.85867;0.9812;0.24537;AZUL;1241;;0;2023;"*010175AZ32*
01
1 Dia 1 Dia
1°Capa 4°Capa
Transcreva a sua Redação para a Folha de Redação.
Azul 1 1 Azul
Amarelo 2 2 Amarelo
Branco 3 1 3 Branco
Rosa 4 2 4 Rosa
3
Ledor 9 9 Ledor
Libras 10 4 10 Libras
5
6
7
8
O
9
H
10
N O
11
U
12 Ã
C
13 Ç
S
14 A
A
15 D
16 R
E
17
R
18
A
19
D
20
21
22
23
24
2 Dia 2 Dia
1°Capa 25 4°Capa
Libras 12 26 12 Libras
Ledor 11 11 Ledor
27
28
Rosa 8 8 Rosa
Azul 7 29 7 Azul
Cinza 6 6 Cinza
30
Amarelo 5 5 Amarelo
32 –1º DIA • CADERNO 1 • AZUL–
01
BBiigguurrrriillhhooss..iinndddd 11 1144//0066//22002222 1177::1122::0066"
20;LC;15026;D;14;0;;1.85867;0.9812;0.24537;AZUL;1281;;0;2023;"*010175AZ32*
01
1 Dia 1 Dia
1°Capa 4°Capa
Transcreva a sua Redação para a Folha de Redação.
Azul 1 1 Azul
Amarelo 2 2 Amarelo
Branco 3 1 3 Branco
Rosa 4 2 4 Rosa
3
Ledor 9 9 Ledor
Libras 10 4 10 Libras
5
6
7
8
O
9
H
10
N O
11
U
12 Ã
C
13 Ç
S
14 A
A
15 D
16 R
E
17
R
18
A
19
D
20
21
22
23
24
2 Dia 2 Dia
1°Capa 25 4°Capa
Libras 12 26 12 Libras
Ledor 11 11 Ledor
27
28
Rosa 8 8 Rosa
Azul 7 29 7 Azul
Cinza 6 6 Cinza
30
Amarelo 5 5 Amarelo
32 –1º DIA • CADERNO 1 • AZUL–
01
BBiigguurrrriillhhooss..iinndddd 11 1144//0066//22002222 1177::1122::0066"
20;LC;15026;D;14;0;;1.85867;0.9812;0.24537;AZUL;1281;;0;2023;"*010175AZ32*
01
1 Dia 1 Dia
1°Capa 4°Capa
Transcreva a sua Redação para a Folha de Redação.
Azul 1 1 Azul
Amarelo 2 2 Amarelo
Branco 3 1 3 Branco
Rosa 4 2 4 Rosa
3
Ledor 9 9 Ledor
Libras 10 4 10 Libras
5
6
7
8
O
9
H
10
N O
11
U
12 Ã
C
13 Ç
S
14 A
A
15 D
16 R
E
17
R
18
A
19
D
20
21
22
23
24
2 Dia 2 Dia
1°Capa 25 4°Capa
Libras 12 26 12 Libras
Ledor 11 11 Ledor
27
28
Rosa 8 8 Rosa
Azul 7 29 7 Azul
Cinza 6 6 Cinza
30
Amarelo 5 5 Amarelo
32 –1º DIA • CADERNO 1 • AZUL–
01
BBiigguurrrriillhhooss..iinndddd 11 1144//0066//22002222 1177::1122::0066"
20;LC;15026;D;14;0;;1.85867;0.9812;0.24537;AZUL;1241;;0;2023;"*010175AZ32*
01
1 Dia 1 Dia
1°Capa 4°Capa
Transcreva a sua Redação para a Folha de Redação.
Azul 1 1 Azul
Amarelo 2 2 Amarelo
Branco 3 1 3 Branco
Rosa 4 2 4 Rosa
3
Ledor 9 9 Ledor
Libras 10 4 10 Libras
5
6
7
8
O
9
H
10
N O
11
U
12 Ã
C
13 Ç
S
14 A
A
15 D
16 R
E
17
R
18
A
19
D
20
21
22
23
24
2 Dia 2 Dia
1°Capa 25 4°Capa
Libras 12 26 12 Libras
Ledor 11 11 Ledor
27
28
Rosa 8 8 Rosa
Azul 7 29 7 Azul
Cinza 6 6 Cinza
30
Amarelo 5 5 Amarelo
32 –1º DIA • CADERNO 1 • AZUL–
01
BBiigguurrrriillhhooss..iinndddd 11 1144//0066//22002222 1177::1122::0066"
104;CN;60978;B;25;0;;1.85476;1.5224;0.17445;AZUL;1221;;0;2023;Texto extraído diretamente do caderno oficial.
104;CN;60978;B;25;0;;1.85476;1.5224;0.17445;AZUL;1221;;0;2023;Texto extraído diretamente do caderno oficial.
104;CN;60978;B;25;0;;1.85476;1.5224;0.17445;AZUL;1221;;0;2023;Texto extraído diretamente do caderno oficial.
177;MT;37312;D;4;0;;1.84465;0.56332;0.22289;AZUL;1291;;0;2023;Texto extraído diretamente do caderno oficial.
177;MT;37312;D;4;0;;1.84465;0.56332;0.22289;AZUL;1251;;0;2023;Texto extraído diretamente do caderno oficial.
177;MT;37312;D;4;0;;1.84465;0.56332;0.22289;AZUL;1291;;0;2023;Texto extraído diretamente do caderno oficial.
177;MT;37312;D;4;0;;1.84465;0.56332;0.22289;AZUL;1251;;0;2023;Texto extraído diretamente do caderno oficial.
177;MT;37312;D;4;0;;1.84465;0.56332;0.22289;AZUL;1291;;0;2023;Texto extraído diretamente do caderno oficial.
177;MT;37312;D;4;0;;1.84465;0.56332;0.22289;AZUL;1251;;0;2023;Texto extraído diretamente do caderno oficial.
23;LC;140987;C;22;0;;1.84344;1.65132;0.12303;AZUL;1201;;0;2023;"*010175AZ32*
01
1 Dia 1 Dia
1°Capa 4°Capa
Transcreva a sua Redação para a Folha de Redação.
Azul 1 1 Azul
Amarelo 2 2 Amarelo
Branco 3 1 3 Branco
Rosa 4 2 4 Rosa
3
Ledor 9 9 Ledor
Libras 10 4 10 Libras
5
6
7
8
O
9
H
10
N O
11
U
12 Ã
C
13 Ç
S
14 A
A
15 D
16 R
E
17
R
18
A
19
D
20
21
22
23
24
2 Dia 2 Dia
1°Capa 25 4°Capa
Libras 12 26 12 Libras
Ledor 11 11 Ledor
27
28
Rosa 8 8 Rosa
Azul 7 29 7 Azul
Cinza 6 6 Cinza
30
Amarelo 5 5 Amarelo
32 –1º DIA • CADERNO 1 • AZUL–
01
BBiigguurrrriillhhooss..iinndddd 11 1144//0066//22002222 1177::1122::0066"
23;LC;140987;C;22;0;;1.84344;1.65132;0.12303;AZUL;1201;;0;2023;"*010175AZ32*
01
1 Dia 1 Dia
1°Capa 4°Capa
Transcreva a sua Redação para a Folha de Redação.
Azul 1 1 Azul
Amarelo 2 2 Amarelo
Branco 3 1 3 Branco
Rosa 4 2 4 Rosa
3
Ledor 9 9 Ledor
Libras 10 4 10 Libras
5
6
7
8
O
9
H
10
N O
11
U
12 Ã
C
13 Ç
S
14 A
A
15 D
16 R
E
17
R
18
A
19
D
20
21
22
23
24
2 Dia 2 Dia
1°Capa 25 4°Capa
Libras 12 26 12 Libras
Ledor 11 11 Ledor
27
28
Rosa 8 8 Rosa
Azul 7 29 7 Azul
Cinza 6 6 Cinza
30
Amarelo 5 5 Amarelo
32 –1º DIA • CADERNO 1 • AZUL–
01
BBiigguurrrriillhhooss..iinndddd 11 1144//0066//22002222 1177::1122::0066"
23;LC;140987;C;22;0;;1.84344;1.65132;0.12303;AZUL;1201;;0;2023;"*010175AZ32*
01
1 Dia 1 Dia
1°Capa 4°Capa
Transcreva a sua Redação para a Folha de Redação.
Azul 1 1 Azul
Amarelo 2 2 Amarelo
Branco 3 1 3 Branco
Rosa 4 2 4 Rosa
3
Ledor 9 9 Ledor
Libras 10 4 10 Libras
5
6
7
8
O
9
H
10
N O
11
U
12 Ã
C
13 Ç
S
14 A
A
15 D
16 R
E
17
R
18
A
19
D
20
21
22
23
24
2 Dia 2 Dia
1°Capa 25 4°Capa
Libras 12 26 12 Libras
Ledor 11 11 Ledor
27
28
Rosa 8 8 Rosa
Azul 7 29 7 Azul
Cinza 6 6 Cinza
30
Amarelo 5 5 Amarelo
32 –1º DIA • CADERNO 1 • AZUL–
01
BBiigguurrrriillhhooss..iinndddd 11 1144//0066//22002222 1177::1122::0066"
136;MT;55880;B;28;0;;1.83744;2.4295;0.10941;AZUL;1291;;0;2023;Texto extraído diretamente do caderno oficial.
136;MT;55880;B;28;0;;1.83744;2.4295;0.10941;AZUL;1251;;0;2023;Texto extraído diretamente do caderno oficial.
136;MT;55880;B;28;0;;1.83744;2.4295;0.10941;AZUL;1291;;0;2023;Texto extraído diretamente do caderno oficial.
136;MT;55880;B;28;0;;1.83744;2.4295;0.10941;AZUL;1291;;0;2023;Texto extraído diretamente do caderno oficial.
136;MT;55880;B;28;0;;1.83744;2.4295;0.10941;AZUL;1251;;0;2023;Texto extraído diretamente do caderno oficial.
136;MT;55880;B;28;0;;1.83744;2.4295;0.10941;AZUL;1251;;0;2023;Texto extraído diretamente do caderno oficial.
159;MT;26888;C;12;0;;1.83542;2.96824;0.30697;AZUL;1251;;0;2023;Texto extraído diretamente do caderno oficial.
159;MT;26888;C;12;0;;1.83542;2.96824;0.30697;AZUL;1291;;0;2023;Texto extraído diretamente do caderno oficial.
159;MT;26888;C;12;0;;1.83542;2.96824;0.30697;AZUL;1291;;0;2023;Texto extraído diretamente do caderno oficial.
159;MT;26888;C;12;0;;1.83542;2.96824;0.30697;AZUL;1291;;0;2023;Texto extraído diretamente do caderno oficial.
159;MT;26888;C;12;0;;1.83542;2.96824;0.30697;AZUL;1251;;0;2023;Texto extraído diretamente do caderno oficial.
159;MT;26888;C;12;0;;1.83542;2.96824;0.30697;AZUL;1251;;0;2023;Texto extraído diretamente do caderno oficial.
120;CN;88196;E;30;0;;1.83319;0.61131;0.16629;AZUL;1333;;0;2023;Texto extraído diretamente do caderno oficial.
120;CN;88196;E;30;0;;1.83319;0.61131;0.16629;AZUL;1333;;0;2023;Texto extraído diretamente do caderno oficial.
120;CN;88196;E;30;0;;1.83319;0.61131;0.16629;AZUL;1333;;0;2023;Texto extraído diretamente do caderno oficial.
62;CH;26296;E;19;0;;1.8315;0.44019;0.19555;AZUL;1271;;0;2023;Texto extraído diretamente do caderno oficial.
62;CH;26296;E;19;0;;1.8315;0.44019;0.19555;AZUL;1231;;0;2023;Texto extraído diretamente do caderno oficial.
62;CH;26296;E;19;0;;1.8315;0.44019;0.19555;AZUL;1271;;0;2023;Texto extraído diretamente do caderno oficial.
62;CH;26296;E;19;0;;1.8315;0.44019;0.19555;AZUL;1231;;0;2023;Texto extraído diretamente do caderno oficial.
62;CH;26296;E;19;0;;1.8315;0.44019;0.19555;AZUL;1271;;0;2023;Texto extraído diretamente do caderno oficial.
62;CH;26296;E;19;0;;1.8315;0.44019;0.19555;AZUL;1231;;0;2023;Texto extraído diretamente do caderno oficial.
107;CN;12018;D;29;0;;1.82986;1.82071;0.19864;AZUL;1221;;0;2023;Texto extraído diretamente do caderno oficial.
107;CN;12018;D;29;0;;1.82986;1.82071;0.19864;AZUL;1221;;0;2023;Texto extraído diretamente do caderno oficial.
107;CN;12018;D;29;0;;1.82986;1.82071;0.19864;AZUL;1221;;0;2023;Texto extraído diretamente do caderno oficial.
34;LC;120648;C;14;0;;1.82581;1.45066;0.12254;AZUL;1201;;0;2023;Texto extraído diretamente do caderno oficial.
34;LC;120648;C;14;0;;1.82581;1.45066;0.12254;AZUL;1201;;0;2023;Texto extraído diretamente do caderno oficial.
34;LC;120648;C;14;0;;1.82581;1.45066;0.12254;AZUL;1201;;0;2023;Texto extraído diretamente do caderno oficial.
91;CN;88089;C;28;0;;1.81565;0.85403;0.17723;AZUL;1261;;0;2023;Texto extraído diretamente do caderno oficial.
91;CN;88089;C;28;0;;1.81565;0.85403;0.17723;AZUL;1301;;0;2023;Texto extraído diretamente do caderno oficial.
91;CN;88089;C;28;0;;1.81565;0.85403;0.17723;AZUL;1261;;0;2023;Texto extraído diretamente do caderno oficial.
91;CN;88089;C;28;0;;1.81565;0.85403;0.17723;AZUL;1261;;0;2023;Texto extraído diretamente do caderno oficial.
91;CN;88089;C;28;0;;1.81565;0.85403;0.17723;AZUL;1301;;0;2023;Texto extraído diretamente do caderno oficial.
91;CN;88089;C;28;0;;1.81565;0.85403;0.17723;AZUL;1301;;0;2023;Texto extraído diretamente do caderno oficial.
41;LC;141204;B;10;0;;1.81453;-0.08926;0.19896;AZUL;1201;;0;2023;Texto extraído diretamente do caderno oficial.
41;LC;141204;B;10;0;;1.81453;-0.08926;0.19896;AZUL;1201;;0;2023;Texto extraído diretamente do caderno oficial.
41;LC;141204;B;10;0;;1.81453;-0.08926;0.19896;AZUL;1201;;0;2023;Texto extraído diretamente do caderno oficial.
125;CN;64023;E;13;0;;1.81427;1.4199;0.25187;AZUL;1221;;0;2023;Texto extraído diretamente do caderno oficial.
125;CN;64023;E;13;0;;1.81427;1.4199;0.25187;AZUL;1221;;0;2023;Texto extraído diretamente do caderno oficial.
125;CN;64023;E;13;0;;1.81427;1.4199;0.25187;AZUL;1221;;0;2023;Texto extraído diretamente do caderno oficial.
117;CN;97670;D;10;0;;1.79447;0.29152;0.16547;AZUL;1261;;0;2023;Texto extraído diretamente do caderno oficial.
117;CN;97670;D;10;0;;1.79447;0.29152;0.16547;AZUL;1301;;0;2023;Texto extraído diretamente do caderno oficial.
117;CN;97670;D;10;0;;1.79447;0.29152;0.16547;AZUL;1301;;0;2023;Texto extraído diretamente do caderno oficial.
117;CN;97670;D;10;0;;1.79447;0.29152;0.16547;AZUL;1261;;0;2023;Texto extraído diretamente do caderno oficial.
117;CN;97670;D;10;0;;1.79447;0.29152;0.16547;AZUL;1301;;0;2023;Texto extraído diretamente do caderno oficial.
117;CN;97670;D;10;0;;1.79447;0.29152;0.16547;AZUL;1261;;0;2023;Texto extraído diretamente do caderno oficial.
151;MT;141570;B;20;0;;1.79257;0.86167;0.17314;AZUL;1211;;0;2023;Texto extraído diretamente do caderno oficial.
151;MT;141570;B;20;0;;1.79257;0.86167;0.17314;AZUL;1211;;0;2023;Texto extraído diretamente do caderno oficial.
151;MT;141570;B;20;0;;1.79257;0.86167;0.17314;AZUL;1211;;0;2023;Texto extraído diretamente do caderno oficial.
137;MT;117745;A;29;0;;1.78653;0.83974;0.15945;AZUL;1323;;0;2023;Texto extraído diretamente do caderno oficial.
137;MT;117745;A;29;0;;1.78653;0.83974;0.15945;AZUL;1323;;0;2023;Texto extraído diretamente do caderno oficial.
137;MT;117745;A;29;0;;1.78653;0.83974;0.15945;AZUL;1323;;0;2023;Texto extraído diretamente do caderno oficial.
122;CN;97767;D;6;0;;1.78472;1.98863;0.10818;AZUL;1221;;0;2023;Texto extraído diretamente do caderno oficial.
122;CN;97767;D;6;0;;1.78472;1.98863;0.10818;AZUL;1221;;0;2023;Texto extraído diretamente do caderno oficial.
122;CN;97767;D;6;0;;1.78472;1.98863;0.10818;AZUL;1221;;0;2023;Texto extraído diretamente do caderno oficial.
180;MT;125969;C;30;0;;1.78452;0.74313;0.18879;AZUL;1211;;0;2023;Texto extraído diretamente do caderno oficial.
180;MT;125969;C;30;0;;1.78452;0.74313;0.18879;AZUL;1211;;0;2023;Texto extraído diretamente do caderno oficial.
180;MT;125969;C;30;0;;1.78452;0.74313;0.18879;AZUL;1211;;0;2023;Texto extraído diretamente do caderno oficial.
5;LC;15035;A;6;0;;1.77757;-0.01459;0.17756;AZUL;1201;1.0;0;2023;"QUESTÃO 73 QUESTÃO 75
Os séculos XV e XVI, quando se vão desmoronando A torcida do Fluminense inicia um movimento para
as estruturas socioeconômicas da Idade Média perante mudar a letra de uma das músicas mais populares das
os novos imperativos da Época moderna, constituem um arquibancadas tricolores. Grupos pedem a remoção do
momento-chave na história florestal de toda a Europa termo “mulambo imundo”, em uma provocação direta ao
Ocidental. Abre-se, genericamente, um longo período Flamengo. Mulambo é um termo que surgiu em Angola,
de “crise florestal”, que se manifesta com acuidade nos na época da escravatura, e eles eram chamados de
países onde mais se desenvolvem as atividades industriais mulambos pelos senhores de engenho, os patrões
e comerciais. As necessidades em produtos lenhosos das fazendas.
aumentam drasticamente com o crescimento do consumo Disponível em: https://oglobo.globo.com. Acesso em: 23 nov. 2021.
nos mercados urbanos e nas regiões onde progridem a
Qual mudança no comportamento social a proposta
metalurgia e a construção naval, além da sua utilização
reportada no texto reflete?
na vida quotidiana de toda a população.
DEVY-VARETA, N. Para uma geografia histórica da floresta portuguesa. AA Rejeição de costumes elitistas.
Revista da Faculdade de Letras — Geografia, n. 1, 1986 (adaptado). BB Repulsão de condutas misóginas.
Qual acontecimento do período contribuiu diretamente
CC Condenação do preconceito racial.
para o agravamento da situação descrita?
DD Criminalização de práticas homofóbicas.
AA O processo de expansão marítima.
EE Contestação do comportamento machista.
BB A eclosão do renascimento cultural.
CC A concretização da centralização política. QUESTÃO 76
DD O movimento de reformas religiosas.
EE A manutenção do sistema feudal.
QUESTÃO 74
Tahuantinsuyu — nome do Império Inca em quéchua —
era dividido em quatro partes ou suyus: Chinchaysuyu
(noroeste do Peru e Equador), Antisuyu (parte amazônica
do império), Collasuyu (atual Bolívia) e Condesuyu (costa
do Oceano Pacífico) e tinha Cuzco, no atual Peru,
como sua capital imperial. Oficialmente, todas as etnias
dominadas pelos incas deveriam adotar a língua quéchua,
adorar o Sapa Inca e o Sol e pagar taxas em forma de
horas de trabalhos periódicos. No entanto, pode-se dizer
que o Império Inca era como um mosaico cultural em que
vários e diferentes grupos étnicos adoravam o Sapa Inca
e o Sol mas, simultaneamente, continuavam a adorar seus
deuses locais e também a falar em suas línguas nativas.
MARTINS, C. Os incas e os tahuantinsuyu: apresentação. Disponível em:
http://antigo.anphlac.org. Acesso em: 6 out. 2021 (adaptado).
Ao comparar, no texto, a vertente da dominação territorial
com os aspectos culturais, os incas tinham uma postura
AA aceitável no que alude aos direitos humanos.
BB admissível no que remete às crenças coloniais.
CC tolerável no que se refere aos regimes tributários.
Fonte: IBGE
DD flexível no que diz respeito aos costumes religiosos.
EE compreensível no que concerne às normas laborais.
–CH • 1º DIA • CADERNO 1 • AZUL– 27
rehlum
rop
sohliF
*010175AZ27*
Taxa de fecundidade no Brasil
De 1960 a 2020,
número de filhos baixa de
6,3 para 1,5
7
6,3
6 5,8
5
4,1
4
3 2,8
2,4
2 1,8
1,5 1,5 1,5 1,5
1
0
1960 1970 19801990200020102020203020402050
Décadas
Disponível em: www.insper.edu.br. Acesso em: 27 set. 2021 (adaptado).
Qual fator foi determinante para a mudança do indicador
apresentado no gráfico?
AA Flexibilização legal da prática de aborto.
BB Envelhecimento da população brasileira.
CC Crescimento dos casos de gravidez precoce.
DD Participação feminina no mercado de trabalho.
EE Diminuição dos benefícios na licença-maternidade."
5;LC;15035;A;6;0;;1.77757;-0.01459;0.17756;AZUL;1201;1.0;0;2023;"QUESTÃO 73 QUESTÃO 75
Os séculos XV e XVI, quando se vão desmoronando A torcida do Fluminense inicia um movimento para
as estruturas socioeconômicas da Idade Média perante mudar a letra de uma das músicas mais populares das
os novos imperativos da Época moderna, constituem um arquibancadas tricolores. Grupos pedem a remoção do
momento-chave na história florestal de toda a Europa termo “mulambo imundo”, em uma provocação direta ao
Ocidental. Abre-se, genericamente, um longo período Flamengo. Mulambo é um termo que surgiu em Angola,
de “crise florestal”, que se manifesta com acuidade nos na época da escravatura, e eles eram chamados de
países onde mais se desenvolvem as atividades industriais mulambos pelos senhores de engenho, os patrões
e comerciais. As necessidades em produtos lenhosos das fazendas.
aumentam drasticamente com o crescimento do consumo Disponível em: https://oglobo.globo.com. Acesso em: 23 nov. 2021.
nos mercados urbanos e nas regiões onde progridem a
Qual mudança no comportamento social a proposta
metalurgia e a construção naval, além da sua utilização
reportada no texto reflete?
na vida quotidiana de toda a população.
DEVY-VARETA, N. Para uma geografia histórica da floresta portuguesa. AA Rejeição de costumes elitistas.
Revista da Faculdade de Letras — Geografia, n. 1, 1986 (adaptado). BB Repulsão de condutas misóginas.
Qual acontecimento do período contribuiu diretamente
CC Condenação do preconceito racial.
para o agravamento da situação descrita?
DD Criminalização de práticas homofóbicas.
AA O processo de expansão marítima.
EE Contestação do comportamento machista.
BB A eclosão do renascimento cultural.
CC A concretização da centralização política. QUESTÃO 76
DD O movimento de reformas religiosas.
EE A manutenção do sistema feudal.
QUESTÃO 74
Tahuantinsuyu — nome do Império Inca em quéchua —
era dividido em quatro partes ou suyus: Chinchaysuyu
(noroeste do Peru e Equador), Antisuyu (parte amazônica
do império), Collasuyu (atual Bolívia) e Condesuyu (costa
do Oceano Pacífico) e tinha Cuzco, no atual Peru,
como sua capital imperial. Oficialmente, todas as etnias
dominadas pelos incas deveriam adotar a língua quéchua,
adorar o Sapa Inca e o Sol e pagar taxas em forma de
horas de trabalhos periódicos. No entanto, pode-se dizer
que o Império Inca era como um mosaico cultural em que
vários e diferentes grupos étnicos adoravam o Sapa Inca
e o Sol mas, simultaneamente, continuavam a adorar seus
deuses locais e também a falar em suas línguas nativas.
MARTINS, C. Os incas e os tahuantinsuyu: apresentação. Disponível em:
http://antigo.anphlac.org. Acesso em: 6 out. 2021 (adaptado).
Ao comparar, no texto, a vertente da dominação territorial
com os aspectos culturais, os incas tinham uma postura
AA aceitável no que alude aos direitos humanos.
BB admissível no que remete às crenças coloniais.
CC tolerável no que se refere aos regimes tributários.
Fonte: IBGE
DD flexível no que diz respeito aos costumes religiosos.
EE compreensível no que concerne às normas laborais.
–CH • 1º DIA • CADERNO 1 • AZUL– 27
rehlum
rop
sohliF
*010175AZ27*
Taxa de fecundidade no Brasil
De 1960 a 2020,
número de filhos baixa de
6,3 para 1,5
7
6,3
6 5,8
5
4,1
4
3 2,8
2,4
2 1,8
1,5 1,5 1,5 1,5
1
0
1960 1970 19801990200020102020203020402050
Décadas
Disponível em: www.insper.edu.br. Acesso em: 27 set. 2021 (adaptado).
Qual fator foi determinante para a mudança do indicador
apresentado no gráfico?
AA Flexibilização legal da prática de aborto.
BB Envelhecimento da população brasileira.
CC Crescimento dos casos de gravidez precoce.
DD Participação feminina no mercado de trabalho.
EE Diminuição dos benefícios na licença-maternidade."
5;LC;15035;A;6;0;;1.77757;-0.01459;0.17756;AZUL;1201;1.0;0;2023;"QUESTÃO 73 QUESTÃO 75
Os séculos XV e XVI, quando se vão desmoronando A torcida do Fluminense inicia um movimento para
as estruturas socioeconômicas da Idade Média perante mudar a letra de uma das músicas mais populares das
os novos imperativos da Época moderna, constituem um arquibancadas tricolores. Grupos pedem a remoção do
momento-chave na história florestal de toda a Europa termo “mulambo imundo”, em uma provocação direta ao
Ocidental. Abre-se, genericamente, um longo período Flamengo. Mulambo é um termo que surgiu em Angola,
de “crise florestal”, que se manifesta com acuidade nos na época da escravatura, e eles eram chamados de
países onde mais se desenvolvem as atividades industriais mulambos pelos senhores de engenho, os patrões
e comerciais. As necessidades em produtos lenhosos das fazendas.
aumentam drasticamente com o crescimento do consumo Disponível em: https://oglobo.globo.com. Acesso em: 23 nov. 2021.
nos mercados urbanos e nas regiões onde progridem a
Qual mudança no comportamento social a proposta
metalurgia e a construção naval, além da sua utilização
reportada no texto reflete?
na vida quotidiana de toda a população.
DEVY-VARETA, N. Para uma geografia histórica da floresta portuguesa. AA Rejeição de costumes elitistas.
Revista da Faculdade de Letras — Geografia, n. 1, 1986 (adaptado). BB Repulsão de condutas misóginas.
Qual acontecimento do período contribuiu diretamente
CC Condenação do preconceito racial.
para o agravamento da situação descrita?
DD Criminalização de práticas homofóbicas.
AA O processo de expansão marítima.
EE Contestação do comportamento machista.
BB A eclosão do renascimento cultural.
CC A concretização da centralização política. QUESTÃO 76
DD O movimento de reformas religiosas.
EE A manutenção do sistema feudal.
QUESTÃO 74
Tahuantinsuyu — nome do Império Inca em quéchua —
era dividido em quatro partes ou suyus: Chinchaysuyu
(noroeste do Peru e Equador), Antisuyu (parte amazônica
do império), Collasuyu (atual Bolívia) e Condesuyu (costa
do Oceano Pacífico) e tinha Cuzco, no atual Peru,
como sua capital imperial. Oficialmente, todas as etnias
dominadas pelos incas deveriam adotar a língua quéchua,
adorar o Sapa Inca e o Sol e pagar taxas em forma de
horas de trabalhos periódicos. No entanto, pode-se dizer
que o Império Inca era como um mosaico cultural em que
vários e diferentes grupos étnicos adoravam o Sapa Inca
e o Sol mas, simultaneamente, continuavam a adorar seus
deuses locais e também a falar em suas línguas nativas.
MARTINS, C. Os incas e os tahuantinsuyu: apresentação. Disponível em:
http://antigo.anphlac.org. Acesso em: 6 out. 2021 (adaptado).
Ao comparar, no texto, a vertente da dominação territorial
com os aspectos culturais, os incas tinham uma postura
AA aceitável no que alude aos direitos humanos.
BB admissível no que remete às crenças coloniais.
CC tolerável no que se refere aos regimes tributários.
Fonte: IBGE
DD flexível no que diz respeito aos costumes religiosos.
EE compreensível no que concerne às normas laborais.
–CH • 1º DIA • CADERNO 1 • AZUL– 27
rehlum
rop
sohliF
*010175AZ27*
Taxa de fecundidade no Brasil
De 1960 a 2020,
número de filhos baixa de
6,3 para 1,5
7
6,3
6 5,8
5
4,1
4
3 2,8
2,4
2 1,8
1,5 1,5 1,5 1,5
1
0
1960 1970 19801990200020102020203020402050
Décadas
Disponível em: www.insper.edu.br. Acesso em: 27 set. 2021 (adaptado).
Qual fator foi determinante para a mudança do indicador
apresentado no gráfico?
AA Flexibilização legal da prática de aborto.
BB Envelhecimento da população brasileira.
CC Crescimento dos casos de gravidez precoce.
DD Participação feminina no mercado de trabalho.
EE Diminuição dos benefícios na licença-maternidade."
103;CN;82754;D;16;0;;1.76985;1.97126;0.14344;AZUL;1221;;0;2023;Texto extraído diretamente do caderno oficial.
103;CN;82754;D;16;0;;1.76985;1.97126;0.14344;AZUL;1221;;0;2023;Texto extraído diretamente do caderno oficial.
103;CN;82754;D;16;0;;1.76985;1.97126;0.14344;AZUL;1221;;0;2023;Texto extraído diretamente do caderno oficial.
122;CN;126545;A;10;0;;1.75908;1.33559;0.23258;AZUL;1301;;0;2023;Texto extraído diretamente do caderno oficial.
122;CN;126545;A;10;0;;1.75908;1.33559;0.23258;AZUL;1261;;0;2023;Texto extraído diretamente do caderno oficial.
122;CN;126545;A;10;0;;1.75908;1.33559;0.23258;AZUL;1261;;0;2023;Texto extraído diretamente do caderno oficial.
122;CN;126545;A;10;0;;1.75908;1.33559;0.23258;AZUL;1261;;0;2023;Texto extraído diretamente do caderno oficial.
122;CN;126545;A;10;0;;1.75908;1.33559;0.23258;AZUL;1301;;0;2023;Texto extraído diretamente do caderno oficial.
122;CN;126545;A;10;0;;1.75908;1.33559;0.23258;AZUL;1301;;0;2023;Texto extraído diretamente do caderno oficial.
136;MT;60453;C;2;0;;1.75758;0.70231;0.15325;AZUL;1323;;0;2023;Texto extraído diretamente do caderno oficial.
136;MT;60453;C;2;0;;1.75758;0.70231;0.15325;AZUL;1323;;0;2023;Texto extraído diretamente do caderno oficial.
136;MT;60453;C;2;0;;1.75758;0.70231;0.15325;AZUL;1323;;0;2023;Texto extraído diretamente do caderno oficial.
36;LC;141005;B;1;0;;1.75502;-0.00715;0.20829;AZUL;1281;;0;2023;Texto extraído diretamente do caderno oficial.
36;LC;141005;B;1;0;;1.75502;-0.00715;0.20829;AZUL;1241;;0;2023;Texto extraído diretamente do caderno oficial.
36;LC;141005;B;1;0;;1.75502;-0.00715;0.20829;AZUL;1241;;0;2023;Texto extraído diretamente do caderno oficial.
36;LC;141005;B;1;0;;1.75502;-0.00715;0.20829;AZUL;1281;;0;2023;Texto extraído diretamente do caderno oficial.
36;LC;141005;B;1;0;;1.75502;-0.00715;0.20829;AZUL;1281;;0;2023;Texto extraído diretamente do caderno oficial.
36;LC;141005;B;1;0;;1.75502;-0.00715;0.20829;AZUL;1241;;0;2023;Texto extraído diretamente do caderno oficial.
145;MT;38236;B;25;0;;1.75186;2.53912;0.16611;AZUL;1251;;0;2023;Texto extraído diretamente do caderno oficial.
145;MT;38236;B;25;0;;1.75186;2.53912;0.16611;AZUL;1291;;0;2023;Texto extraído diretamente do caderno oficial.
145;MT;38236;B;25;0;;1.75186;2.53912;0.16611;AZUL;1291;;0;2023;Texto extraído diretamente do caderno oficial.
145;MT;38236;B;25;0;;1.75186;2.53912;0.16611;AZUL;1251;;0;2023;Texto extraído diretamente do caderno oficial.
145;MT;38236;B;25;0;;1.75186;2.53912;0.16611;AZUL;1291;;0;2023;Texto extraído diretamente do caderno oficial.
145;MT;38236;B;25;0;;1.75186;2.53912;0.16611;AZUL;1251;;0;2023;Texto extraído diretamente do caderno oficial.
36;LC;141260;A;12;0;;1.74835;0.77042;0.16206;AZUL;1201;;0;2023;Texto extraído diretamente do caderno oficial.
36;LC;141260;A;12;0;;1.74835;0.77042;0.16206;AZUL;1201;;0;2023;Texto extraído diretamente do caderno oficial.
36;LC;141260;A;12;0;;1.74835;0.77042;0.16206;AZUL;1201;;0;2023;Texto extraído diretamente do caderno oficial.
29;LC;140944;E;15;0;;1.74817;1.91976;0.19926;AZUL;1201;;0;2023;Texto extraído diretamente do caderno oficial.
29;LC;140944;E;15;0;;1.74817;1.91976;0.19926;AZUL;1201;;0;2023;Texto extraído diretamente do caderno oficial.
29;LC;140944;E;15;0;;1.74817;1.91976;0.19926;AZUL;1201;;0;2023;Texto extraído diretamente do caderno oficial.
158;MT;125936;E;13;0;;1.74431;2.97759;0.09777;AZUL;1291;;0;2023;Texto extraído diretamente do caderno oficial.
158;MT;125936;E;13;0;;1.74431;2.97759;0.09777;AZUL;1251;;0;2023;Texto extraído diretamente do caderno oficial.
158;MT;125936;E;13;0;;1.74431;2.97759;0.09777;AZUL;1251;;0;2023;Texto extraído diretamente do caderno oficial.
158;MT;125936;E;13;0;;1.74431;2.97759;0.09777;AZUL;1291;;0;2023;Texto extraído diretamente do caderno oficial.
158;MT;125936;E;13;0;;1.74431;2.97759;0.09777;AZUL;1291;;0;2023;Texto extraído diretamente do caderno oficial.
158;MT;125936;E;13;0;;1.74431;2.97759;0.09777;AZUL;1251;;0;2023;Texto extraído diretamente do caderno oficial.
6;LC;141233;D;9;0;;1.74151;0.50452;0.15417;AZUL;1201;;0;2023;"*010175AZ32*
01
1 Dia 1 Dia
1°Capa 4°Capa
Transcreva a sua Redação para a Folha de Redação.
Azul 1 1 Azul
Amarelo 2 2 Amarelo
Branco 3 1 3 Branco
Rosa 4 2 4 Rosa
3
Ledor 9 9 Ledor
Libras 10 4 10 Libras
5
6
7
8
O
9
H
10
N O
11
U
12 Ã
C
13 Ç
S
14 A
A
15 D
16 R
E
17
R
18
A
19
D
20
21
22
23
24
2 Dia 2 Dia
1°Capa 25 4°Capa
Libras 12 26 12 Libras
Ledor 11 11 Ledor
27
28
Rosa 8 8 Rosa
Azul 7 29 7 Azul
Cinza 6 6 Cinza
30
Amarelo 5 5 Amarelo
32 –1º DIA • CADERNO 1 • AZUL–
01
BBiigguurrrriillhhooss..iinndddd 11 1144//0066//22002222 1177::1122::0066"
6;LC;141233;D;9;0;;1.74151;0.50452;0.15417;AZUL;1201;;0;2023;"*010175AZ32*
01
1 Dia 1 Dia
1°Capa 4°Capa
Transcreva a sua Redação para a Folha de Redação.
Azul 1 1 Azul
Amarelo 2 2 Amarelo
Branco 3 1 3 Branco
Rosa 4 2 4 Rosa
3
Ledor 9 9 Ledor
Libras 10 4 10 Libras
5
6
7
8
O
9
H
10
N O
11
U
12 Ã
C
13 Ç
S
14 A
A
15 D
16 R
E
17
R
18
A
19
D
20
21
22
23
24
2 Dia 2 Dia
1°Capa 25 4°Capa
Libras 12 26 12 Libras
Ledor 11 11 Ledor
27
28
Rosa 8 8 Rosa
Azul 7 29 7 Azul
Cinza 6 6 Cinza
30
Amarelo 5 5 Amarelo
32 –1º DIA • CADERNO 1 • AZUL–
01
BBiigguurrrriillhhooss..iinndddd 11 1144//0066//22002222 1177::1122::0066"
6;LC;141233;D;9;0;;1.74151;0.50452;0.15417;AZUL;1201;;0;2023;"*010175AZ32*
01
1 Dia 1 Dia
1°Capa 4°Capa
Transcreva a sua Redação para a Folha de Redação.
Azul 1 1 Azul
Amarelo 2 2 Amarelo
Branco 3 1 3 Branco
Rosa 4 2 4 Rosa
3
Ledor 9 9 Ledor
Libras 10 4 10 Libras
5
6
7
8
O
9
H
10
N O
11
U
12 Ã
C
13 Ç
S
14 A
A
15 D
16 R
E
17
R
18
A
19
D
20
21
22
23
24
2 Dia 2 Dia
1°Capa 25 4°Capa
Libras 12 26 12 Libras
Ledor 11 11 Ledor
27
28
Rosa 8 8 Rosa
Azul 7 29 7 Azul
Cinza 6 6 Cinza
30
Amarelo 5 5 Amarelo
32 –1º DIA • CADERNO 1 • AZUL–
01
BBiigguurrrriillhhooss..iinndddd 11 1144//0066//22002222 1177::1122::0066"
140;MT;39880;D;3;0;;1.73929;1.76867;0.18629;AZUL;1323;;0;2023;Texto extraído diretamente do caderno oficial.
140;MT;39880;D;3;0;;1.73929;1.76867;0.18629;AZUL;1323;;0;2023;Texto extraído diretamente do caderno oficial.
140;MT;39880;D;3;0;;1.73929;1.76867;0.18629;AZUL;1323;;0;2023;Texto extraído diretamente do caderno oficial.
68;CH;141313;A;9;0;;1.73459;1.11117;0.2438;AZUL;1231;;0;2023;Texto extraído diretamente do caderno oficial.
68;CH;141313;A;9;0;;1.73459;1.11117;0.2438;AZUL;1231;;0;2023;Texto extraído diretamente do caderno oficial.
68;CH;141313;A;9;0;;1.73459;1.11117;0.2438;AZUL;1271;;0;2023;Texto extraído diretamente do caderno oficial.
68;CH;141313;A;9;0;;1.73459;1.11117;0.2438;AZUL;1271;;0;2023;Texto extraído diretamente do caderno oficial.
68;CH;141313;A;9;0;;1.73459;1.11117;0.2438;AZUL;1271;;0;2023;Texto extraído diretamente do caderno oficial.
68;CH;141313;A;9;0;;1.73459;1.11117;0.2438;AZUL;1231;;0;2023;Texto extraído diretamente do caderno oficial.
9;LC;88031;E;30;0;;1.73107;1.60103;0.19199;AZUL;1201;;0;2023;"*010175AZ32*
01
1 Dia 1 Dia
1°Capa 4°Capa
Transcreva a sua Redação para a Folha de Redação.
Azul 1 1 Azul
Amarelo 2 2 Amarelo
Branco 3 1 3 Branco
Rosa 4 2 4 Rosa
3
Ledor 9 9 Ledor
Libras 10 4 10 Libras
5
6
7
8
O
9
H
10
N O
11
U
12 Ã
C
13 Ç
S
14 A
A
15 D
16 R
E
17
R
18
A
19
D
20
21
22
23
24
2 Dia 2 Dia
1°Capa 25 4°Capa
Libras 12 26 12 Libras
Ledor 11 11 Ledor
27
28
Rosa 8 8 Rosa
Azul 7 29 7 Azul
Cinza 6 6 Cinza
30
Amarelo 5 5 Amarelo
32 –1º DIA • CADERNO 1 • AZUL–
01
BBiigguurrrriillhhooss..iinndddd 11 1144//0066//22002222 1177::1122::0066"
9;LC;88031;E;30;0;;1.73107;1.60103;0.19199;AZUL;1201;;0;2023;"*010175AZ32*
01
1 Dia 1 Dia
1°Capa 4°Capa
Transcreva a sua Redação para a Folha de Redação.
Azul 1 1 Azul
Amarelo 2 2 Amarelo
Branco 3 1 3 Branco
Rosa 4 2 4 Rosa
3
Ledor 9 9 Ledor
Libras 10 4 10 Libras
5
6
7
8
O
9
H
10
N O
11
U
12 Ã
C
13 Ç
S
14 A
A
15 D
16 R
E
17
R
18
A
19
D
20
21
22
23
24
2 Dia 2 Dia
1°Capa 25 4°Capa
Libras 12 26 12 Libras
Ledor 11 11 Ledor
27
28
Rosa 8 8 Rosa
Azul 7 29 7 Azul
Cinza 6 6 Cinza
30
Amarelo 5 5 Amarelo
32 –1º DIA • CADERNO 1 • AZUL–
01
BBiigguurrrriillhhooss..iinndddd 11 1144//0066//22002222 1177::1122::0066"
9;LC;88031;E;30;0;;1.73107;1.60103;0.19199;AZUL;1201;;0;2023;"*010175AZ32*
01
1 Dia 1 Dia
1°Capa 4°Capa
Transcreva a sua Redação para a Folha de Redação.
Azul 1 1 Azul
Amarelo 2 2 Amarelo
Branco 3 1 3 Branco
Rosa 4 2 4 Rosa
3
Ledor 9 9 Ledor
Libras 10 4 10 Libras
5
6
7
8
O
9
H
10
N O
11
U
12 Ã
C
13 Ç
S
14 A
A
15 D
16 R
E
17
R
18
A
19
D
20
21
22
23
24
2 Dia 2 Dia
1°Capa 25 4°Capa
Libras 12 26 12 Libras
Ledor 11 11 Ledor
27
28
Rosa 8 8 Rosa
Azul 7 29 7 Azul
Cinza 6 6 Cinza
30
Amarelo 5 5 Amarelo
32 –1º DIA • CADERNO 1 • AZUL–
01
BBiigguurrrriillhhooss..iinndddd 11 1144//0066//22002222 1177::1122::0066"
156;MT;141513;A;20;0;;1.72676;0.3783;0.17229;AZUL;1211;;0;2023;Texto extraído diretamente do caderno oficial.
156;MT;141513;A;20;0;;1.72676;0.3783;0.17229;AZUL;1211;;0;2023;Texto extraído diretamente do caderno oficial.
156;MT;141513;A;20;0;;1.72676;0.3783;0.17229;AZUL;1211;;0;2023;Texto extraído diretamente do caderno oficial.
67;CH;140611;A;19;0;;1.72609;-0.17378;0.1911;AZUL;1271;;0;2023;Texto extraído diretamente do caderno oficial.
67;CH;140611;A;19;0;;1.72609;-0.17378;0.1911;AZUL;1231;;0;2023;Texto extraído diretamente do caderno oficial.
67;CH;140611;A;19;0;;1.72609;-0.17378;0.1911;AZUL;1271;;0;2023;Texto extraído diretamente do caderno oficial.
67;CH;140611;A;19;0;;1.72609;-0.17378;0.1911;AZUL;1231;;0;2023;Texto extraído diretamente do caderno oficial.
67;CH;140611;A;19;0;;1.72609;-0.17378;0.1911;AZUL;1231;;0;2023;Texto extraído diretamente do caderno oficial.
67;CH;140611;A;19;0;;1.72609;-0.17378;0.1911;AZUL;1271;;0;2023;Texto extraído diretamente do caderno oficial.
33;LC;141239;A;13;0;;1.72594;1.66934;0.27058;AZUL;1201;;0;2023;Texto extraído diretamente do caderno oficial.
33;LC;141239;A;13;0;;1.72594;1.66934;0.27058;AZUL;1201;;0;2023;Texto extraído diretamente do caderno oficial.
33;LC;141239;A;13;0;;1.72594;1.66934;0.27058;AZUL;1201;;0;2023;Texto extraído diretamente do caderno oficial.
169;MT;81743;D;2;0;;1.72431;0.7783;0.18886;AZUL;1211;;0;2023;Texto extraído diretamente do caderno oficial.
169;MT;81743;D;2;0;;1.72431;0.7783;0.18886;AZUL;1211;;0;2023;Texto extraído diretamente do caderno oficial.
169;MT;81743;D;2;0;;1.72431;0.7783;0.18886;AZUL;1211;;0;2023;Texto extraído diretamente do caderno oficial.
140;MT;98278;E;27;0;;1.71891;2.19574;0.08744;AZUL;1211;;0;2023;Texto extraído diretamente do caderno oficial.
140;MT;98278;E;27;0;;1.71891;2.19574;0.08744;AZUL;1211;;0;2023;Texto extraído diretamente do caderno oficial.
140;MT;98278;E;27;0;;1.71891;2.19574;0.08744;AZUL;1211;;0;2023;Texto extraído diretamente do caderno oficial.
134;CN;10473;D;2;0;;1.71706;2.31394;0.30327;AZUL;1261;;0;2023;Texto extraído diretamente do caderno oficial.
134;CN;10473;D;2;0;;1.71706;2.31394;0.30327;AZUL;1301;;0;2023;Texto extraído diretamente do caderno oficial.
134;CN;10473;D;2;0;;1.71706;2.31394;0.30327;AZUL;1261;;0;2023;Texto extraído diretamente do caderno oficial.
134;CN;10473;D;2;0;;1.71706;2.31394;0.30327;AZUL;1301;;0;2023;Texto extraído diretamente do caderno oficial.
134;CN;10473;D;2;0;;1.71706;2.31394;0.30327;AZUL;1261;;0;2023;Texto extraído diretamente do caderno oficial.
134;CN;10473;D;2;0;;1.71706;2.31394;0.30327;AZUL;1301;;0;2023;Texto extraído diretamente do caderno oficial.
159;MT;81442;B;4;0;;1.70701;1.34875;0.15396;AZUL;1323;;0;2023;Texto extraído diretamente do caderno oficial.
159;MT;81442;B;4;0;;1.70701;1.34875;0.15396;AZUL;1323;;0;2023;Texto extraído diretamente do caderno oficial.
159;MT;81442;B;4;0;;1.70701;1.34875;0.15396;AZUL;1323;;0;2023;Texto extraído diretamente do caderno oficial.
151;MT;125914;D;24;0;;1.7035;1.0704;0.1698;AZUL;1251;;0;2023;Texto extraído diretamente do caderno oficial.
151;MT;125914;D;24;0;;1.7035;1.0704;0.1698;AZUL;1251;;0;2023;Texto extraído diretamente do caderno oficial.
151;MT;125914;D;24;0;;1.7035;1.0704;0.1698;AZUL;1291;;0;2023;Texto extraído diretamente do caderno oficial.
151;MT;125914;D;24;0;;1.7035;1.0704;0.1698;AZUL;1291;;0;2023;Texto extraído diretamente do caderno oficial.
151;MT;125914;D;24;0;;1.7035;1.0704;0.1698;AZUL;1291;;0;2023;Texto extraído diretamente do caderno oficial.
151;MT;125914;D;24;0;;1.7035;1.0704;0.1698;AZUL;1251;;0;2023;Texto extraído diretamente do caderno oficial.
28;LC;141394;B;23;0;;1.70264;0.93679;0.19894;AZUL;1281;;0;2023;"*010175AZ32*
01
1 Dia 1 Dia
1°Capa 4°Capa
Transcreva a sua Redação para a Folha de Redação.
Azul 1 1 Azul
Amarelo 2 2 Amarelo
Branco 3 1 3 Branco
Rosa 4 2 4 Rosa
3
Ledor 9 9 Ledor
Libras 10 4 10 Libras
5
6
7
8
O
9
H
10
N O
11
U
12 Ã
C
13 Ç
S
14 A
A
15 D
16 R
E
17
R
18
A
19
D
20
21
22
23
24
2 Dia 2 Dia
1°Capa 25 4°Capa
Libras 12 26 12 Libras
Ledor 11 11 Ledor
27
28
Rosa 8 8 Rosa
Azul 7 29 7 Azul
Cinza 6 6 Cinza
30
Amarelo 5 5 Amarelo
32 –1º DIA • CADERNO 1 • AZUL–
01
BBiigguurrrriillhhooss..iinndddd 11 1144//0066//22002222 1177::1122::0066"
28;LC;141394;B;23;0;;1.70264;0.93679;0.19894;AZUL;1281;;0;2023;"*010175AZ32*
01
1 Dia 1 Dia
1°Capa 4°Capa
Transcreva a sua Redação para a Folha de Redação.
Azul 1 1 Azul
Amarelo 2 2 Amarelo
Branco 3 1 3 Branco
Rosa 4 2 4 Rosa
3
Ledor 9 9 Ledor
Libras 10 4 10 Libras
5
6
7
8
O
9
H
10
N O
11
U
12 Ã
C
13 Ç
S
14 A
A
15 D
16 R
E
17
R
18
A
19
D
20
21
22
23
24
2 Dia 2 Dia
1°Capa 25 4°Capa
Libras 12 26 12 Libras
Ledor 11 11 Ledor
27
28
Rosa 8 8 Rosa
Azul 7 29 7 Azul
Cinza 6 6 Cinza
30
Amarelo 5 5 Amarelo
32 –1º DIA • CADERNO 1 • AZUL–
01
BBiigguurrrriillhhooss..iinndddd 11 1144//0066//22002222 1177::1122::0066"
28;LC;141394;B;23;0;;1.70264;0.93679;0.19894;AZUL;1241;;0;2023;"*010175AZ32*
01
1 Dia 1 Dia
1°Capa 4°Capa
Transcreva a sua Redação para a Folha de Redação.
Azul 1 1 Azul
Amarelo 2 2 Amarelo
Branco 3 1 3 Branco
Rosa 4 2 4 Rosa
3
Ledor 9 9 Ledor
Libras 10 4 10 Libras
5
6
7
8
O
9
H
10
N O
11
U
12 Ã
C
13 Ç
S
14 A
A
15 D
16 R
E
17
R
18
A
19
D
20
21
22
23
24
2 Dia 2 Dia
1°Capa 25 4°Capa
Libras 12 26 12 Libras
Ledor 11 11 Ledor
27
28
Rosa 8 8 Rosa
Azul 7 29 7 Azul
Cinza 6 6 Cinza
30
Amarelo 5 5 Amarelo
32 –1º DIA • CADERNO 1 • AZUL–
01
BBiigguurrrriillhhooss..iinndddd 11 1144//0066//22002222 1177::1122::0066"
28;LC;141394;B;23;0;;1.70264;0.93679;0.19894;AZUL;1281;;0;2023;"*010175AZ32*
01
1 Dia 1 Dia
1°Capa 4°Capa
Transcreva a sua Redação para a Folha de Redação.
Azul 1 1 Azul
Amarelo 2 2 Amarelo
Branco 3 1 3 Branco
Rosa 4 2 4 Rosa
3
Ledor 9 9 Ledor
Libras 10 4 10 Libras
5
6
7
8
O
9
H
10
N O
11
U
12 Ã
C
13 Ç
S
14 A
A
15 D
16 R
E
17
R
18
A
19
D
20
21
22
23
24
2 Dia 2 Dia
1°Capa 25 4°Capa
Libras 12 26 12 Libras
Ledor 11 11 Ledor
27
28
Rosa 8 8 Rosa
Azul 7 29 7 Azul
Cinza 6 6 Cinza
30
Amarelo 5 5 Amarelo
32 –1º DIA • CADERNO 1 • AZUL–
01
BBiigguurrrriillhhooss..iinndddd 11 1144//0066//22002222 1177::1122::0066"
28;LC;141394;B;23;0;;1.70264;0.93679;0.19894;AZUL;1241;;0;2023;"*010175AZ32*
01
1 Dia 1 Dia
1°Capa 4°Capa
Transcreva a sua Redação para a Folha de Redação.
Azul 1 1 Azul
Amarelo 2 2 Amarelo
Branco 3 1 3 Branco
Rosa 4 2 4 Rosa
3
Ledor 9 9 Ledor
Libras 10 4 10 Libras
5
6
7
8
O
9
H
10
N O
11
U
12 Ã
C
13 Ç
S
14 A
A
15 D
16 R
E
17
R
18
A
19
D
20
21
22
23
24
2 Dia 2 Dia
1°Capa 25 4°Capa
Libras 12 26 12 Libras
Ledor 11 11 Ledor
27
28
Rosa 8 8 Rosa
Azul 7 29 7 Azul
Cinza 6 6 Cinza
30
Amarelo 5 5 Amarelo
32 –1º DIA • CADERNO 1 • AZUL–
01
BBiigguurrrriillhhooss..iinndddd 11 1144//0066//22002222 1177::1122::0066"
28;LC;141394;B;23;0;;1.70264;0.93679;0.19894;AZUL;1241;;0;2023;"*010175AZ32*
01
1 Dia 1 Dia
1°Capa 4°Capa
Transcreva a sua Redação para a Folha de Redação.
Azul 1 1 Azul
Amarelo 2 2 Amarelo
Branco 3 1 3 Branco
Rosa 4 2 4 Rosa
3
Ledor 9 9 Ledor
Libras 10 4 10 Libras
5
6
7
8
O
9
H
10
N O
11
U
12 Ã
C
13 Ç
S
14 A
A
15 D
16 R
E
17
R
18
A
19
D
20
21
22
23
24
2 Dia 2 Dia
1°Capa 25 4°Capa
Libras 12 26 12 Libras
Ledor 11 11 Ledor
27
28
Rosa 8 8 Rosa
Azul 7 29 7 Azul
Cinza 6 6 Cinza
30
Amarelo 5 5 Amarelo
32 –1º DIA • CADERNO 1 • AZUL–
01
BBiigguurrrriillhhooss..iinndddd 11 1144//0066//22002222 1177::1122::0066"
155;MT;96632;D;28;0;;1.70031;1.02545;0.21971;AZUL;1323;;0;2023;Texto extraído diretamente do caderno oficial.
155;MT;96632;D;28;0;;1.70031;1.02545;0.21971;AZUL;1323;;0;2023;Texto extraído diretamente do caderno oficial.
155;MT;96632;D;28;0;;1.70031;1.02545;0.21971;AZUL;1323;;0;2023;Texto extraído diretamente do caderno oficial.
77;CH;141070;E;8;0;;1.69043;0.2202;0.19072;AZUL;1231;;0;2023;Texto extraído diretamente do caderno oficial.
77;CH;141070;E;8;0;;1.69043;0.2202;0.19072;AZUL;1271;;0;2023;Texto extraído diretamente do caderno oficial.
77;CH;141070;E;8;0;;1.69043;0.2202;0.19072;AZUL;1271;;0;2023;Texto extraído diretamente do caderno oficial.
77;CH;141070;E;8;0;;1.69043;0.2202;0.19072;AZUL;1231;;0;2023;Texto extraído diretamente do caderno oficial.
77;CH;141070;E;8;0;;1.69043;0.2202;0.19072;AZUL;1271;;0;2023;Texto extraído diretamente do caderno oficial.
77;CH;141070;E;8;0;;1.69043;0.2202;0.19072;AZUL;1231;;0;2023;Texto extraído diretamente do caderno oficial.
147;MT;18078;C;16;0;;1.68425;1.70099;0.10013;AZUL;1323;;0;2023;Texto extraído diretamente do caderno oficial.
147;MT;18078;C;16;0;;1.68425;1.70099;0.10013;AZUL;1323;;0;2023;Texto extraído diretamente do caderno oficial.
147;MT;18078;C;16;0;;1.68425;1.70099;0.10013;AZUL;1323;;0;2023;Texto extraído diretamente do caderno oficial.
107;CN;63407;C;20;0;;1.67788;1.97964;0.28897;AZUL;1261;;0;2023;Texto extraído diretamente do caderno oficial.
107;CN;63407;C;20;0;;1.67788;1.97964;0.28897;AZUL;1301;;0;2023;Texto extraído diretamente do caderno oficial.
107;CN;63407;C;20;0;;1.67788;1.97964;0.28897;AZUL;1301;;0;2023;Texto extraído diretamente do caderno oficial.
107;CN;63407;C;20;0;;1.67788;1.97964;0.28897;AZUL;1261;;0;2023;Texto extraído diretamente do caderno oficial.
107;CN;63407;C;20;0;;1.67788;1.97964;0.28897;AZUL;1261;;0;2023;Texto extraído diretamente do caderno oficial.
107;CN;63407;C;20;0;;1.67788;1.97964;0.28897;AZUL;1301;;0;2023;Texto extraído diretamente do caderno oficial.
114;CN;55705;D;14;0;;1.67571;0.34061;0.19471;AZUL;1301;;0;2023;Texto extraído diretamente do caderno oficial.
114;CN;55705;D;14;0;;1.67571;0.34061;0.19471;AZUL;1301;;0;2023;Texto extraído diretamente do caderno oficial.
114;CN;55705;D;14;0;;1.67571;0.34061;0.19471;AZUL;1261;;0;2023;Texto extraído diretamente do caderno oficial.
114;CN;55705;D;14;0;;1.67571;0.34061;0.19471;AZUL;1301;;0;2023;Texto extraído diretamente do caderno oficial.
114;CN;55705;D;14;0;;1.67571;0.34061;0.19471;AZUL;1261;;0;2023;Texto extraído diretamente do caderno oficial.
114;CN;55705;D;14;0;;1.67571;0.34061;0.19471;AZUL;1261;;0;2023;Texto extraído diretamente do caderno oficial.
12;LC;141241;B;11;0;;1.67142;1.62234;0.24018;AZUL;1241;;0;2023;Texto extraído diretamente do caderno oficial.
12;LC;141241;B;11;0;;1.67142;1.62234;0.24018;AZUL;1281;;0;2023;Texto extraído diretamente do caderno oficial.
12;LC;141241;B;11;0;;1.67142;1.62234;0.24018;AZUL;1281;;0;2023;Texto extraído diretamente do caderno oficial.
12;LC;141241;B;11;0;;1.67142;1.62234;0.24018;AZUL;1241;;0;2023;Texto extraído diretamente do caderno oficial.
12;LC;141241;B;11;0;;1.67142;1.62234;0.24018;AZUL;1281;;0;2023;Texto extraído diretamente do caderno oficial.
12;LC;141241;B;11;0;;1.67142;1.62234;0.24018;AZUL;1241;;0;2023;Texto extraído diretamente do caderno oficial.
15;LC;118195;B;30;0;;1.67063;-0.06011;0.08734;AZUL;1201;;0;2023;Texto extraído diretamente do caderno oficial.
15;LC;118195;B;30;0;;1.67063;-0.06011;0.08734;AZUL;1201;;0;2023;Texto extraído diretamente do caderno oficial.
15;LC;118195;B;30;0;;1.67063;-0.06011;0.08734;AZUL;1201;;0;2023;Texto extraído diretamente do caderno oficial.
121;CN;87842;E;9;0;;1.65903;1.58501;0.24699;AZUL;1261;;0;2023;Texto extraído diretamente do caderno oficial.
121;CN;87842;E;9;0;;1.65903;1.58501;0.24699;AZUL;1301;;0;2023;Texto extraído diretamente do caderno oficial.
121;CN;87842;E;9;0;;1.65903;1.58501;0.24699;AZUL;1301;;0;2023;Texto extraído diretamente do caderno oficial.
121;CN;87842;E;9;0;;1.65903;1.58501;0.24699;AZUL;1301;;0;2023;Texto extraído diretamente do caderno oficial.
121;CN;87842;E;9;0;;1.65903;1.58501;0.24699;AZUL;1261;;0;2023;Texto extraído diretamente do caderno oficial.
121;CN;87842;E;9;0;;1.65903;1.58501;0.24699;AZUL;1261;;0;2023;Texto extraído diretamente do caderno oficial.
47;CH;141345;E;26;0;;1.64714;-0.15918;0.19597;AZUL;1231;;0;2023;Texto extraído diretamente do caderno oficial.
47;CH;141345;E;26;0;;1.64714;-0.15918;0.19597;AZUL;1231;;0;2023;Texto extraído diretamente do caderno oficial.
47;CH;141345;E;26;0;;1.64714;-0.15918;0.19597;AZUL;1271;;0;2023;Texto extraído diretamente do caderno oficial.
47;CH;141345;E;26;0;;1.64714;-0.15918;0.19597;AZUL;1271;;0;2023;Texto extraído diretamente do caderno oficial.
47;CH;141345;E;26;0;;1.64714;-0.15918;0.19597;AZUL;1231;;0;2023;Texto extraído diretamente do caderno oficial.
47;CH;141345;E;26;0;;1.64714;-0.15918;0.19597;AZUL;1271;;0;2023;Texto extraído diretamente do caderno oficial.
178;MT;87525;C;26;0;;1.64523;0.58391;0.19253;AZUL;1323;;0;2023;Texto extraído diretamente do caderno oficial.
178;MT;87525;C;26;0;;1.64523;0.58391;0.19253;AZUL;1323;;0;2023;Texto extraído diretamente do caderno oficial.
178;MT;87525;C;26;0;;1.64523;0.58391;0.19253;AZUL;1323;;0;2023;Texto extraído diretamente do caderno oficial.
153;MT;14774;E;18;0;;1.641;0.045;0.175;AZUL;1251;;0;2023;Texto extraído diretamente do caderno oficial.
153;MT;14774;E;18;0;;1.641;0.045;0.175;AZUL;1251;;0;2023;Texto extraído diretamente do caderno oficial.
153;MT;14774;E;18;0;;1.641;0.045;0.175;AZUL;1291;;0;2023;Texto extraído diretamente do caderno oficial.
153;MT;14774;E;18;0;;1.641;0.045;0.175;AZUL;1251;;0;2023;Texto extraído diretamente do caderno oficial.
153;MT;14774;E;18;0;;1.641;0.045;0.175;AZUL;1291;;0;2023;Texto extraído diretamente do caderno oficial.
153;MT;14774;E;18;0;;1.641;0.045;0.175;AZUL;1291;;0;2023;Texto extraído diretamente do caderno oficial.
13;LC;95315;E;9;0;;1.63827;-0.0426;0.13773;AZUL;1281;;0;2023;Texto extraído diretamente do caderno oficial.
13;LC;95315;E;9;0;;1.63827;-0.0426;0.13773;AZUL;1241;;0;2023;Texto extraído diretamente do caderno oficial.
13;LC;95315;E;9;0;;1.63827;-0.0426;0.13773;AZUL;1281;;0;2023;Texto extraído diretamente do caderno oficial.
13;LC;95315;E;9;0;;1.63827;-0.0426;0.13773;AZUL;1241;;0;2023;Texto extraído diretamente do caderno oficial.
13;LC;95315;E;9;0;;1.63827;-0.0426;0.13773;AZUL;1281;;0;2023;Texto extraído diretamente do caderno oficial.
13;LC;95315;E;9;0;;1.63827;-0.0426;0.13773;AZUL;1241;;0;2023;Texto extraído diretamente do caderno oficial.
19;LC;141474;D;23;0;;1.63551;0.00891;0.2048;AZUL;1201;;0;2023;"*010175AZ32*
01
1 Dia 1 Dia
1°Capa 4°Capa
Transcreva a sua Redação para a Folha de Redação.
Azul 1 1 Azul
Amarelo 2 2 Amarelo
Branco 3 1 3 Branco
Rosa 4 2 4 Rosa
3
Ledor 9 9 Ledor
Libras 10 4 10 Libras
5
6
7
8
O
9
H
10
N O
11
U
12 Ã
C
13 Ç
S
14 A
A
15 D
16 R
E
17
R
18
A
19
D
20
21
22
23
24
2 Dia 2 Dia
1°Capa 25 4°Capa
Libras 12 26 12 Libras
Ledor 11 11 Ledor
27
28
Rosa 8 8 Rosa
Azul 7 29 7 Azul
Cinza 6 6 Cinza
30
Amarelo 5 5 Amarelo
32 –1º DIA • CADERNO 1 • AZUL–
01
BBiigguurrrriillhhooss..iinndddd 11 1144//0066//22002222 1177::1122::0066"
19;LC;141474;D;23;0;;1.63551;0.00891;0.2048;AZUL;1201;;0;2023;"*010175AZ32*
01
1 Dia 1 Dia
1°Capa 4°Capa
Transcreva a sua Redação para a Folha de Redação.
Azul 1 1 Azul
Amarelo 2 2 Amarelo
Branco 3 1 3 Branco
Rosa 4 2 4 Rosa
3
Ledor 9 9 Ledor
Libras 10 4 10 Libras
5
6
7
8
O
9
H
10
N O
11
U
12 Ã
C
13 Ç
S
14 A
A
15 D
16 R
E
17
R
18
A
19
D
20
21
22
23
24
2 Dia 2 Dia
1°Capa 25 4°Capa
Libras 12 26 12 Libras
Ledor 11 11 Ledor
27
28
Rosa 8 8 Rosa
Azul 7 29 7 Azul
Cinza 6 6 Cinza
30
Amarelo 5 5 Amarelo
32 –1º DIA • CADERNO 1 • AZUL–
01
BBiigguurrrriillhhooss..iinndddd 11 1144//0066//22002222 1177::1122::0066"
19;LC;141474;D;23;0;;1.63551;0.00891;0.2048;AZUL;1201;;0;2023;"*010175AZ32*
01
1 Dia 1 Dia
1°Capa 4°Capa
Transcreva a sua Redação para a Folha de Redação.
Azul 1 1 Azul
Amarelo 2 2 Amarelo
Branco 3 1 3 Branco
Rosa 4 2 4 Rosa
3
Ledor 9 9 Ledor
Libras 10 4 10 Libras
5
6
7
8
O
9
H
10
N O
11
U
12 Ã
C
13 Ç
S
14 A
A
15 D
16 R
E
17
R
18
A
19
D
20
21
22
23
24
2 Dia 2 Dia
1°Capa 25 4°Capa
Libras 12 26 12 Libras
Ledor 11 11 Ledor
27
28
Rosa 8 8 Rosa
Azul 7 29 7 Azul
Cinza 6 6 Cinza
30
Amarelo 5 5 Amarelo
32 –1º DIA • CADERNO 1 • AZUL–
01
BBiigguurrrriillhhooss..iinndddd 11 1144//0066//22002222 1177::1122::0066"
176;MT;81742;E;2;0;;1.63418;1.34475;0.13956;AZUL;1211;;0;2023;Texto extraído diretamente do caderno oficial.
176;MT;81742;E;2;0;;1.63418;1.34475;0.13956;AZUL;1211;;0;2023;Texto extraído diretamente do caderno oficial.
176;MT;81742;E;2;0;;1.63418;1.34475;0.13956;AZUL;1211;;0;2023;Texto extraído diretamente do caderno oficial.
124;CN;11309;C;8;0;;1.62855;-1.00049;0.09528;AZUL;1261;;0;2023;Texto extraído diretamente do caderno oficial.
124;CN;11309;C;8;0;;1.62855;-1.00049;0.09528;AZUL;1301;;0;2023;Texto extraído diretamente do caderno oficial.
124;CN;11309;C;8;0;;1.62855;-1.00049;0.09528;AZUL;1261;;0;2023;Texto extraído diretamente do caderno oficial.
124;CN;11309;C;8;0;;1.62855;-1.00049;0.09528;AZUL;1301;;0;2023;Texto extraído diretamente do caderno oficial.
124;CN;11309;C;8;0;;1.62855;-1.00049;0.09528;AZUL;1261;;0;2023;Texto extraído diretamente do caderno oficial.
124;CN;11309;C;8;0;;1.62855;-1.00049;0.09528;AZUL;1301;;0;2023;Texto extraído diretamente do caderno oficial.
73;CH;118069;B;17;0;;1.626;1.23129;0.18301;AZUL;1231;;0;2023;Texto extraído diretamente do caderno oficial.
73;CH;118069;B;17;0;;1.626;1.23129;0.18301;AZUL;1271;;0;2023;Texto extraído diretamente do caderno oficial.
73;CH;118069;B;17;0;;1.626;1.23129;0.18301;AZUL;1231;;0;2023;Texto extraído diretamente do caderno oficial.
73;CH;118069;B;17;0;;1.626;1.23129;0.18301;AZUL;1271;;0;2023;Texto extraído diretamente do caderno oficial.
73;CH;118069;B;17;0;;1.626;1.23129;0.18301;AZUL;1271;;0;2023;Texto extraído diretamente do caderno oficial.
73;CH;118069;B;17;0;;1.626;1.23129;0.18301;AZUL;1231;;0;2023;Texto extraído diretamente do caderno oficial.
126;CN;14943;A;5;0;;1.62506;1.77927;0.09398;AZUL;1261;;0;2023;Texto extraído diretamente do caderno oficial.
126;CN;14943;A;5;0;;1.62506;1.77927;0.09398;AZUL;1301;;0;2023;Texto extraído diretamente do caderno oficial.
126;CN;14943;A;5;0;;1.62506;1.77927;0.09398;AZUL;1261;;0;2023;Texto extraído diretamente do caderno oficial.
126;CN;14943;A;5;0;;1.62506;1.77927;0.09398;AZUL;1301;;0;2023;Texto extraído diretamente do caderno oficial.
126;CN;14943;A;5;0;;1.62506;1.77927;0.09398;AZUL;1261;;0;2023;Texto extraído diretamente do caderno oficial.
126;CN;14943;A;5;0;;1.62506;1.77927;0.09398;AZUL;1301;;0;2023;Texto extraído diretamente do caderno oficial.
29;LC;14898;A;25;0;;1.62348;1.05337;0.21956;AZUL;1281;;0;2023;Texto extraído diretamente do caderno oficial.
29;LC;14898;A;25;0;;1.62348;1.05337;0.21956;AZUL;1281;;0;2023;Texto extraído diretamente do caderno oficial.
29;LC;14898;A;25;0;;1.62348;1.05337;0.21956;AZUL;1241;;0;2023;Texto extraído diretamente do caderno oficial.
29;LC;14898;A;25;0;;1.62348;1.05337;0.21956;AZUL;1281;;0;2023;Texto extraído diretamente do caderno oficial.
29;LC;14898;A;25;0;;1.62348;1.05337;0.21956;AZUL;1241;;0;2023;Texto extraído diretamente do caderno oficial.
29;LC;14898;A;25;0;;1.62348;1.05337;0.21956;AZUL;1241;;0;2023;Texto extraído diretamente do caderno oficial.
5;LC;140566;E;7;0;;1.6142;0.66623;0.19198;AZUL;1241;1.0;0;2023;"QUESTÃO 73 QUESTÃO 75
Os séculos XV e XVI, quando se vão desmoronando A torcida do Fluminense inicia um movimento para
as estruturas socioeconômicas da Idade Média perante mudar a letra de uma das músicas mais populares das
os novos imperativos da Época moderna, constituem um arquibancadas tricolores. Grupos pedem a remoção do
momento-chave na história florestal de toda a Europa termo “mulambo imundo”, em uma provocação direta ao
Ocidental. Abre-se, genericamente, um longo período Flamengo. Mulambo é um termo que surgiu em Angola,
de “crise florestal”, que se manifesta com acuidade nos na época da escravatura, e eles eram chamados de
países onde mais se desenvolvem as atividades industriais mulambos pelos senhores de engenho, os patrões
e comerciais. As necessidades em produtos lenhosos das fazendas.
aumentam drasticamente com o crescimento do consumo Disponível em: https://oglobo.globo.com. Acesso em: 23 nov. 2021.
nos mercados urbanos e nas regiões onde progridem a
Qual mudança no comportamento social a proposta
metalurgia e a construção naval, além da sua utilização
reportada no texto reflete?
na vida quotidiana de toda a população.
DEVY-VARETA, N. Para uma geografia histórica da floresta portuguesa. AA Rejeição de costumes elitistas.
Revista da Faculdade de Letras — Geografia, n. 1, 1986 (adaptado). BB Repulsão de condutas misóginas.
Qual acontecimento do período contribuiu diretamente
CC Condenação do preconceito racial.
para o agravamento da situação descrita?
DD Criminalização de práticas homofóbicas.
AA O processo de expansão marítima.
EE Contestação do comportamento machista.
BB A eclosão do renascimento cultural.
CC A concretização da centralização política. QUESTÃO 76
DD O movimento de reformas religiosas.
EE A manutenção do sistema feudal.
QUESTÃO 74
Tahuantinsuyu — nome do Império Inca em quéchua —
era dividido em quatro partes ou suyus: Chinchaysuyu
(noroeste do Peru e Equador), Antisuyu (parte amazônica
do império), Collasuyu (atual Bolívia) e Condesuyu (costa
do Oceano Pacífico) e tinha Cuzco, no atual Peru,
como sua capital imperial. Oficialmente, todas as etnias
dominadas pelos incas deveriam adotar a língua quéchua,
adorar o Sapa Inca e o Sol e pagar taxas em forma de
horas de trabalhos periódicos. No entanto, pode-se dizer
que o Império Inca era como um mosaico cultural em que
vários e diferentes grupos étnicos adoravam o Sapa Inca
e o Sol mas, simultaneamente, continuavam a adorar seus
deuses locais e também a falar em suas línguas nativas.
MARTINS, C. Os incas e os tahuantinsuyu: apresentação. Disponível em:
http://antigo.anphlac.org. Acesso em: 6 out. 2021 (adaptado).
Ao comparar, no texto, a vertente da dominação territorial
com os aspectos culturais, os incas tinham uma postura
AA aceitável no que alude aos direitos humanos.
BB admissível no que remete às crenças coloniais.
CC tolerável no que se refere aos regimes tributários.
Fonte: IBGE
DD flexível no que diz respeito aos costumes religiosos.
EE compreensível no que concerne às normas laborais.
–CH • 1º DIA • CADERNO 1 • AZUL– 27
rehlum
rop
sohliF
*010175AZ27*
Taxa de fecundidade no Brasil
De 1960 a 2020,
número de filhos baixa de
6,3 para 1,5
7
6,3
6 5,8
5
4,1
4
3 2,8
2,4
2 1,8
1,5 1,5 1,5 1,5
1
0
1960 1970 19801990200020102020203020402050
Décadas
Disponível em: www.insper.edu.br. Acesso em: 27 set. 2021 (adaptado).
Qual fator foi determinante para a mudança do indicador
apresentado no gráfico?
AA Flexibilização legal da prática de aborto.
BB Envelhecimento da população brasileira.
CC Crescimento dos casos de gravidez precoce.
DD Participação feminina no mercado de trabalho.
EE Diminuição dos benefícios na licença-maternidade."
5;LC;140566;E;7;0;;1.6142;0.66623;0.19198;AZUL;1241;1.0;0;2023;"QUESTÃO 73 QUESTÃO 75
Os séculos XV e XVI, quando se vão desmoronando A torcida do Fluminense inicia um movimento para
as estruturas socioeconômicas da Idade Média perante mudar a letra de uma das músicas mais populares das
os novos imperativos da Época moderna, constituem um arquibancadas tricolores. Grupos pedem a remoção do
momento-chave na história florestal de toda a Europa termo “mulambo imundo”, em uma provocação direta ao
Ocidental. Abre-se, genericamente, um longo período Flamengo. Mulambo é um termo que surgiu em Angola,
de “crise florestal”, que se manifesta com acuidade nos na época da escravatura, e eles eram chamados de
países onde mais se desenvolvem as atividades industriais mulambos pelos senhores de engenho, os patrões
e comerciais. As necessidades em produtos lenhosos das fazendas.
aumentam drasticamente com o crescimento do consumo Disponível em: https://oglobo.globo.com. Acesso em: 23 nov. 2021.
nos mercados urbanos e nas regiões onde progridem a
Qual mudança no comportamento social a proposta
metalurgia e a construção naval, além da sua utilização
reportada no texto reflete?
na vida quotidiana de toda a população.
DEVY-VARETA, N. Para uma geografia histórica da floresta portuguesa. AA Rejeição de costumes elitistas.
Revista da Faculdade de Letras — Geografia, n. 1, 1986 (adaptado). BB Repulsão de condutas misóginas.
Qual acontecimento do período contribuiu diretamente
CC Condenação do preconceito racial.
para o agravamento da situação descrita?
DD Criminalização de práticas homofóbicas.
AA O processo de expansão marítima.
EE Contestação do comportamento machista.
BB A eclosão do renascimento cultural.
CC A concretização da centralização política. QUESTÃO 76
DD O movimento de reformas religiosas.
EE A manutenção do sistema feudal.
QUESTÃO 74
Tahuantinsuyu — nome do Império Inca em quéchua —
era dividido em quatro partes ou suyus: Chinchaysuyu
(noroeste do Peru e Equador), Antisuyu (parte amazônica
do império), Collasuyu (atual Bolívia) e Condesuyu (costa
do Oceano Pacífico) e tinha Cuzco, no atual Peru,
como sua capital imperial. Oficialmente, todas as etnias
dominadas pelos incas deveriam adotar a língua quéchua,
adorar o Sapa Inca e o Sol e pagar taxas em forma de
horas de trabalhos periódicos. No entanto, pode-se dizer
que o Império Inca era como um mosaico cultural em que
vários e diferentes grupos étnicos adoravam o Sapa Inca
e o Sol mas, simultaneamente, continuavam a adorar seus
deuses locais e também a falar em suas línguas nativas.
MARTINS, C. Os incas e os tahuantinsuyu: apresentação. Disponível em:
http://antigo.anphlac.org. Acesso em: 6 out. 2021 (adaptado).
Ao comparar, no texto, a vertente da dominação territorial
com os aspectos culturais, os incas tinham uma postura
AA aceitável no que alude aos direitos humanos.
BB admissível no que remete às crenças coloniais.
CC tolerável no que se refere aos regimes tributários.
Fonte: IBGE
DD flexível no que diz respeito aos costumes religiosos.
EE compreensível no que concerne às normas laborais.
–CH • 1º DIA • CADERNO 1 • AZUL– 27
rehlum
rop
sohliF
*010175AZ27*
Taxa de fecundidade no Brasil
De 1960 a 2020,
número de filhos baixa de
6,3 para 1,5
7
6,3
6 5,8
5
4,1
4
3 2,8
2,4
2 1,8
1,5 1,5 1,5 1,5
1
0
1960 1970 19801990200020102020203020402050
Décadas
Disponível em: www.insper.edu.br. Acesso em: 27 set. 2021 (adaptado).
Qual fator foi determinante para a mudança do indicador
apresentado no gráfico?
AA Flexibilização legal da prática de aborto.
BB Envelhecimento da população brasileira.
CC Crescimento dos casos de gravidez precoce.
DD Participação feminina no mercado de trabalho.
EE Diminuição dos benefícios na licença-maternidade."
5;LC;140566;E;7;0;;1.6142;0.66623;0.19198;AZUL;1241;1.0;0;2023;"QUESTÃO 73 QUESTÃO 75
Os séculos XV e XVI, quando se vão desmoronando A torcida do Fluminense inicia um movimento para
as estruturas socioeconômicas da Idade Média perante mudar a letra de uma das músicas mais populares das
os novos imperativos da Época moderna, constituem um arquibancadas tricolores. Grupos pedem a remoção do
momento-chave na história florestal de toda a Europa termo “mulambo imundo”, em uma provocação direta ao
Ocidental. Abre-se, genericamente, um longo período Flamengo. Mulambo é um termo que surgiu em Angola,
de “crise florestal”, que se manifesta com acuidade nos na época da escravatura, e eles eram chamados de
países onde mais se desenvolvem as atividades industriais mulambos pelos senhores de engenho, os patrões
e comerciais. As necessidades em produtos lenhosos das fazendas.
aumentam drasticamente com o crescimento do consumo Disponível em: https://oglobo.globo.com. Acesso em: 23 nov. 2021.
nos mercados urbanos e nas regiões onde progridem a
Qual mudança no comportamento social a proposta
metalurgia e a construção naval, além da sua utilização
reportada no texto reflete?
na vida quotidiana de toda a população.
DEVY-VARETA, N. Para uma geografia histórica da floresta portuguesa. AA Rejeição de costumes elitistas.
Revista da Faculdade de Letras — Geografia, n. 1, 1986 (adaptado). BB Repulsão de condutas misóginas.
Qual acontecimento do período contribuiu diretamente
CC Condenação do preconceito racial.
para o agravamento da situação descrita?
DD Criminalização de práticas homofóbicas.
AA O processo de expansão marítima.
EE Contestação do comportamento machista.
BB A eclosão do renascimento cultural.
CC A concretização da centralização política. QUESTÃO 76
DD O movimento de reformas religiosas.
EE A manutenção do sistema feudal.
QUESTÃO 74
Tahuantinsuyu — nome do Império Inca em quéchua —
era dividido em quatro partes ou suyus: Chinchaysuyu
(noroeste do Peru e Equador), Antisuyu (parte amazônica
do império), Collasuyu (atual Bolívia) e Condesuyu (costa
do Oceano Pacífico) e tinha Cuzco, no atual Peru,
como sua capital imperial. Oficialmente, todas as etnias
dominadas pelos incas deveriam adotar a língua quéchua,
adorar o Sapa Inca e o Sol e pagar taxas em forma de
horas de trabalhos periódicos. No entanto, pode-se dizer
que o Império Inca era como um mosaico cultural em que
vários e diferentes grupos étnicos adoravam o Sapa Inca
e o Sol mas, simultaneamente, continuavam a adorar seus
deuses locais e também a falar em suas línguas nativas.
MARTINS, C. Os incas e os tahuantinsuyu: apresentação. Disponível em:
http://antigo.anphlac.org. Acesso em: 6 out. 2021 (adaptado).
Ao comparar, no texto, a vertente da dominação territorial
com os aspectos culturais, os incas tinham uma postura
AA aceitável no que alude aos direitos humanos.
BB admissível no que remete às crenças coloniais.
CC tolerável no que se refere aos regimes tributários.
Fonte: IBGE
DD flexível no que diz respeito aos costumes religiosos.
EE compreensível no que concerne às normas laborais.
–CH • 1º DIA • CADERNO 1 • AZUL– 27
rehlum
rop
sohliF
*010175AZ27*
Taxa de fecundidade no Brasil
De 1960 a 2020,
número de filhos baixa de
6,3 para 1,5
7
6,3
6 5,8
5
4,1
4
3 2,8
2,4
2 1,8
1,5 1,5 1,5 1,5
1
0
1960 1970 19801990200020102020203020402050
Décadas
Disponível em: www.insper.edu.br. Acesso em: 27 set. 2021 (adaptado).
Qual fator foi determinante para a mudança do indicador
apresentado no gráfico?
AA Flexibilização legal da prática de aborto.
BB Envelhecimento da população brasileira.
CC Crescimento dos casos de gravidez precoce.
DD Participação feminina no mercado de trabalho.
EE Diminuição dos benefícios na licença-maternidade."
5;LC;140566;E;7;0;;1.6142;0.66623;0.19198;AZUL;1281;1.0;0;2023;"QUESTÃO 73 QUESTÃO 75
Os séculos XV e XVI, quando se vão desmoronando A torcida do Fluminense inicia um movimento para
as estruturas socioeconômicas da Idade Média perante mudar a letra de uma das músicas mais populares das
os novos imperativos da Época moderna, constituem um arquibancadas tricolores. Grupos pedem a remoção do
momento-chave na história florestal de toda a Europa termo “mulambo imundo”, em uma provocação direta ao
Ocidental. Abre-se, genericamente, um longo período Flamengo. Mulambo é um termo que surgiu em Angola,
de “crise florestal”, que se manifesta com acuidade nos na época da escravatura, e eles eram chamados de
países onde mais se desenvolvem as atividades industriais mulambos pelos senhores de engenho, os patrões
e comerciais. As necessidades em produtos lenhosos das fazendas.
aumentam drasticamente com o crescimento do consumo Disponível em: https://oglobo.globo.com. Acesso em: 23 nov. 2021.
nos mercados urbanos e nas regiões onde progridem a
Qual mudança no comportamento social a proposta
metalurgia e a construção naval, além da sua utilização
reportada no texto reflete?
na vida quotidiana de toda a população.
DEVY-VARETA, N. Para uma geografia histórica da floresta portuguesa. AA Rejeição de costumes elitistas.
Revista da Faculdade de Letras — Geografia, n. 1, 1986 (adaptado). BB Repulsão de condutas misóginas.
Qual acontecimento do período contribuiu diretamente
CC Condenação do preconceito racial.
para o agravamento da situação descrita?
DD Criminalização de práticas homofóbicas.
AA O processo de expansão marítima.
EE Contestação do comportamento machista.
BB A eclosão do renascimento cultural.
CC A concretização da centralização política. QUESTÃO 76
DD O movimento de reformas religiosas.
EE A manutenção do sistema feudal.
QUESTÃO 74
Tahuantinsuyu — nome do Império Inca em quéchua —
era dividido em quatro partes ou suyus: Chinchaysuyu
(noroeste do Peru e Equador), Antisuyu (parte amazônica
do império), Collasuyu (atual Bolívia) e Condesuyu (costa
do Oceano Pacífico) e tinha Cuzco, no atual Peru,
como sua capital imperial. Oficialmente, todas as etnias
dominadas pelos incas deveriam adotar a língua quéchua,
adorar o Sapa Inca e o Sol e pagar taxas em forma de
horas de trabalhos periódicos. No entanto, pode-se dizer
que o Império Inca era como um mosaico cultural em que
vários e diferentes grupos étnicos adoravam o Sapa Inca
e o Sol mas, simultaneamente, continuavam a adorar seus
deuses locais e também a falar em suas línguas nativas.
MARTINS, C. Os incas e os tahuantinsuyu: apresentação. Disponível em:
http://antigo.anphlac.org. Acesso em: 6 out. 2021 (adaptado).
Ao comparar, no texto, a vertente da dominação territorial
com os aspectos culturais, os incas tinham uma postura
AA aceitável no que alude aos direitos humanos.
BB admissível no que remete às crenças coloniais.
CC tolerável no que se refere aos regimes tributários.
Fonte: IBGE
DD flexível no que diz respeito aos costumes religiosos.
EE compreensível no que concerne às normas laborais.
–CH • 1º DIA • CADERNO 1 • AZUL– 27
rehlum
rop
sohliF
*010175AZ27*
Taxa de fecundidade no Brasil
De 1960 a 2020,
número de filhos baixa de
6,3 para 1,5
7
6,3
6 5,8
5
4,1
4
3 2,8
2,4
2 1,8
1,5 1,5 1,5 1,5
1
0
1960 1970 19801990200020102020203020402050
Décadas
Disponível em: www.insper.edu.br. Acesso em: 27 set. 2021 (adaptado).
Qual fator foi determinante para a mudança do indicador
apresentado no gráfico?
AA Flexibilização legal da prática de aborto.
BB Envelhecimento da população brasileira.
CC Crescimento dos casos de gravidez precoce.
DD Participação feminina no mercado de trabalho.
EE Diminuição dos benefícios na licença-maternidade."
5;LC;140566;E;7;0;;1.6142;0.66623;0.19198;AZUL;1281;1.0;0;2023;"QUESTÃO 73 QUESTÃO 75
Os séculos XV e XVI, quando se vão desmoronando A torcida do Fluminense inicia um movimento para
as estruturas socioeconômicas da Idade Média perante mudar a letra de uma das músicas mais populares das
os novos imperativos da Época moderna, constituem um arquibancadas tricolores. Grupos pedem a remoção do
momento-chave na história florestal de toda a Europa termo “mulambo imundo”, em uma provocação direta ao
Ocidental. Abre-se, genericamente, um longo período Flamengo. Mulambo é um termo que surgiu em Angola,
de “crise florestal”, que se manifesta com acuidade nos na época da escravatura, e eles eram chamados de
países onde mais se desenvolvem as atividades industriais mulambos pelos senhores de engenho, os patrões
e comerciais. As necessidades em produtos lenhosos das fazendas.
aumentam drasticamente com o crescimento do consumo Disponível em: https://oglobo.globo.com. Acesso em: 23 nov. 2021.
nos mercados urbanos e nas regiões onde progridem a
Qual mudança no comportamento social a proposta
metalurgia e a construção naval, além da sua utilização
reportada no texto reflete?
na vida quotidiana de toda a população.
DEVY-VARETA, N. Para uma geografia histórica da floresta portuguesa. AA Rejeição de costumes elitistas.
Revista da Faculdade de Letras — Geografia, n. 1, 1986 (adaptado). BB Repulsão de condutas misóginas.
Qual acontecimento do período contribuiu diretamente
CC Condenação do preconceito racial.
para o agravamento da situação descrita?
DD Criminalização de práticas homofóbicas.
AA O processo de expansão marítima.
EE Contestação do comportamento machista.
BB A eclosão do renascimento cultural.
CC A concretização da centralização política. QUESTÃO 76
DD O movimento de reformas religiosas.
EE A manutenção do sistema feudal.
QUESTÃO 74
Tahuantinsuyu — nome do Império Inca em quéchua —
era dividido em quatro partes ou suyus: Chinchaysuyu
(noroeste do Peru e Equador), Antisuyu (parte amazônica
do império), Collasuyu (atual Bolívia) e Condesuyu (costa
do Oceano Pacífico) e tinha Cuzco, no atual Peru,
como sua capital imperial. Oficialmente, todas as etnias
dominadas pelos incas deveriam adotar a língua quéchua,
adorar o Sapa Inca e o Sol e pagar taxas em forma de
horas de trabalhos periódicos. No entanto, pode-se dizer
que o Império Inca era como um mosaico cultural em que
vários e diferentes grupos étnicos adoravam o Sapa Inca
e o Sol mas, simultaneamente, continuavam a adorar seus
deuses locais e também a falar em suas línguas nativas.
MARTINS, C. Os incas e os tahuantinsuyu: apresentação. Disponível em:
http://antigo.anphlac.org. Acesso em: 6 out. 2021 (adaptado).
Ao comparar, no texto, a vertente da dominação territorial
com os aspectos culturais, os incas tinham uma postura
AA aceitável no que alude aos direitos humanos.
BB admissível no que remete às crenças coloniais.
CC tolerável no que se refere aos regimes tributários.
Fonte: IBGE
DD flexível no que diz respeito aos costumes religiosos.
EE compreensível no que concerne às normas laborais.
–CH • 1º DIA • CADERNO 1 • AZUL– 27
rehlum
rop
sohliF
*010175AZ27*
Taxa de fecundidade no Brasil
De 1960 a 2020,
número de filhos baixa de
6,3 para 1,5
7
6,3
6 5,8
5
4,1
4
3 2,8
2,4
2 1,8
1,5 1,5 1,5 1,5
1
0
1960 1970 19801990200020102020203020402050
Décadas
Disponível em: www.insper.edu.br. Acesso em: 27 set. 2021 (adaptado).
Qual fator foi determinante para a mudança do indicador
apresentado no gráfico?
AA Flexibilização legal da prática de aborto.
BB Envelhecimento da população brasileira.
CC Crescimento dos casos de gravidez precoce.
DD Participação feminina no mercado de trabalho.
EE Diminuição dos benefícios na licença-maternidade."
5;LC;140566;E;7;0;;1.6142;0.66623;0.19198;AZUL;1281;1.0;0;2023;"QUESTÃO 73 QUESTÃO 75
Os séculos XV e XVI, quando se vão desmoronando A torcida do Fluminense inicia um movimento para
as estruturas socioeconômicas da Idade Média perante mudar a letra de uma das músicas mais populares das
os novos imperativos da Época moderna, constituem um arquibancadas tricolores. Grupos pedem a remoção do
momento-chave na história florestal de toda a Europa termo “mulambo imundo”, em uma provocação direta ao
Ocidental. Abre-se, genericamente, um longo período Flamengo. Mulambo é um termo que surgiu em Angola,
de “crise florestal”, que se manifesta com acuidade nos na época da escravatura, e eles eram chamados de
países onde mais se desenvolvem as atividades industriais mulambos pelos senhores de engenho, os patrões
e comerciais. As necessidades em produtos lenhosos das fazendas.
aumentam drasticamente com o crescimento do consumo Disponível em: https://oglobo.globo.com. Acesso em: 23 nov. 2021.
nos mercados urbanos e nas regiões onde progridem a
Qual mudança no comportamento social a proposta
metalurgia e a construção naval, além da sua utilização
reportada no texto reflete?
na vida quotidiana de toda a população.
DEVY-VARETA, N. Para uma geografia histórica da floresta portuguesa. AA Rejeição de costumes elitistas.
Revista da Faculdade de Letras — Geografia, n. 1, 1986 (adaptado). BB Repulsão de condutas misóginas.
Qual acontecimento do período contribuiu diretamente
CC Condenação do preconceito racial.
para o agravamento da situação descrita?
DD Criminalização de práticas homofóbicas.
AA O processo de expansão marítima.
EE Contestação do comportamento machista.
BB A eclosão do renascimento cultural.
CC A concretização da centralização política. QUESTÃO 76
DD O movimento de reformas religiosas.
EE A manutenção do sistema feudal.
QUESTÃO 74
Tahuantinsuyu — nome do Império Inca em quéchua —
era dividido em quatro partes ou suyus: Chinchaysuyu
(noroeste do Peru e Equador), Antisuyu (parte amazônica
do império), Collasuyu (atual Bolívia) e Condesuyu (costa
do Oceano Pacífico) e tinha Cuzco, no atual Peru,
como sua capital imperial. Oficialmente, todas as etnias
dominadas pelos incas deveriam adotar a língua quéchua,
adorar o Sapa Inca e o Sol e pagar taxas em forma de
horas de trabalhos periódicos. No entanto, pode-se dizer
que o Império Inca era como um mosaico cultural em que
vários e diferentes grupos étnicos adoravam o Sapa Inca
e o Sol mas, simultaneamente, continuavam a adorar seus
deuses locais e também a falar em suas línguas nativas.
MARTINS, C. Os incas e os tahuantinsuyu: apresentação. Disponível em:
http://antigo.anphlac.org. Acesso em: 6 out. 2021 (adaptado).
Ao comparar, no texto, a vertente da dominação territorial
com os aspectos culturais, os incas tinham uma postura
AA aceitável no que alude aos direitos humanos.
BB admissível no que remete às crenças coloniais.
CC tolerável no que se refere aos regimes tributários.
Fonte: IBGE
DD flexível no que diz respeito aos costumes religiosos.
EE compreensível no que concerne às normas laborais.
–CH • 1º DIA • CADERNO 1 • AZUL– 27
rehlum
rop
sohliF
*010175AZ27*
Taxa de fecundidade no Brasil
De 1960 a 2020,
número de filhos baixa de
6,3 para 1,5
7
6,3
6 5,8
5
4,1
4
3 2,8
2,4
2 1,8
1,5 1,5 1,5 1,5
1
0
1960 1970 19801990200020102020203020402050
Décadas
Disponível em: www.insper.edu.br. Acesso em: 27 set. 2021 (adaptado).
Qual fator foi determinante para a mudança do indicador
apresentado no gráfico?
AA Flexibilização legal da prática de aborto.
BB Envelhecimento da população brasileira.
CC Crescimento dos casos de gravidez precoce.
DD Participação feminina no mercado de trabalho.
EE Diminuição dos benefícios na licença-maternidade."
120;CN;89506;E;8;0;;1.59807;2.0059;0.08163;AZUL;1301;;0;2023;Texto extraído diretamente do caderno oficial.
120;CN;89506;E;8;0;;1.59807;2.0059;0.08163;AZUL;1261;;0;2023;Texto extraído diretamente do caderno oficial.
120;CN;89506;E;8;0;;1.59807;2.0059;0.08163;AZUL;1261;;0;2023;Texto extraído diretamente do caderno oficial.
120;CN;89506;E;8;0;;1.59807;2.0059;0.08163;AZUL;1301;;0;2023;Texto extraído diretamente do caderno oficial.
120;CN;89506;E;8;0;;1.59807;2.0059;0.08163;AZUL;1301;;0;2023;Texto extraído diretamente do caderno oficial.
120;CN;89506;E;8;0;;1.59807;2.0059;0.08163;AZUL;1261;;0;2023;Texto extraído diretamente do caderno oficial.
40;LC;141231;D;9;0;;1.59315;-0.23802;0.19091;AZUL;1281;;0;2023;Texto extraído diretamente do caderno oficial.
40;LC;141231;D;9;0;;1.59315;-0.23802;0.19091;AZUL;1241;;0;2023;Texto extraído diretamente do caderno oficial.
40;LC;141231;D;9;0;;1.59315;-0.23802;0.19091;AZUL;1281;;0;2023;Texto extraído diretamente do caderno oficial.
40;LC;141231;D;9;0;;1.59315;-0.23802;0.19091;AZUL;1241;;0;2023;Texto extraído diretamente do caderno oficial.
40;LC;141231;D;9;0;;1.59315;-0.23802;0.19091;AZUL;1281;;0;2023;Texto extraído diretamente do caderno oficial.
40;LC;141231;D;9;0;;1.59315;-0.23802;0.19091;AZUL;1241;;0;2023;Texto extraído diretamente do caderno oficial.
138;MT;44814;E;1;0;;1.59068;1.68621;0.13542;AZUL;1251;;0;2023;Texto extraído diretamente do caderno oficial.
138;MT;44814;E;1;0;;1.59068;1.68621;0.13542;AZUL;1291;;0;2023;Texto extraído diretamente do caderno oficial.
138;MT;44814;E;1;0;;1.59068;1.68621;0.13542;AZUL;1291;;0;2023;Texto extraído diretamente do caderno oficial.
138;MT;44814;E;1;0;;1.59068;1.68621;0.13542;AZUL;1251;;0;2023;Texto extraído diretamente do caderno oficial.
138;MT;44814;E;1;0;;1.59068;1.68621;0.13542;AZUL;1291;;0;2023;Texto extraído diretamente do caderno oficial.
138;MT;44814;E;1;0;;1.59068;1.68621;0.13542;AZUL;1251;;0;2023;Texto extraído diretamente do caderno oficial.
145;MT;125929;B;9;0;;1.58702;2.1908;0.24232;AZUL;1211;;0;2023;Texto extraído diretamente do caderno oficial.
145;MT;125929;B;9;0;;1.58702;2.1908;0.24232;AZUL;1211;;0;2023;Texto extraído diretamente do caderno oficial.
145;MT;125929;B;9;0;;1.58702;2.1908;0.24232;AZUL;1211;;0;2023;Texto extraído diretamente do caderno oficial.
130;CN;12135;C;29;0;;1.57651;0.53632;0.17771;AZUL;1333;;0;2023;Texto extraído diretamente do caderno oficial.
130;CN;12135;C;29;0;;1.57651;0.53632;0.17771;AZUL;1333;;0;2023;Texto extraído diretamente do caderno oficial.
130;CN;12135;C;29;0;;1.57651;0.53632;0.17771;AZUL;1333;;0;2023;Texto extraído diretamente do caderno oficial.
150;MT;28543;D;16;0;;1.5737;0.99995;0.19925;AZUL;1291;;0;2023;Texto extraído diretamente do caderno oficial.
150;MT;28543;D;16;0;;1.5737;0.99995;0.19925;AZUL;1251;;0;2023;Texto extraído diretamente do caderno oficial.
150;MT;28543;D;16;0;;1.5737;0.99995;0.19925;AZUL;1291;;0;2023;Texto extraído diretamente do caderno oficial.
150;MT;28543;D;16;0;;1.5737;0.99995;0.19925;AZUL;1251;;0;2023;Texto extraído diretamente do caderno oficial.
150;MT;28543;D;16;0;;1.5737;0.99995;0.19925;AZUL;1251;;0;2023;Texto extraído diretamente do caderno oficial.
150;MT;28543;D;16;0;;1.5737;0.99995;0.19925;AZUL;1291;;0;2023;Texto extraído diretamente do caderno oficial.
172;MT;14812;D;20;0;;1.56944;-0.00093;0.11987;AZUL;1291;;0;2023;Texto extraído diretamente do caderno oficial.
172;MT;14812;D;20;0;;1.56944;-0.00093;0.11987;AZUL;1251;;0;2023;Texto extraído diretamente do caderno oficial.
172;MT;14812;D;20;0;;1.56944;-0.00093;0.11987;AZUL;1291;;0;2023;Texto extraído diretamente do caderno oficial.
172;MT;14812;D;20;0;;1.56944;-0.00093;0.11987;AZUL;1291;;0;2023;Texto extraído diretamente do caderno oficial.
172;MT;14812;D;20;0;;1.56944;-0.00093;0.11987;AZUL;1251;;0;2023;Texto extraído diretamente do caderno oficial.
172;MT;14812;D;20;0;;1.56944;-0.00093;0.11987;AZUL;1251;;0;2023;Texto extraído diretamente do caderno oficial.
162;MT;117717;C;13;0;;1.56842;1.95154;0.23233;AZUL;1323;;0;2023;Texto extraído diretamente do caderno oficial.
162;MT;117717;C;13;0;;1.56842;1.95154;0.23233;AZUL;1323;;0;2023;Texto extraído diretamente do caderno oficial.
162;MT;117717;C;13;0;;1.56842;1.95154;0.23233;AZUL;1323;;0;2023;Texto extraído diretamente do caderno oficial.
134;CN;85436;E;29;0;;1.56816;1.75342;0.18632;AZUL;1221;;0;2023;Texto extraído diretamente do caderno oficial.
134;CN;85436;E;29;0;;1.56816;1.75342;0.18632;AZUL;1221;;0;2023;Texto extraído diretamente do caderno oficial.
134;CN;85436;E;29;0;;1.56816;1.75342;0.18632;AZUL;1221;;0;2023;Texto extraído diretamente do caderno oficial.
150;MT;141537;A;15;0;;1.56806;2.3502;0.29201;AZUL;1323;;0;2023;Texto extraído diretamente do caderno oficial.
150;MT;141537;A;15;0;;1.56806;2.3502;0.29201;AZUL;1323;;0;2023;Texto extraído diretamente do caderno oficial.
150;MT;141537;A;15;0;;1.56806;2.3502;0.29201;AZUL;1323;;0;2023;Texto extraído diretamente do caderno oficial.
166;MT;111538;D;27;0;;1.56473;0.75949;0.32554;AZUL;1291;;0;2023;Texto extraído diretamente do caderno oficial.
166;MT;111538;D;27;0;;1.56473;0.75949;0.32554;AZUL;1251;;0;2023;Texto extraído diretamente do caderno oficial.
166;MT;111538;D;27;0;;1.56473;0.75949;0.32554;AZUL;1251;;0;2023;Texto extraído diretamente do caderno oficial.
166;MT;111538;D;27;0;;1.56473;0.75949;0.32554;AZUL;1291;;0;2023;Texto extraído diretamente do caderno oficial.
166;MT;111538;D;27;0;;1.56473;0.75949;0.32554;AZUL;1291;;0;2023;Texto extraído diretamente do caderno oficial.
166;MT;111538;D;27;0;;1.56473;0.75949;0.32554;AZUL;1251;;0;2023;Texto extraído diretamente do caderno oficial.
113;CN;141789;B;16;0;;1.56293;2.49679;0.14573;AZUL;1333;;0;2023;Texto extraído diretamente do caderno oficial.
113;CN;141789;B;16;0;;1.56293;2.49679;0.14573;AZUL;1333;;0;2023;Texto extraído diretamente do caderno oficial.
113;CN;141789;B;16;0;;1.56293;2.49679;0.14573;AZUL;1333;;0;2023;Texto extraído diretamente do caderno oficial.
3;LC;140652;E;5;0;;1.55494;0.70223;0.21103;AZUL;1281;1.0;0;2023;"*010175AZ32*
01
1 Dia 1 Dia
1°Capa 4°Capa
Transcreva a sua Redação para a Folha de Redação.
Azul 1 1 Azul
Amarelo 2 2 Amarelo
Branco 3 1 3 Branco
Rosa 4 2 4 Rosa
3
Ledor 9 9 Ledor
Libras 10 4 10 Libras
5
6
7
8
O
9
H
10
N O
11
U
12 Ã
C
13 Ç
S
14 A
A
15 D
16 R
E
17
R
18
A
19
D
20
21
22
23
24
2 Dia 2 Dia
1°Capa 25 4°Capa
Libras 12 26 12 Libras
Ledor 11 11 Ledor
27
28
Rosa 8 8 Rosa
Azul 7 29 7 Azul
Cinza 6 6 Cinza
30
Amarelo 5 5 Amarelo
32 –1º DIA • CADERNO 1 • AZUL–
01
BBiigguurrrriillhhooss..iinndddd 11 1144//0066//22002222 1177::1122::0066"
3;LC;140652;E;5;0;;1.55494;0.70223;0.21103;AZUL;1281;1.0;0;2023;"*010175AZ32*
01
1 Dia 1 Dia
1°Capa 4°Capa
Transcreva a sua Redação para a Folha de Redação.
Azul 1 1 Azul
Amarelo 2 2 Amarelo
Branco 3 1 3 Branco
Rosa 4 2 4 Rosa
3
Ledor 9 9 Ledor
Libras 10 4 10 Libras
5
6
7
8
O
9
H
10
N O
11
U
12 Ã
C
13 Ç
S
14 A
A
15 D
16 R
E
17
R
18
A
19
D
20
21
22
23
24
2 Dia 2 Dia
1°Capa 25 4°Capa
Libras 12 26 12 Libras
Ledor 11 11 Ledor
27
28
Rosa 8 8 Rosa
Azul 7 29 7 Azul
Cinza 6 6 Cinza
30
Amarelo 5 5 Amarelo
32 –1º DIA • CADERNO 1 • AZUL–
01
BBiigguurrrriillhhooss..iinndddd 11 1144//0066//22002222 1177::1122::0066"
3;LC;140652;E;5;0;;1.55494;0.70223;0.21103;AZUL;1241;1.0;0;2023;"*010175AZ32*
01
1 Dia 1 Dia
1°Capa 4°Capa
Transcreva a sua Redação para a Folha de Redação.
Azul 1 1 Azul
Amarelo 2 2 Amarelo
Branco 3 1 3 Branco
Rosa 4 2 4 Rosa
3
Ledor 9 9 Ledor
Libras 10 4 10 Libras
5
6
7
8
O
9
H
10
N O
11
U
12 Ã
C
13 Ç
S
14 A
A
15 D
16 R
E
17
R
18
A
19
D
20
21
22
23
24
2 Dia 2 Dia
1°Capa 25 4°Capa
Libras 12 26 12 Libras
Ledor 11 11 Ledor
27
28
Rosa 8 8 Rosa
Azul 7 29 7 Azul
Cinza 6 6 Cinza
30
Amarelo 5 5 Amarelo
32 –1º DIA • CADERNO 1 • AZUL–
01
BBiigguurrrriillhhooss..iinndddd 11 1144//0066//22002222 1177::1122::0066"
3;LC;140652;E;5;0;;1.55494;0.70223;0.21103;AZUL;1281;1.0;0;2023;"*010175AZ32*
01
1 Dia 1 Dia
1°Capa 4°Capa
Transcreva a sua Redação para a Folha de Redação.
Azul 1 1 Azul
Amarelo 2 2 Amarelo
Branco 3 1 3 Branco
Rosa 4 2 4 Rosa
3
Ledor 9 9 Ledor
Libras 10 4 10 Libras
5
6
7
8
O
9
H
10
N O
11
U
12 Ã
C
13 Ç
S
14 A
A
15 D
16 R
E
17
R
18
A
19
D
20
21
22
23
24
2 Dia 2 Dia
1°Capa 25 4°Capa
Libras 12 26 12 Libras
Ledor 11 11 Ledor
27
28
Rosa 8 8 Rosa
Azul 7 29 7 Azul
Cinza 6 6 Cinza
30
Amarelo 5 5 Amarelo
32 –1º DIA • CADERNO 1 • AZUL–
01
BBiigguurrrriillhhooss..iinndddd 11 1144//0066//22002222 1177::1122::0066"
3;LC;140652;E;5;0;;1.55494;0.70223;0.21103;AZUL;1241;1.0;0;2023;"*010175AZ32*
01
1 Dia 1 Dia
1°Capa 4°Capa
Transcreva a sua Redação para a Folha de Redação.
Azul 1 1 Azul
Amarelo 2 2 Amarelo
Branco 3 1 3 Branco
Rosa 4 2 4 Rosa
3
Ledor 9 9 Ledor
Libras 10 4 10 Libras
5
6
7
8
O
9
H
10
N O
11
U
12 Ã
C
13 Ç
S
14 A
A
15 D
16 R
E
17
R
18
A
19
D
20
21
22
23
24
2 Dia 2 Dia
1°Capa 25 4°Capa
Libras 12 26 12 Libras
Ledor 11 11 Ledor
27
28
Rosa 8 8 Rosa
Azul 7 29 7 Azul
Cinza 6 6 Cinza
30
Amarelo 5 5 Amarelo
32 –1º DIA • CADERNO 1 • AZUL–
01
BBiigguurrrriillhhooss..iinndddd 11 1144//0066//22002222 1177::1122::0066"
3;LC;140652;E;5;0;;1.55494;0.70223;0.21103;AZUL;1241;1.0;0;2023;"*010175AZ32*
01
1 Dia 1 Dia
1°Capa 4°Capa
Transcreva a sua Redação para a Folha de Redação.
Azul 1 1 Azul
Amarelo 2 2 Amarelo
Branco 3 1 3 Branco
Rosa 4 2 4 Rosa
3
Ledor 9 9 Ledor
Libras 10 4 10 Libras
5
6
7
8
O
9
H
10
N O
11
U
12 Ã
C
13 Ç
S
14 A
A
15 D
16 R
E
17
R
18
A
19
D
20
21
22
23
24
2 Dia 2 Dia
1°Capa 25 4°Capa
Libras 12 26 12 Libras
Ledor 11 11 Ledor
27
28
Rosa 8 8 Rosa
Azul 7 29 7 Azul
Cinza 6 6 Cinza
30
Amarelo 5 5 Amarelo
32 –1º DIA • CADERNO 1 • AZUL–
01
BBiigguurrrriillhhooss..iinndddd 11 1144//0066//22002222 1177::1122::0066"
174;MT;126039;E;6;0;;1.55327;-0.28917;0.18185;AZUL;1211;;0;2023;Texto extraído diretamente do caderno oficial.
174;MT;126039;E;6;0;;1.55327;-0.28917;0.18185;AZUL;1211;;0;2023;Texto extraído diretamente do caderno oficial.
174;MT;126039;E;6;0;;1.55327;-0.28917;0.18185;AZUL;1211;;0;2023;Texto extraído diretamente do caderno oficial.
166;MT;81946;C;26;0;;1.52639;1.16539;0.05545;AZUL;1211;;0;2023;Texto extraído diretamente do caderno oficial.
166;MT;81946;C;26;0;;1.52639;1.16539;0.05545;AZUL;1211;;0;2023;Texto extraído diretamente do caderno oficial.
166;MT;81946;C;26;0;;1.52639;1.16539;0.05545;AZUL;1211;;0;2023;Texto extraído diretamente do caderno oficial.
179;MT;14366;C;1;0;;1.52531;0.63295;0.18496;AZUL;1211;;0;2023;Texto extraído diretamente do caderno oficial.
179;MT;14366;C;1;0;;1.52531;0.63295;0.18496;AZUL;1211;;0;2023;Texto extraído diretamente do caderno oficial.
179;MT;14366;C;1;0;;1.52531;0.63295;0.18496;AZUL;1211;;0;2023;Texto extraído diretamente do caderno oficial.
132;CN;83558;E;21;0;;1.52403;0.95966;0.15221;AZUL;1221;;0;2023;Texto extraído diretamente do caderno oficial.
132;CN;83558;E;21;0;;1.52403;0.95966;0.15221;AZUL;1221;;0;2023;Texto extraído diretamente do caderno oficial.
132;CN;83558;E;21;0;;1.52403;0.95966;0.15221;AZUL;1221;;0;2023;Texto extraído diretamente do caderno oficial.
4;LC;140729;C;6;0;;1.52132;1.43573;0.2144;AZUL;1281;1.0;0;2023;"QUESTÃO 73 QUESTÃO 75
Os séculos XV e XVI, quando se vão desmoronando A torcida do Fluminense inicia um movimento para
as estruturas socioeconômicas da Idade Média perante mudar a letra de uma das músicas mais populares das
os novos imperativos da Época moderna, constituem um arquibancadas tricolores. Grupos pedem a remoção do
momento-chave na história florestal de toda a Europa termo “mulambo imundo”, em uma provocação direta ao
Ocidental. Abre-se, genericamente, um longo período Flamengo. Mulambo é um termo que surgiu em Angola,
de “crise florestal”, que se manifesta com acuidade nos na época da escravatura, e eles eram chamados de
países onde mais se desenvolvem as atividades industriais mulambos pelos senhores de engenho, os patrões
e comerciais. As necessidades em produtos lenhosos das fazendas.
aumentam drasticamente com o crescimento do consumo Disponível em: https://oglobo.globo.com. Acesso em: 23 nov. 2021.
nos mercados urbanos e nas regiões onde progridem a
Qual mudança no comportamento social a proposta
metalurgia e a construção naval, além da sua utilização
reportada no texto reflete?
na vida quotidiana de toda a população.
DEVY-VARETA, N. Para uma geografia histórica da floresta portuguesa. AA Rejeição de costumes elitistas.
Revista da Faculdade de Letras — Geografia, n. 1, 1986 (adaptado). BB Repulsão de condutas misóginas.
Qual acontecimento do período contribuiu diretamente
CC Condenação do preconceito racial.
para o agravamento da situação descrita?
DD Criminalização de práticas homofóbicas.
AA O processo de expansão marítima.
EE Contestação do comportamento machista.
BB A eclosão do renascimento cultural.
CC A concretização da centralização política. QUESTÃO 76
DD O movimento de reformas religiosas.
EE A manutenção do sistema feudal.
QUESTÃO 74
Tahuantinsuyu — nome do Império Inca em quéchua —
era dividido em quatro partes ou suyus: Chinchaysuyu
(noroeste do Peru e Equador), Antisuyu (parte amazônica
do império), Collasuyu (atual Bolívia) e Condesuyu (costa
do Oceano Pacífico) e tinha Cuzco, no atual Peru,
como sua capital imperial. Oficialmente, todas as etnias
dominadas pelos incas deveriam adotar a língua quéchua,
adorar o Sapa Inca e o Sol e pagar taxas em forma de
horas de trabalhos periódicos. No entanto, pode-se dizer
que o Império Inca era como um mosaico cultural em que
vários e diferentes grupos étnicos adoravam o Sapa Inca
e o Sol mas, simultaneamente, continuavam a adorar seus
deuses locais e também a falar em suas línguas nativas.
MARTINS, C. Os incas e os tahuantinsuyu: apresentação. Disponível em:
http://antigo.anphlac.org. Acesso em: 6 out. 2021 (adaptado).
Ao comparar, no texto, a vertente da dominação territorial
com os aspectos culturais, os incas tinham uma postura
AA aceitável no que alude aos direitos humanos.
BB admissível no que remete às crenças coloniais.
CC tolerável no que se refere aos regimes tributários.
Fonte: IBGE
DD flexível no que diz respeito aos costumes religiosos.
EE compreensível no que concerne às normas laborais.
–CH • 1º DIA • CADERNO 1 • AZUL– 27
rehlum
rop
sohliF
*010175AZ27*
Taxa de fecundidade no Brasil
De 1960 a 2020,
número de filhos baixa de
6,3 para 1,5
7
6,3
6 5,8
5
4,1
4
3 2,8
2,4
2 1,8
1,5 1,5 1,5 1,5
1
0
1960 1970 19801990200020102020203020402050
Décadas
Disponível em: www.insper.edu.br. Acesso em: 27 set. 2021 (adaptado).
Qual fator foi determinante para a mudança do indicador
apresentado no gráfico?
AA Flexibilização legal da prática de aborto.
BB Envelhecimento da população brasileira.
CC Crescimento dos casos de gravidez precoce.
DD Participação feminina no mercado de trabalho.
EE Diminuição dos benefícios na licença-maternidade."
4;LC;140729;C;6;0;;1.52132;1.43573;0.2144;AZUL;1241;1.0;0;2023;"QUESTÃO 73 QUESTÃO 75
Os séculos XV e XVI, quando se vão desmoronando A torcida do Fluminense inicia um movimento para
as estruturas socioeconômicas da Idade Média perante mudar a letra de uma das músicas mais populares das
os novos imperativos da Época moderna, constituem um arquibancadas tricolores. Grupos pedem a remoção do
momento-chave na história florestal de toda a Europa termo “mulambo imundo”, em uma provocação direta ao
Ocidental. Abre-se, genericamente, um longo período Flamengo. Mulambo é um termo que surgiu em Angola,
de “crise florestal”, que se manifesta com acuidade nos na época da escravatura, e eles eram chamados de
países onde mais se desenvolvem as atividades industriais mulambos pelos senhores de engenho, os patrões
e comerciais. As necessidades em produtos lenhosos das fazendas.
aumentam drasticamente com o crescimento do consumo Disponível em: https://oglobo.globo.com. Acesso em: 23 nov. 2021.
nos mercados urbanos e nas regiões onde progridem a
Qual mudança no comportamento social a proposta
metalurgia e a construção naval, além da sua utilização
reportada no texto reflete?
na vida quotidiana de toda a população.
DEVY-VARETA, N. Para uma geografia histórica da floresta portuguesa. AA Rejeição de costumes elitistas.
Revista da Faculdade de Letras — Geografia, n. 1, 1986 (adaptado). BB Repulsão de condutas misóginas.
Qual acontecimento do período contribuiu diretamente
CC Condenação do preconceito racial.
para o agravamento da situação descrita?
DD Criminalização de práticas homofóbicas.
AA O processo de expansão marítima.
EE Contestação do comportamento machista.
BB A eclosão do renascimento cultural.
CC A concretização da centralização política. QUESTÃO 76
DD O movimento de reformas religiosas.
EE A manutenção do sistema feudal.
QUESTÃO 74
Tahuantinsuyu — nome do Império Inca em quéchua —
era dividido em quatro partes ou suyus: Chinchaysuyu
(noroeste do Peru e Equador), Antisuyu (parte amazônica
do império), Collasuyu (atual Bolívia) e Condesuyu (costa
do Oceano Pacífico) e tinha Cuzco, no atual Peru,
como sua capital imperial. Oficialmente, todas as etnias
dominadas pelos incas deveriam adotar a língua quéchua,
adorar o Sapa Inca e o Sol e pagar taxas em forma de
horas de trabalhos periódicos. No entanto, pode-se dizer
que o Império Inca era como um mosaico cultural em que
vários e diferentes grupos étnicos adoravam o Sapa Inca
e o Sol mas, simultaneamente, continuavam a adorar seus
deuses locais e também a falar em suas línguas nativas.
MARTINS, C. Os incas e os tahuantinsuyu: apresentação. Disponível em:
http://antigo.anphlac.org. Acesso em: 6 out. 2021 (adaptado).
Ao comparar, no texto, a vertente da dominação territorial
com os aspectos culturais, os incas tinham uma postura
AA aceitável no que alude aos direitos humanos.
BB admissível no que remete às crenças coloniais.
CC tolerável no que se refere aos regimes tributários.
Fonte: IBGE
DD flexível no que diz respeito aos costumes religiosos.
EE compreensível no que concerne às normas laborais.
–CH • 1º DIA • CADERNO 1 • AZUL– 27
rehlum
rop
sohliF
*010175AZ27*
Taxa de fecundidade no Brasil
De 1960 a 2020,
número de filhos baixa de
6,3 para 1,5
7
6,3
6 5,8
5
4,1
4
3 2,8
2,4
2 1,8
1,5 1,5 1,5 1,5
1
0
1960 1970 19801990200020102020203020402050
Décadas
Disponível em: www.insper.edu.br. Acesso em: 27 set. 2021 (adaptado).
Qual fator foi determinante para a mudança do indicador
apresentado no gráfico?
AA Flexibilização legal da prática de aborto.
BB Envelhecimento da população brasileira.
CC Crescimento dos casos de gravidez precoce.
DD Participação feminina no mercado de trabalho.
EE Diminuição dos benefícios na licença-maternidade."
4;LC;140729;C;6;0;;1.52132;1.43573;0.2144;AZUL;1241;1.0;0;2023;"QUESTÃO 73 QUESTÃO 75
Os séculos XV e XVI, quando se vão desmoronando A torcida do Fluminense inicia um movimento para
as estruturas socioeconômicas da Idade Média perante mudar a letra de uma das músicas mais populares das
os novos imperativos da Época moderna, constituem um arquibancadas tricolores. Grupos pedem a remoção do
momento-chave na história florestal de toda a Europa termo “mulambo imundo”, em uma provocação direta ao
Ocidental. Abre-se, genericamente, um longo período Flamengo. Mulambo é um termo que surgiu em Angola,
de “crise florestal”, que se manifesta com acuidade nos na época da escravatura, e eles eram chamados de
países onde mais se desenvolvem as atividades industriais mulambos pelos senhores de engenho, os patrões
e comerciais. As necessidades em produtos lenhosos das fazendas.
aumentam drasticamente com o crescimento do consumo Disponível em: https://oglobo.globo.com. Acesso em: 23 nov. 2021.
nos mercados urbanos e nas regiões onde progridem a
Qual mudança no comportamento social a proposta
metalurgia e a construção naval, além da sua utilização
reportada no texto reflete?
na vida quotidiana de toda a população.
DEVY-VARETA, N. Para uma geografia histórica da floresta portuguesa. AA Rejeição de costumes elitistas.
Revista da Faculdade de Letras — Geografia, n. 1, 1986 (adaptado). BB Repulsão de condutas misóginas.
Qual acontecimento do período contribuiu diretamente
CC Condenação do preconceito racial.
para o agravamento da situação descrita?
DD Criminalização de práticas homofóbicas.
AA O processo de expansão marítima.
EE Contestação do comportamento machista.
BB A eclosão do renascimento cultural.
CC A concretização da centralização política. QUESTÃO 76
DD O movimento de reformas religiosas.
EE A manutenção do sistema feudal.
QUESTÃO 74
Tahuantinsuyu — nome do Império Inca em quéchua —
era dividido em quatro partes ou suyus: Chinchaysuyu
(noroeste do Peru e Equador), Antisuyu (parte amazônica
do império), Collasuyu (atual Bolívia) e Condesuyu (costa
do Oceano Pacífico) e tinha Cuzco, no atual Peru,
como sua capital imperial. Oficialmente, todas as etnias
dominadas pelos incas deveriam adotar a língua quéchua,
adorar o Sapa Inca e o Sol e pagar taxas em forma de
horas de trabalhos periódicos. No entanto, pode-se dizer
que o Império Inca era como um mosaico cultural em que
vários e diferentes grupos étnicos adoravam o Sapa Inca
e o Sol mas, simultaneamente, continuavam a adorar seus
deuses locais e também a falar em suas línguas nativas.
MARTINS, C. Os incas e os tahuantinsuyu: apresentação. Disponível em:
http://antigo.anphlac.org. Acesso em: 6 out. 2021 (adaptado).
Ao comparar, no texto, a vertente da dominação territorial
com os aspectos culturais, os incas tinham uma postura
AA aceitável no que alude aos direitos humanos.
BB admissível no que remete às crenças coloniais.
CC tolerável no que se refere aos regimes tributários.
Fonte: IBGE
DD flexível no que diz respeito aos costumes religiosos.
EE compreensível no que concerne às normas laborais.
–CH • 1º DIA • CADERNO 1 • AZUL– 27
rehlum
rop
sohliF
*010175AZ27*
Taxa de fecundidade no Brasil
De 1960 a 2020,
número de filhos baixa de
6,3 para 1,5
7
6,3
6 5,8
5
4,1
4
3 2,8
2,4
2 1,8
1,5 1,5 1,5 1,5
1
0
1960 1970 19801990200020102020203020402050
Décadas
Disponível em: www.insper.edu.br. Acesso em: 27 set. 2021 (adaptado).
Qual fator foi determinante para a mudança do indicador
apresentado no gráfico?
AA Flexibilização legal da prática de aborto.
BB Envelhecimento da população brasileira.
CC Crescimento dos casos de gravidez precoce.
DD Participação feminina no mercado de trabalho.
EE Diminuição dos benefícios na licença-maternidade."
4;LC;140729;C;6;0;;1.52132;1.43573;0.2144;AZUL;1281;1.0;0;2023;"QUESTÃO 73 QUESTÃO 75
Os séculos XV e XVI, quando se vão desmoronando A torcida do Fluminense inicia um movimento para
as estruturas socioeconômicas da Idade Média perante mudar a letra de uma das músicas mais populares das
os novos imperativos da Época moderna, constituem um arquibancadas tricolores. Grupos pedem a remoção do
momento-chave na história florestal de toda a Europa termo “mulambo imundo”, em uma provocação direta ao
Ocidental. Abre-se, genericamente, um longo período Flamengo. Mulambo é um termo que surgiu em Angola,
de “crise florestal”, que se manifesta com acuidade nos na época da escravatura, e eles eram chamados de
países onde mais se desenvolvem as atividades industriais mulambos pelos senhores de engenho, os patrões
e comerciais. As necessidades em produtos lenhosos das fazendas.
aumentam drasticamente com o crescimento do consumo Disponível em: https://oglobo.globo.com. Acesso em: 23 nov. 2021.
nos mercados urbanos e nas regiões onde progridem a
Qual mudança no comportamento social a proposta
metalurgia e a construção naval, além da sua utilização
reportada no texto reflete?
na vida quotidiana de toda a população.
DEVY-VARETA, N. Para uma geografia histórica da floresta portuguesa. AA Rejeição de costumes elitistas.
Revista da Faculdade de Letras — Geografia, n. 1, 1986 (adaptado). BB Repulsão de condutas misóginas.
Qual acontecimento do período contribuiu diretamente
CC Condenação do preconceito racial.
para o agravamento da situação descrita?
DD Criminalização de práticas homofóbicas.
AA O processo de expansão marítima.
EE Contestação do comportamento machista.
BB A eclosão do renascimento cultural.
CC A concretização da centralização política. QUESTÃO 76
DD O movimento de reformas religiosas.
EE A manutenção do sistema feudal.
QUESTÃO 74
Tahuantinsuyu — nome do Império Inca em quéchua —
era dividido em quatro partes ou suyus: Chinchaysuyu
(noroeste do Peru e Equador), Antisuyu (parte amazônica
do império), Collasuyu (atual Bolívia) e Condesuyu (costa
do Oceano Pacífico) e tinha Cuzco, no atual Peru,
como sua capital imperial. Oficialmente, todas as etnias
dominadas pelos incas deveriam adotar a língua quéchua,
adorar o Sapa Inca e o Sol e pagar taxas em forma de
horas de trabalhos periódicos. No entanto, pode-se dizer
que o Império Inca era como um mosaico cultural em que
vários e diferentes grupos étnicos adoravam o Sapa Inca
e o Sol mas, simultaneamente, continuavam a adorar seus
deuses locais e também a falar em suas línguas nativas.
MARTINS, C. Os incas e os tahuantinsuyu: apresentação. Disponível em:
http://antigo.anphlac.org. Acesso em: 6 out. 2021 (adaptado).
Ao comparar, no texto, a vertente da dominação territorial
com os aspectos culturais, os incas tinham uma postura
AA aceitável no que alude aos direitos humanos.
BB admissível no que remete às crenças coloniais.
CC tolerável no que se refere aos regimes tributários.
Fonte: IBGE
DD flexível no que diz respeito aos costumes religiosos.
EE compreensível no que concerne às normas laborais.
–CH • 1º DIA • CADERNO 1 • AZUL– 27
rehlum
rop
sohliF
*010175AZ27*
Taxa de fecundidade no Brasil
De 1960 a 2020,
número de filhos baixa de
6,3 para 1,5
7
6,3
6 5,8
5
4,1
4
3 2,8
2,4
2 1,8
1,5 1,5 1,5 1,5
1
0
1960 1970 19801990200020102020203020402050
Décadas
Disponível em: www.insper.edu.br. Acesso em: 27 set. 2021 (adaptado).
Qual fator foi determinante para a mudança do indicador
apresentado no gráfico?
AA Flexibilização legal da prática de aborto.
BB Envelhecimento da população brasileira.
CC Crescimento dos casos de gravidez precoce.
DD Participação feminina no mercado de trabalho.
EE Diminuição dos benefícios na licença-maternidade."
4;LC;140729;C;6;0;;1.52132;1.43573;0.2144;AZUL;1241;1.0;0;2023;"QUESTÃO 73 QUESTÃO 75
Os séculos XV e XVI, quando se vão desmoronando A torcida do Fluminense inicia um movimento para
as estruturas socioeconômicas da Idade Média perante mudar a letra de uma das músicas mais populares das
os novos imperativos da Época moderna, constituem um arquibancadas tricolores. Grupos pedem a remoção do
momento-chave na história florestal de toda a Europa termo “mulambo imundo”, em uma provocação direta ao
Ocidental. Abre-se, genericamente, um longo período Flamengo. Mulambo é um termo que surgiu em Angola,
de “crise florestal”, que se manifesta com acuidade nos na época da escravatura, e eles eram chamados de
países onde mais se desenvolvem as atividades industriais mulambos pelos senhores de engenho, os patrões
e comerciais. As necessidades em produtos lenhosos das fazendas.
aumentam drasticamente com o crescimento do consumo Disponível em: https://oglobo.globo.com. Acesso em: 23 nov. 2021.
nos mercados urbanos e nas regiões onde progridem a
Qual mudança no comportamento social a proposta
metalurgia e a construção naval, além da sua utilização
reportada no texto reflete?
na vida quotidiana de toda a população.
DEVY-VARETA, N. Para uma geografia histórica da floresta portuguesa. AA Rejeição de costumes elitistas.
Revista da Faculdade de Letras — Geografia, n. 1, 1986 (adaptado). BB Repulsão de condutas misóginas.
Qual acontecimento do período contribuiu diretamente
CC Condenação do preconceito racial.
para o agravamento da situação descrita?
DD Criminalização de práticas homofóbicas.
AA O processo de expansão marítima.
EE Contestação do comportamento machista.
BB A eclosão do renascimento cultural.
CC A concretização da centralização política. QUESTÃO 76
DD O movimento de reformas religiosas.
EE A manutenção do sistema feudal.
QUESTÃO 74
Tahuantinsuyu — nome do Império Inca em quéchua —
era dividido em quatro partes ou suyus: Chinchaysuyu
(noroeste do Peru e Equador), Antisuyu (parte amazônica
do império), Collasuyu (atual Bolívia) e Condesuyu (costa
do Oceano Pacífico) e tinha Cuzco, no atual Peru,
como sua capital imperial. Oficialmente, todas as etnias
dominadas pelos incas deveriam adotar a língua quéchua,
adorar o Sapa Inca e o Sol e pagar taxas em forma de
horas de trabalhos periódicos. No entanto, pode-se dizer
que o Império Inca era como um mosaico cultural em que
vários e diferentes grupos étnicos adoravam o Sapa Inca
e o Sol mas, simultaneamente, continuavam a adorar seus
deuses locais e também a falar em suas línguas nativas.
MARTINS, C. Os incas e os tahuantinsuyu: apresentação. Disponível em:
http://antigo.anphlac.org. Acesso em: 6 out. 2021 (adaptado).
Ao comparar, no texto, a vertente da dominação territorial
com os aspectos culturais, os incas tinham uma postura
AA aceitável no que alude aos direitos humanos.
BB admissível no que remete às crenças coloniais.
CC tolerável no que se refere aos regimes tributários.
Fonte: IBGE
DD flexível no que diz respeito aos costumes religiosos.
EE compreensível no que concerne às normas laborais.
–CH • 1º DIA • CADERNO 1 • AZUL– 27
rehlum
rop
sohliF
*010175AZ27*
Taxa de fecundidade no Brasil
De 1960 a 2020,
número de filhos baixa de
6,3 para 1,5
7
6,3
6 5,8
5
4,1
4
3 2,8
2,4
2 1,8
1,5 1,5 1,5 1,5
1
0
1960 1970 19801990200020102020203020402050
Décadas
Disponível em: www.insper.edu.br. Acesso em: 27 set. 2021 (adaptado).
Qual fator foi determinante para a mudança do indicador
apresentado no gráfico?
AA Flexibilização legal da prática de aborto.
BB Envelhecimento da população brasileira.
CC Crescimento dos casos de gravidez precoce.
DD Participação feminina no mercado de trabalho.
EE Diminuição dos benefícios na licença-maternidade."
4;LC;140729;C;6;0;;1.52132;1.43573;0.2144;AZUL;1281;1.0;0;2023;"QUESTÃO 73 QUESTÃO 75
Os séculos XV e XVI, quando se vão desmoronando A torcida do Fluminense inicia um movimento para
as estruturas socioeconômicas da Idade Média perante mudar a letra de uma das músicas mais populares das
os novos imperativos da Época moderna, constituem um arquibancadas tricolores. Grupos pedem a remoção do
momento-chave na história florestal de toda a Europa termo “mulambo imundo”, em uma provocação direta ao
Ocidental. Abre-se, genericamente, um longo período Flamengo. Mulambo é um termo que surgiu em Angola,
de “crise florestal”, que se manifesta com acuidade nos na época da escravatura, e eles eram chamados de
países onde mais se desenvolvem as atividades industriais mulambos pelos senhores de engenho, os patrões
e comerciais. As necessidades em produtos lenhosos das fazendas.
aumentam drasticamente com o crescimento do consumo Disponível em: https://oglobo.globo.com. Acesso em: 23 nov. 2021.
nos mercados urbanos e nas regiões onde progridem a
Qual mudança no comportamento social a proposta
metalurgia e a construção naval, além da sua utilização
reportada no texto reflete?
na vida quotidiana de toda a população.
DEVY-VARETA, N. Para uma geografia histórica da floresta portuguesa. AA Rejeição de costumes elitistas.
Revista da Faculdade de Letras — Geografia, n. 1, 1986 (adaptado). BB Repulsão de condutas misóginas.
Qual acontecimento do período contribuiu diretamente
CC Condenação do preconceito racial.
para o agravamento da situação descrita?
DD Criminalização de práticas homofóbicas.
AA O processo de expansão marítima.
EE Contestação do comportamento machista.
BB A eclosão do renascimento cultural.
CC A concretização da centralização política. QUESTÃO 76
DD O movimento de reformas religiosas.
EE A manutenção do sistema feudal.
QUESTÃO 74
Tahuantinsuyu — nome do Império Inca em quéchua —
era dividido em quatro partes ou suyus: Chinchaysuyu
(noroeste do Peru e Equador), Antisuyu (parte amazônica
do império), Collasuyu (atual Bolívia) e Condesuyu (costa
do Oceano Pacífico) e tinha Cuzco, no atual Peru,
como sua capital imperial. Oficialmente, todas as etnias
dominadas pelos incas deveriam adotar a língua quéchua,
adorar o Sapa Inca e o Sol e pagar taxas em forma de
horas de trabalhos periódicos. No entanto, pode-se dizer
que o Império Inca era como um mosaico cultural em que
vários e diferentes grupos étnicos adoravam o Sapa Inca
e o Sol mas, simultaneamente, continuavam a adorar seus
deuses locais e também a falar em suas línguas nativas.
MARTINS, C. Os incas e os tahuantinsuyu: apresentação. Disponível em:
http://antigo.anphlac.org. Acesso em: 6 out. 2021 (adaptado).
Ao comparar, no texto, a vertente da dominação territorial
com os aspectos culturais, os incas tinham uma postura
AA aceitável no que alude aos direitos humanos.
BB admissível no que remete às crenças coloniais.
CC tolerável no que se refere aos regimes tributários.
Fonte: IBGE
DD flexível no que diz respeito aos costumes religiosos.
EE compreensível no que concerne às normas laborais.
–CH • 1º DIA • CADERNO 1 • AZUL– 27
rehlum
rop
sohliF
*010175AZ27*
Taxa de fecundidade no Brasil
De 1960 a 2020,
número de filhos baixa de
6,3 para 1,5
7
6,3
6 5,8
5
4,1
4
3 2,8
2,4
2 1,8
1,5 1,5 1,5 1,5
1
0
1960 1970 19801990200020102020203020402050
Décadas
Disponível em: www.insper.edu.br. Acesso em: 27 set. 2021 (adaptado).
Qual fator foi determinante para a mudança do indicador
apresentado no gráfico?
AA Flexibilização legal da prática de aborto.
BB Envelhecimento da população brasileira.
CC Crescimento dos casos de gravidez precoce.
DD Participação feminina no mercado de trabalho.
EE Diminuição dos benefícios na licença-maternidade."
134;CN;88676;A;11;0;;1.50992;0.75485;0.13474;AZUL;1333;;0;2023;Texto extraído diretamente do caderno oficial.
134;CN;88676;A;11;0;;1.50992;0.75485;0.13474;AZUL;1333;;0;2023;Texto extraído diretamente do caderno oficial.
134;CN;88676;A;11;0;;1.50992;0.75485;0.13474;AZUL;1333;;0;2023;Texto extraído diretamente do caderno oficial.
131;CN;117631;A;18;0;;1.50761;0.49481;0.17371;AZUL;1221;;0;2023;Texto extraído diretamente do caderno oficial.
131;CN;117631;A;18;0;;1.50761;0.49481;0.17371;AZUL;1221;;0;2023;Texto extraído diretamente do caderno oficial.
131;CN;117631;A;18;0;;1.50761;0.49481;0.17371;AZUL;1221;;0;2023;Texto extraído diretamente do caderno oficial.
35;LC;140866;E;17;0;;1.49999;1.57603;0.1612;AZUL;1241;;0;2023;Texto extraído diretamente do caderno oficial.
35;LC;140866;E;17;0;;1.49999;1.57603;0.1612;AZUL;1281;;0;2023;Texto extraído diretamente do caderno oficial.
35;LC;140866;E;17;0;;1.49999;1.57603;0.1612;AZUL;1241;;0;2023;Texto extraído diretamente do caderno oficial.
35;LC;140866;E;17;0;;1.49999;1.57603;0.1612;AZUL;1281;;0;2023;Texto extraído diretamente do caderno oficial.
35;LC;140866;E;17;0;;1.49999;1.57603;0.1612;AZUL;1241;;0;2023;Texto extraído diretamente do caderno oficial.
35;LC;140866;E;17;0;;1.49999;1.57603;0.1612;AZUL;1281;;0;2023;Texto extraído diretamente do caderno oficial.
154;MT;27840;E;12;0;;1.49597;0.94258;0.18539;AZUL;1323;;0;2023;Texto extraído diretamente do caderno oficial.
154;MT;27840;E;12;0;;1.49597;0.94258;0.18539;AZUL;1323;;0;2023;Texto extraído diretamente do caderno oficial.
154;MT;27840;E;12;0;;1.49597;0.94258;0.18539;AZUL;1323;;0;2023;Texto extraído diretamente do caderno oficial.
92;CN;111657;D;12;0;;1.48916;1.59773;0.21462;AZUL;1333;;0;2023;Texto extraído diretamente do caderno oficial.
92;CN;111657;D;12;0;;1.48916;1.59773;0.21462;AZUL;1333;;0;2023;Texto extraído diretamente do caderno oficial.
92;CN;111657;D;12;0;;1.48916;1.59773;0.21462;AZUL;1333;;0;2023;Texto extraído diretamente do caderno oficial.
98;CN;45163;A;18;0;;1.48715;1.71916;0.18593;AZUL;1333;;0;2023;Texto extraído diretamente do caderno oficial.
98;CN;45163;A;18;0;;1.48715;1.71916;0.18593;AZUL;1333;;0;2023;Texto extraído diretamente do caderno oficial.
98;CN;45163;A;18;0;;1.48715;1.71916;0.18593;AZUL;1333;;0;2023;Texto extraído diretamente do caderno oficial.
115;CN;126577;A;20;0;;1.48367;2.43527;0.15643;AZUL;1333;;0;2023;Texto extraído diretamente do caderno oficial.
115;CN;126577;A;20;0;;1.48367;2.43527;0.15643;AZUL;1333;;0;2023;Texto extraído diretamente do caderno oficial.
115;CN;126577;A;20;0;;1.48367;2.43527;0.15643;AZUL;1333;;0;2023;Texto extraído diretamente do caderno oficial.
160;MT;86955;A;27;0;;1.47338;1.91066;0.1946;AZUL;1323;;0;2023;Texto extraído diretamente do caderno oficial.
160;MT;86955;A;27;0;;1.47338;1.91066;0.1946;AZUL;1323;;0;2023;Texto extraído diretamente do caderno oficial.
160;MT;86955;A;27;0;;1.47338;1.91066;0.1946;AZUL;1323;;0;2023;Texto extraído diretamente do caderno oficial.
138;MT;141582;C;30;0;;1.46956;2.91942;0.24283;AZUL;1211;;0;2023;Texto extraído diretamente do caderno oficial.
138;MT;141582;C;30;0;;1.46956;2.91942;0.24283;AZUL;1211;;0;2023;Texto extraído diretamente do caderno oficial.
138;MT;141582;C;30;0;;1.46956;2.91942;0.24283;AZUL;1211;;0;2023;Texto extraído diretamente do caderno oficial.
156;MT;126004;D;7;0;;1.46288;1.83821;0.27312;AZUL;1323;;0;2023;Texto extraído diretamente do caderno oficial.
156;MT;126004;D;7;0;;1.46288;1.83821;0.27312;AZUL;1323;;0;2023;Texto extraído diretamente do caderno oficial.
156;MT;126004;D;7;0;;1.46288;1.83821;0.27312;AZUL;1323;;0;2023;Texto extraído diretamente do caderno oficial.
132;CN;95504;B;4;0;;1.44913;0.90324;0.29682;AZUL;1333;;0;2023;Texto extraído diretamente do caderno oficial.
132;CN;95504;B;4;0;;1.44913;0.90324;0.29682;AZUL;1333;;0;2023;Texto extraído diretamente do caderno oficial.
132;CN;95504;B;4;0;;1.44913;0.90324;0.29682;AZUL;1333;;0;2023;Texto extraído diretamente do caderno oficial.
13;LC;140949;C;16;0;;1.43175;0.80537;0.12273;AZUL;1201;;0;2023;Texto extraído diretamente do caderno oficial.
13;LC;140949;C;16;0;;1.43175;0.80537;0.12273;AZUL;1201;;0;2023;Texto extraído diretamente do caderno oficial.
13;LC;140949;C;16;0;;1.43175;0.80537;0.12273;AZUL;1201;;0;2023;Texto extraído diretamente do caderno oficial.
157;MT;125975;A;6;0;;1.42997;1.57887;0.13599;AZUL;1291;;0;2023;Texto extraído diretamente do caderno oficial.
157;MT;125975;A;6;0;;1.42997;1.57887;0.13599;AZUL;1291;;0;2023;Texto extraído diretamente do caderno oficial.
157;MT;125975;A;6;0;;1.42997;1.57887;0.13599;AZUL;1251;;0;2023;Texto extraído diretamente do caderno oficial.
157;MT;125975;A;6;0;;1.42997;1.57887;0.13599;AZUL;1251;;0;2023;Texto extraído diretamente do caderno oficial.
157;MT;125975;A;6;0;;1.42997;1.57887;0.13599;AZUL;1251;;0;2023;Texto extraído diretamente do caderno oficial.
157;MT;125975;A;6;0;;1.42997;1.57887;0.13599;AZUL;1291;;0;2023;Texto extraído diretamente do caderno oficial.
118;CN;84984;C;11;0;;1.42963;0.8045;0.16236;AZUL;1301;;0;2023;Texto extraído diretamente do caderno oficial.
118;CN;84984;C;11;0;;1.42963;0.8045;0.16236;AZUL;1261;;0;2023;Texto extraído diretamente do caderno oficial.
118;CN;84984;C;11;0;;1.42963;0.8045;0.16236;AZUL;1301;;0;2023;Texto extraído diretamente do caderno oficial.
118;CN;84984;C;11;0;;1.42963;0.8045;0.16236;AZUL;1301;;0;2023;Texto extraído diretamente do caderno oficial.
118;CN;84984;C;11;0;;1.42963;0.8045;0.16236;AZUL;1261;;0;2023;Texto extraído diretamente do caderno oficial.
118;CN;84984;C;11;0;;1.42963;0.8045;0.16236;AZUL;1261;;0;2023;Texto extraído diretamente do caderno oficial.
131;CN;82747;E;28;0;;1.42716;0.47356;0.22465;AZUL;1333;;0;2023;Texto extraído diretamente do caderno oficial.
131;CN;82747;E;28;0;;1.42716;0.47356;0.22465;AZUL;1333;;0;2023;Texto extraído diretamente do caderno oficial.
131;CN;82747;E;28;0;;1.42716;0.47356;0.22465;AZUL;1333;;0;2023;Texto extraído diretamente do caderno oficial.
45;LC;140920;E;3;0;;1.41999;0.67926;0.21271;AZUL;1201;;0;2023;Texto extraído diretamente do caderno oficial.
45;LC;140920;E;3;0;;1.41999;0.67926;0.21271;AZUL;1201;;0;2023;Texto extraído diretamente do caderno oficial.
45;LC;140920;E;3;0;;1.41999;0.67926;0.21271;AZUL;1201;;0;2023;Texto extraído diretamente do caderno oficial.
175;MT;84219;D;17;0;;1.40499;2.56924;0.29516;AZUL;1323;;0;2023;Texto extraído diretamente do caderno oficial.
175;MT;84219;D;17;0;;1.40499;2.56924;0.29516;AZUL;1323;;0;2023;Texto extraído diretamente do caderno oficial.
175;MT;84219;D;17;0;;1.40499;2.56924;0.29516;AZUL;1323;;0;2023;Texto extraído diretamente do caderno oficial.
169;MT;26485;B;25;0;;1.39291;2.46888;0.17809;AZUL;1323;;0;2023;Texto extraído diretamente do caderno oficial.
169;MT;26485;B;25;0;;1.39291;2.46888;0.17809;AZUL;1323;;0;2023;Texto extraído diretamente do caderno oficial.
169;MT;26485;B;25;0;;1.39291;2.46888;0.17809;AZUL;1323;;0;2023;Texto extraído diretamente do caderno oficial.
75;CH;141024;D;8;0;;1.38076;0.46553;0.21175;AZUL;1271;;0;2023;Texto extraído diretamente do caderno oficial.
75;CH;141024;D;8;0;;1.38076;0.46553;0.21175;AZUL;1231;;0;2023;Texto extraído diretamente do caderno oficial.
75;CH;141024;D;8;0;;1.38076;0.46553;0.21175;AZUL;1231;;0;2023;Texto extraído diretamente do caderno oficial.
75;CH;141024;D;8;0;;1.38076;0.46553;0.21175;AZUL;1271;;0;2023;Texto extraído diretamente do caderno oficial.
75;CH;141024;D;8;0;;1.38076;0.46553;0.21175;AZUL;1271;;0;2023;Texto extraído diretamente do caderno oficial.
75;CH;141024;D;8;0;;1.38076;0.46553;0.21175;AZUL;1231;;0;2023;Texto extraído diretamente do caderno oficial.
158;MT;117633;D;5;0;;1.37105;2.55621;0.17151;AZUL;1211;;0;2023;Texto extraído diretamente do caderno oficial.
158;MT;117633;D;5;0;;1.37105;2.55621;0.17151;AZUL;1211;;0;2023;Texto extraído diretamente do caderno oficial.
158;MT;117633;D;5;0;;1.37105;2.55621;0.17151;AZUL;1211;;0;2023;Texto extraído diretamente do caderno oficial.
7;LC;140884;A;17;0;;1.35926;1.14954;0.23381;AZUL;1201;;0;2023;"QUESTÃO 73 QUESTÃO 75
Os séculos XV e XVI, quando se vão desmoronando A torcida do Fluminense inicia um movimento para
as estruturas socioeconômicas da Idade Média perante mudar a letra de uma das músicas mais populares das
os novos imperativos da Época moderna, constituem um arquibancadas tricolores. Grupos pedem a remoção do
momento-chave na história florestal de toda a Europa termo “mulambo imundo”, em uma provocação direta ao
Ocidental. Abre-se, genericamente, um longo período Flamengo. Mulambo é um termo que surgiu em Angola,
de “crise florestal”, que se manifesta com acuidade nos na época da escravatura, e eles eram chamados de
países onde mais se desenvolvem as atividades industriais mulambos pelos senhores de engenho, os patrões
e comerciais. As necessidades em produtos lenhosos das fazendas.
aumentam drasticamente com o crescimento do consumo Disponível em: https://oglobo.globo.com. Acesso em: 23 nov. 2021.
nos mercados urbanos e nas regiões onde progridem a
Qual mudança no comportamento social a proposta
metalurgia e a construção naval, além da sua utilização
reportada no texto reflete?
na vida quotidiana de toda a população.
DEVY-VARETA, N. Para uma geografia histórica da floresta portuguesa. AA Rejeição de costumes elitistas.
Revista da Faculdade de Letras — Geografia, n. 1, 1986 (adaptado). BB Repulsão de condutas misóginas.
Qual acontecimento do período contribuiu diretamente
CC Condenação do preconceito racial.
para o agravamento da situação descrita?
DD Criminalização de práticas homofóbicas.
AA O processo de expansão marítima.
EE Contestação do comportamento machista.
BB A eclosão do renascimento cultural.
CC A concretização da centralização política. QUESTÃO 76
DD O movimento de reformas religiosas.
EE A manutenção do sistema feudal.
QUESTÃO 74
Tahuantinsuyu — nome do Império Inca em quéchua —
era dividido em quatro partes ou suyus: Chinchaysuyu
(noroeste do Peru e Equador), Antisuyu (parte amazônica
do império), Collasuyu (atual Bolívia) e Condesuyu (costa
do Oceano Pacífico) e tinha Cuzco, no atual Peru,
como sua capital imperial. Oficialmente, todas as etnias
dominadas pelos incas deveriam adotar a língua quéchua,
adorar o Sapa Inca e o Sol e pagar taxas em forma de
horas de trabalhos periódicos. No entanto, pode-se dizer
que o Império Inca era como um mosaico cultural em que
vários e diferentes grupos étnicos adoravam o Sapa Inca
e o Sol mas, simultaneamente, continuavam a adorar seus
deuses locais e também a falar em suas línguas nativas.
MARTINS, C. Os incas e os tahuantinsuyu: apresentação. Disponível em:
http://antigo.anphlac.org. Acesso em: 6 out. 2021 (adaptado).
Ao comparar, no texto, a vertente da dominação territorial
com os aspectos culturais, os incas tinham uma postura
AA aceitável no que alude aos direitos humanos.
BB admissível no que remete às crenças coloniais.
CC tolerável no que se refere aos regimes tributários.
Fonte: IBGE
DD flexível no que diz respeito aos costumes religiosos.
EE compreensível no que concerne às normas laborais.
–CH • 1º DIA • CADERNO 1 • AZUL– 27
rehlum
rop
sohliF
*010175AZ27*
Taxa de fecundidade no Brasil
De 1960 a 2020,
número de filhos baixa de
6,3 para 1,5
7
6,3
6 5,8
5
4,1
4
3 2,8
2,4
2 1,8
1,5 1,5 1,5 1,5
1
0
1960 1970 19801990200020102020203020402050
Décadas
Disponível em: www.insper.edu.br. Acesso em: 27 set. 2021 (adaptado).
Qual fator foi determinante para a mudança do indicador
apresentado no gráfico?
AA Flexibilização legal da prática de aborto.
BB Envelhecimento da população brasileira.
CC Crescimento dos casos de gravidez precoce.
DD Participação feminina no mercado de trabalho.
EE Diminuição dos benefícios na licença-maternidade."
7;LC;140884;A;17;0;;1.35926;1.14954;0.23381;AZUL;1201;;0;2023;"QUESTÃO 73 QUESTÃO 75
Os séculos XV e XVI, quando se vão desmoronando A torcida do Fluminense inicia um movimento para
as estruturas socioeconômicas da Idade Média perante mudar a letra de uma das músicas mais populares das
os novos imperativos da Época moderna, constituem um arquibancadas tricolores. Grupos pedem a remoção do
momento-chave na história florestal de toda a Europa termo “mulambo imundo”, em uma provocação direta ao
Ocidental. Abre-se, genericamente, um longo período Flamengo. Mulambo é um termo que surgiu em Angola,
de “crise florestal”, que se manifesta com acuidade nos na época da escravatura, e eles eram chamados de
países onde mais se desenvolvem as atividades industriais mulambos pelos senhores de engenho, os patrões
e comerciais. As necessidades em produtos lenhosos das fazendas.
aumentam drasticamente com o crescimento do consumo Disponível em: https://oglobo.globo.com. Acesso em: 23 nov. 2021.
nos mercados urbanos e nas regiões onde progridem a
Qual mudança no comportamento social a proposta
metalurgia e a construção naval, além da sua utilização
reportada no texto reflete?
na vida quotidiana de toda a população.
DEVY-VARETA, N. Para uma geografia histórica da floresta portuguesa. AA Rejeição de costumes elitistas.
Revista da Faculdade de Letras — Geografia, n. 1, 1986 (adaptado). BB Repulsão de condutas misóginas.
Qual acontecimento do período contribuiu diretamente
CC Condenação do preconceito racial.
para o agravamento da situação descrita?
DD Criminalização de práticas homofóbicas.
AA O processo de expansão marítima.
EE Contestação do comportamento machista.
BB A eclosão do renascimento cultural.
CC A concretização da centralização política. QUESTÃO 76
DD O movimento de reformas religiosas.
EE A manutenção do sistema feudal.
QUESTÃO 74
Tahuantinsuyu — nome do Império Inca em quéchua —
era dividido em quatro partes ou suyus: Chinchaysuyu
(noroeste do Peru e Equador), Antisuyu (parte amazônica
do império), Collasuyu (atual Bolívia) e Condesuyu (costa
do Oceano Pacífico) e tinha Cuzco, no atual Peru,
como sua capital imperial. Oficialmente, todas as etnias
dominadas pelos incas deveriam adotar a língua quéchua,
adorar o Sapa Inca e o Sol e pagar taxas em forma de
horas de trabalhos periódicos. No entanto, pode-se dizer
que o Império Inca era como um mosaico cultural em que
vários e diferentes grupos étnicos adoravam o Sapa Inca
e o Sol mas, simultaneamente, continuavam a adorar seus
deuses locais e também a falar em suas línguas nativas.
MARTINS, C. Os incas e os tahuantinsuyu: apresentação. Disponível em:
http://antigo.anphlac.org. Acesso em: 6 out. 2021 (adaptado).
Ao comparar, no texto, a vertente da dominação territorial
com os aspectos culturais, os incas tinham uma postura
AA aceitável no que alude aos direitos humanos.
BB admissível no que remete às crenças coloniais.
CC tolerável no que se refere aos regimes tributários.
Fonte: IBGE
DD flexível no que diz respeito aos costumes religiosos.
EE compreensível no que concerne às normas laborais.
–CH • 1º DIA • CADERNO 1 • AZUL– 27
rehlum
rop
sohliF
*010175AZ27*
Taxa de fecundidade no Brasil
De 1960 a 2020,
número de filhos baixa de
6,3 para 1,5
7
6,3
6 5,8
5
4,1
4
3 2,8
2,4
2 1,8
1,5 1,5 1,5 1,5
1
0
1960 1970 19801990200020102020203020402050
Décadas
Disponível em: www.insper.edu.br. Acesso em: 27 set. 2021 (adaptado).
Qual fator foi determinante para a mudança do indicador
apresentado no gráfico?
AA Flexibilização legal da prática de aborto.
BB Envelhecimento da população brasileira.
CC Crescimento dos casos de gravidez precoce.
DD Participação feminina no mercado de trabalho.
EE Diminuição dos benefícios na licença-maternidade."
7;LC;140884;A;17;0;;1.35926;1.14954;0.23381;AZUL;1201;;0;2023;"QUESTÃO 73 QUESTÃO 75
Os séculos XV e XVI, quando se vão desmoronando A torcida do Fluminense inicia um movimento para
as estruturas socioeconômicas da Idade Média perante mudar a letra de uma das músicas mais populares das
os novos imperativos da Época moderna, constituem um arquibancadas tricolores. Grupos pedem a remoção do
momento-chave na história florestal de toda a Europa termo “mulambo imundo”, em uma provocação direta ao
Ocidental. Abre-se, genericamente, um longo período Flamengo. Mulambo é um termo que surgiu em Angola,
de “crise florestal”, que se manifesta com acuidade nos na época da escravatura, e eles eram chamados de
países onde mais se desenvolvem as atividades industriais mulambos pelos senhores de engenho, os patrões
e comerciais. As necessidades em produtos lenhosos das fazendas.
aumentam drasticamente com o crescimento do consumo Disponível em: https://oglobo.globo.com. Acesso em: 23 nov. 2021.
nos mercados urbanos e nas regiões onde progridem a
Qual mudança no comportamento social a proposta
metalurgia e a construção naval, além da sua utilização
reportada no texto reflete?
na vida quotidiana de toda a população.
DEVY-VARETA, N. Para uma geografia histórica da floresta portuguesa. AA Rejeição de costumes elitistas.
Revista da Faculdade de Letras — Geografia, n. 1, 1986 (adaptado). BB Repulsão de condutas misóginas.
Qual acontecimento do período contribuiu diretamente
CC Condenação do preconceito racial.
para o agravamento da situação descrita?
DD Criminalização de práticas homofóbicas.
AA O processo de expansão marítima.
EE Contestação do comportamento machista.
BB A eclosão do renascimento cultural.
CC A concretização da centralização política. QUESTÃO 76
DD O movimento de reformas religiosas.
EE A manutenção do sistema feudal.
QUESTÃO 74
Tahuantinsuyu — nome do Império Inca em quéchua —
era dividido em quatro partes ou suyus: Chinchaysuyu
(noroeste do Peru e Equador), Antisuyu (parte amazônica
do império), Collasuyu (atual Bolívia) e Condesuyu (costa
do Oceano Pacífico) e tinha Cuzco, no atual Peru,
como sua capital imperial. Oficialmente, todas as etnias
dominadas pelos incas deveriam adotar a língua quéchua,
adorar o Sapa Inca e o Sol e pagar taxas em forma de
horas de trabalhos periódicos. No entanto, pode-se dizer
que o Império Inca era como um mosaico cultural em que
vários e diferentes grupos étnicos adoravam o Sapa Inca
e o Sol mas, simultaneamente, continuavam a adorar seus
deuses locais e também a falar em suas línguas nativas.
MARTINS, C. Os incas e os tahuantinsuyu: apresentação. Disponível em:
http://antigo.anphlac.org. Acesso em: 6 out. 2021 (adaptado).
Ao comparar, no texto, a vertente da dominação territorial
com os aspectos culturais, os incas tinham uma postura
AA aceitável no que alude aos direitos humanos.
BB admissível no que remete às crenças coloniais.
CC tolerável no que se refere aos regimes tributários.
Fonte: IBGE
DD flexível no que diz respeito aos costumes religiosos.
EE compreensível no que concerne às normas laborais.
–CH • 1º DIA • CADERNO 1 • AZUL– 27
rehlum
rop
sohliF
*010175AZ27*
Taxa de fecundidade no Brasil
De 1960 a 2020,
número de filhos baixa de
6,3 para 1,5
7
6,3
6 5,8
5
4,1
4
3 2,8
2,4
2 1,8
1,5 1,5 1,5 1,5
1
0
1960 1970 19801990200020102020203020402050
Décadas
Disponível em: www.insper.edu.br. Acesso em: 27 set. 2021 (adaptado).
Qual fator foi determinante para a mudança do indicador
apresentado no gráfico?
AA Flexibilização legal da prática de aborto.
BB Envelhecimento da população brasileira.
CC Crescimento dos casos de gravidez precoce.
DD Participação feminina no mercado de trabalho.
EE Diminuição dos benefícios na licença-maternidade."
43;LC;16384;A;1;0;;1.35809;0.9065;0.15984;AZUL;1201;;0;2023;Texto extraído diretamente do caderno oficial.
43;LC;16384;A;1;0;;1.35809;0.9065;0.15984;AZUL;1201;;0;2023;Texto extraído diretamente do caderno oficial.
43;LC;16384;A;1;0;;1.35809;0.9065;0.15984;AZUL;1201;;0;2023;Texto extraído diretamente do caderno oficial.
173;MT;97503;D;5;0;;1.35644;1.59204;0.16417;AZUL;1323;;0;2023;Texto extraído diretamente do caderno oficial.
173;MT;97503;D;5;0;;1.35644;1.59204;0.16417;AZUL;1323;;0;2023;Texto extraído diretamente do caderno oficial.
173;MT;97503;D;5;0;;1.35644;1.59204;0.16417;AZUL;1323;;0;2023;Texto extraído diretamente do caderno oficial.
23;LC;140844;D;18;0;;1.35625;-0.20143;0.209;AZUL;1281;;0;2023;"*010175AZ32*
01
1 Dia 1 Dia
1°Capa 4°Capa
Transcreva a sua Redação para a Folha de Redação.
Azul 1 1 Azul
Amarelo 2 2 Amarelo
Branco 3 1 3 Branco
Rosa 4 2 4 Rosa
3
Ledor 9 9 Ledor
Libras 10 4 10 Libras
5
6
7
8
O
9
H
10
N O
11
U
12 Ã
C
13 Ç
S
14 A
A
15 D
16 R
E
17
R
18
A
19
D
20
21
22
23
24
2 Dia 2 Dia
1°Capa 25 4°Capa
Libras 12 26 12 Libras
Ledor 11 11 Ledor
27
28
Rosa 8 8 Rosa
Azul 7 29 7 Azul
Cinza 6 6 Cinza
30
Amarelo 5 5 Amarelo
32 –1º DIA • CADERNO 1 • AZUL–
01
BBiigguurrrriillhhooss..iinndddd 11 1144//0066//22002222 1177::1122::0066"
23;LC;140844;D;18;0;;1.35625;-0.20143;0.209;AZUL;1281;;0;2023;"*010175AZ32*
01
1 Dia 1 Dia
1°Capa 4°Capa
Transcreva a sua Redação para a Folha de Redação.
Azul 1 1 Azul
Amarelo 2 2 Amarelo
Branco 3 1 3 Branco
Rosa 4 2 4 Rosa
3
Ledor 9 9 Ledor
Libras 10 4 10 Libras
5
6
7
8
O
9
H
10
N O
11
U
12 Ã
C
13 Ç
S
14 A
A
15 D
16 R
E
17
R
18
A
19
D
20
21
22
23
24
2 Dia 2 Dia
1°Capa 25 4°Capa
Libras 12 26 12 Libras
Ledor 11 11 Ledor
27
28
Rosa 8 8 Rosa
Azul 7 29 7 Azul
Cinza 6 6 Cinza
30
Amarelo 5 5 Amarelo
32 –1º DIA • CADERNO 1 • AZUL–
01
BBiigguurrrriillhhooss..iinndddd 11 1144//0066//22002222 1177::1122::0066"
23;LC;140844;D;18;0;;1.35625;-0.20143;0.209;AZUL;1241;;0;2023;"*010175AZ32*
01
1 Dia 1 Dia
1°Capa 4°Capa
Transcreva a sua Redação para a Folha de Redação.
Azul 1 1 Azul
Amarelo 2 2 Amarelo
Branco 3 1 3 Branco
Rosa 4 2 4 Rosa
3
Ledor 9 9 Ledor
Libras 10 4 10 Libras
5
6
7
8
O
9
H
10
N O
11
U
12 Ã
C
13 Ç
S
14 A
A
15 D
16 R
E
17
R
18
A
19
D
20
21
22
23
24
2 Dia 2 Dia
1°Capa 25 4°Capa
Libras 12 26 12 Libras
Ledor 11 11 Ledor
27
28
Rosa 8 8 Rosa
Azul 7 29 7 Azul
Cinza 6 6 Cinza
30
Amarelo 5 5 Amarelo
32 –1º DIA • CADERNO 1 • AZUL–
01
BBiigguurrrriillhhooss..iinndddd 11 1144//0066//22002222 1177::1122::0066"
23;LC;140844;D;18;0;;1.35625;-0.20143;0.209;AZUL;1241;;0;2023;"*010175AZ32*
01
1 Dia 1 Dia
1°Capa 4°Capa
Transcreva a sua Redação para a Folha de Redação.
Azul 1 1 Azul
Amarelo 2 2 Amarelo
Branco 3 1 3 Branco
Rosa 4 2 4 Rosa
3
Ledor 9 9 Ledor
Libras 10 4 10 Libras
5
6
7
8
O
9
H
10
N O
11
U
12 Ã
C
13 Ç
S
14 A
A
15 D
16 R
E
17
R
18
A
19
D
20
21
22
23
24
2 Dia 2 Dia
1°Capa 25 4°Capa
Libras 12 26 12 Libras
Ledor 11 11 Ledor
27
28
Rosa 8 8 Rosa
Azul 7 29 7 Azul
Cinza 6 6 Cinza
30
Amarelo 5 5 Amarelo
32 –1º DIA • CADERNO 1 • AZUL–
01
BBiigguurrrriillhhooss..iinndddd 11 1144//0066//22002222 1177::1122::0066"
23;LC;140844;D;18;0;;1.35625;-0.20143;0.209;AZUL;1241;;0;2023;"*010175AZ32*
01
1 Dia 1 Dia
1°Capa 4°Capa
Transcreva a sua Redação para a Folha de Redação.
Azul 1 1 Azul
Amarelo 2 2 Amarelo
Branco 3 1 3 Branco
Rosa 4 2 4 Rosa
3
Ledor 9 9 Ledor
Libras 10 4 10 Libras
5
6
7
8
O
9
H
10
N O
11
U
12 Ã
C
13 Ç
S
14 A
A
15 D
16 R
E
17
R
18
A
19
D
20
21
22
23
24
2 Dia 2 Dia
1°Capa 25 4°Capa
Libras 12 26 12 Libras
Ledor 11 11 Ledor
27
28
Rosa 8 8 Rosa
Azul 7 29 7 Azul
Cinza 6 6 Cinza
30
Amarelo 5 5 Amarelo
32 –1º DIA • CADERNO 1 • AZUL–
01
BBiigguurrrriillhhooss..iinndddd 11 1144//0066//22002222 1177::1122::0066"
23;LC;140844;D;18;0;;1.35625;-0.20143;0.209;AZUL;1281;;0;2023;"*010175AZ32*
01
1 Dia 1 Dia
1°Capa 4°Capa
Transcreva a sua Redação para a Folha de Redação.
Azul 1 1 Azul
Amarelo 2 2 Amarelo
Branco 3 1 3 Branco
Rosa 4 2 4 Rosa
3
Ledor 9 9 Ledor
Libras 10 4 10 Libras
5
6
7
8
O
9
H
10
N O
11
U
12 Ã
C
13 Ç
S
14 A
A
15 D
16 R
E
17
R
18
A
19
D
20
21
22
23
24
2 Dia 2 Dia
1°Capa 25 4°Capa
Libras 12 26 12 Libras
Ledor 11 11 Ledor
27
28
Rosa 8 8 Rosa
Azul 7 29 7 Azul
Cinza 6 6 Cinza
30
Amarelo 5 5 Amarelo
32 –1º DIA • CADERNO 1 • AZUL–
01
BBiigguurrrriillhhooss..iinndddd 11 1144//0066//22002222 1177::1122::0066"
174;MT;111768;B;26;0;;1.34953;0.50738;0.16017;AZUL;1323;;0;2023;Texto extraído diretamente do caderno oficial.
174;MT;111768;B;26;0;;1.34953;0.50738;0.16017;AZUL;1323;;0;2023;Texto extraído diretamente do caderno oficial.
174;MT;111768;B;26;0;;1.34953;0.50738;0.16017;AZUL;1323;;0;2023;Texto extraído diretamente do caderno oficial.
108;CN;117673;A;23;0;;1.34516;2.49622;0.24066;AZUL;1333;;0;2023;Texto extraído diretamente do caderno oficial.
108;CN;117673;A;23;0;;1.34516;2.49622;0.24066;AZUL;1333;;0;2023;Texto extraído diretamente do caderno oficial.
108;CN;117673;A;23;0;;1.34516;2.49622;0.24066;AZUL;1333;;0;2023;Texto extraído diretamente do caderno oficial.
51;CH;140576;B;21;0;;1.33537;-0.77276;0.19854;AZUL;1231;;0;2023;Texto extraído diretamente do caderno oficial.
51;CH;140576;B;21;0;;1.33537;-0.77276;0.19854;AZUL;1231;;0;2023;Texto extraído diretamente do caderno oficial.
51;CH;140576;B;21;0;;1.33537;-0.77276;0.19854;AZUL;1271;;0;2023;Texto extraído diretamente do caderno oficial.
51;CH;140576;B;21;0;;1.33537;-0.77276;0.19854;AZUL;1271;;0;2023;Texto extraído diretamente do caderno oficial.
51;CH;140576;B;21;0;;1.33537;-0.77276;0.19854;AZUL;1271;;0;2023;Texto extraído diretamente do caderno oficial.
51;CH;140576;B;21;0;;1.33537;-0.77276;0.19854;AZUL;1231;;0;2023;Texto extraído diretamente do caderno oficial.
37;LC;141201;C;12;0;;1.33139;1.23174;0.22153;AZUL;1201;;0;2023;Texto extraído diretamente do caderno oficial.
37;LC;141201;C;12;0;;1.33139;1.23174;0.22153;AZUL;1201;;0;2023;Texto extraído diretamente do caderno oficial.
37;LC;141201;C;12;0;;1.33139;1.23174;0.22153;AZUL;1201;;0;2023;Texto extraído diretamente do caderno oficial.
74;CH;140538;A;6;0;;1.33134;0.83509;0.23955;AZUL;1271;;0;2023;Texto extraído diretamente do caderno oficial.
74;CH;140538;A;6;0;;1.33134;0.83509;0.23955;AZUL;1231;;0;2023;Texto extraído diretamente do caderno oficial.
74;CH;140538;A;6;0;;1.33134;0.83509;0.23955;AZUL;1271;;0;2023;Texto extraído diretamente do caderno oficial.
74;CH;140538;A;6;0;;1.33134;0.83509;0.23955;AZUL;1231;;0;2023;Texto extraído diretamente do caderno oficial.
74;CH;140538;A;6;0;;1.33134;0.83509;0.23955;AZUL;1231;;0;2023;Texto extraído diretamente do caderno oficial.
74;CH;140538;A;6;0;;1.33134;0.83509;0.23955;AZUL;1271;;0;2023;Texto extraído diretamente do caderno oficial.
14;LC;140872;C;18;0;;1.31835;0.0769;0.19857;AZUL;1281;;0;2023;Texto extraído diretamente do caderno oficial.
14;LC;140872;C;18;0;;1.31835;0.0769;0.19857;AZUL;1241;;0;2023;Texto extraído diretamente do caderno oficial.
14;LC;140872;C;18;0;;1.31835;0.0769;0.19857;AZUL;1241;;0;2023;Texto extraído diretamente do caderno oficial.
14;LC;140872;C;18;0;;1.31835;0.0769;0.19857;AZUL;1281;;0;2023;Texto extraído diretamente do caderno oficial.
14;LC;140872;C;18;0;;1.31835;0.0769;0.19857;AZUL;1281;;0;2023;Texto extraído diretamente do caderno oficial.
14;LC;140872;C;18;0;;1.31835;0.0769;0.19857;AZUL;1241;;0;2023;Texto extraído diretamente do caderno oficial.
34;LC;141405;C;4;0;;1.30934;-0.45847;0.20553;AZUL;1281;;0;2023;Texto extraído diretamente do caderno oficial.
34;LC;141405;C;4;0;;1.30934;-0.45847;0.20553;AZUL;1241;;0;2023;Texto extraído diretamente do caderno oficial.
34;LC;141405;C;4;0;;1.30934;-0.45847;0.20553;AZUL;1281;;0;2023;Texto extraído diretamente do caderno oficial.
34;LC;141405;C;4;0;;1.30934;-0.45847;0.20553;AZUL;1281;;0;2023;Texto extraído diretamente do caderno oficial.
34;LC;141405;C;4;0;;1.30934;-0.45847;0.20553;AZUL;1241;;0;2023;Texto extraído diretamente do caderno oficial.
34;LC;141405;C;4;0;;1.30934;-0.45847;0.20553;AZUL;1241;;0;2023;Texto extraído diretamente do caderno oficial.
100;CN;117840;A;23;0;;1.30209;2.54323;0.15444;AZUL;1301;;0;2023;Texto extraído diretamente do caderno oficial.
100;CN;117840;A;23;0;;1.30209;2.54323;0.15444;AZUL;1261;;0;2023;Texto extraído diretamente do caderno oficial.
100;CN;117840;A;23;0;;1.30209;2.54323;0.15444;AZUL;1261;;0;2023;Texto extraído diretamente do caderno oficial.
100;CN;117840;A;23;0;;1.30209;2.54323;0.15444;AZUL;1261;;0;2023;Texto extraído diretamente do caderno oficial.
100;CN;117840;A;23;0;;1.30209;2.54323;0.15444;AZUL;1301;;0;2023;Texto extraído diretamente do caderno oficial.
100;CN;117840;A;23;0;;1.30209;2.54323;0.15444;AZUL;1301;;0;2023;Texto extraído diretamente do caderno oficial.
99;CN;14364;E;22;0;;1.30204;-0.26232;0.10055;AZUL;1301;;0;2023;Texto extraído diretamente do caderno oficial.
99;CN;14364;E;22;0;;1.30204;-0.26232;0.10055;AZUL;1301;;0;2023;Texto extraído diretamente do caderno oficial.
99;CN;14364;E;22;0;;1.30204;-0.26232;0.10055;AZUL;1261;;0;2023;Texto extraído diretamente do caderno oficial.
99;CN;14364;E;22;0;;1.30204;-0.26232;0.10055;AZUL;1261;;0;2023;Texto extraído diretamente do caderno oficial.
99;CN;14364;E;22;0;;1.30204;-0.26232;0.10055;AZUL;1301;;0;2023;Texto extraído diretamente do caderno oficial.
99;CN;14364;E;22;0;;1.30204;-0.26232;0.10055;AZUL;1261;;0;2023;Texto extraído diretamente do caderno oficial.
133;CN;111713;C;2;0;;1.29931;2.22016;0.2704;AZUL;1261;;0;2023;Texto extraído diretamente do caderno oficial.
133;CN;111713;C;2;0;;1.29931;2.22016;0.2704;AZUL;1261;;0;2023;Texto extraído diretamente do caderno oficial.
133;CN;111713;C;2;0;;1.29931;2.22016;0.2704;AZUL;1301;;0;2023;Texto extraído diretamente do caderno oficial.
133;CN;111713;C;2;0;;1.29931;2.22016;0.2704;AZUL;1301;;0;2023;Texto extraído diretamente do caderno oficial.
133;CN;111713;C;2;0;;1.29931;2.22016;0.2704;AZUL;1261;;0;2023;Texto extraído diretamente do caderno oficial.
133;CN;111713;C;2;0;;1.29931;2.22016;0.2704;AZUL;1301;;0;2023;Texto extraído diretamente do caderno oficial.
10;LC;14713;E;15;0;;1.29568;1.21007;0.14848;AZUL;1241;;0;2023;"*010175AZ32*
01
1 Dia 1 Dia
1°Capa 4°Capa
Transcreva a sua Redação para a Folha de Redação.
Azul 1 1 Azul
Amarelo 2 2 Amarelo
Branco 3 1 3 Branco
Rosa 4 2 4 Rosa
3
Ledor 9 9 Ledor
Libras 10 4 10 Libras
5
6
7
8
O
9
H
10
N O
11
U
12 Ã
C
13 Ç
S
14 A
A
15 D
16 R
E
17
R
18
A
19
D
20
21
22
23
24
2 Dia 2 Dia
1°Capa 25 4°Capa
Libras 12 26 12 Libras
Ledor 11 11 Ledor
27
28
Rosa 8 8 Rosa
Azul 7 29 7 Azul
Cinza 6 6 Cinza
30
Amarelo 5 5 Amarelo
32 –1º DIA • CADERNO 1 • AZUL–
01
BBiigguurrrriillhhooss..iinndddd 11 1144//0066//22002222 1177::1122::0066"
10;LC;14713;E;15;0;;1.29568;1.21007;0.14848;AZUL;1281;;0;2023;"*010175AZ32*
01
1 Dia 1 Dia
1°Capa 4°Capa
Transcreva a sua Redação para a Folha de Redação.
Azul 1 1 Azul
Amarelo 2 2 Amarelo
Branco 3 1 3 Branco
Rosa 4 2 4 Rosa
3
Ledor 9 9 Ledor
Libras 10 4 10 Libras
5
6
7
8
O
9
H
10
N O
11
U
12 Ã
C
13 Ç
S
14 A
A
15 D
16 R
E
17
R
18
A
19
D
20
21
22
23
24
2 Dia 2 Dia
1°Capa 25 4°Capa
Libras 12 26 12 Libras
Ledor 11 11 Ledor
27
28
Rosa 8 8 Rosa
Azul 7 29 7 Azul
Cinza 6 6 Cinza
30
Amarelo 5 5 Amarelo
32 –1º DIA • CADERNO 1 • AZUL–
01
BBiigguurrrriillhhooss..iinndddd 11 1144//0066//22002222 1177::1122::0066"
10;LC;14713;E;15;0;;1.29568;1.21007;0.14848;AZUL;1241;;0;2023;"*010175AZ32*
01
1 Dia 1 Dia
1°Capa 4°Capa
Transcreva a sua Redação para a Folha de Redação.
Azul 1 1 Azul
Amarelo 2 2 Amarelo
Branco 3 1 3 Branco
Rosa 4 2 4 Rosa
3
Ledor 9 9 Ledor
Libras 10 4 10 Libras
5
6
7
8
O
9
H
10
N O
11
U
12 Ã
C
13 Ç
S
14 A
A
15 D
16 R
E
17
R
18
A
19
D
20
21
22
23
24
2 Dia 2 Dia
1°Capa 25 4°Capa
Libras 12 26 12 Libras
Ledor 11 11 Ledor
27
28
Rosa 8 8 Rosa
Azul 7 29 7 Azul
Cinza 6 6 Cinza
30
Amarelo 5 5 Amarelo
32 –1º DIA • CADERNO 1 • AZUL–
01
BBiigguurrrriillhhooss..iinndddd 11 1144//0066//22002222 1177::1122::0066"
10;LC;14713;E;15;0;;1.29568;1.21007;0.14848;AZUL;1281;;0;2023;"*010175AZ32*
01
1 Dia 1 Dia
1°Capa 4°Capa
Transcreva a sua Redação para a Folha de Redação.
Azul 1 1 Azul
Amarelo 2 2 Amarelo
Branco 3 1 3 Branco
Rosa 4 2 4 Rosa
3
Ledor 9 9 Ledor
Libras 10 4 10 Libras
5
6
7
8
O
9
H
10
N O
11
U
12 Ã
C
13 Ç
S
14 A
A
15 D
16 R
E
17
R
18
A
19
D
20
21
22
23
24
2 Dia 2 Dia
1°Capa 25 4°Capa
Libras 12 26 12 Libras
Ledor 11 11 Ledor
27
28
Rosa 8 8 Rosa
Azul 7 29 7 Azul
Cinza 6 6 Cinza
30
Amarelo 5 5 Amarelo
32 –1º DIA • CADERNO 1 • AZUL–
01
BBiigguurrrriillhhooss..iinndddd 11 1144//0066//22002222 1177::1122::0066"
10;LC;14713;E;15;0;;1.29568;1.21007;0.14848;AZUL;1281;;0;2023;"*010175AZ32*
01
1 Dia 1 Dia
1°Capa 4°Capa
Transcreva a sua Redação para a Folha de Redação.
Azul 1 1 Azul
Amarelo 2 2 Amarelo
Branco 3 1 3 Branco
Rosa 4 2 4 Rosa
3
Ledor 9 9 Ledor
Libras 10 4 10 Libras
5
6
7
8
O
9
H
10
N O
11
U
12 Ã
C
13 Ç
S
14 A
A
15 D
16 R
E
17
R
18
A
19
D
20
21
22
23
24
2 Dia 2 Dia
1°Capa 25 4°Capa
Libras 12 26 12 Libras
Ledor 11 11 Ledor
27
28
Rosa 8 8 Rosa
Azul 7 29 7 Azul
Cinza 6 6 Cinza
30
Amarelo 5 5 Amarelo
32 –1º DIA • CADERNO 1 • AZUL–
01
BBiigguurrrriillhhooss..iinndddd 11 1144//0066//22002222 1177::1122::0066"
10;LC;14713;E;15;0;;1.29568;1.21007;0.14848;AZUL;1241;;0;2023;"*010175AZ32*
01
1 Dia 1 Dia
1°Capa 4°Capa
Transcreva a sua Redação para a Folha de Redação.
Azul 1 1 Azul
Amarelo 2 2 Amarelo
Branco 3 1 3 Branco
Rosa 4 2 4 Rosa
3
Ledor 9 9 Ledor
Libras 10 4 10 Libras
5
6
7
8
O
9
H
10
N O
11
U
12 Ã
C
13 Ç
S
14 A
A
15 D
16 R
E
17
R
18
A
19
D
20
21
22
23
24
2 Dia 2 Dia
1°Capa 25 4°Capa
Libras 12 26 12 Libras
Ledor 11 11 Ledor
27
28
Rosa 8 8 Rosa
Azul 7 29 7 Azul
Cinza 6 6 Cinza
30
Amarelo 5 5 Amarelo
32 –1º DIA • CADERNO 1 • AZUL–
01
BBiigguurrrriillhhooss..iinndddd 11 1144//0066//22002222 1177::1122::0066"
176;MT;141571;D;24;0;;1.27914;-0.47051;0.21183;AZUL;1323;;0;2023;Texto extraído diretamente do caderno oficial.
176;MT;141571;D;24;0;;1.27914;-0.47051;0.21183;AZUL;1323;;0;2023;Texto extraído diretamente do caderno oficial.
176;MT;141571;D;24;0;;1.27914;-0.47051;0.21183;AZUL;1323;;0;2023;Texto extraído diretamente do caderno oficial.
24;LC;140857;E;21;0;;1.2615;-0.59214;0.01135;AZUL;1201;;0;2023;"*010175AZ32*
01
1 Dia 1 Dia
1°Capa 4°Capa
Transcreva a sua Redação para a Folha de Redação.
Azul 1 1 Azul
Amarelo 2 2 Amarelo
Branco 3 1 3 Branco
Rosa 4 2 4 Rosa
3
Ledor 9 9 Ledor
Libras 10 4 10 Libras
5
6
7
8
O
9
H
10
N O
11
U
12 Ã
C
13 Ç
S
14 A
A
15 D
16 R
E
17
R
18
A
19
D
20
21
22
23
24
2 Dia 2 Dia
1°Capa 25 4°Capa
Libras 12 26 12 Libras
Ledor 11 11 Ledor
27
28
Rosa 8 8 Rosa
Azul 7 29 7 Azul
Cinza 6 6 Cinza
30
Amarelo 5 5 Amarelo
32 –1º DIA • CADERNO 1 • AZUL–
01
BBiigguurrrriillhhooss..iinndddd 11 1144//0066//22002222 1177::1122::0066"
24;LC;140857;E;21;0;;1.2615;-0.59214;0.01135;AZUL;1201;;0;2023;"*010175AZ32*
01
1 Dia 1 Dia
1°Capa 4°Capa
Transcreva a sua Redação para a Folha de Redação.
Azul 1 1 Azul
Amarelo 2 2 Amarelo
Branco 3 1 3 Branco
Rosa 4 2 4 Rosa
3
Ledor 9 9 Ledor
Libras 10 4 10 Libras
5
6
7
8
O
9
H
10
N O
11
U
12 Ã
C
13 Ç
S
14 A
A
15 D
16 R
E
17
R
18
A
19
D
20
21
22
23
24
2 Dia 2 Dia
1°Capa 25 4°Capa
Libras 12 26 12 Libras
Ledor 11 11 Ledor
27
28
Rosa 8 8 Rosa
Azul 7 29 7 Azul
Cinza 6 6 Cinza
30
Amarelo 5 5 Amarelo
32 –1º DIA • CADERNO 1 • AZUL–
01
BBiigguurrrriillhhooss..iinndddd 11 1144//0066//22002222 1177::1122::0066"
24;LC;140857;E;21;0;;1.2615;-0.59214;0.01135;AZUL;1201;;0;2023;"*010175AZ32*
01
1 Dia 1 Dia
1°Capa 4°Capa
Transcreva a sua Redação para a Folha de Redação.
Azul 1 1 Azul
Amarelo 2 2 Amarelo
Branco 3 1 3 Branco
Rosa 4 2 4 Rosa
3
Ledor 9 9 Ledor
Libras 10 4 10 Libras
5
6
7
8
O
9
H
10
N O
11
U
12 Ã
C
13 Ç
S
14 A
A
15 D
16 R
E
17
R
18
A
19
D
20
21
22
23
24
2 Dia 2 Dia
1°Capa 25 4°Capa
Libras 12 26 12 Libras
Ledor 11 11 Ledor
27
28
Rosa 8 8 Rosa
Azul 7 29 7 Azul
Cinza 6 6 Cinza
30
Amarelo 5 5 Amarelo
32 –1º DIA • CADERNO 1 • AZUL–
01
BBiigguurrrriillhhooss..iinndddd 11 1144//0066//22002222 1177::1122::0066"
84;CH;141027;C;4;0;;1.25504;0.04005;0.20306;AZUL;1231;;0;2023;Texto extraído diretamente do caderno oficial.
84;CH;141027;C;4;0;;1.25504;0.04005;0.20306;AZUL;1231;;0;2023;Texto extraído diretamente do caderno oficial.
84;CH;141027;C;4;0;;1.25504;0.04005;0.20306;AZUL;1271;;0;2023;Texto extraído diretamente do caderno oficial.
84;CH;141027;C;4;0;;1.25504;0.04005;0.20306;AZUL;1271;;0;2023;Texto extraído diretamente do caderno oficial.
84;CH;141027;C;4;0;;1.25504;0.04005;0.20306;AZUL;1231;;0;2023;Texto extraído diretamente do caderno oficial.
84;CH;141027;C;4;0;;1.25504;0.04005;0.20306;AZUL;1271;;0;2023;Texto extraído diretamente do caderno oficial.
91;CN;84422;D;4;0;;1.25458;0.14732;0.00556;AZUL;1221;;0;2023;Texto extraído diretamente do caderno oficial.
91;CN;84422;D;4;0;;1.25458;0.14732;0.00556;AZUL;1221;;0;2023;Texto extraído diretamente do caderno oficial.
91;CN;84422;D;4;0;;1.25458;0.14732;0.00556;AZUL;1221;;0;2023;Texto extraído diretamente do caderno oficial.
38;LC;141451;E;21;0;;1.25105;0.70685;0.20051;AZUL;1281;;0;2023;Texto extraído diretamente do caderno oficial.
38;LC;141451;E;21;0;;1.25105;0.70685;0.20051;AZUL;1241;;0;2023;Texto extraído diretamente do caderno oficial.
38;LC;141451;E;21;0;;1.25105;0.70685;0.20051;AZUL;1241;;0;2023;Texto extraído diretamente do caderno oficial.
38;LC;141451;E;21;0;;1.25105;0.70685;0.20051;AZUL;1281;;0;2023;Texto extraído diretamente do caderno oficial.
38;LC;141451;E;21;0;;1.25105;0.70685;0.20051;AZUL;1241;;0;2023;Texto extraído diretamente do caderno oficial.
38;LC;141451;E;21;0;;1.25105;0.70685;0.20051;AZUL;1281;;0;2023;Texto extraído diretamente do caderno oficial.
22;LC;11815;C;13;0;;1.24801;0.998;0.194;AZUL;1241;;0;2023;"*010175AZ32*
01
1 Dia 1 Dia
1°Capa 4°Capa
Transcreva a sua Redação para a Folha de Redação.
Azul 1 1 Azul
Amarelo 2 2 Amarelo
Branco 3 1 3 Branco
Rosa 4 2 4 Rosa
3
Ledor 9 9 Ledor
Libras 10 4 10 Libras
5
6
7
8
O
9
H
10
N O
11
U
12 Ã
C
13 Ç
S
14 A
A
15 D
16 R
E
17
R
18
A
19
D
20
21
22
23
24
2 Dia 2 Dia
1°Capa 25 4°Capa
Libras 12 26 12 Libras
Ledor 11 11 Ledor
27
28
Rosa 8 8 Rosa
Azul 7 29 7 Azul
Cinza 6 6 Cinza
30
Amarelo 5 5 Amarelo
32 –1º DIA • CADERNO 1 • AZUL–
01
BBiigguurrrriillhhooss..iinndddd 11 1144//0066//22002222 1177::1122::0066"
22;LC;11815;C;13;0;;1.24801;0.998;0.194;AZUL;1281;;0;2023;"*010175AZ32*
01
1 Dia 1 Dia
1°Capa 4°Capa
Transcreva a sua Redação para a Folha de Redação.
Azul 1 1 Azul
Amarelo 2 2 Amarelo
Branco 3 1 3 Branco
Rosa 4 2 4 Rosa
3
Ledor 9 9 Ledor
Libras 10 4 10 Libras
5
6
7
8
O
9
H
10
N O
11
U
12 Ã
C
13 Ç
S
14 A
A
15 D
16 R
E
17
R
18
A
19
D
20
21
22
23
24
2 Dia 2 Dia
1°Capa 25 4°Capa
Libras 12 26 12 Libras
Ledor 11 11 Ledor
27
28
Rosa 8 8 Rosa
Azul 7 29 7 Azul
Cinza 6 6 Cinza
30
Amarelo 5 5 Amarelo
32 –1º DIA • CADERNO 1 • AZUL–
01
BBiigguurrrriillhhooss..iinndddd 11 1144//0066//22002222 1177::1122::0066"
22;LC;11815;C;13;0;;1.24801;0.998;0.194;AZUL;1241;;0;2023;"*010175AZ32*
01
1 Dia 1 Dia
1°Capa 4°Capa
Transcreva a sua Redação para a Folha de Redação.
Azul 1 1 Azul
Amarelo 2 2 Amarelo
Branco 3 1 3 Branco
Rosa 4 2 4 Rosa
3
Ledor 9 9 Ledor
Libras 10 4 10 Libras
5
6
7
8
O
9
H
10
N O
11
U
12 Ã
C
13 Ç
S
14 A
A
15 D
16 R
E
17
R
18
A
19
D
20
21
22
23
24
2 Dia 2 Dia
1°Capa 25 4°Capa
Libras 12 26 12 Libras
Ledor 11 11 Ledor
27
28
Rosa 8 8 Rosa
Azul 7 29 7 Azul
Cinza 6 6 Cinza
30
Amarelo 5 5 Amarelo
32 –1º DIA • CADERNO 1 • AZUL–
01
BBiigguurrrriillhhooss..iinndddd 11 1144//0066//22002222 1177::1122::0066"
22;LC;11815;C;13;0;;1.24801;0.998;0.194;AZUL;1241;;0;2023;"*010175AZ32*
01
1 Dia 1 Dia
1°Capa 4°Capa
Transcreva a sua Redação para a Folha de Redação.
Azul 1 1 Azul
Amarelo 2 2 Amarelo
Branco 3 1 3 Branco
Rosa 4 2 4 Rosa
3
Ledor 9 9 Ledor
Libras 10 4 10 Libras
5
6
7
8
O
9
H
10
N O
11
U
12 Ã
C
13 Ç
S
14 A
A
15 D
16 R
E
17
R
18
A
19
D
20
21
22
23
24
2 Dia 2 Dia
1°Capa 25 4°Capa
Libras 12 26 12 Libras
Ledor 11 11 Ledor
27
28
Rosa 8 8 Rosa
Azul 7 29 7 Azul
Cinza 6 6 Cinza
30
Amarelo 5 5 Amarelo
32 –1º DIA • CADERNO 1 • AZUL–
01
BBiigguurrrriillhhooss..iinndddd 11 1144//0066//22002222 1177::1122::0066"
22;LC;11815;C;13;0;;1.24801;0.998;0.194;AZUL;1281;;0;2023;"*010175AZ32*
01
1 Dia 1 Dia
1°Capa 4°Capa
Transcreva a sua Redação para a Folha de Redação.
Azul 1 1 Azul
Amarelo 2 2 Amarelo
Branco 3 1 3 Branco
Rosa 4 2 4 Rosa
3
Ledor 9 9 Ledor
Libras 10 4 10 Libras
5
6
7
8
O
9
H
10
N O
11
U
12 Ã
C
13 Ç
S
14 A
A
15 D
16 R
E
17
R
18
A
19
D
20
21
22
23
24
2 Dia 2 Dia
1°Capa 25 4°Capa
Libras 12 26 12 Libras
Ledor 11 11 Ledor
27
28
Rosa 8 8 Rosa
Azul 7 29 7 Azul
Cinza 6 6 Cinza
30
Amarelo 5 5 Amarelo
32 –1º DIA • CADERNO 1 • AZUL–
01
BBiigguurrrriillhhooss..iinndddd 11 1144//0066//22002222 1177::1122::0066"
22;LC;11815;C;13;0;;1.24801;0.998;0.194;AZUL;1281;;0;2023;"*010175AZ32*
01
1 Dia 1 Dia
1°Capa 4°Capa
Transcreva a sua Redação para a Folha de Redação.
Azul 1 1 Azul
Amarelo 2 2 Amarelo
Branco 3 1 3 Branco
Rosa 4 2 4 Rosa
3
Ledor 9 9 Ledor
Libras 10 4 10 Libras
5
6
7
8
O
9
H
10
N O
11
U
12 Ã
C
13 Ç
S
14 A
A
15 D
16 R
E
17
R
18
A
19
D
20
21
22
23
24
2 Dia 2 Dia
1°Capa 25 4°Capa
Libras 12 26 12 Libras
Ledor 11 11 Ledor
27
28
Rosa 8 8 Rosa
Azul 7 29 7 Azul
Cinza 6 6 Cinza
30
Amarelo 5 5 Amarelo
32 –1º DIA • CADERNO 1 • AZUL–
01
BBiigguurrrriillhhooss..iinndddd 11 1144//0066//22002222 1177::1122::0066"
2;LC;141707;A;7;0;;1.24572;1.98521;0.17301;AZUL;1201;1.0;0;2023;Texto extraído diretamente do caderno oficial.
2;LC;141707;A;7;0;;1.24572;1.98521;0.17301;AZUL;1201;1.0;0;2023;Texto extraído diretamente do caderno oficial.
2;LC;141707;A;7;0;;1.24572;1.98521;0.17301;AZUL;1201;1.0;0;2023;Texto extraído diretamente do caderno oficial.
95;CN;88330;A;26;0;;1.22652;0.72244;0.21354;AZUL;1333;;0;2023;Texto extraído diretamente do caderno oficial.
95;CN;88330;A;26;0;;1.22652;0.72244;0.21354;AZUL;1333;;0;2023;Texto extraído diretamente do caderno oficial.
95;CN;88330;A;26;0;;1.22652;0.72244;0.21354;AZUL;1333;;0;2023;Texto extraído diretamente do caderno oficial.
26;LC;140848;B;19;0;;1.22583;0.23244;0.19294;AZUL;1281;;0;2023;Texto extraído diretamente do caderno oficial.
26;LC;140848;B;19;0;;1.22583;0.23244;0.19294;AZUL;1241;;0;2023;Texto extraído diretamente do caderno oficial.
26;LC;140848;B;19;0;;1.22583;0.23244;0.19294;AZUL;1241;;0;2023;Texto extraído diretamente do caderno oficial.
26;LC;140848;B;19;0;;1.22583;0.23244;0.19294;AZUL;1281;;0;2023;Texto extraído diretamente do caderno oficial.
26;LC;140848;B;19;0;;1.22583;0.23244;0.19294;AZUL;1281;;0;2023;Texto extraído diretamente do caderno oficial.
26;LC;140848;B;19;0;;1.22583;0.23244;0.19294;AZUL;1241;;0;2023;Texto extraído diretamente do caderno oficial.
161;MT;111764;E;30;0;;1.22427;1.34947;0.17872;AZUL;1323;;0;2023;Texto extraído diretamente do caderno oficial.
161;MT;111764;E;30;0;;1.22427;1.34947;0.17872;AZUL;1323;;0;2023;Texto extraído diretamente do caderno oficial.
161;MT;111764;E;30;0;;1.22427;1.34947;0.17872;AZUL;1323;;0;2023;Texto extraído diretamente do caderno oficial.
152;MT;14434;C;4;0;;1.22381;2.26427;0.1642;AZUL;1291;;0;2023;Texto extraído diretamente do caderno oficial.
152;MT;14434;C;4;0;;1.22381;2.26427;0.1642;AZUL;1251;;0;2023;Texto extraído diretamente do caderno oficial.
152;MT;14434;C;4;0;;1.22381;2.26427;0.1642;AZUL;1291;;0;2023;Texto extraído diretamente do caderno oficial.
152;MT;14434;C;4;0;;1.22381;2.26427;0.1642;AZUL;1291;;0;2023;Texto extraído diretamente do caderno oficial.
152;MT;14434;C;4;0;;1.22381;2.26427;0.1642;AZUL;1251;;0;2023;Texto extraído diretamente do caderno oficial.
152;MT;14434;C;4;0;;1.22381;2.26427;0.1642;AZUL;1251;;0;2023;Texto extraído diretamente do caderno oficial.
27;LC;141814;A;18;0;;1.22374;0.19619;0.20612;AZUL;1201;;0;2023;"*010175AZ32*
01
1 Dia 1 Dia
1°Capa 4°Capa
Transcreva a sua Redação para a Folha de Redação.
Azul 1 1 Azul
Amarelo 2 2 Amarelo
Branco 3 1 3 Branco
Rosa 4 2 4 Rosa
3
Ledor 9 9 Ledor
Libras 10 4 10 Libras
5
6
7
8
O
9
H
10
N O
11
U
12 Ã
C
13 Ç
S
14 A
A
15 D
16 R
E
17
R
18
A
19
D
20
21
22
23
24
2 Dia 2 Dia
1°Capa 25 4°Capa
Libras 12 26 12 Libras
Ledor 11 11 Ledor
27
28
Rosa 8 8 Rosa
Azul 7 29 7 Azul
Cinza 6 6 Cinza
30
Amarelo 5 5 Amarelo
32 –1º DIA • CADERNO 1 • AZUL–
01
BBiigguurrrriillhhooss..iinndddd 11 1144//0066//22002222 1177::1122::0066"
27;LC;141814;A;18;0;;1.22374;0.19619;0.20612;AZUL;1201;;0;2023;"*010175AZ32*
01
1 Dia 1 Dia
1°Capa 4°Capa
Transcreva a sua Redação para a Folha de Redação.
Azul 1 1 Azul
Amarelo 2 2 Amarelo
Branco 3 1 3 Branco
Rosa 4 2 4 Rosa
3
Ledor 9 9 Ledor
Libras 10 4 10 Libras
5
6
7
8
O
9
H
10
N O
11
U
12 Ã
C
13 Ç
S
14 A
A
15 D
16 R
E
17
R
18
A
19
D
20
21
22
23
24
2 Dia 2 Dia
1°Capa 25 4°Capa
Libras 12 26 12 Libras
Ledor 11 11 Ledor
27
28
Rosa 8 8 Rosa
Azul 7 29 7 Azul
Cinza 6 6 Cinza
30
Amarelo 5 5 Amarelo
32 –1º DIA • CADERNO 1 • AZUL–
01
BBiigguurrrriillhhooss..iinndddd 11 1144//0066//22002222 1177::1122::0066"
27;LC;141814;A;18;0;;1.22374;0.19619;0.20612;AZUL;1201;;0;2023;"*010175AZ32*
01
1 Dia 1 Dia
1°Capa 4°Capa
Transcreva a sua Redação para a Folha de Redação.
Azul 1 1 Azul
Amarelo 2 2 Amarelo
Branco 3 1 3 Branco
Rosa 4 2 4 Rosa
3
Ledor 9 9 Ledor
Libras 10 4 10 Libras
5
6
7
8
O
9
H
10
N O
11
U
12 Ã
C
13 Ç
S
14 A
A
15 D
16 R
E
17
R
18
A
19
D
20
21
22
23
24
2 Dia 2 Dia
1°Capa 25 4°Capa
Libras 12 26 12 Libras
Ledor 11 11 Ledor
27
28
Rosa 8 8 Rosa
Azul 7 29 7 Azul
Cinza 6 6 Cinza
30
Amarelo 5 5 Amarelo
32 –1º DIA • CADERNO 1 • AZUL–
01
BBiigguurrrriillhhooss..iinndddd 11 1144//0066//22002222 1177::1122::0066"
12;LC;141776;C;15;0;;1.22341;0.82185;0.06897;AZUL;1201;;0;2023;Texto extraído diretamente do caderno oficial.
12;LC;141776;C;15;0;;1.22341;0.82185;0.06897;AZUL;1201;;0;2023;Texto extraído diretamente do caderno oficial.
12;LC;141776;C;15;0;;1.22341;0.82185;0.06897;AZUL;1201;;0;2023;Texto extraído diretamente do caderno oficial.
14;LC;140899;D;29;0;;1.22127;1.21426;0.22043;AZUL;1201;;0;2023;Texto extraído diretamente do caderno oficial.
14;LC;140899;D;29;0;;1.22127;1.21426;0.22043;AZUL;1201;;0;2023;Texto extraído diretamente do caderno oficial.
14;LC;140899;D;29;0;;1.22127;1.21426;0.22043;AZUL;1201;;0;2023;Texto extraído diretamente do caderno oficial.
149;MT;125956;A;29;0;;1.21177;3.11314;0.10322;AZUL;1251;;0;2023;Texto extraído diretamente do caderno oficial.
149;MT;125956;A;29;0;;1.21177;3.11314;0.10322;AZUL;1291;;0;2023;Texto extraído diretamente do caderno oficial.
149;MT;125956;A;29;0;;1.21177;3.11314;0.10322;AZUL;1251;;0;2023;Texto extraído diretamente do caderno oficial.
149;MT;125956;A;29;0;;1.21177;3.11314;0.10322;AZUL;1291;;0;2023;Texto extraído diretamente do caderno oficial.
149;MT;125956;A;29;0;;1.21177;3.11314;0.10322;AZUL;1251;;0;2023;Texto extraído diretamente do caderno oficial.
149;MT;125956;A;29;0;;1.21177;3.11314;0.10322;AZUL;1291;;0;2023;Texto extraído diretamente do caderno oficial.
43;LC;140952;B;17;0;;1.20716;0.28152;0.18862;AZUL;1281;;0;2023;Texto extraído diretamente do caderno oficial.
43;LC;140952;B;17;0;;1.20716;0.28152;0.18862;AZUL;1241;;0;2023;Texto extraído diretamente do caderno oficial.
43;LC;140952;B;17;0;;1.20716;0.28152;0.18862;AZUL;1281;;0;2023;Texto extraído diretamente do caderno oficial.
43;LC;140952;B;17;0;;1.20716;0.28152;0.18862;AZUL;1281;;0;2023;Texto extraído diretamente do caderno oficial.
43;LC;140952;B;17;0;;1.20716;0.28152;0.18862;AZUL;1241;;0;2023;Texto extraído diretamente do caderno oficial.
43;LC;140952;B;17;0;;1.20716;0.28152;0.18862;AZUL;1241;;0;2023;Texto extraído diretamente do caderno oficial.
18;LC;9969;A;15;0;;1.20199;1.042;0.193;AZUL;1281;;0;2023;"*010175AZ32*
01
1 Dia 1 Dia
1°Capa 4°Capa
Transcreva a sua Redação para a Folha de Redação.
Azul 1 1 Azul
Amarelo 2 2 Amarelo
Branco 3 1 3 Branco
Rosa 4 2 4 Rosa
3
Ledor 9 9 Ledor
Libras 10 4 10 Libras
5
6
7
8
O
9
H
10
N O
11
U
12 Ã
C
13 Ç
S
14 A
A
15 D
16 R
E
17
R
18
A
19
D
20
21
22
23
24
2 Dia 2 Dia
1°Capa 25 4°Capa
Libras 12 26 12 Libras
Ledor 11 11 Ledor
27
28
Rosa 8 8 Rosa
Azul 7 29 7 Azul
Cinza 6 6 Cinza
30
Amarelo 5 5 Amarelo
32 –1º DIA • CADERNO 1 • AZUL–
01
BBiigguurrrriillhhooss..iinndddd 11 1144//0066//22002222 1177::1122::0066"
18;LC;9969;A;15;0;;1.20199;1.042;0.193;AZUL;1241;;0;2023;"*010175AZ32*
01
1 Dia 1 Dia
1°Capa 4°Capa
Transcreva a sua Redação para a Folha de Redação.
Azul 1 1 Azul
Amarelo 2 2 Amarelo
Branco 3 1 3 Branco
Rosa 4 2 4 Rosa
3
Ledor 9 9 Ledor
Libras 10 4 10 Libras
5
6
7
8
O
9
H
10
N O
11
U
12 Ã
C
13 Ç
S
14 A
A
15 D
16 R
E
17
R
18
A
19
D
20
21
22
23
24
2 Dia 2 Dia
1°Capa 25 4°Capa
Libras 12 26 12 Libras
Ledor 11 11 Ledor
27
28
Rosa 8 8 Rosa
Azul 7 29 7 Azul
Cinza 6 6 Cinza
30
Amarelo 5 5 Amarelo
32 –1º DIA • CADERNO 1 • AZUL–
01
BBiigguurrrriillhhooss..iinndddd 11 1144//0066//22002222 1177::1122::0066"
18;LC;9969;A;15;0;;1.20199;1.042;0.193;AZUL;1281;;0;2023;"*010175AZ32*
01
1 Dia 1 Dia
1°Capa 4°Capa
Transcreva a sua Redação para a Folha de Redação.
Azul 1 1 Azul
Amarelo 2 2 Amarelo
Branco 3 1 3 Branco
Rosa 4 2 4 Rosa
3
Ledor 9 9 Ledor
Libras 10 4 10 Libras
5
6
7
8
O
9
H
10
N O
11
U
12 Ã
C
13 Ç
S
14 A
A
15 D
16 R
E
17
R
18
A
19
D
20
21
22
23
24
2 Dia 2 Dia
1°Capa 25 4°Capa
Libras 12 26 12 Libras
Ledor 11 11 Ledor
27
28
Rosa 8 8 Rosa
Azul 7 29 7 Azul
Cinza 6 6 Cinza
30
Amarelo 5 5 Amarelo
32 –1º DIA • CADERNO 1 • AZUL–
01
BBiigguurrrriillhhooss..iinndddd 11 1144//0066//22002222 1177::1122::0066"
18;LC;9969;A;15;0;;1.20199;1.042;0.193;AZUL;1241;;0;2023;"*010175AZ32*
01
1 Dia 1 Dia
1°Capa 4°Capa
Transcreva a sua Redação para a Folha de Redação.
Azul 1 1 Azul
Amarelo 2 2 Amarelo
Branco 3 1 3 Branco
Rosa 4 2 4 Rosa
3
Ledor 9 9 Ledor
Libras 10 4 10 Libras
5
6
7
8
O
9
H
10
N O
11
U
12 Ã
C
13 Ç
S
14 A
A
15 D
16 R
E
17
R
18
A
19
D
20
21
22
23
24
2 Dia 2 Dia
1°Capa 25 4°Capa
Libras 12 26 12 Libras
Ledor 11 11 Ledor
27
28
Rosa 8 8 Rosa
Azul 7 29 7 Azul
Cinza 6 6 Cinza
30
Amarelo 5 5 Amarelo
32 –1º DIA • CADERNO 1 • AZUL–
01
BBiigguurrrriillhhooss..iinndddd 11 1144//0066//22002222 1177::1122::0066"
18;LC;9969;A;15;0;;1.20199;1.042;0.193;AZUL;1281;;0;2023;"*010175AZ32*
01
1 Dia 1 Dia
1°Capa 4°Capa
Transcreva a sua Redação para a Folha de Redação.
Azul 1 1 Azul
Amarelo 2 2 Amarelo
Branco 3 1 3 Branco
Rosa 4 2 4 Rosa
3
Ledor 9 9 Ledor
Libras 10 4 10 Libras
5
6
7
8
O
9
H
10
N O
11
U
12 Ã
C
13 Ç
S
14 A
A
15 D
16 R
E
17
R
18
A
19
D
20
21
22
23
24
2 Dia 2 Dia
1°Capa 25 4°Capa
Libras 12 26 12 Libras
Ledor 11 11 Ledor
27
28
Rosa 8 8 Rosa
Azul 7 29 7 Azul
Cinza 6 6 Cinza
30
Amarelo 5 5 Amarelo
32 –1º DIA • CADERNO 1 • AZUL–
01
BBiigguurrrriillhhooss..iinndddd 11 1144//0066//22002222 1177::1122::0066"
18;LC;9969;A;15;0;;1.20199;1.042;0.193;AZUL;1241;;0;2023;"*010175AZ32*
01
1 Dia 1 Dia
1°Capa 4°Capa
Transcreva a sua Redação para a Folha de Redação.
Azul 1 1 Azul
Amarelo 2 2 Amarelo
Branco 3 1 3 Branco
Rosa 4 2 4 Rosa
3
Ledor 9 9 Ledor
Libras 10 4 10 Libras
5
6
7
8
O
9
H
10
N O
11
U
12 Ã
C
13 Ç
S
14 A
A
15 D
16 R
E
17
R
18
A
19
D
20
21
22
23
24
2 Dia 2 Dia
1°Capa 25 4°Capa
Libras 12 26 12 Libras
Ledor 11 11 Ledor
27
28
Rosa 8 8 Rosa
Azul 7 29 7 Azul
Cinza 6 6 Cinza
30
Amarelo 5 5 Amarelo
32 –1º DIA • CADERNO 1 • AZUL–
01
BBiigguurrrriillhhooss..iinndddd 11 1144//0066//22002222 1177::1122::0066"
92;CN;13403;B;29;0;;1.19366;1.44063;0.11523;AZUL;1261;;0;2023;Texto extraído diretamente do caderno oficial.
92;CN;13403;B;29;0;;1.19366;1.44063;0.11523;AZUL;1261;;0;2023;Texto extraído diretamente do caderno oficial.
92;CN;13403;B;29;0;;1.19366;1.44063;0.11523;AZUL;1301;;0;2023;Texto extraído diretamente do caderno oficial.
92;CN;13403;B;29;0;;1.19366;1.44063;0.11523;AZUL;1301;;0;2023;Texto extraído diretamente do caderno oficial.
92;CN;13403;B;29;0;;1.19366;1.44063;0.11523;AZUL;1261;;0;2023;Texto extraído diretamente do caderno oficial.
92;CN;13403;B;29;0;;1.19366;1.44063;0.11523;AZUL;1301;;0;2023;Texto extraído diretamente do caderno oficial.
139;MT;141567;D;24;0;;1.18793;1.75696;0.15183;AZUL;1211;;0;2023;Texto extraído diretamente do caderno oficial.
139;MT;141567;D;24;0;;1.18793;1.75696;0.15183;AZUL;1211;;0;2023;Texto extraído diretamente do caderno oficial.
139;MT;141567;D;24;0;;1.18793;1.75696;0.15183;AZUL;1211;;0;2023;Texto extraído diretamente do caderno oficial.
94;CN;117781;E;2;0;;1.16425;0.88519;0.20873;AZUL;1333;;0;2023;Texto extraído diretamente do caderno oficial.
94;CN;117781;E;2;0;;1.16425;0.88519;0.20873;AZUL;1333;;0;2023;Texto extraído diretamente do caderno oficial.
94;CN;117781;E;2;0;;1.16425;0.88519;0.20873;AZUL;1333;;0;2023;Texto extraído diretamente do caderno oficial.
110;CN;82598;B;27;0;;1.16405;0.1391;0.23831;AZUL;1333;;0;2023;Texto extraído diretamente do caderno oficial.
110;CN;82598;B;27;0;;1.16405;0.1391;0.23831;AZUL;1333;;0;2023;Texto extraído diretamente do caderno oficial.
110;CN;82598;B;27;0;;1.16405;0.1391;0.23831;AZUL;1333;;0;2023;Texto extraído diretamente do caderno oficial.
70;CH;96984;C;14;0;;1.16096;1.65456;0.1754;AZUL;1271;;0;2023;Texto extraído diretamente do caderno oficial.
70;CH;96984;C;14;0;;1.16096;1.65456;0.1754;AZUL;1271;;0;2023;Texto extraído diretamente do caderno oficial.
70;CH;96984;C;14;0;;1.16096;1.65456;0.1754;AZUL;1271;;0;2023;Texto extraído diretamente do caderno oficial.
70;CH;96984;C;14;0;;1.16096;1.65456;0.1754;AZUL;1231;;0;2023;Texto extraído diretamente do caderno oficial.
70;CH;96984;C;14;0;;1.16096;1.65456;0.1754;AZUL;1231;;0;2023;Texto extraído diretamente do caderno oficial.
70;CH;96984;C;14;0;;1.16096;1.65456;0.1754;AZUL;1231;;0;2023;Texto extraído diretamente do caderno oficial.
93;CN;14425;A;30;0;;1.15501;0.25068;0.12671;AZUL;1261;;0;2023;Texto extraído diretamente do caderno oficial.
93;CN;14425;A;30;0;;1.15501;0.25068;0.12671;AZUL;1301;;0;2023;Texto extraído diretamente do caderno oficial.
93;CN;14425;A;30;0;;1.15501;0.25068;0.12671;AZUL;1261;;0;2023;Texto extraído diretamente do caderno oficial.
93;CN;14425;A;30;0;;1.15501;0.25068;0.12671;AZUL;1301;;0;2023;Texto extraído diretamente do caderno oficial.
93;CN;14425;A;30;0;;1.15501;0.25068;0.12671;AZUL;1261;;0;2023;Texto extraído diretamente do caderno oficial.
93;CN;14425;A;30;0;;1.15501;0.25068;0.12671;AZUL;1301;;0;2023;Texto extraído diretamente do caderno oficial.
20;LC;140869;E;24;0;;1.15309;1.88931;0.22049;AZUL;1201;;0;2023;"*010175AZ32*
01
1 Dia 1 Dia
1°Capa 4°Capa
Transcreva a sua Redação para a Folha de Redação.
Azul 1 1 Azul
Amarelo 2 2 Amarelo
Branco 3 1 3 Branco
Rosa 4 2 4 Rosa
3
Ledor 9 9 Ledor
Libras 10 4 10 Libras
5
6
7
8
O
9
H
10
N O
11
U
12 Ã
C
13 Ç
S
14 A
A
15 D
16 R
E
17
R
18
A
19
D
20
21
22
23
24
2 Dia 2 Dia
1°Capa 25 4°Capa
Libras 12 26 12 Libras
Ledor 11 11 Ledor
27
28
Rosa 8 8 Rosa
Azul 7 29 7 Azul
Cinza 6 6 Cinza
30
Amarelo 5 5 Amarelo
32 –1º DIA • CADERNO 1 • AZUL–
01
BBiigguurrrriillhhooss..iinndddd 11 1144//0066//22002222 1177::1122::0066"
20;LC;140869;E;24;0;;1.15309;1.88931;0.22049;AZUL;1201;;0;2023;"*010175AZ32*
01
1 Dia 1 Dia
1°Capa 4°Capa
Transcreva a sua Redação para a Folha de Redação.
Azul 1 1 Azul
Amarelo 2 2 Amarelo
Branco 3 1 3 Branco
Rosa 4 2 4 Rosa
3
Ledor 9 9 Ledor
Libras 10 4 10 Libras
5
6
7
8
O
9
H
10
N O
11
U
12 Ã
C
13 Ç
S
14 A
A
15 D
16 R
E
17
R
18
A
19
D
20
21
22
23
24
2 Dia 2 Dia
1°Capa 25 4°Capa
Libras 12 26 12 Libras
Ledor 11 11 Ledor
27
28
Rosa 8 8 Rosa
Azul 7 29 7 Azul
Cinza 6 6 Cinza
30
Amarelo 5 5 Amarelo
32 –1º DIA • CADERNO 1 • AZUL–
01
BBiigguurrrriillhhooss..iinndddd 11 1144//0066//22002222 1177::1122::0066"
20;LC;140869;E;24;0;;1.15309;1.88931;0.22049;AZUL;1201;;0;2023;"*010175AZ32*
01
1 Dia 1 Dia
1°Capa 4°Capa
Transcreva a sua Redação para a Folha de Redação.
Azul 1 1 Azul
Amarelo 2 2 Amarelo
Branco 3 1 3 Branco
Rosa 4 2 4 Rosa
3
Ledor 9 9 Ledor
Libras 10 4 10 Libras
5
6
7
8
O
9
H
10
N O
11
U
12 Ã
C
13 Ç
S
14 A
A
15 D
16 R
E
17
R
18
A
19
D
20
21
22
23
24
2 Dia 2 Dia
1°Capa 25 4°Capa
Libras 12 26 12 Libras
Ledor 11 11 Ledor
27
28
Rosa 8 8 Rosa
Azul 7 29 7 Azul
Cinza 6 6 Cinza
30
Amarelo 5 5 Amarelo
32 –1º DIA • CADERNO 1 • AZUL–
01
BBiigguurrrriillhhooss..iinndddd 11 1144//0066//22002222 1177::1122::0066"
37;LC;36864;A;12;0;;1.14733;0.38901;0.23027;AZUL;1281;;0;2023;Texto extraído diretamente do caderno oficial.
37;LC;36864;A;12;0;;1.14733;0.38901;0.23027;AZUL;1241;;0;2023;Texto extraído diretamente do caderno oficial.
37;LC;36864;A;12;0;;1.14733;0.38901;0.23027;AZUL;1281;;0;2023;Texto extraído diretamente do caderno oficial.
37;LC;36864;A;12;0;;1.14733;0.38901;0.23027;AZUL;1281;;0;2023;Texto extraído diretamente do caderno oficial.
37;LC;36864;A;12;0;;1.14733;0.38901;0.23027;AZUL;1241;;0;2023;Texto extraído diretamente do caderno oficial.
37;LC;36864;A;12;0;;1.14733;0.38901;0.23027;AZUL;1241;;0;2023;Texto extraído diretamente do caderno oficial.
11;LC;7582;D;3;0;;1.14699;0.542;0.138;AZUL;1281;;0;2023;"*010175AZ32*
01
1 Dia 1 Dia
1°Capa 4°Capa
Transcreva a sua Redação para a Folha de Redação.
Azul 1 1 Azul
Amarelo 2 2 Amarelo
Branco 3 1 3 Branco
Rosa 4 2 4 Rosa
3
Ledor 9 9 Ledor
Libras 10 4 10 Libras
5
6
7
8
O
9
H
10
N O
11
U
12 Ã
C
13 Ç
S
14 A
A
15 D
16 R
E
17
R
18
A
19
D
20
21
22
23
24
2 Dia 2 Dia
1°Capa 25 4°Capa
Libras 12 26 12 Libras
Ledor 11 11 Ledor
27
28
Rosa 8 8 Rosa
Azul 7 29 7 Azul
Cinza 6 6 Cinza
30
Amarelo 5 5 Amarelo
32 –1º DIA • CADERNO 1 • AZUL–
01
BBiigguurrrriillhhooss..iinndddd 11 1144//0066//22002222 1177::1122::0066"
11;LC;7582;D;3;0;;1.14699;0.542;0.138;AZUL;1281;;0;2023;"*010175AZ32*
01
1 Dia 1 Dia
1°Capa 4°Capa
Transcreva a sua Redação para a Folha de Redação.
Azul 1 1 Azul
Amarelo 2 2 Amarelo
Branco 3 1 3 Branco
Rosa 4 2 4 Rosa
3
Ledor 9 9 Ledor
Libras 10 4 10 Libras
5
6
7
8
O
9
H
10
N O
11
U
12 Ã
C
13 Ç
S
14 A
A
15 D
16 R
E
17
R
18
A
19
D
20
21
22
23
24
2 Dia 2 Dia
1°Capa 25 4°Capa
Libras 12 26 12 Libras
Ledor 11 11 Ledor
27
28
Rosa 8 8 Rosa
Azul 7 29 7 Azul
Cinza 6 6 Cinza
30
Amarelo 5 5 Amarelo
32 –1º DIA • CADERNO 1 • AZUL–
01
BBiigguurrrriillhhooss..iinndddd 11 1144//0066//22002222 1177::1122::0066"
11;LC;7582;D;3;0;;1.14699;0.542;0.138;AZUL;1241;;0;2023;"*010175AZ32*
01
1 Dia 1 Dia
1°Capa 4°Capa
Transcreva a sua Redação para a Folha de Redação.
Azul 1 1 Azul
Amarelo 2 2 Amarelo
Branco 3 1 3 Branco
Rosa 4 2 4 Rosa
3
Ledor 9 9 Ledor
Libras 10 4 10 Libras
5
6
7
8
O
9
H
10
N O
11
U
12 Ã
C
13 Ç
S
14 A
A
15 D
16 R
E
17
R
18
A
19
D
20
21
22
23
24
2 Dia 2 Dia
1°Capa 25 4°Capa
Libras 12 26 12 Libras
Ledor 11 11 Ledor
27
28
Rosa 8 8 Rosa
Azul 7 29 7 Azul
Cinza 6 6 Cinza
30
Amarelo 5 5 Amarelo
32 –1º DIA • CADERNO 1 • AZUL–
01
BBiigguurrrriillhhooss..iinndddd 11 1144//0066//22002222 1177::1122::0066"
11;LC;7582;D;3;0;;1.14699;0.542;0.138;AZUL;1241;;0;2023;"*010175AZ32*
01
1 Dia 1 Dia
1°Capa 4°Capa
Transcreva a sua Redação para a Folha de Redação.
Azul 1 1 Azul
Amarelo 2 2 Amarelo
Branco 3 1 3 Branco
Rosa 4 2 4 Rosa
3
Ledor 9 9 Ledor
Libras 10 4 10 Libras
5
6
7
8
O
9
H
10
N O
11
U
12 Ã
C
13 Ç
S
14 A
A
15 D
16 R
E
17
R
18
A
19
D
20
21
22
23
24
2 Dia 2 Dia
1°Capa 25 4°Capa
Libras 12 26 12 Libras
Ledor 11 11 Ledor
27
28
Rosa 8 8 Rosa
Azul 7 29 7 Azul
Cinza 6 6 Cinza
30
Amarelo 5 5 Amarelo
32 –1º DIA • CADERNO 1 • AZUL–
01
BBiigguurrrriillhhooss..iinndddd 11 1144//0066//22002222 1177::1122::0066"
11;LC;7582;D;3;0;;1.14699;0.542;0.138;AZUL;1281;;0;2023;"*010175AZ32*
01
1 Dia 1 Dia
1°Capa 4°Capa
Transcreva a sua Redação para a Folha de Redação.
Azul 1 1 Azul
Amarelo 2 2 Amarelo
Branco 3 1 3 Branco
Rosa 4 2 4 Rosa
3
Ledor 9 9 Ledor
Libras 10 4 10 Libras
5
6
7
8
O
9
H
10
N O
11
U
12 Ã
C
13 Ç
S
14 A
A
15 D
16 R
E
17
R
18
A
19
D
20
21
22
23
24
2 Dia 2 Dia
1°Capa 25 4°Capa
Libras 12 26 12 Libras
Ledor 11 11 Ledor
27
28
Rosa 8 8 Rosa
Azul 7 29 7 Azul
Cinza 6 6 Cinza
30
Amarelo 5 5 Amarelo
32 –1º DIA • CADERNO 1 • AZUL–
01
BBiigguurrrriillhhooss..iinndddd 11 1144//0066//22002222 1177::1122::0066"
11;LC;7582;D;3;0;;1.14699;0.542;0.138;AZUL;1241;;0;2023;"*010175AZ32*
01
1 Dia 1 Dia
1°Capa 4°Capa
Transcreva a sua Redação para a Folha de Redação.
Azul 1 1 Azul
Amarelo 2 2 Amarelo
Branco 3 1 3 Branco
Rosa 4 2 4 Rosa
3
Ledor 9 9 Ledor
Libras 10 4 10 Libras
5
6
7
8
O
9
H
10
N O
11
U
12 Ã
C
13 Ç
S
14 A
A
15 D
16 R
E
17
R
18
A
19
D
20
21
22
23
24
2 Dia 2 Dia
1°Capa 25 4°Capa
Libras 12 26 12 Libras
Ledor 11 11 Ledor
27
28
Rosa 8 8 Rosa
Azul 7 29 7 Azul
Cinza 6 6 Cinza
30
Amarelo 5 5 Amarelo
32 –1º DIA • CADERNO 1 • AZUL–
01
BBiigguurrrriillhhooss..iinndddd 11 1144//0066//22002222 1177::1122::0066"
147;MT;14618;C;9;0;;1.13695;2.25067;0.14845;AZUL;1291;;0;2023;Texto extraído diretamente do caderno oficial.
147;MT;14618;C;9;0;;1.13695;2.25067;0.14845;AZUL;1251;;0;2023;Texto extraído diretamente do caderno oficial.
147;MT;14618;C;9;0;;1.13695;2.25067;0.14845;AZUL;1291;;0;2023;Texto extraído diretamente do caderno oficial.
147;MT;14618;C;9;0;;1.13695;2.25067;0.14845;AZUL;1251;;0;2023;Texto extraído diretamente do caderno oficial.
147;MT;14618;C;9;0;;1.13695;2.25067;0.14845;AZUL;1251;;0;2023;Texto extraído diretamente do caderno oficial.
147;MT;14618;C;9;0;;1.13695;2.25067;0.14845;AZUL;1291;;0;2023;Texto extraído diretamente do caderno oficial.
153;MT;125935;E;17;0;;1.13247;0.13877;0.19155;AZUL;1211;;0;2023;Texto extraído diretamente do caderno oficial.
153;MT;125935;E;17;0;;1.13247;0.13877;0.19155;AZUL;1211;;0;2023;Texto extraído diretamente do caderno oficial.
153;MT;125935;E;17;0;;1.13247;0.13877;0.19155;AZUL;1211;;0;2023;Texto extraído diretamente do caderno oficial.
127;CN;82981;C;8;0;;1.12236;1.94205;0.1949;AZUL;1333;;0;2023;Texto extraído diretamente do caderno oficial.
127;CN;82981;C;8;0;;1.12236;1.94205;0.1949;AZUL;1333;;0;2023;Texto extraído diretamente do caderno oficial.
127;CN;82981;C;8;0;;1.12236;1.94205;0.1949;AZUL;1333;;0;2023;Texto extraído diretamente do caderno oficial.
96;CN;14398;B;26;0;;1.10698;1.7492;0.20057;AZUL;1301;;0;2023;Texto extraído diretamente do caderno oficial.
96;CN;14398;B;26;0;;1.10698;1.7492;0.20057;AZUL;1301;;0;2023;Texto extraído diretamente do caderno oficial.
96;CN;14398;B;26;0;;1.10698;1.7492;0.20057;AZUL;1261;;0;2023;Texto extraído diretamente do caderno oficial.
96;CN;14398;B;26;0;;1.10698;1.7492;0.20057;AZUL;1261;;0;2023;Texto extraído diretamente do caderno oficial.
96;CN;14398;B;26;0;;1.10698;1.7492;0.20057;AZUL;1261;;0;2023;Texto extraído diretamente do caderno oficial.
96;CN;14398;B;26;0;;1.10698;1.7492;0.20057;AZUL;1301;;0;2023;Texto extraído diretamente do caderno oficial.
94;CN;66330;A;7;0;;1.0858;2.67412;0.10118;AZUL;1221;;0;2023;Texto extraído diretamente do caderno oficial.
94;CN;66330;A;7;0;;1.0858;2.67412;0.10118;AZUL;1221;;0;2023;Texto extraído diretamente do caderno oficial.
94;CN;66330;A;7;0;;1.0858;2.67412;0.10118;AZUL;1221;;0;2023;Texto extraído diretamente do caderno oficial.
87;CH;140165;B;1;0;;1.08066;0.19929;0.20308;AZUL;1271;;0;2023;Texto extraído diretamente do caderno oficial.
87;CH;140165;B;1;0;;1.08066;0.19929;0.20308;AZUL;1231;;0;2023;Texto extraído diretamente do caderno oficial.
87;CH;140165;B;1;0;;1.08066;0.19929;0.20308;AZUL;1231;;0;2023;Texto extraído diretamente do caderno oficial.
87;CH;140165;B;1;0;;1.08066;0.19929;0.20308;AZUL;1231;;0;2023;Texto extraído diretamente do caderno oficial.
87;CH;140165;B;1;0;;1.08066;0.19929;0.20308;AZUL;1271;;0;2023;Texto extraído diretamente do caderno oficial.
87;CH;140165;B;1;0;;1.08066;0.19929;0.20308;AZUL;1271;;0;2023;Texto extraído diretamente do caderno oficial.
46;CH;85740;D;23;0;;1.06381;0.36024;0.20981;AZUL;1231;;0;2023;Texto extraído diretamente do caderno oficial.
46;CH;85740;D;23;0;;1.06381;0.36024;0.20981;AZUL;1231;;0;2023;Texto extraído diretamente do caderno oficial.
46;CH;85740;D;23;0;;1.06381;0.36024;0.20981;AZUL;1271;;0;2023;Texto extraído diretamente do caderno oficial.
46;CH;85740;D;23;0;;1.06381;0.36024;0.20981;AZUL;1231;;0;2023;Texto extraído diretamente do caderno oficial.
46;CH;85740;D;23;0;;1.06381;0.36024;0.20981;AZUL;1271;;0;2023;Texto extraído diretamente do caderno oficial.
46;CH;85740;D;23;0;;1.06381;0.36024;0.20981;AZUL;1271;;0;2023;Texto extraído diretamente do caderno oficial.
147;MT;16795;D;16;0;;1.05676;1.98507;0.08392;AZUL;1211;;0;2023;Texto extraído diretamente do caderno oficial.
147;MT;16795;D;16;0;;1.05676;1.98507;0.08392;AZUL;1211;;0;2023;Texto extraído diretamente do caderno oficial.
147;MT;16795;D;16;0;;1.05676;1.98507;0.08392;AZUL;1211;;0;2023;Texto extraído diretamente do caderno oficial.
96;CN;85312;C;14;0;;1.04682;0.19023;0.21346;AZUL;1333;;0;2023;Texto extraído diretamente do caderno oficial.
96;CN;85312;C;14;0;;1.04682;0.19023;0.21346;AZUL;1333;;0;2023;Texto extraído diretamente do caderno oficial.
96;CN;85312;C;14;0;;1.04682;0.19023;0.21346;AZUL;1333;;0;2023;Texto extraído diretamente do caderno oficial.
95;CN;48492;B;28;0;;1.03631;2.13278;0.24911;AZUL;1221;;0;2023;Texto extraído diretamente do caderno oficial.
95;CN;48492;B;28;0;;1.03631;2.13278;0.24911;AZUL;1221;;0;2023;Texto extraído diretamente do caderno oficial.
95;CN;48492;B;28;0;;1.03631;2.13278;0.24911;AZUL;1221;;0;2023;Texto extraído diretamente do caderno oficial.
110;CN;13234;B;17;0;;1.03245;1.23487;0.12791;AZUL;1301;;0;2023;Texto extraído diretamente do caderno oficial.
110;CN;13234;B;17;0;;1.03245;1.23487;0.12791;AZUL;1261;;0;2023;Texto extraído diretamente do caderno oficial.
110;CN;13234;B;17;0;;1.03245;1.23487;0.12791;AZUL;1261;;0;2023;Texto extraído diretamente do caderno oficial.
110;CN;13234;B;17;0;;1.03245;1.23487;0.12791;AZUL;1301;;0;2023;Texto extraído diretamente do caderno oficial.
110;CN;13234;B;17;0;;1.03245;1.23487;0.12791;AZUL;1261;;0;2023;Texto extraído diretamente do caderno oficial.
110;CN;13234;B;17;0;;1.03245;1.23487;0.12791;AZUL;1301;;0;2023;Texto extraído diretamente do caderno oficial.
103;CN;59767;D;6;0;;1.03037;2.2554;0.22682;AZUL;1333;;0;2023;Texto extraído diretamente do caderno oficial.
103;CN;59767;D;6;0;;1.03037;2.2554;0.22682;AZUL;1333;;0;2023;Texto extraído diretamente do caderno oficial.
103;CN;59767;D;6;0;;1.03037;2.2554;0.22682;AZUL;1333;;0;2023;Texto extraído diretamente do caderno oficial.
28;LC;141448;C;19;0;;0.99432;-0.13224;0.02226;AZUL;1201;;0;2023;"*010175AZ32*
01
1 Dia 1 Dia
1°Capa 4°Capa
Transcreva a sua Redação para a Folha de Redação.
Azul 1 1 Azul
Amarelo 2 2 Amarelo
Branco 3 1 3 Branco
Rosa 4 2 4 Rosa
3
Ledor 9 9 Ledor
Libras 10 4 10 Libras
5
6
7
8
O
9
H
10
N O
11
U
12 Ã
C
13 Ç
S
14 A
A
15 D
16 R
E
17
R
18
A
19
D
20
21
22
23
24
2 Dia 2 Dia
1°Capa 25 4°Capa
Libras 12 26 12 Libras
Ledor 11 11 Ledor
27
28
Rosa 8 8 Rosa
Azul 7 29 7 Azul
Cinza 6 6 Cinza
30
Amarelo 5 5 Amarelo
32 –1º DIA • CADERNO 1 • AZUL–
01
BBiigguurrrriillhhooss..iinndddd 11 1144//0066//22002222 1177::1122::0066"
28;LC;141448;C;19;0;;0.99432;-0.13224;0.02226;AZUL;1201;;0;2023;"*010175AZ32*
01
1 Dia 1 Dia
1°Capa 4°Capa
Transcreva a sua Redação para a Folha de Redação.
Azul 1 1 Azul
Amarelo 2 2 Amarelo
Branco 3 1 3 Branco
Rosa 4 2 4 Rosa
3
Ledor 9 9 Ledor
Libras 10 4 10 Libras
5
6
7
8
O
9
H
10
N O
11
U
12 Ã
C
13 Ç
S
14 A
A
15 D
16 R
E
17
R
18
A
19
D
20
21
22
23
24
2 Dia 2 Dia
1°Capa 25 4°Capa
Libras 12 26 12 Libras
Ledor 11 11 Ledor
27
28
Rosa 8 8 Rosa
Azul 7 29 7 Azul
Cinza 6 6 Cinza
30
Amarelo 5 5 Amarelo
32 –1º DIA • CADERNO 1 • AZUL–
01
BBiigguurrrriillhhooss..iinndddd 11 1144//0066//22002222 1177::1122::0066"
28;LC;141448;C;19;0;;0.99432;-0.13224;0.02226;AZUL;1201;;0;2023;"*010175AZ32*
01
1 Dia 1 Dia
1°Capa 4°Capa
Transcreva a sua Redação para a Folha de Redação.
Azul 1 1 Azul
Amarelo 2 2 Amarelo
Branco 3 1 3 Branco
Rosa 4 2 4 Rosa
3
Ledor 9 9 Ledor
Libras 10 4 10 Libras
5
6
7
8
O
9
H
10
N O
11
U
12 Ã
C
13 Ç
S
14 A
A
15 D
16 R
E
17
R
18
A
19
D
20
21
22
23
24
2 Dia 2 Dia
1°Capa 25 4°Capa
Libras 12 26 12 Libras
Ledor 11 11 Ledor
27
28
Rosa 8 8 Rosa
Azul 7 29 7 Azul
Cinza 6 6 Cinza
30
Amarelo 5 5 Amarelo
32 –1º DIA • CADERNO 1 • AZUL–
01
BBiigguurrrriillhhooss..iinndddd 11 1144//0066//22002222 1177::1122::0066"
114;CN;97149;A;17;0;;0.99037;1.55817;0.20321;AZUL;1221;;0;2023;Texto extraído diretamente do caderno oficial.
114;CN;97149;A;17;0;;0.99037;1.55817;0.20321;AZUL;1221;;0;2023;Texto extraído diretamente do caderno oficial.
114;CN;97149;A;17;0;;0.99037;1.55817;0.20321;AZUL;1221;;0;2023;Texto extraído diretamente do caderno oficial.
177;MT;14389;A;15;0;;0.96035;1.52433;0.14823;AZUL;1211;;0;2023;Texto extraído diretamente do caderno oficial.
177;MT;14389;A;15;0;;0.96035;1.52433;0.14823;AZUL;1211;;0;2023;Texto extraído diretamente do caderno oficial.
177;MT;14389;A;15;0;;0.96035;1.52433;0.14823;AZUL;1211;;0;2023;Texto extraído diretamente do caderno oficial.
11;LC;118301;D;23;0;;0.95292;-0.47764;0.00564;AZUL;1201;;0;2023;"*010175AZ32*
01
1 Dia 1 Dia
1°Capa 4°Capa
Transcreva a sua Redação para a Folha de Redação.
Azul 1 1 Azul
Amarelo 2 2 Amarelo
Branco 3 1 3 Branco
Rosa 4 2 4 Rosa
3
Ledor 9 9 Ledor
Libras 10 4 10 Libras
5
6
7
8
O
9
H
10
N O
11
U
12 Ã
C
13 Ç
S
14 A
A
15 D
16 R
E
17
R
18
A
19
D
20
21
22
23
24
2 Dia 2 Dia
1°Capa 25 4°Capa
Libras 12 26 12 Libras
Ledor 11 11 Ledor
27
28
Rosa 8 8 Rosa
Azul 7 29 7 Azul
Cinza 6 6 Cinza
30
Amarelo 5 5 Amarelo
32 –1º DIA • CADERNO 1 • AZUL–
01
BBiigguurrrriillhhooss..iinndddd 11 1144//0066//22002222 1177::1122::0066"
11;LC;118301;D;23;0;;0.95292;-0.47764;0.00564;AZUL;1201;;0;2023;"*010175AZ32*
01
1 Dia 1 Dia
1°Capa 4°Capa
Transcreva a sua Redação para a Folha de Redação.
Azul 1 1 Azul
Amarelo 2 2 Amarelo
Branco 3 1 3 Branco
Rosa 4 2 4 Rosa
3
Ledor 9 9 Ledor
Libras 10 4 10 Libras
5
6
7
8
O
9
H
10
N O
11
U
12 Ã
C
13 Ç
S
14 A
A
15 D
16 R
E
17
R
18
A
19
D
20
21
22
23
24
2 Dia 2 Dia
1°Capa 25 4°Capa
Libras 12 26 12 Libras
Ledor 11 11 Ledor
27
28
Rosa 8 8 Rosa
Azul 7 29 7 Azul
Cinza 6 6 Cinza
30
Amarelo 5 5 Amarelo
32 –1º DIA • CADERNO 1 • AZUL–
01
BBiigguurrrriillhhooss..iinndddd 11 1144//0066//22002222 1177::1122::0066"
11;LC;118301;D;23;0;;0.95292;-0.47764;0.00564;AZUL;1201;;0;2023;"*010175AZ32*
01
1 Dia 1 Dia
1°Capa 4°Capa
Transcreva a sua Redação para a Folha de Redação.
Azul 1 1 Azul
Amarelo 2 2 Amarelo
Branco 3 1 3 Branco
Rosa 4 2 4 Rosa
3
Ledor 9 9 Ledor
Libras 10 4 10 Libras
5
6
7
8
O
9
H
10
N O
11
U
12 Ã
C
13 Ç
S
14 A
A
15 D
16 R
E
17
R
18
A
19
D
20
21
22
23
24
2 Dia 2 Dia
1°Capa 25 4°Capa
Libras 12 26 12 Libras
Ledor 11 11 Ledor
27
28
Rosa 8 8 Rosa
Azul 7 29 7 Azul
Cinza 6 6 Cinza
30
Amarelo 5 5 Amarelo
32 –1º DIA • CADERNO 1 • AZUL–
01
BBiigguurrrriillhhooss..iinndddd 11 1144//0066//22002222 1177::1122::0066"
116;CN;39162;C;16;0;;0.9516;1.07172;0.21936;AZUL;1301;;0;2023;Texto extraído diretamente do caderno oficial.
116;CN;39162;C;16;0;;0.9516;1.07172;0.21936;AZUL;1301;;0;2023;Texto extraído diretamente do caderno oficial.
116;CN;39162;C;16;0;;0.9516;1.07172;0.21936;AZUL;1261;;0;2023;Texto extraído diretamente do caderno oficial.
116;CN;39162;C;16;0;;0.9516;1.07172;0.21936;AZUL;1261;;0;2023;Texto extraído diretamente do caderno oficial.
116;CN;39162;C;16;0;;0.9516;1.07172;0.21936;AZUL;1261;;0;2023;Texto extraído diretamente do caderno oficial.
116;CN;39162;C;16;0;;0.9516;1.07172;0.21936;AZUL;1301;;0;2023;Texto extraído diretamente do caderno oficial.
112;CN;141747;B;30;0;;0.93211;-0.69435;0.20425;AZUL;1333;;0;2023;Texto extraído diretamente do caderno oficial.
112;CN;141747;B;30;0;;0.93211;-0.69435;0.20425;AZUL;1333;;0;2023;Texto extraído diretamente do caderno oficial.
112;CN;141747;B;30;0;;0.93211;-0.69435;0.20425;AZUL;1333;;0;2023;Texto extraído diretamente do caderno oficial.
100;CN;126548;C;10;0;;0.90764;-0.16726;0.20002;AZUL;1333;;0;2023;Texto extraído diretamente do caderno oficial.
100;CN;126548;C;10;0;;0.90764;-0.16726;0.20002;AZUL;1333;;0;2023;Texto extraído diretamente do caderno oficial.
100;CN;126548;C;10;0;;0.90764;-0.16726;0.20002;AZUL;1333;;0;2023;Texto extraído diretamente do caderno oficial.
133;CN;88476;E;3;0;;0.90246;-0.70921;0.20607;AZUL;1333;;0;2023;Texto extraído diretamente do caderno oficial.
133;CN;88476;E;3;0;;0.90246;-0.70921;0.20607;AZUL;1333;;0;2023;Texto extraído diretamente do caderno oficial.
133;CN;88476;E;3;0;;0.90246;-0.70921;0.20607;AZUL;1333;;0;2023;Texto extraído diretamente do caderno oficial.
111;CN;54162;C;1;0;;0.82835;2.06704;0.0603;AZUL;1221;;0;2023;Texto extraído diretamente do caderno oficial.
111;CN;54162;C;1;0;;0.82835;2.06704;0.0603;AZUL;1221;;0;2023;Texto extraído diretamente do caderno oficial.
111;CN;54162;C;1;0;;0.82835;2.06704;0.0603;AZUL;1221;;0;2023;Texto extraído diretamente do caderno oficial.
