CO_POSICAO;SG_AREA;CO_ITEM;TX_GABARITO;CO_HABILIDADE;IN_ITEM_ABAN;TX_MOTIVO_ABAN;NU_PARAM_A;NU_PARAM_B;NU_PARAM_C;TX_COR;CO_PROVA;TP_LINGUA;IN_ITEM_ADAPTADO;NU_ANO;TX_ENUNCIADO
110;CN;86674;C;7;0;;7.35128;1.31937;0.12629;AZUL;1569;;0;2025;Questão 110 - Texto extraído da Prova Oficial.
110;CN;86674;C;7;0;;7.35128;1.31937;0.12629;AZUL;1569;;0;2025;Questão 110 - Texto extraído da Prova Oficial.
110;CN;86674;C;7;0;;7.35128;1.31937;0.12629;AZUL;1569;;0;2025;Questão 110 - Texto extraído da Prova Oficial.
123;CN;95477;E;21;0;;6.51954;1.22565;0.22084;AZUL;1569;;0;2025;Questão 123 - Texto extraído da Prova Oficial.
123;CN;95477;E;21;0;;6.51954;1.22565;0.22084;AZUL;1569;;0;2025;Questão 123 - Texto extraído da Prova Oficial.
123;CN;95477;E;21;0;;6.51954;1.22565;0.22084;AZUL;1569;;0;2025;Questão 123 - Texto extraído da Prova Oficial.
125;CN;84790;C;13;0;;5.335;1.44617;0.19475;AZUL;1569;;0;2025;Questão 125 - Texto extraído da Prova Oficial.
125;CN;84790;C;13;0;;5.335;1.44617;0.19475;AZUL;1569;;0;2025;Questão 125 - Texto extraído da Prova Oficial.
125;CN;84790;C;13;0;;5.335;1.44617;0.19475;AZUL;1569;;0;2025;Questão 125 - Texto extraído da Prova Oficial.
38;LC;150664;C;24;0;;3.99038;0.67847;0.18382;AZUL;1549;;0;2025;Questão 38 - Texto extraído da Prova Oficial.
38;LC;150664;C;24;0;;3.99038;0.67847;0.18382;AZUL;1549;;0;2025;Questão 38 - Texto extraído da Prova Oficial.
38;LC;150664;C;24;0;;3.99038;0.67847;0.18382;AZUL;1549;;0;2025;Questão 38 - Texto extraído da Prova Oficial.
115;CN;40964;C;6;0;;3.98966;2.39668;0.32539;AZUL;1569;;0;2025;Questão 115 - Texto extraído da Prova Oficial.
115;CN;40964;C;6;0;;3.98966;2.39668;0.32539;AZUL;1569;;0;2025;Questão 115 - Texto extraído da Prova Oficial.
115;CN;40964;C;6;0;;3.98966;2.39668;0.32539;AZUL;1569;;0;2025;Questão 115 - Texto extraído da Prova Oficial.
121;CN;141616;B;5;0;;3.9427;1.65917;0.29972;AZUL;1569;;0;2025;Questão 121 - Texto extraído da Prova Oficial.
121;CN;141616;B;5;0;;3.9427;1.65917;0.29972;AZUL;1569;;0;2025;Questão 121 - Texto extraído da Prova Oficial.
121;CN;141616;B;5;0;;3.9427;1.65917;0.29972;AZUL;1569;;0;2025;Questão 121 - Texto extraído da Prova Oficial.
101;CN;88961;C;14;0;;3.88883;1.40675;0.1611;AZUL;1511;;0;2025;Questão 101 - Texto extraído da Prova Oficial.
101;CN;88961;C;14;0;;3.88883;1.40675;0.1611;AZUL;1511;;0;2025;Questão 101 - Texto extraído da Prova Oficial.
101;CN;88961;C;14;0;;3.88883;1.40675;0.1611;AZUL;1511;;0;2025;Questão 101 - Texto extraído da Prova Oficial.
57;CH;125802;D;2;0;;3.84407;0.17934;0.18899;AZUL;1520;;0;2025;Questão 57 - Texto extraído da Prova Oficial.
57;CH;125802;D;2;0;;3.84407;0.17934;0.18899;AZUL;1520;;0;2025;Questão 57 - Texto extraído da Prova Oficial.
57;CH;125802;D;2;0;;3.84407;0.17934;0.18899;AZUL;1520;;0;2025;Questão 57 - Texto extraído da Prova Oficial.
144;MT;83535;B;4;0;;3.80043;2.11536;0.2154;AZUL;1502;;0;2025;Questão 144 - Texto extraído da Prova Oficial.
144;MT;83535;B;4;0;;3.80043;2.11536;0.2154;AZUL;1502;;0;2025;Questão 144 - Texto extraído da Prova Oficial.
144;MT;83535;B;4;0;;3.80043;2.11536;0.2154;AZUL;1502;;0;2025;Questão 144 - Texto extraído da Prova Oficial.
75;CH;89670;C;11;0;;3.79063;0.48844;0.18077;AZUL;1520;;0;2025;Questão 75 - Texto extraído da Prova Oficial.
75;CH;89670;C;11;0;;3.79063;0.48844;0.18077;AZUL;1520;;0;2025;Questão 75 - Texto extraído da Prova Oficial.
75;CH;89670;C;11;0;;3.79063;0.48844;0.18077;AZUL;1520;;0;2025;Questão 75 - Texto extraído da Prova Oficial.
122;CN;141549;A;5;0;;3.78975;2.17662;0.06117;AZUL;1511;;0;2025;Questão 122 - Texto extraído da Prova Oficial.
122;CN;141549;A;5;0;;3.78975;2.17662;0.06117;AZUL;1511;;0;2025;Questão 122 - Texto extraído da Prova Oficial.
122;CN;141549;A;5;0;;3.78975;2.17662;0.06117;AZUL;1511;;0;2025;Questão 122 - Texto extraído da Prova Oficial.
159;MT;28594;B;28;0;;3.76898;2.83918;0.20314;AZUL;1559;;0;2025;Questão 159 - Texto extraído da Prova Oficial.
159;MT;28594;B;28;0;;3.76898;2.83918;0.20314;AZUL;1559;;0;2025;Questão 159 - Texto extraído da Prova Oficial.
159;MT;28594;B;28;0;;3.76898;2.83918;0.20314;AZUL;1559;;0;2025;Questão 159 - Texto extraído da Prova Oficial.
138;MT;141509;A;20;0;;3.71206;2.19166;0.05382;AZUL;1559;;0;2025;Questão 138 - Texto extraído da Prova Oficial.
138;MT;141509;A;20;0;;3.71206;2.19166;0.05382;AZUL;1559;;0;2025;Questão 138 - Texto extraído da Prova Oficial.
138;MT;141509;A;20;0;;3.71206;2.19166;0.05382;AZUL;1559;;0;2025;Questão 138 - Texto extraído da Prova Oficial.
117;CN;117699;E;9;0;;3.65154;2.39907;0.30683;AZUL;1511;;0;2025;Questão 117 - Texto extraído da Prova Oficial.
117;CN;117699;E;9;0;;3.65154;2.39907;0.30683;AZUL;1511;;0;2025;Questão 117 - Texto extraído da Prova Oficial.
117;CN;117699;E;9;0;;3.65154;2.39907;0.30683;AZUL;1511;;0;2025;Questão 117 - Texto extraído da Prova Oficial.
166;MT;88553;A;19;0;;3.65114;2.39583;0.09693;AZUL;1502;;0;2025;Questão 166 - Texto extraído da Prova Oficial.
166;MT;88553;A;19;0;;3.65114;2.39583;0.09693;AZUL;1502;;0;2025;Questão 166 - Texto extraído da Prova Oficial.
166;MT;88553;A;19;0;;3.65114;2.39583;0.09693;AZUL;1502;;0;2025;Questão 166 - Texto extraído da Prova Oficial.
45;LC;150590;B;20;0;;3.65075;0.35563;0.20786;AZUL;1529;;0;2025;Questão 45 - Texto extraído da Prova Oficial.
45;LC;150590;B;20;0;;3.65075;0.35563;0.20786;AZUL;1529;;0;2025;Questão 45 - Texto extraído da Prova Oficial.
45;LC;150590;B;20;0;;3.65075;0.35563;0.20786;AZUL;1529;;0;2025;Questão 45 - Texto extraído da Prova Oficial.
119;CN;97804;D;22;0;;3.63182;1.75456;0.06937;AZUL;1569;;0;2025;Questão 119 - Texto extraído da Prova Oficial.
119;CN;97804;D;22;0;;3.63182;1.75456;0.06937;AZUL;1569;;0;2025;Questão 119 - Texto extraído da Prova Oficial.
119;CN;97804;D;22;0;;3.63182;1.75456;0.06937;AZUL;1569;;0;2025;Questão 119 - Texto extraído da Prova Oficial.
141;MT;117905;D;3;0;;3.62268;2.158;0.2215;AZUL;1559;;0;2025;Questão 141 - Texto extraído da Prova Oficial.
141;MT;117905;D;3;0;;3.62268;2.158;0.2215;AZUL;1559;;0;2025;Questão 141 - Texto extraído da Prova Oficial.
141;MT;117905;D;3;0;;3.62268;2.158;0.2215;AZUL;1559;;0;2025;Questão 141 - Texto extraído da Prova Oficial.
110;CN;141618;D;26;0;;3.58422;2.50706;0.24943;AZUL;1511;;0;2025;Questão 110 - Texto extraído da Prova Oficial.
110;CN;141618;D;26;0;;3.58422;2.50706;0.24943;AZUL;1511;;0;2025;Questão 110 - Texto extraído da Prova Oficial.
110;CN;141618;D;26;0;;3.58422;2.50706;0.24943;AZUL;1511;;0;2025;Questão 110 - Texto extraído da Prova Oficial.
28;LC;150671;E;30;0;;3.52562;0.36201;0.19772;AZUL;1529;;0;2025;"
28
29
30
ENEM2025ENEM2025ENEM2025ENEM2025ENEM2025ENEM2025ENEM2025ENEM2025ENEM2025ENEM2025ENEM2025ENEM2025ENEM2025ENEN2025ENEM2025ENEM2025ENEM2025ENEM2025ENEM2025ENEM2025ENEM2025ENEM2025ENEM2025ENEM2025ENEM2025ENEM2025ENEM2025ENEM2025ENEM2025ENEM2025ENEM2025ENEM2025ENEM2025ENEM2025ENEM2025ENEM2025ENEM2025ENEM2025ENEM2025ENEM2025ENEM2025ENEM2025ENEM2025ENEM2025ENEM2025
LINGUAGENS, CÓDIGOS E SUAS TECNOLOGIAS E REDAÇÃO | 1º DIA | CADERNO 1 | AZUL 21
001100117755AAZZ..iinnddbb 2211 2233//0077//22002255 1122::3322::2255
--- PAG 22 ---
*010175AZ22*
ENEM2025ENEM2025ENEM2025ENEM2025ENEM2025ENEM2025ENEM2025ENEM2025ENEM2025ENEM2025ENEM2025ENEM2025ENEM2025ENEN2025ENEM2025ENEM2025ENEM2025ENEM2025ENEM2025ENEM2025ENEM2025ENEM2025ENEM2025ENEM2025ENEM2025ENEM2025ENEM2025ENEM2025ENEM2025ENEM2025ENEM2025ENEM2025ENEM2025ENEM2025ENEM2025ENEM2025ENEM2025ENEM2025ENEM2025ENEM2025ENEM2025ENEM2025ENEM2025ENEM2025ENEM2025
CIÊNCIAS HUMANAS E SUAS TECNOLOGIAS
Questões de 46 a 90
QUESTãO 46
Macedônia do Norte
Acordo entra em vigor e país muda oficialmente de nome
Entrou em vigor, em 2019, o acordo que determina a mudança de nome da Macedônia para Macedônia do Norte. A troca
põe fim — ao menos por enquanto — no"
28;LC;150671;E;30;0;;3.52562;0.36201;0.19772;AZUL;1529;;0;2025;"
28
29
30
ENEM2025ENEM2025ENEM2025ENEM2025ENEM2025ENEM2025ENEM2025ENEM2025ENEM2025ENEM2025ENEM2025ENEM2025ENEM2025ENEN2025ENEM2025ENEM2025ENEM2025ENEM2025ENEM2025ENEM2025ENEM2025ENEM2025ENEM2025ENEM2025ENEM2025ENEM2025ENEM2025ENEM2025ENEM2025ENEM2025ENEM2025ENEM2025ENEM2025ENEM2025ENEM2025ENEM2025ENEM2025ENEM2025ENEM2025ENEM2025ENEM2025ENEM2025ENEM2025ENEM2025ENEM2025
LINGUAGENS, CÓDIGOS E SUAS TECNOLOGIAS E REDAÇÃO | 1º DIA | CADERNO 1 | AZUL 21
001100117755AAZZ..iinnddbb 2211 2233//0077//22002255 1122::3322::2255
--- PAG 22 ---
*010175AZ22*
ENEM2025ENEM2025ENEM2025ENEM2025ENEM2025ENEM2025ENEM2025ENEM2025ENEM2025ENEM2025ENEM2025ENEM2025ENEM2025ENEN2025ENEM2025ENEM2025ENEM2025ENEM2025ENEM2025ENEM2025ENEM2025ENEM2025ENEM2025ENEM2025ENEM2025ENEM2025ENEM2025ENEM2025ENEM2025ENEM2025ENEM2025ENEM2025ENEM2025ENEM2025ENEM2025ENEM2025ENEM2025ENEM2025ENEM2025ENEM2025ENEM2025ENEM2025ENEM2025ENEM2025ENEM2025
CIÊNCIAS HUMANAS E SUAS TECNOLOGIAS
Questões de 46 a 90
QUESTãO 46
Macedônia do Norte
Acordo entra em vigor e país muda oficialmente de nome
Entrou em vigor, em 2019, o acordo que determina a mudança de nome da Macedônia para Macedônia do Norte. A troca
põe fim — ao menos por enquanto — no"
28;LC;150671;E;30;0;;3.52562;0.36201;0.19772;AZUL;1529;;0;2025;"
28
29
30
ENEM2025ENEM2025ENEM2025ENEM2025ENEM2025ENEM2025ENEM2025ENEM2025ENEM2025ENEM2025ENEM2025ENEM2025ENEM2025ENEN2025ENEM2025ENEM2025ENEM2025ENEM2025ENEM2025ENEM2025ENEM2025ENEM2025ENEM2025ENEM2025ENEM2025ENEM2025ENEM2025ENEM2025ENEM2025ENEM2025ENEM2025ENEM2025ENEM2025ENEM2025ENEM2025ENEM2025ENEM2025ENEM2025ENEM2025ENEM2025ENEM2025ENEM2025ENEM2025ENEM2025ENEM2025
LINGUAGENS, CÓDIGOS E SUAS TECNOLOGIAS E REDAÇÃO | 1º DIA | CADERNO 1 | AZUL 21
001100117755AAZZ..iinnddbb 2211 2233//0077//22002255 1122::3322::2255
--- PAG 22 ---
*010175AZ22*
ENEM2025ENEM2025ENEM2025ENEM2025ENEM2025ENEM2025ENEM2025ENEM2025ENEM2025ENEM2025ENEM2025ENEM2025ENEM2025ENEN2025ENEM2025ENEM2025ENEM2025ENEM2025ENEM2025ENEM2025ENEM2025ENEM2025ENEM2025ENEM2025ENEM2025ENEM2025ENEM2025ENEM2025ENEM2025ENEM2025ENEM2025ENEM2025ENEM2025ENEM2025ENEM2025ENEM2025ENEM2025ENEM2025ENEM2025ENEM2025ENEM2025ENEM2025ENEM2025ENEM2025ENEM2025
CIÊNCIAS HUMANAS E SUAS TECNOLOGIAS
Questões de 46 a 90
QUESTãO 46
Macedônia do Norte
Acordo entra em vigor e país muda oficialmente de nome
Entrou em vigor, em 2019, o acordo que determina a mudança de nome da Macedônia para Macedônia do Norte. A troca
põe fim — ao menos por enquanto — no"
151;MT;22140;E;19;0;;3.52209;1.94638;0.0874;AZUL;1502;;0;2025;Questão 151 - Texto extraído da Prova Oficial.
151;MT;22140;E;19;0;;3.52209;1.94638;0.0874;AZUL;1502;;0;2025;Questão 151 - Texto extraído da Prova Oficial.
151;MT;22140;E;19;0;;3.52209;1.94638;0.0874;AZUL;1502;;0;2025;Questão 151 - Texto extraído da Prova Oficial.
158;MT;5827;B;21;0;;3.49176;2.62896;0.12305;AZUL;1502;;0;2025;Questão 158 - Texto extraído da Prova Oficial.
158;MT;5827;B;21;0;;3.49176;2.62896;0.12305;AZUL;1502;;0;2025;Questão 158 - Texto extraído da Prova Oficial.
158;MT;5827;B;21;0;;3.49176;2.62896;0.12305;AZUL;1502;;0;2025;Questão 158 - Texto extraído da Prova Oficial.
59;CH;140651;B;3;0;;3.45768;1.26163;0.22242;AZUL;1520;;0;2025;Questão 59 - Texto extraído da Prova Oficial.
59;CH;140651;B;3;0;;3.45768;1.26163;0.22242;AZUL;1520;;0;2025;Questão 59 - Texto extraído da Prova Oficial.
59;CH;140651;B;3;0;;3.45768;1.26163;0.22242;AZUL;1520;;0;2025;Questão 59 - Texto extraído da Prova Oficial.
23;LC;150623;E;19;0;;3.44598;0.4296;0.12383;AZUL;1549;;0;2025;"
23
24
25
26
27
28
29
30
ENEM2025ENEM2025ENEM2025ENEM2025ENEM2025ENEM2025ENEM2025ENEM2025ENEM2025ENEM2025ENEM2025ENEM2025ENEM2025ENEN2025ENEM2025ENEM2025ENEM2025ENEM2025ENEM2025ENEM2025ENEM2025ENEM2025ENEM2025ENEM2025ENEM2025ENEM2025ENEM2025ENEM2025ENEM2025ENEM2025ENEM2025ENEM2025ENEM2025ENEM2025ENEM2025ENEM2025ENEM2025ENEM2025ENEM2025ENEM2025ENEM2025ENEM2025ENEM2025ENEM2025ENEM2025
LINGUAGENS, CÓDIGOS E SUAS TECNOLOGIAS E REDAÇÃO | 1º DIA | CADERNO 1 | AZUL 21
001100117755AAZZ..iinnddbb 2211 2233//0077//22002255 1122::3322::2255
--- PAG 22 ---
*010175AZ22*
ENEM2025ENEM2025ENEM2025ENEM2025ENEM2025ENEM2025ENEM2025ENEM2025ENEM2025ENEM2025ENEM2025ENEM2025ENEM2025ENEN2025ENEM2025ENEM2025ENEM2025ENEM2025ENEM2025ENEM2025ENEM2025ENEM2025ENEM2025ENEM2025ENEM2025ENEM2025ENEM2025ENEM2025ENEM2025ENEM2025ENEM2025ENEM2025ENEM2025ENEM2025ENEM2025ENEM2025ENEM2025ENEM2025ENEM2025ENEM2025ENEM2025ENEM2025ENEM2025ENEM2025ENEM2025
CIÊNCIAS HUMANAS E SUAS TECNOLOGIAS
Questões de 46 a 90
QUESTãO 46
Macedônia do Norte
Acordo entra em vigor e país muda oficialmente de nome
Entrou em vigor, em 2019, o acordo que determina a mudança de nome da Macedônia para Macedônia do Norte. A troca
põe fim — ao menos po"
23;LC;150623;E;19;0;;3.44598;0.4296;0.12383;AZUL;1549;;0;2025;"
23
24
25
26
27
28
29
30
ENEM2025ENEM2025ENEM2025ENEM2025ENEM2025ENEM2025ENEM2025ENEM2025ENEM2025ENEM2025ENEM2025ENEM2025ENEM2025ENEN2025ENEM2025ENEM2025ENEM2025ENEM2025ENEM2025ENEM2025ENEM2025ENEM2025ENEM2025ENEM2025ENEM2025ENEM2025ENEM2025ENEM2025ENEM2025ENEM2025ENEM2025ENEM2025ENEM2025ENEM2025ENEM2025ENEM2025ENEM2025ENEM2025ENEM2025ENEM2025ENEM2025ENEM2025ENEM2025ENEM2025ENEM2025
LINGUAGENS, CÓDIGOS E SUAS TECNOLOGIAS E REDAÇÃO | 1º DIA | CADERNO 1 | AZUL 21
001100117755AAZZ..iinnddbb 2211 2233//0077//22002255 1122::3322::2255
--- PAG 22 ---
*010175AZ22*
ENEM2025ENEM2025ENEM2025ENEM2025ENEM2025ENEM2025ENEM2025ENEM2025ENEM2025ENEM2025ENEM2025ENEM2025ENEM2025ENEN2025ENEM2025ENEM2025ENEM2025ENEM2025ENEM2025ENEM2025ENEM2025ENEM2025ENEM2025ENEM2025ENEM2025ENEM2025ENEM2025ENEM2025ENEM2025ENEM2025ENEM2025ENEM2025ENEM2025ENEM2025ENEM2025ENEM2025ENEM2025ENEM2025ENEM2025ENEM2025ENEM2025ENEM2025ENEM2025ENEM2025ENEM2025
CIÊNCIAS HUMANAS E SUAS TECNOLOGIAS
Questões de 46 a 90
QUESTãO 46
Macedônia do Norte
Acordo entra em vigor e país muda oficialmente de nome
Entrou em vigor, em 2019, o acordo que determina a mudança de nome da Macedônia para Macedônia do Norte. A troca
põe fim — ao menos po"
23;LC;150623;E;19;0;;3.44598;0.4296;0.12383;AZUL;1549;;0;2025;"
23
24
25
26
27
28
29
30
ENEM2025ENEM2025ENEM2025ENEM2025ENEM2025ENEM2025ENEM2025ENEM2025ENEM2025ENEM2025ENEM2025ENEM2025ENEM2025ENEN2025ENEM2025ENEM2025ENEM2025ENEM2025ENEM2025ENEM2025ENEM2025ENEM2025ENEM2025ENEM2025ENEM2025ENEM2025ENEM2025ENEM2025ENEM2025ENEM2025ENEM2025ENEM2025ENEM2025ENEM2025ENEM2025ENEM2025ENEM2025ENEM2025ENEM2025ENEM2025ENEM2025ENEM2025ENEM2025ENEM2025ENEM2025
LINGUAGENS, CÓDIGOS E SUAS TECNOLOGIAS E REDAÇÃO | 1º DIA | CADERNO 1 | AZUL 21
001100117755AAZZ..iinnddbb 2211 2233//0077//22002255 1122::3322::2255
--- PAG 22 ---
*010175AZ22*
ENEM2025ENEM2025ENEM2025ENEM2025ENEM2025ENEM2025ENEM2025ENEM2025ENEM2025ENEM2025ENEM2025ENEM2025ENEM2025ENEN2025ENEM2025ENEM2025ENEM2025ENEM2025ENEM2025ENEM2025ENEM2025ENEM2025ENEM2025ENEM2025ENEM2025ENEM2025ENEM2025ENEM2025ENEM2025ENEM2025ENEM2025ENEM2025ENEM2025ENEM2025ENEM2025ENEM2025ENEM2025ENEM2025ENEM2025ENEM2025ENEM2025ENEM2025ENEM2025ENEM2025ENEM2025
CIÊNCIAS HUMANAS E SUAS TECNOLOGIAS
Questões de 46 a 90
QUESTãO 46
Macedônia do Norte
Acordo entra em vigor e país muda oficialmente de nome
Entrou em vigor, em 2019, o acordo que determina a mudança de nome da Macedônia para Macedônia do Norte. A troca
põe fim — ao menos po"
161;MT;56137;A;15;0;;3.44319;2.40249;0.11079;AZUL;1559;;0;2025;Questão 161 - Texto extraído da Prova Oficial.
161;MT;56137;A;15;0;;3.44319;2.40249;0.11079;AZUL;1559;;0;2025;Questão 161 - Texto extraído da Prova Oficial.
161;MT;56137;A;15;0;;3.44319;2.40249;0.11079;AZUL;1559;;0;2025;Questão 161 - Texto extraído da Prova Oficial.
27;LC;157632;A;12;0;;3.41081;0.75671;0.173;AZUL;1529;;0;2025;"
27
28
29
30
ENEM2025ENEM2025ENEM2025ENEM2025ENEM2025ENEM2025ENEM2025ENEM2025ENEM2025ENEM2025ENEM2025ENEM2025ENEM2025ENEN2025ENEM2025ENEM2025ENEM2025ENEM2025ENEM2025ENEM2025ENEM2025ENEM2025ENEM2025ENEM2025ENEM2025ENEM2025ENEM2025ENEM2025ENEM2025ENEM2025ENEM2025ENEM2025ENEM2025ENEM2025ENEM2025ENEM2025ENEM2025ENEM2025ENEM2025ENEM2025ENEM2025ENEM2025ENEM2025ENEM2025ENEM2025
LINGUAGENS, CÓDIGOS E SUAS TECNOLOGIAS E REDAÇÃO | 1º DIA | CADERNO 1 | AZUL 21
001100117755AAZZ..iinnddbb 2211 2233//0077//22002255 1122::3322::2255
--- PAG 22 ---
*010175AZ22*
ENEM2025ENEM2025ENEM2025ENEM2025ENEM2025ENEM2025ENEM2025ENEM2025ENEM2025ENEM2025ENEM2025ENEM2025ENEM2025ENEN2025ENEM2025ENEM2025ENEM2025ENEM2025ENEM2025ENEM2025ENEM2025ENEM2025ENEM2025ENEM2025ENEM2025ENEM2025ENEM2025ENEM2025ENEM2025ENEM2025ENEM2025ENEM2025ENEM2025ENEM2025ENEM2025ENEM2025ENEM2025ENEM2025ENEM2025ENEM2025ENEM2025ENEM2025ENEM2025ENEM2025ENEM2025
CIÊNCIAS HUMANAS E SUAS TECNOLOGIAS
Questões de 46 a 90
QUESTãO 46
Macedônia do Norte
Acordo entra em vigor e país muda oficialmente de nome
Entrou em vigor, em 2019, o acordo que determina a mudança de nome da Macedônia para Macedônia do Norte. A troca
põe fim — ao menos por enquanto —"
27;LC;157632;A;12;0;;3.41081;0.75671;0.173;AZUL;1529;;0;2025;"
27
28
29
30
ENEM2025ENEM2025ENEM2025ENEM2025ENEM2025ENEM2025ENEM2025ENEM2025ENEM2025ENEM2025ENEM2025ENEM2025ENEM2025ENEN2025ENEM2025ENEM2025ENEM2025ENEM2025ENEM2025ENEM2025ENEM2025ENEM2025ENEM2025ENEM2025ENEM2025ENEM2025ENEM2025ENEM2025ENEM2025ENEM2025ENEM2025ENEM2025ENEM2025ENEM2025ENEM2025ENEM2025ENEM2025ENEM2025ENEM2025ENEM2025ENEM2025ENEM2025ENEM2025ENEM2025ENEM2025
LINGUAGENS, CÓDIGOS E SUAS TECNOLOGIAS E REDAÇÃO | 1º DIA | CADERNO 1 | AZUL 21
001100117755AAZZ..iinnddbb 2211 2233//0077//22002255 1122::3322::2255
--- PAG 22 ---
*010175AZ22*
ENEM2025ENEM2025ENEM2025ENEM2025ENEM2025ENEM2025ENEM2025ENEM2025ENEM2025ENEM2025ENEM2025ENEM2025ENEM2025ENEN2025ENEM2025ENEM2025ENEM2025ENEM2025ENEM2025ENEM2025ENEM2025ENEM2025ENEM2025ENEM2025ENEM2025ENEM2025ENEM2025ENEM2025ENEM2025ENEM2025ENEM2025ENEM2025ENEM2025ENEM2025ENEM2025ENEM2025ENEM2025ENEM2025ENEM2025ENEM2025ENEM2025ENEM2025ENEM2025ENEM2025ENEM2025
CIÊNCIAS HUMANAS E SUAS TECNOLOGIAS
Questões de 46 a 90
QUESTãO 46
Macedônia do Norte
Acordo entra em vigor e país muda oficialmente de nome
Entrou em vigor, em 2019, o acordo que determina a mudança de nome da Macedônia para Macedônia do Norte. A troca
põe fim — ao menos por enquanto —"
27;LC;157632;A;12;0;;3.41081;0.75671;0.173;AZUL;1529;;0;2025;"
27
28
29
30
ENEM2025ENEM2025ENEM2025ENEM2025ENEM2025ENEM2025ENEM2025ENEM2025ENEM2025ENEM2025ENEM2025ENEM2025ENEM2025ENEN2025ENEM2025ENEM2025ENEM2025ENEM2025ENEM2025ENEM2025ENEM2025ENEM2025ENEM2025ENEM2025ENEM2025ENEM2025ENEM2025ENEM2025ENEM2025ENEM2025ENEM2025ENEM2025ENEM2025ENEM2025ENEM2025ENEM2025ENEM2025ENEM2025ENEM2025ENEM2025ENEM2025ENEM2025ENEM2025ENEM2025ENEM2025
LINGUAGENS, CÓDIGOS E SUAS TECNOLOGIAS E REDAÇÃO | 1º DIA | CADERNO 1 | AZUL 21
001100117755AAZZ..iinnddbb 2211 2233//0077//22002255 1122::3322::2255
--- PAG 22 ---
*010175AZ22*
ENEM2025ENEM2025ENEM2025ENEM2025ENEM2025ENEM2025ENEM2025ENEM2025ENEM2025ENEM2025ENEM2025ENEM2025ENEM2025ENEN2025ENEM2025ENEM2025ENEM2025ENEM2025ENEM2025ENEM2025ENEM2025ENEM2025ENEM2025ENEM2025ENEM2025ENEM2025ENEM2025ENEM2025ENEM2025ENEM2025ENEM2025ENEM2025ENEM2025ENEM2025ENEM2025ENEM2025ENEM2025ENEM2025ENEM2025ENEM2025ENEM2025ENEM2025ENEM2025ENEM2025ENEM2025
CIÊNCIAS HUMANAS E SUAS TECNOLOGIAS
Questões de 46 a 90
QUESTãO 46
Macedônia do Norte
Acordo entra em vigor e país muda oficialmente de nome
Entrou em vigor, em 2019, o acordo que determina a mudança de nome da Macedônia para Macedônia do Norte. A troca
põe fim — ao menos por enquanto —"
103;CN;141800;C;29;0;;3.39657;1.32856;0.30324;AZUL;1511;;0;2025;Questão 103 - Texto extraído da Prova Oficial.
103;CN;141800;C;29;0;;3.39657;1.32856;0.30324;AZUL;1511;;0;2025;Questão 103 - Texto extraído da Prova Oficial.
103;CN;141800;C;29;0;;3.39657;1.32856;0.30324;AZUL;1511;;0;2025;Questão 103 - Texto extraído da Prova Oficial.
81;CH;49756;C;1;0;;3.39532;2.46142;0.12938;AZUL;1520;;0;2025;Questão 81 - Texto extraído da Prova Oficial.
81;CH;49756;C;1;0;;3.39532;2.46142;0.12938;AZUL;1520;;0;2025;Questão 81 - Texto extraído da Prova Oficial.
81;CH;49756;C;1;0;;3.39532;2.46142;0.12938;AZUL;1520;;0;2025;Questão 81 - Texto extraído da Prova Oficial.
92;CN;141502;C;2;0;;3.33618;0.98775;0.19703;AZUL;1569;;0;2025;Questão 92 - Texto extraído da Prova Oficial.
92;CN;141502;C;2;0;;3.33618;0.98775;0.19703;AZUL;1569;;0;2025;Questão 92 - Texto extraído da Prova Oficial.
92;CN;141502;C;2;0;;3.33618;0.98775;0.19703;AZUL;1569;;0;2025;Questão 92 - Texto extraído da Prova Oficial.
104;CN;141767;C;18;0;;3.32837;1.39563;0.09545;AZUL;1511;;0;2025;Questão 104 - Texto extraído da Prova Oficial.
104;CN;141767;C;18;0;;3.32837;1.39563;0.09545;AZUL;1511;;0;2025;Questão 104 - Texto extraído da Prova Oficial.
104;CN;141767;C;18;0;;3.32837;1.39563;0.09545;AZUL;1511;;0;2025;Questão 104 - Texto extraído da Prova Oficial.
73;CH;140537;A;3;0;;3.31584;1.66641;0.13027;AZUL;1520;;0;2025;Questão 73 - Texto extraído da Prova Oficial.
73;CH;140537;A;3;0;;3.31584;1.66641;0.13027;AZUL;1520;;0;2025;Questão 73 - Texto extraído da Prova Oficial.
73;CH;140537;A;3;0;;3.31584;1.66641;0.13027;AZUL;1520;;0;2025;Questão 73 - Texto extraído da Prova Oficial.
10;LC;150669;D;23;0;;3.30481;0.06964;0.18337;AZUL;1549;;0;2025;"
10
N
11 O
U
12 ã
C
13 Ç
S
14 A A
15 R D
16 E
R
17
18 A
19 D
20
21
22
23
24
25
26
27
28
29
30
ENEM2025ENEM2025ENEM2025ENEM2025ENEM2025ENEM2025ENEM2025ENEM2025ENEM2025ENEM2025ENEM2025ENEM2025ENEM2025ENEN2025ENEM2025ENEM2025ENEM2025ENEM2025ENEM2025ENEM2025ENEM2025ENEM2025ENEM2025ENEM2025ENEM2025ENEM2025ENEM2025ENEM2025ENEM2025ENEM2025ENEM2025ENEM2025ENEM2025ENEM2025ENEM2025ENEM2025ENEM2025ENEM2025ENEM2025ENEM2025ENEM2025ENEM2025ENEM2025ENEM2025ENEM2025
LINGUAGENS, CÓDIGOS E SUAS TECNOLOGIAS E REDAÇÃO | 1º DIA | CADERNO 1 | AZUL 21
001100117755AAZZ..iinnddbb 2211 2233//0077//22002255 1122::3322::2255
--- PAG 22 ---
*010175AZ22*
ENEM2025ENEM2025ENEM2025ENEM2025ENEM2025ENEM2025ENEM2025ENEM2025ENEM2025ENEM2025ENEM2025ENEM2025ENEM2025ENEN2025ENEM2025ENEM2025ENEM2025ENEM2025ENEM2025ENEM2025ENEM2025ENEM2025ENEM2025ENEM2025ENEM2025ENEM2025ENEM2025ENEM2025ENEM2025ENEM2025ENEM2025ENEM2025ENEM2025ENEM2025ENEM2025ENEM2025ENEM2025ENEM2025ENEM2025ENEM2025ENEM2025ENEM2025ENEM2025ENEM2025ENEM2025
CIÊNCIAS HUMANAS E SUAS TECNOLOGIAS
Questões de 46 a 90
QUESTãO 46
Macedônia do Norte
Acordo entra em vigor e país muda oficialmente de nome
Entrou em vigor, em 2019, o acordo que determina a mudança de nom"
10;LC;150669;D;23;0;;3.30481;0.06964;0.18337;AZUL;1549;;0;2025;"
10
N
11 O
U
12 ã
C
13 Ç
S
14 A A
15 R D
16 E
R
17
18 A
19 D
20
21
22
23
24
25
26
27
28
29
30
ENEM2025ENEM2025ENEM2025ENEM2025ENEM2025ENEM2025ENEM2025ENEM2025ENEM2025ENEM2025ENEM2025ENEM2025ENEM2025ENEN2025ENEM2025ENEM2025ENEM2025ENEM2025ENEM2025ENEM2025ENEM2025ENEM2025ENEM2025ENEM2025ENEM2025ENEM2025ENEM2025ENEM2025ENEM2025ENEM2025ENEM2025ENEM2025ENEM2025ENEM2025ENEM2025ENEM2025ENEM2025ENEM2025ENEM2025ENEM2025ENEM2025ENEM2025ENEM2025ENEM2025ENEM2025
LINGUAGENS, CÓDIGOS E SUAS TECNOLOGIAS E REDAÇÃO | 1º DIA | CADERNO 1 | AZUL 21
001100117755AAZZ..iinnddbb 2211 2233//0077//22002255 1122::3322::2255
--- PAG 22 ---
*010175AZ22*
ENEM2025ENEM2025ENEM2025ENEM2025ENEM2025ENEM2025ENEM2025ENEM2025ENEM2025ENEM2025ENEM2025ENEM2025ENEM2025ENEN2025ENEM2025ENEM2025ENEM2025ENEM2025ENEM2025ENEM2025ENEM2025ENEM2025ENEM2025ENEM2025ENEM2025ENEM2025ENEM2025ENEM2025ENEM2025ENEM2025ENEM2025ENEM2025ENEM2025ENEM2025ENEM2025ENEM2025ENEM2025ENEM2025ENEM2025ENEM2025ENEM2025ENEM2025ENEM2025ENEM2025ENEM2025
CIÊNCIAS HUMANAS E SUAS TECNOLOGIAS
Questões de 46 a 90
QUESTãO 46
Macedônia do Norte
Acordo entra em vigor e país muda oficialmente de nome
Entrou em vigor, em 2019, o acordo que determina a mudança de nom"
10;LC;150669;D;23;0;;3.30481;0.06964;0.18337;AZUL;1549;;0;2025;"
10
N
11 O
U
12 ã
C
13 Ç
S
14 A A
15 R D
16 E
R
17
18 A
19 D
20
21
22
23
24
25
26
27
28
29
30
ENEM2025ENEM2025ENEM2025ENEM2025ENEM2025ENEM2025ENEM2025ENEM2025ENEM2025ENEM2025ENEM2025ENEM2025ENEM2025ENEN2025ENEM2025ENEM2025ENEM2025ENEM2025ENEM2025ENEM2025ENEM2025ENEM2025ENEM2025ENEM2025ENEM2025ENEM2025ENEM2025ENEM2025ENEM2025ENEM2025ENEM2025ENEM2025ENEM2025ENEM2025ENEM2025ENEM2025ENEM2025ENEM2025ENEM2025ENEM2025ENEM2025ENEM2025ENEM2025ENEM2025ENEM2025
LINGUAGENS, CÓDIGOS E SUAS TECNOLOGIAS E REDAÇÃO | 1º DIA | CADERNO 1 | AZUL 21
001100117755AAZZ..iinnddbb 2211 2233//0077//22002255 1122::3322::2255
--- PAG 22 ---
*010175AZ22*
ENEM2025ENEM2025ENEM2025ENEM2025ENEM2025ENEM2025ENEM2025ENEM2025ENEM2025ENEM2025ENEM2025ENEM2025ENEM2025ENEN2025ENEM2025ENEM2025ENEM2025ENEM2025ENEM2025ENEM2025ENEM2025ENEM2025ENEM2025ENEM2025ENEM2025ENEM2025ENEM2025ENEM2025ENEM2025ENEM2025ENEM2025ENEM2025ENEM2025ENEM2025ENEM2025ENEM2025ENEM2025ENEM2025ENEM2025ENEM2025ENEM2025ENEM2025ENEM2025ENEM2025ENEM2025
CIÊNCIAS HUMANAS E SUAS TECNOLOGIAS
Questões de 46 a 90
QUESTãO 46
Macedônia do Norte
Acordo entra em vigor e país muda oficialmente de nome
Entrou em vigor, em 2019, o acordo que determina a mudança de nom"
41;LC;140956;A;18;0;;3.29782;0.10946;0.195;AZUL;1529;;0;2025;Questão 41 - Texto extraído da Prova Oficial.
41;LC;140956;A;18;0;;3.29782;0.10946;0.195;AZUL;1529;;0;2025;Questão 41 - Texto extraído da Prova Oficial.
41;LC;140956;A;18;0;;3.29782;0.10946;0.195;AZUL;1529;;0;2025;Questão 41 - Texto extraído da Prova Oficial.
163;MT;153161;B;14;0;;3.27259;1.63015;0.29568;AZUL;1502;;0;2025;Questão 163 - Texto extraído da Prova Oficial.
163;MT;153161;B;14;0;;3.27259;1.63015;0.29568;AZUL;1502;;0;2025;Questão 163 - Texto extraído da Prova Oficial.
163;MT;153161;B;14;0;;3.27259;1.63015;0.29568;AZUL;1502;;0;2025;Questão 163 - Texto extraído da Prova Oficial.
111;CN;77081;A;25;0;;3.27114;1.82538;0.10256;AZUL;1511;;0;2025;Questão 111 - Texto extraído da Prova Oficial.
111;CN;77081;A;25;0;;3.27114;1.82538;0.10256;AZUL;1511;;0;2025;Questão 111 - Texto extraído da Prova Oficial.
111;CN;77081;A;25;0;;3.27114;1.82538;0.10256;AZUL;1511;;0;2025;Questão 111 - Texto extraído da Prova Oficial.
36;LC;150461;B;30;0;;3.26405;0.26494;0.18701;AZUL;1549;;0;2025;Questão 36 - Texto extraído da Prova Oficial.
36;LC;150461;B;30;0;;3.26405;0.26494;0.18701;AZUL;1549;;0;2025;Questão 36 - Texto extraído da Prova Oficial.
36;LC;150461;B;30;0;;3.26405;0.26494;0.18701;AZUL;1549;;0;2025;Questão 36 - Texto extraído da Prova Oficial.
103;CN;82755;D;9;0;;3.26267;1.60665;0.2661;AZUL;1569;;0;2025;Questão 103 - Texto extraído da Prova Oficial.
103;CN;82755;D;9;0;;3.26267;1.60665;0.2661;AZUL;1569;;0;2025;Questão 103 - Texto extraído da Prova Oficial.
103;CN;82755;D;9;0;;3.26267;1.60665;0.2661;AZUL;1569;;0;2025;Questão 103 - Texto extraído da Prova Oficial.
107;CN;97941;B;27;0;;3.24484;1.50863;0.16925;AZUL;1511;;0;2025;Questão 107 - Texto extraído da Prova Oficial.
107;CN;97941;B;27;0;;3.24484;1.50863;0.16925;AZUL;1511;;0;2025;Questão 107 - Texto extraído da Prova Oficial.
107;CN;97941;B;27;0;;3.24484;1.50863;0.16925;AZUL;1511;;0;2025;Questão 107 - Texto extraído da Prova Oficial.
143;MT;125983;A;11;0;;3.23838;1.07025;0.10704;AZUL;1559;;0;2025;Questão 143 - Texto extraído da Prova Oficial.
143;MT;125983;A;11;0;;3.23838;1.07025;0.10704;AZUL;1559;;0;2025;Questão 143 - Texto extraído da Prova Oficial.
143;MT;125983;A;11;0;;3.23838;1.07025;0.10704;AZUL;1559;;0;2025;Questão 143 - Texto extraído da Prova Oficial.
134;CN;84315;E;28;0;;3.2361;1.22593;0.13273;AZUL;1511;;0;2025;Questão 134 - Texto extraído da Prova Oficial.
134;CN;84315;E;28;0;;3.2361;1.22593;0.13273;AZUL;1511;;0;2025;Questão 134 - Texto extraído da Prova Oficial.
134;CN;84315;E;28;0;;3.2361;1.22593;0.13273;AZUL;1511;;0;2025;Questão 134 - Texto extraído da Prova Oficial.
31;LC;150463;E;28;0;;3.21925;-0.07485;0.18798;AZUL;1549;;0;2025;Questão 31 - Texto extraído da Prova Oficial.
31;LC;150463;E;28;0;;3.21925;-0.07485;0.18798;AZUL;1549;;0;2025;Questão 31 - Texto extraído da Prova Oficial.
31;LC;150463;E;28;0;;3.21925;-0.07485;0.18798;AZUL;1549;;0;2025;Questão 31 - Texto extraído da Prova Oficial.
60;CH;140520;D;13;0;;3.17328;0.05966;0.20042;AZUL;1539;;0;2025;Questão 60 - Texto extraído da Prova Oficial.
60;CH;140520;D;13;0;;3.17328;0.05966;0.20042;AZUL;1539;;0;2025;Questão 60 - Texto extraído da Prova Oficial.
60;CH;140520;D;13;0;;3.17328;0.05966;0.20042;AZUL;1539;;0;2025;Questão 60 - Texto extraído da Prova Oficial.
107;CN;64014;C;20;0;;3.173;1.7494;0.2595;AZUL;1569;;0;2025;Questão 107 - Texto extraído da Prova Oficial.
107;CN;64014;C;20;0;;3.173;1.7494;0.2595;AZUL;1569;;0;2025;Questão 107 - Texto extraído da Prova Oficial.
107;CN;64014;C;20;0;;3.173;1.7494;0.2595;AZUL;1569;;0;2025;Questão 107 - Texto extraído da Prova Oficial.
166;MT;11593;A;19;0;;3.16998;1.8839;0.21243;AZUL;1559;;0;2025;Questão 166 - Texto extraído da Prova Oficial.
166;MT;11593;A;19;0;;3.16998;1.8839;0.21243;AZUL;1559;;0;2025;Questão 166 - Texto extraído da Prova Oficial.
166;MT;11593;A;19;0;;3.16998;1.8839;0.21243;AZUL;1559;;0;2025;Questão 166 - Texto extraído da Prova Oficial.
84;CH;141054;A;11;0;;3.14285;0.59797;0.2077;AZUL;1520;;0;2025;Questão 84 - Texto extraído da Prova Oficial.
84;CH;141054;A;11;0;;3.14285;0.59797;0.2077;AZUL;1520;;0;2025;Questão 84 - Texto extraído da Prova Oficial.
84;CH;141054;A;11;0;;3.14285;0.59797;0.2077;AZUL;1520;;0;2025;Questão 84 - Texto extraído da Prova Oficial.
164;MT;125945;D;11;0;;3.13984;2.30858;0.29775;AZUL;1502;;0;2025;Questão 164 - Texto extraído da Prova Oficial.
164;MT;125945;D;11;0;;3.13984;2.30858;0.29775;AZUL;1502;;0;2025;Questão 164 - Texto extraído da Prova Oficial.
164;MT;125945;D;11;0;;3.13984;2.30858;0.29775;AZUL;1502;;0;2025;Questão 164 - Texto extraído da Prova Oficial.
5;LC;140610;E;6;0;;3.12124;0.55256;0.1889;AZUL;1529;1.0;0;2025;"
5
6
7
8
O
9
H
10
N
11 O
U
12 ã
C
13 Ç
S
14 A A
15 R D
16 E
R
17
18 A
19 D
20
21
22
23
24
25
26
27
28
29
30
ENEM2025ENEM2025ENEM2025ENEM2025ENEM2025ENEM2025ENEM2025ENEM2025ENEM2025ENEM2025ENEM2025ENEM2025ENEM2025ENEN2025ENEM2025ENEM2025ENEM2025ENEM2025ENEM2025ENEM2025ENEM2025ENEM2025ENEM2025ENEM2025ENEM2025ENEM2025ENEM2025ENEM2025ENEM2025ENEM2025ENEM2025ENEM2025ENEM2025ENEM2025ENEM2025ENEM2025ENEM2025ENEM2025ENEM2025ENEM2025ENEM2025ENEM2025ENEM2025ENEM2025ENEM2025
LINGUAGENS, CÓDIGOS E SUAS TECNOLOGIAS E REDAÇÃO | 1º DIA | CADERNO 1 | AZUL 21
001100117755AAZZ..iinnddbb 2211 2233//0077//22002255 1122::3322::2255
--- PAG 22 ---
*010175AZ22*
ENEM2025ENEM2025ENEM2025ENEM2025ENEM2025ENEM2025ENEM2025ENEM2025ENEM2025ENEM2025ENEM2025ENEM2025ENEM2025ENEN2025ENEM2025ENEM2025ENEM2025ENEM2025ENEM2025ENEM2025ENEM2025ENEM2025ENEM2025ENEM2025ENEM2025ENEM2025ENEM2025ENEM2025ENEM2025ENEM2025ENEM2025ENEM2025ENEM2025ENEM2025ENEM2025ENEM2025ENEM2025ENEM2025ENEM2025ENEM2025ENEM2025ENEM2025ENEM2025ENEM2025ENEM2025
CIÊNCIAS HUMANAS E SUAS TECNOLOGIAS
Questões de 46 a 90
QUESTãO 46
Macedônia do Norte
Acordo entra em vigor e país muda oficialmente de nome
Entrou em vigor, em 2019, o acordo que determina a "
5;LC;140610;E;6;0;;3.12124;0.55256;0.1889;AZUL;1529;1.0;0;2025;"
5
6
7
8
O
9
H
10
N
11 O
U
12 ã
C
13 Ç
S
14 A A
15 R D
16 E
R
17
18 A
19 D
20
21
22
23
24
25
26
27
28
29
30
ENEM2025ENEM2025ENEM2025ENEM2025ENEM2025ENEM2025ENEM2025ENEM2025ENEM2025ENEM2025ENEM2025ENEM2025ENEM2025ENEN2025ENEM2025ENEM2025ENEM2025ENEM2025ENEM2025ENEM2025ENEM2025ENEM2025ENEM2025ENEM2025ENEM2025ENEM2025ENEM2025ENEM2025ENEM2025ENEM2025ENEM2025ENEM2025ENEM2025ENEM2025ENEM2025ENEM2025ENEM2025ENEM2025ENEM2025ENEM2025ENEM2025ENEM2025ENEM2025ENEM2025ENEM2025
LINGUAGENS, CÓDIGOS E SUAS TECNOLOGIAS E REDAÇÃO | 1º DIA | CADERNO 1 | AZUL 21
001100117755AAZZ..iinnddbb 2211 2233//0077//22002255 1122::3322::2255
--- PAG 22 ---
*010175AZ22*
ENEM2025ENEM2025ENEM2025ENEM2025ENEM2025ENEM2025ENEM2025ENEM2025ENEM2025ENEM2025ENEM2025ENEM2025ENEM2025ENEN2025ENEM2025ENEM2025ENEM2025ENEM2025ENEM2025ENEM2025ENEM2025ENEM2025ENEM2025ENEM2025ENEM2025ENEM2025ENEM2025ENEM2025ENEM2025ENEM2025ENEM2025ENEM2025ENEM2025ENEM2025ENEM2025ENEM2025ENEM2025ENEM2025ENEM2025ENEM2025ENEM2025ENEM2025ENEM2025ENEM2025ENEM2025
CIÊNCIAS HUMANAS E SUAS TECNOLOGIAS
Questões de 46 a 90
QUESTãO 46
Macedônia do Norte
Acordo entra em vigor e país muda oficialmente de nome
Entrou em vigor, em 2019, o acordo que determina a "
5;LC;140610;E;6;0;;3.12124;0.55256;0.1889;AZUL;1529;1.0;0;2025;"
5
6
7
8
O
9
H
10
N
11 O
U
12 ã
C
13 Ç
S
14 A A
15 R D
16 E
R
17
18 A
19 D
20
21
22
23
24
25
26
27
28
29
30
ENEM2025ENEM2025ENEM2025ENEM2025ENEM2025ENEM2025ENEM2025ENEM2025ENEM2025ENEM2025ENEM2025ENEM2025ENEM2025ENEN2025ENEM2025ENEM2025ENEM2025ENEM2025ENEM2025ENEM2025ENEM2025ENEM2025ENEM2025ENEM2025ENEM2025ENEM2025ENEM2025ENEM2025ENEM2025ENEM2025ENEM2025ENEM2025ENEM2025ENEM2025ENEM2025ENEM2025ENEM2025ENEM2025ENEM2025ENEM2025ENEM2025ENEM2025ENEM2025ENEM2025ENEM2025
LINGUAGENS, CÓDIGOS E SUAS TECNOLOGIAS E REDAÇÃO | 1º DIA | CADERNO 1 | AZUL 21
001100117755AAZZ..iinnddbb 2211 2233//0077//22002255 1122::3322::2255
--- PAG 22 ---
*010175AZ22*
ENEM2025ENEM2025ENEM2025ENEM2025ENEM2025ENEM2025ENEM2025ENEM2025ENEM2025ENEM2025ENEM2025ENEM2025ENEM2025ENEN2025ENEM2025ENEM2025ENEM2025ENEM2025ENEM2025ENEM2025ENEM2025ENEM2025ENEM2025ENEM2025ENEM2025ENEM2025ENEM2025ENEM2025ENEM2025ENEM2025ENEM2025ENEM2025ENEM2025ENEM2025ENEM2025ENEM2025ENEM2025ENEM2025ENEM2025ENEM2025ENEM2025ENEM2025ENEM2025ENEM2025ENEM2025
CIÊNCIAS HUMANAS E SUAS TECNOLOGIAS
Questões de 46 a 90
QUESTãO 46
Macedônia do Norte
Acordo entra em vigor e país muda oficialmente de nome
Entrou em vigor, em 2019, o acordo que determina a "
133;CN;66467;B;21;0;;3.10715;1.30576;0.23671;AZUL;1511;;0;2025;Questão 133 - Texto extraído da Prova Oficial.
133;CN;66467;B;21;0;;3.10715;1.30576;0.23671;AZUL;1511;;0;2025;Questão 133 - Texto extraído da Prova Oficial.
133;CN;66467;B;21;0;;3.10715;1.30576;0.23671;AZUL;1511;;0;2025;Questão 133 - Texto extraído da Prova Oficial.
179;MT;141531;D;5;0;;3.10589;3.29623;0.17078;AZUL;1559;;0;2025;Questão 179 - Texto extraído da Prova Oficial.
179;MT;141531;D;5;0;;3.10589;3.29623;0.17078;AZUL;1559;;0;2025;Questão 179 - Texto extraído da Prova Oficial.
179;MT;141531;D;5;0;;3.10589;3.29623;0.17078;AZUL;1559;;0;2025;Questão 179 - Texto extraído da Prova Oficial.
106;CN;67396;C;15;0;;3.08329;1.43948;0.11268;AZUL;1511;;0;2025;Questão 106 - Texto extraído da Prova Oficial.
106;CN;67396;C;15;0;;3.08329;1.43948;0.11268;AZUL;1511;;0;2025;Questão 106 - Texto extraído da Prova Oficial.
106;CN;67396;C;15;0;;3.08329;1.43948;0.11268;AZUL;1511;;0;2025;Questão 106 - Texto extraído da Prova Oficial.
132;CN;89102;B;3;0;;3.08165;-0.52331;0.20046;AZUL;1511;;0;2025;Questão 132 - Texto extraído da Prova Oficial.
132;CN;89102;B;3;0;;3.08165;-0.52331;0.20046;AZUL;1511;;0;2025;Questão 132 - Texto extraído da Prova Oficial.
132;CN;89102;B;3;0;;3.08165;-0.52331;0.20046;AZUL;1511;;0;2025;Questão 132 - Texto extraído da Prova Oficial.
58;CH;111855;A;18;0;;3.0731;0.74537;0.17341;AZUL;1520;;0;2025;Questão 58 - Texto extraído da Prova Oficial.
58;CH;111855;A;18;0;;3.0731;0.74537;0.17341;AZUL;1520;;0;2025;Questão 58 - Texto extraído da Prova Oficial.
58;CH;111855;A;18;0;;3.0731;0.74537;0.17341;AZUL;1520;;0;2025;Questão 58 - Texto extraído da Prova Oficial.
105;CN;88539;D;25;0;;3.07078;1.72662;0.3148;AZUL;1569;;0;2025;Questão 105 - Texto extraído da Prova Oficial.
105;CN;88539;D;25;0;;3.07078;1.72662;0.3148;AZUL;1569;;0;2025;Questão 105 - Texto extraído da Prova Oficial.
105;CN;88539;D;25;0;;3.07078;1.72662;0.3148;AZUL;1569;;0;2025;Questão 105 - Texto extraído da Prova Oficial.
108;CN;141638;C;27;0;;3.0449;1.39056;0.19788;AZUL;1569;;0;2025;Questão 108 - Texto extraído da Prova Oficial.
108;CN;141638;C;27;0;;3.0449;1.39056;0.19788;AZUL;1569;;0;2025;Questão 108 - Texto extraído da Prova Oficial.
108;CN;141638;C;27;0;;3.0449;1.39056;0.19788;AZUL;1569;;0;2025;Questão 108 - Texto extraído da Prova Oficial.
151;MT;60325;E;14;0;;3.02948;2.01629;0.12448;AZUL;1559;;0;2025;Questão 151 - Texto extraído da Prova Oficial.
151;MT;60325;E;14;0;;3.02948;2.01629;0.12448;AZUL;1559;;0;2025;Questão 151 - Texto extraído da Prova Oficial.
151;MT;60325;E;14;0;;3.02948;2.01629;0.12448;AZUL;1559;;0;2025;Questão 151 - Texto extraído da Prova Oficial.
67;CH;149818;C;3;0;;3.0053;1.56137;0.16716;AZUL;1520;;0;2025;Questão 67 - Texto extraído da Prova Oficial.
67;CH;149818;C;3;0;;3.0053;1.56137;0.16716;AZUL;1520;;0;2025;Questão 67 - Texto extraído da Prova Oficial.
67;CH;149818;C;3;0;;3.0053;1.56137;0.16716;AZUL;1520;;0;2025;Questão 67 - Texto extraído da Prova Oficial.
169;MT;29888;B;13;0;;2.98173;1.94585;0.12675;AZUL;1559;;0;2025;Questão 169 - Texto extraído da Prova Oficial.
169;MT;29888;B;13;0;;2.98173;1.94585;0.12675;AZUL;1559;;0;2025;Questão 169 - Texto extraído da Prova Oficial.
169;MT;29888;B;13;0;;2.98173;1.94585;0.12675;AZUL;1559;;0;2025;Questão 169 - Texto extraído da Prova Oficial.
88;CH;95988;B;7;0;;2.94349;1.65542;0.1939;AZUL;1539;;0;2025;Questão 88 - Texto extraído da Prova Oficial.
88;CH;95988;B;7;0;;2.94349;1.65542;0.1939;AZUL;1539;;0;2025;Questão 88 - Texto extraído da Prova Oficial.
88;CH;95988;B;7;0;;2.94349;1.65542;0.1939;AZUL;1539;;0;2025;Questão 88 - Texto extraído da Prova Oficial.
155;MT;117715;E;18;0;;2.90968;1.94539;0.0607;AZUL;1502;;0;2025;Questão 155 - Texto extraído da Prova Oficial.
155;MT;117715;E;18;0;;2.90968;1.94539;0.0607;AZUL;1502;;0;2025;Questão 155 - Texto extraído da Prova Oficial.
155;MT;117715;E;18;0;;2.90968;1.94539;0.0607;AZUL;1502;;0;2025;Questão 155 - Texto extraído da Prova Oficial.
97;CN;60982;D;26;0;;2.90916;1.35765;0.26374;AZUL;1569;;0;2025;Questão 97 - Texto extraído da Prova Oficial.
97;CN;60982;D;26;0;;2.90916;1.35765;0.26374;AZUL;1569;;0;2025;Questão 97 - Texto extraído da Prova Oficial.
97;CN;60982;D;26;0;;2.90916;1.35765;0.26374;AZUL;1569;;0;2025;Questão 97 - Texto extraído da Prova Oficial.
122;CN;141644;D;6;0;;2.90628;1.87792;0.09844;AZUL;1569;;0;2025;Questão 122 - Texto extraído da Prova Oficial.
122;CN;141644;D;6;0;;2.90628;1.87792;0.09844;AZUL;1569;;0;2025;Questão 122 - Texto extraído da Prova Oficial.
122;CN;141644;D;6;0;;2.90628;1.87792;0.09844;AZUL;1569;;0;2025;Questão 122 - Texto extraído da Prova Oficial.
126;CN;86685;D;8;0;;2.89283;1.565;0.22936;AZUL;1511;;0;2025;Questão 126 - Texto extraído da Prova Oficial.
126;CN;86685;D;8;0;;2.89283;1.565;0.22936;AZUL;1511;;0;2025;Questão 126 - Texto extraído da Prova Oficial.
126;CN;86685;D;8;0;;2.89283;1.565;0.22936;AZUL;1511;;0;2025;Questão 126 - Texto extraído da Prova Oficial.
157;MT;82079;D;1;0;;2.8855;2.10442;0.05452;AZUL;1502;;0;2025;Questão 157 - Texto extraído da Prova Oficial.
157;MT;82079;D;1;0;;2.8855;2.10442;0.05452;AZUL;1502;;0;2025;Questão 157 - Texto extraído da Prova Oficial.
157;MT;82079;D;1;0;;2.8855;2.10442;0.05452;AZUL;1502;;0;2025;Questão 157 - Texto extraído da Prova Oficial.
162;MT;125894;A;10;0;;2.8721;1.71154;0.06156;AZUL;1502;;0;2025;Questão 162 - Texto extraído da Prova Oficial.
162;MT;125894;A;10;0;;2.8721;1.71154;0.06156;AZUL;1502;;0;2025;Questão 162 - Texto extraído da Prova Oficial.
162;MT;125894;A;10;0;;2.8721;1.71154;0.06156;AZUL;1502;;0;2025;Questão 162 - Texto extraído da Prova Oficial.
7;LC;157769;D;1;0;;2.86859;0.93973;0.2457;AZUL;1529;;0;2025;"
7
8
O
9
H
10
N
11 O
U
12 ã
C
13 Ç
S
14 A A
15 R D
16 E
R
17
18 A
19 D
20
21
22
23
24
25
26
27
28
29
30
ENEM2025ENEM2025ENEM2025ENEM2025ENEM2025ENEM2025ENEM2025ENEM2025ENEM2025ENEM2025ENEM2025ENEM2025ENEM2025ENEN2025ENEM2025ENEM2025ENEM2025ENEM2025ENEM2025ENEM2025ENEM2025ENEM2025ENEM2025ENEM2025ENEM2025ENEM2025ENEM2025ENEM2025ENEM2025ENEM2025ENEM2025ENEM2025ENEM2025ENEM2025ENEM2025ENEM2025ENEM2025ENEM2025ENEM2025ENEM2025ENEM2025ENEM2025ENEM2025ENEM2025ENEM2025
LINGUAGENS, CÓDIGOS E SUAS TECNOLOGIAS E REDAÇÃO | 1º DIA | CADERNO 1 | AZUL 21
001100117755AAZZ..iinnddbb 2211 2233//0077//22002255 1122::3322::2255
--- PAG 22 ---
*010175AZ22*
ENEM2025ENEM2025ENEM2025ENEM2025ENEM2025ENEM2025ENEM2025ENEM2025ENEM2025ENEM2025ENEM2025ENEM2025ENEM2025ENEN2025ENEM2025ENEM2025ENEM2025ENEM2025ENEM2025ENEM2025ENEM2025ENEM2025ENEM2025ENEM2025ENEM2025ENEM2025ENEM2025ENEM2025ENEM2025ENEM2025ENEM2025ENEM2025ENEM2025ENEM2025ENEM2025ENEM2025ENEM2025ENEM2025ENEM2025ENEM2025ENEM2025ENEM2025ENEM2025ENEM2025ENEM2025
CIÊNCIAS HUMANAS E SUAS TECNOLOGIAS
Questões de 46 a 90
QUESTãO 46
Macedônia do Norte
Acordo entra em vigor e país muda oficialmente de nome
Entrou em vigor, em 2019, o acordo que determina a muda"
7;LC;157769;D;1;0;;2.86859;0.93973;0.2457;AZUL;1529;;0;2025;"
7
8
O
9
H
10
N
11 O
U
12 ã
C
13 Ç
S
14 A A
15 R D
16 E
R
17
18 A
19 D
20
21
22
23
24
25
26
27
28
29
30
ENEM2025ENEM2025ENEM2025ENEM2025ENEM2025ENEM2025ENEM2025ENEM2025ENEM2025ENEM2025ENEM2025ENEM2025ENEM2025ENEN2025ENEM2025ENEM2025ENEM2025ENEM2025ENEM2025ENEM2025ENEM2025ENEM2025ENEM2025ENEM2025ENEM2025ENEM2025ENEM2025ENEM2025ENEM2025ENEM2025ENEM2025ENEM2025ENEM2025ENEM2025ENEM2025ENEM2025ENEM2025ENEM2025ENEM2025ENEM2025ENEM2025ENEM2025ENEM2025ENEM2025ENEM2025
LINGUAGENS, CÓDIGOS E SUAS TECNOLOGIAS E REDAÇÃO | 1º DIA | CADERNO 1 | AZUL 21
001100117755AAZZ..iinnddbb 2211 2233//0077//22002255 1122::3322::2255
--- PAG 22 ---
*010175AZ22*
ENEM2025ENEM2025ENEM2025ENEM2025ENEM2025ENEM2025ENEM2025ENEM2025ENEM2025ENEM2025ENEM2025ENEM2025ENEM2025ENEN2025ENEM2025ENEM2025ENEM2025ENEM2025ENEM2025ENEM2025ENEM2025ENEM2025ENEM2025ENEM2025ENEM2025ENEM2025ENEM2025ENEM2025ENEM2025ENEM2025ENEM2025ENEM2025ENEM2025ENEM2025ENEM2025ENEM2025ENEM2025ENEM2025ENEM2025ENEM2025ENEM2025ENEM2025ENEM2025ENEM2025ENEM2025
CIÊNCIAS HUMANAS E SUAS TECNOLOGIAS
Questões de 46 a 90
QUESTãO 46
Macedônia do Norte
Acordo entra em vigor e país muda oficialmente de nome
Entrou em vigor, em 2019, o acordo que determina a muda"
7;LC;157769;D;1;0;;2.86859;0.93973;0.2457;AZUL;1529;;0;2025;"
7
8
O
9
H
10
N
11 O
U
12 ã
C
13 Ç
S
14 A A
15 R D
16 E
R
17
18 A
19 D
20
21
22
23
24
25
26
27
28
29
30
ENEM2025ENEM2025ENEM2025ENEM2025ENEM2025ENEM2025ENEM2025ENEM2025ENEM2025ENEM2025ENEM2025ENEM2025ENEM2025ENEN2025ENEM2025ENEM2025ENEM2025ENEM2025ENEM2025ENEM2025ENEM2025ENEM2025ENEM2025ENEM2025ENEM2025ENEM2025ENEM2025ENEM2025ENEM2025ENEM2025ENEM2025ENEM2025ENEM2025ENEM2025ENEM2025ENEM2025ENEM2025ENEM2025ENEM2025ENEM2025ENEM2025ENEM2025ENEM2025ENEM2025ENEM2025
LINGUAGENS, CÓDIGOS E SUAS TECNOLOGIAS E REDAÇÃO | 1º DIA | CADERNO 1 | AZUL 21
001100117755AAZZ..iinnddbb 2211 2233//0077//22002255 1122::3322::2255
--- PAG 22 ---
*010175AZ22*
ENEM2025ENEM2025ENEM2025ENEM2025ENEM2025ENEM2025ENEM2025ENEM2025ENEM2025ENEM2025ENEM2025ENEM2025ENEM2025ENEN2025ENEM2025ENEM2025ENEM2025ENEM2025ENEM2025ENEM2025ENEM2025ENEM2025ENEM2025ENEM2025ENEM2025ENEM2025ENEM2025ENEM2025ENEM2025ENEM2025ENEM2025ENEM2025ENEM2025ENEM2025ENEM2025ENEM2025ENEM2025ENEM2025ENEM2025ENEM2025ENEM2025ENEM2025ENEM2025ENEM2025ENEM2025
CIÊNCIAS HUMANAS E SUAS TECNOLOGIAS
Questões de 46 a 90
QUESTãO 46
Macedônia do Norte
Acordo entra em vigor e país muda oficialmente de nome
Entrou em vigor, em 2019, o acordo que determina a muda"
48;CH;140742;E;30;0;;2.86672;0.64329;0.2133;AZUL;1520;;0;2025;Questão 48 - Texto extraído da Prova Oficial.
48;CH;140742;E;30;0;;2.86672;0.64329;0.2133;AZUL;1520;;0;2025;Questão 48 - Texto extraído da Prova Oficial.
48;CH;140742;E;30;0;;2.86672;0.64329;0.2133;AZUL;1520;;0;2025;Questão 48 - Texto extraído da Prova Oficial.
153;MT;88838;B;22;0;;2.86664;1.91711;0.14861;AZUL;1502;;0;2025;Questão 153 - Texto extraído da Prova Oficial.
153;MT;88838;B;22;0;;2.86664;1.91711;0.14861;AZUL;1502;;0;2025;Questão 153 - Texto extraído da Prova Oficial.
153;MT;88838;B;22;0;;2.86664;1.91711;0.14861;AZUL;1502;;0;2025;Questão 153 - Texto extraído da Prova Oficial.
138;MT;45267;A;7;0;;2.85757;3.12788;0.1003;AZUL;1502;;0;2025;Questão 138 - Texto extraído da Prova Oficial.
138;MT;45267;A;7;0;;2.85757;3.12788;0.1003;AZUL;1502;;0;2025;Questão 138 - Texto extraído da Prova Oficial.
138;MT;45267;A;7;0;;2.85757;3.12788;0.1003;AZUL;1502;;0;2025;Questão 138 - Texto extraído da Prova Oficial.
102;CN;141596;B;6;0;;2.84035;1.31778;0.17192;AZUL;1511;;0;2025;Questão 102 - Texto extraído da Prova Oficial.
102;CN;141596;B;6;0;;2.84035;1.31778;0.17192;AZUL;1511;;0;2025;Questão 102 - Texto extraído da Prova Oficial.
102;CN;141596;B;6;0;;2.84035;1.31778;0.17192;AZUL;1511;;0;2025;Questão 102 - Texto extraído da Prova Oficial.
80;CH;141145;E;15;0;;2.81552;1.5005;0.13488;AZUL;1520;;0;2025;Questão 80 - Texto extraído da Prova Oficial.
80;CH;141145;E;15;0;;2.81552;1.5005;0.13488;AZUL;1520;;0;2025;Questão 80 - Texto extraído da Prova Oficial.
80;CH;141145;E;15;0;;2.81552;1.5005;0.13488;AZUL;1520;;0;2025;Questão 80 - Texto extraído da Prova Oficial.
64;CH;125874;B;17;0;;2.81454;1.35625;0.18766;AZUL;1520;;0;2025;Questão 64 - Texto extraído da Prova Oficial.
64;CH;125874;B;17;0;;2.81454;1.35625;0.18766;AZUL;1520;;0;2025;Questão 64 - Texto extraído da Prova Oficial.
64;CH;125874;B;17;0;;2.81454;1.35625;0.18766;AZUL;1520;;0;2025;Questão 64 - Texto extraído da Prova Oficial.
9;LC;157760;B;25;0;;2.81247;1.6947;0.19095;AZUL;1529;;0;2025;"
9
H
10
N
11 O
U
12 ã
C
13 Ç
S
14 A A
15 R D
16 E
R
17
18 A
19 D
20
21
22
23
24
25
26
27
28
29
30
ENEM2025ENEM2025ENEM2025ENEM2025ENEM2025ENEM2025ENEM2025ENEM2025ENEM2025ENEM2025ENEM2025ENEM2025ENEM2025ENEN2025ENEM2025ENEM2025ENEM2025ENEM2025ENEM2025ENEM2025ENEM2025ENEM2025ENEM2025ENEM2025ENEM2025ENEM2025ENEM2025ENEM2025ENEM2025ENEM2025ENEM2025ENEM2025ENEM2025ENEM2025ENEM2025ENEM2025ENEM2025ENEM2025ENEM2025ENEM2025ENEM2025ENEM2025ENEM2025ENEM2025ENEM2025
LINGUAGENS, CÓDIGOS E SUAS TECNOLOGIAS E REDAÇÃO | 1º DIA | CADERNO 1 | AZUL 21
001100117755AAZZ..iinnddbb 2211 2233//0077//22002255 1122::3322::2255
--- PAG 22 ---
*010175AZ22*
ENEM2025ENEM2025ENEM2025ENEM2025ENEM2025ENEM2025ENEM2025ENEM2025ENEM2025ENEM2025ENEM2025ENEM2025ENEM2025ENEN2025ENEM2025ENEM2025ENEM2025ENEM2025ENEM2025ENEM2025ENEM2025ENEM2025ENEM2025ENEM2025ENEM2025ENEM2025ENEM2025ENEM2025ENEM2025ENEM2025ENEM2025ENEM2025ENEM2025ENEM2025ENEM2025ENEM2025ENEM2025ENEM2025ENEM2025ENEM2025ENEM2025ENEM2025ENEM2025ENEM2025ENEM2025
CIÊNCIAS HUMANAS E SUAS TECNOLOGIAS
Questões de 46 a 90
QUESTãO 46
Macedônia do Norte
Acordo entra em vigor e país muda oficialmente de nome
Entrou em vigor, em 2019, o acordo que determina a mudança de"
9;LC;157760;B;25;0;;2.81247;1.6947;0.19095;AZUL;1529;;0;2025;"
9
H
10
N
11 O
U
12 ã
C
13 Ç
S
14 A A
15 R D
16 E
R
17
18 A
19 D
20
21
22
23
24
25
26
27
28
29
30
ENEM2025ENEM2025ENEM2025ENEM2025ENEM2025ENEM2025ENEM2025ENEM2025ENEM2025ENEM2025ENEM2025ENEM2025ENEM2025ENEN2025ENEM2025ENEM2025ENEM2025ENEM2025ENEM2025ENEM2025ENEM2025ENEM2025ENEM2025ENEM2025ENEM2025ENEM2025ENEM2025ENEM2025ENEM2025ENEM2025ENEM2025ENEM2025ENEM2025ENEM2025ENEM2025ENEM2025ENEM2025ENEM2025ENEM2025ENEM2025ENEM2025ENEM2025ENEM2025ENEM2025ENEM2025
LINGUAGENS, CÓDIGOS E SUAS TECNOLOGIAS E REDAÇÃO | 1º DIA | CADERNO 1 | AZUL 21
001100117755AAZZ..iinnddbb 2211 2233//0077//22002255 1122::3322::2255
--- PAG 22 ---
*010175AZ22*
ENEM2025ENEM2025ENEM2025ENEM2025ENEM2025ENEM2025ENEM2025ENEM2025ENEM2025ENEM2025ENEM2025ENEM2025ENEM2025ENEN2025ENEM2025ENEM2025ENEM2025ENEM2025ENEM2025ENEM2025ENEM2025ENEM2025ENEM2025ENEM2025ENEM2025ENEM2025ENEM2025ENEM2025ENEM2025ENEM2025ENEM2025ENEM2025ENEM2025ENEM2025ENEM2025ENEM2025ENEM2025ENEM2025ENEM2025ENEM2025ENEM2025ENEM2025ENEM2025ENEM2025ENEM2025
CIÊNCIAS HUMANAS E SUAS TECNOLOGIAS
Questões de 46 a 90
QUESTãO 46
Macedônia do Norte
Acordo entra em vigor e país muda oficialmente de nome
Entrou em vigor, em 2019, o acordo que determina a mudança de"
9;LC;157760;B;25;0;;2.81247;1.6947;0.19095;AZUL;1529;;0;2025;"
9
H
10
N
11 O
U
12 ã
C
13 Ç
S
14 A A
15 R D
16 E
R
17
18 A
19 D
20
21
22
23
24
25
26
27
28
29
30
ENEM2025ENEM2025ENEM2025ENEM2025ENEM2025ENEM2025ENEM2025ENEM2025ENEM2025ENEM2025ENEM2025ENEM2025ENEM2025ENEN2025ENEM2025ENEM2025ENEM2025ENEM2025ENEM2025ENEM2025ENEM2025ENEM2025ENEM2025ENEM2025ENEM2025ENEM2025ENEM2025ENEM2025ENEM2025ENEM2025ENEM2025ENEM2025ENEM2025ENEM2025ENEM2025ENEM2025ENEM2025ENEM2025ENEM2025ENEM2025ENEM2025ENEM2025ENEM2025ENEM2025ENEM2025
LINGUAGENS, CÓDIGOS E SUAS TECNOLOGIAS E REDAÇÃO | 1º DIA | CADERNO 1 | AZUL 21
001100117755AAZZ..iinnddbb 2211 2233//0077//22002255 1122::3322::2255
--- PAG 22 ---
*010175AZ22*
ENEM2025ENEM2025ENEM2025ENEM2025ENEM2025ENEM2025ENEM2025ENEM2025ENEM2025ENEM2025ENEM2025ENEM2025ENEM2025ENEN2025ENEM2025ENEM2025ENEM2025ENEM2025ENEM2025ENEM2025ENEM2025ENEM2025ENEM2025ENEM2025ENEM2025ENEM2025ENEM2025ENEM2025ENEM2025ENEM2025ENEM2025ENEM2025ENEM2025ENEM2025ENEM2025ENEM2025ENEM2025ENEM2025ENEM2025ENEM2025ENEM2025ENEM2025ENEM2025ENEM2025ENEM2025
CIÊNCIAS HUMANAS E SUAS TECNOLOGIAS
Questões de 46 a 90
QUESTãO 46
Macedônia do Norte
Acordo entra em vigor e país muda oficialmente de nome
Entrou em vigor, em 2019, o acordo que determina a mudança de"
114;CN;141526;A;3;0;;2.78775;2.00238;0.18272;AZUL;1569;;0;2025;Questão 114 - Texto extraído da Prova Oficial.
114;CN;141526;A;3;0;;2.78775;2.00238;0.18272;AZUL;1569;;0;2025;Questão 114 - Texto extraído da Prova Oficial.
114;CN;141526;A;3;0;;2.78775;2.00238;0.18272;AZUL;1569;;0;2025;Questão 114 - Texto extraído da Prova Oficial.
146;MT;89828;B;8;0;;2.784;2.60685;0.15146;AZUL;1502;;0;2025;Questão 146 - Texto extraído da Prova Oficial.
146;MT;89828;B;8;0;;2.784;2.60685;0.15146;AZUL;1502;;0;2025;Questão 146 - Texto extraído da Prova Oficial.
146;MT;89828;B;8;0;;2.784;2.60685;0.15146;AZUL;1502;;0;2025;Questão 146 - Texto extraído da Prova Oficial.
115;CN;48172;C;24;0;;2.77908;1.91229;0.17513;AZUL;1511;;0;2025;Questão 115 - Texto extraído da Prova Oficial.
115;CN;48172;C;24;0;;2.77908;1.91229;0.17513;AZUL;1511;;0;2025;Questão 115 - Texto extraído da Prova Oficial.
115;CN;48172;C;24;0;;2.77908;1.91229;0.17513;AZUL;1511;;0;2025;Questão 115 - Texto extraído da Prova Oficial.
156;MT;17209;A;28;0;;2.77367;2.35329;0.07245;AZUL;1559;;0;2025;Questão 156 - Texto extraído da Prova Oficial.
156;MT;17209;A;28;0;;2.77367;2.35329;0.07245;AZUL;1559;;0;2025;Questão 156 - Texto extraído da Prova Oficial.
156;MT;17209;A;28;0;;2.77367;2.35329;0.07245;AZUL;1559;;0;2025;Questão 156 - Texto extraído da Prova Oficial.
66;CH;141109;E;15;0;;2.72952;0.70865;0.17507;AZUL;1539;;0;2025;Questão 66 - Texto extraído da Prova Oficial.
66;CH;141109;E;15;0;;2.72952;0.70865;0.17507;AZUL;1539;;0;2025;Questão 66 - Texto extraído da Prova Oficial.
66;CH;141109;E;15;0;;2.72952;0.70865;0.17507;AZUL;1539;;0;2025;Questão 66 - Texto extraído da Prova Oficial.
86;CH;125780;A;4;0;;2.72114;1.3074;0.21447;AZUL;1539;;0;2025;Questão 86 - Texto extraído da Prova Oficial.
86;CH;125780;A;4;0;;2.72114;1.3074;0.21447;AZUL;1539;;0;2025;Questão 86 - Texto extraído da Prova Oficial.
86;CH;125780;A;4;0;;2.72114;1.3074;0.21447;AZUL;1539;;0;2025;Questão 86 - Texto extraído da Prova Oficial.
167;MT;153136;A;14;0;;2.71188;3.00084;0.09527;AZUL;1559;;0;2025;Questão 167 - Texto extraído da Prova Oficial.
167;MT;153136;A;14;0;;2.71188;3.00084;0.09527;AZUL;1559;;0;2025;Questão 167 - Texto extraído da Prova Oficial.
167;MT;153136;A;14;0;;2.71188;3.00084;0.09527;AZUL;1559;;0;2025;Questão 167 - Texto extraído da Prova Oficial.
56;CH;87251;D;18;0;;2.71078;0.45916;0.17552;AZUL;1539;;0;2025;Questão 56 - Texto extraído da Prova Oficial.
56;CH;87251;D;18;0;;2.71078;0.45916;0.17552;AZUL;1539;;0;2025;Questão 56 - Texto extraído da Prova Oficial.
56;CH;87251;D;18;0;;2.71078;0.45916;0.17552;AZUL;1539;;0;2025;Questão 56 - Texto extraído da Prova Oficial.
26;LC;157672;D;24;0;;2.70614;0.79151;0.19033;AZUL;1549;;0;2025;"
26
27
28
29
30
ENEM2025ENEM2025ENEM2025ENEM2025ENEM2025ENEM2025ENEM2025ENEM2025ENEM2025ENEM2025ENEM2025ENEM2025ENEM2025ENEN2025ENEM2025ENEM2025ENEM2025ENEM2025ENEM2025ENEM2025ENEM2025ENEM2025ENEM2025ENEM2025ENEM2025ENEM2025ENEM2025ENEM2025ENEM2025ENEM2025ENEM2025ENEM2025ENEM2025ENEM2025ENEM2025ENEM2025ENEM2025ENEM2025ENEM2025ENEM2025ENEM2025ENEM2025ENEM2025ENEM2025ENEM2025
LINGUAGENS, CÓDIGOS E SUAS TECNOLOGIAS E REDAÇÃO | 1º DIA | CADERNO 1 | AZUL 21
001100117755AAZZ..iinnddbb 2211 2233//0077//22002255 1122::3322::2255
--- PAG 22 ---
*010175AZ22*
ENEM2025ENEM2025ENEM2025ENEM2025ENEM2025ENEM2025ENEM2025ENEM2025ENEM2025ENEM2025ENEM2025ENEM2025ENEM2025ENEN2025ENEM2025ENEM2025ENEM2025ENEM2025ENEM2025ENEM2025ENEM2025ENEM2025ENEM2025ENEM2025ENEM2025ENEM2025ENEM2025ENEM2025ENEM2025ENEM2025ENEM2025ENEM2025ENEM2025ENEM2025ENEM2025ENEM2025ENEM2025ENEM2025ENEM2025ENEM2025ENEM2025ENEM2025ENEM2025ENEM2025ENEM2025
CIÊNCIAS HUMANAS E SUAS TECNOLOGIAS
Questões de 46 a 90
QUESTãO 46
Macedônia do Norte
Acordo entra em vigor e país muda oficialmente de nome
Entrou em vigor, em 2019, o acordo que determina a mudança de nome da Macedônia para Macedônia do Norte. A troca
põe fim — ao menos por enquant"
26;LC;157672;D;24;0;;2.70614;0.79151;0.19033;AZUL;1549;;0;2025;"
26
27
28
29
30
ENEM2025ENEM2025ENEM2025ENEM2025ENEM2025ENEM2025ENEM2025ENEM2025ENEM2025ENEM2025ENEM2025ENEM2025ENEM2025ENEN2025ENEM2025ENEM2025ENEM2025ENEM2025ENEM2025ENEM2025ENEM2025ENEM2025ENEM2025ENEM2025ENEM2025ENEM2025ENEM2025ENEM2025ENEM2025ENEM2025ENEM2025ENEM2025ENEM2025ENEM2025ENEM2025ENEM2025ENEM2025ENEM2025ENEM2025ENEM2025ENEM2025ENEM2025ENEM2025ENEM2025ENEM2025
LINGUAGENS, CÓDIGOS E SUAS TECNOLOGIAS E REDAÇÃO | 1º DIA | CADERNO 1 | AZUL 21
001100117755AAZZ..iinnddbb 2211 2233//0077//22002255 1122::3322::2255
--- PAG 22 ---
*010175AZ22*
ENEM2025ENEM2025ENEM2025ENEM2025ENEM2025ENEM2025ENEM2025ENEM2025ENEM2025ENEM2025ENEM2025ENEM2025ENEM2025ENEN2025ENEM2025ENEM2025ENEM2025ENEM2025ENEM2025ENEM2025ENEM2025ENEM2025ENEM2025ENEM2025ENEM2025ENEM2025ENEM2025ENEM2025ENEM2025ENEM2025ENEM2025ENEM2025ENEM2025ENEM2025ENEM2025ENEM2025ENEM2025ENEM2025ENEM2025ENEM2025ENEM2025ENEM2025ENEM2025ENEM2025ENEM2025
CIÊNCIAS HUMANAS E SUAS TECNOLOGIAS
Questões de 46 a 90
QUESTãO 46
Macedônia do Norte
Acordo entra em vigor e país muda oficialmente de nome
Entrou em vigor, em 2019, o acordo que determina a mudança de nome da Macedônia para Macedônia do Norte. A troca
põe fim — ao menos por enquant"
26;LC;157672;D;24;0;;2.70614;0.79151;0.19033;AZUL;1549;;0;2025;"
26
27
28
29
30
ENEM2025ENEM2025ENEM2025ENEM2025ENEM2025ENEM2025ENEM2025ENEM2025ENEM2025ENEM2025ENEM2025ENEM2025ENEM2025ENEN2025ENEM2025ENEM2025ENEM2025ENEM2025ENEM2025ENEM2025ENEM2025ENEM2025ENEM2025ENEM2025ENEM2025ENEM2025ENEM2025ENEM2025ENEM2025ENEM2025ENEM2025ENEM2025ENEM2025ENEM2025ENEM2025ENEM2025ENEM2025ENEM2025ENEM2025ENEM2025ENEM2025ENEM2025ENEM2025ENEM2025ENEM2025
LINGUAGENS, CÓDIGOS E SUAS TECNOLOGIAS E REDAÇÃO | 1º DIA | CADERNO 1 | AZUL 21
001100117755AAZZ..iinnddbb 2211 2233//0077//22002255 1122::3322::2255
--- PAG 22 ---
*010175AZ22*
ENEM2025ENEM2025ENEM2025ENEM2025ENEM2025ENEM2025ENEM2025ENEM2025ENEM2025ENEM2025ENEM2025ENEM2025ENEM2025ENEN2025ENEM2025ENEM2025ENEM2025ENEM2025ENEM2025ENEM2025ENEM2025ENEM2025ENEM2025ENEM2025ENEM2025ENEM2025ENEM2025ENEM2025ENEM2025ENEM2025ENEM2025ENEM2025ENEM2025ENEM2025ENEM2025ENEM2025ENEM2025ENEM2025ENEM2025ENEM2025ENEM2025ENEM2025ENEM2025ENEM2025ENEM2025
CIÊNCIAS HUMANAS E SUAS TECNOLOGIAS
Questões de 46 a 90
QUESTãO 46
Macedônia do Norte
Acordo entra em vigor e país muda oficialmente de nome
Entrou em vigor, em 2019, o acordo que determina a mudança de nome da Macedônia para Macedônia do Norte. A troca
põe fim — ao menos por enquant"
11;LC;150423;A;22;0;;2.68055;0.54545;0.22884;AZUL;1529;;0;2025;Questão 11 - Texto extraído da Prova Oficial.
11;LC;150423;A;22;0;;2.68055;0.54545;0.22884;AZUL;1529;;0;2025;Questão 11 - Texto extraído da Prova Oficial.
11;LC;150423;A;22;0;;2.68055;0.54545;0.22884;AZUL;1529;;0;2025;Questão 11 - Texto extraído da Prova Oficial.
32;LC;157592;C;2;0;;2.66969;-0.32364;0.20056;AZUL;1549;;0;2025;Questão 32 - Texto extraído da Prova Oficial.
32;LC;157592;C;2;0;;2.66969;-0.32364;0.20056;AZUL;1549;;0;2025;Questão 32 - Texto extraído da Prova Oficial.
32;LC;157592;C;2;0;;2.66969;-0.32364;0.20056;AZUL;1549;;0;2025;Questão 32 - Texto extraído da Prova Oficial.
50;CH;112055;E;8;0;;2.66223;0.0819;0.19308;AZUL;1539;;0;2025;Questão 50 - Texto extraído da Prova Oficial.
50;CH;112055;E;8;0;;2.66223;0.0819;0.19308;AZUL;1539;;0;2025;Questão 50 - Texto extraído da Prova Oficial.
50;CH;112055;E;8;0;;2.66223;0.0819;0.19308;AZUL;1539;;0;2025;Questão 50 - Texto extraído da Prova Oficial.
78;CH;125916;A;16;0;;2.66048;1.4125;0.18908;AZUL;1539;;0;2025;Questão 78 - Texto extraído da Prova Oficial.
78;CH;125916;A;16;0;;2.66048;1.4125;0.18908;AZUL;1539;;0;2025;Questão 78 - Texto extraído da Prova Oficial.
78;CH;125916;A;16;0;;2.66048;1.4125;0.18908;AZUL;1539;;0;2025;Questão 78 - Texto extraído da Prova Oficial.
38;LC;150670;C;30;0;;2.6559;0.67261;0.1978;AZUL;1529;;0;2025;Questão 38 - Texto extraído da Prova Oficial.
38;LC;150670;C;30;0;;2.6559;0.67261;0.1978;AZUL;1529;;0;2025;Questão 38 - Texto extraído da Prova Oficial.
38;LC;150670;C;30;0;;2.6559;0.67261;0.1978;AZUL;1529;;0;2025;Questão 38 - Texto extraído da Prova Oficial.
169;MT;54299;E;28;0;;2.65363;2.50116;0.14329;AZUL;1502;;0;2025;Questão 169 - Texto extraído da Prova Oficial.
169;MT;54299;E;28;0;;2.65363;2.50116;0.14329;AZUL;1502;;0;2025;Questão 169 - Texto extraído da Prova Oficial.
169;MT;54299;E;28;0;;2.65363;2.50116;0.14329;AZUL;1502;;0;2025;Questão 169 - Texto extraído da Prova Oficial.
72;CH;95761;B;7;0;;2.64326;0.921;0.156;AZUL;1520;;0;2025;Questão 72 - Texto extraído da Prova Oficial.
72;CH;95761;B;7;0;;2.64326;0.921;0.156;AZUL;1520;;0;2025;Questão 72 - Texto extraído da Prova Oficial.
72;CH;95761;B;7;0;;2.64326;0.921;0.156;AZUL;1520;;0;2025;Questão 72 - Texto extraído da Prova Oficial.
35;LC;150581;B;1;0;;2.63423;0.48091;0.20647;AZUL;1549;;0;2025;Questão 35 - Texto extraído da Prova Oficial.
35;LC;150581;B;1;0;;2.63423;0.48091;0.20647;AZUL;1549;;0;2025;Questão 35 - Texto extraído da Prova Oficial.
35;LC;150581;B;1;0;;2.63423;0.48091;0.20647;AZUL;1549;;0;2025;Questão 35 - Texto extraído da Prova Oficial.
61;CH;152699;A;22;0;;2.63136;2.09992;0.21994;AZUL;1520;;0;2025;Questão 61 - Texto extraído da Prova Oficial.
61;CH;152699;A;22;0;;2.63136;2.09992;0.21994;AZUL;1520;;0;2025;Questão 61 - Texto extraído da Prova Oficial.
61;CH;152699;A;22;0;;2.63136;2.09992;0.21994;AZUL;1520;;0;2025;Questão 61 - Texto extraído da Prova Oficial.
119;CN;141682;D;20;0;;2.63075;1.93906;0.22904;AZUL;1511;;0;2025;Questão 119 - Texto extraído da Prova Oficial.
119;CN;141682;D;20;0;;2.63075;1.93906;0.22904;AZUL;1511;;0;2025;Questão 119 - Texto extraído da Prova Oficial.
119;CN;141682;D;20;0;;2.63075;1.93906;0.22904;AZUL;1511;;0;2025;Questão 119 - Texto extraído da Prova Oficial.
30;LC;157597;A;14;0;;2.60969;0.80629;0.17219;AZUL;1529;;0;2025;"
30
ENEM2025ENEM2025ENEM2025ENEM2025ENEM2025ENEM2025ENEM2025ENEM2025ENEM2025ENEM2025ENEM2025ENEM2025ENEM2025ENEN2025ENEM2025ENEM2025ENEM2025ENEM2025ENEM2025ENEM2025ENEM2025ENEM2025ENEM2025ENEM2025ENEM2025ENEM2025ENEM2025ENEM2025ENEM2025ENEM2025ENEM2025ENEM2025ENEM2025ENEM2025ENEM2025ENEM2025ENEM2025ENEM2025ENEM2025ENEM2025ENEM2025ENEM2025ENEM2025ENEM2025ENEM2025
LINGUAGENS, CÓDIGOS E SUAS TECNOLOGIAS E REDAÇÃO | 1º DIA | CADERNO 1 | AZUL 21
001100117755AAZZ..iinnddbb 2211 2233//0077//22002255 1122::3322::2255
--- PAG 22 ---
*010175AZ22*
ENEM2025ENEM2025ENEM2025ENEM2025ENEM2025ENEM2025ENEM2025ENEM2025ENEM2025ENEM2025ENEM2025ENEM2025ENEM2025ENEN2025ENEM2025ENEM2025ENEM2025ENEM2025ENEM2025ENEM2025ENEM2025ENEM2025ENEM2025ENEM2025ENEM2025ENEM2025ENEM2025ENEM2025ENEM2025ENEM2025ENEM2025ENEM2025ENEM2025ENEM2025ENEM2025ENEM2025ENEM2025ENEM2025ENEM2025ENEM2025ENEM2025ENEM2025ENEM2025ENEM2025ENEM2025
CIÊNCIAS HUMANAS E SUAS TECNOLOGIAS
Questões de 46 a 90
QUESTãO 46
Macedônia do Norte
Acordo entra em vigor e país muda oficialmente de nome
Entrou em vigor, em 2019, o acordo que determina a mudança de nome da Macedônia para Macedônia do Norte. A troca
põe fim — ao menos por enquanto — no impas"
30;LC;157597;A;14;0;;2.60969;0.80629;0.17219;AZUL;1529;;0;2025;"
30
ENEM2025ENEM2025ENEM2025ENEM2025ENEM2025ENEM2025ENEM2025ENEM2025ENEM2025ENEM2025ENEM2025ENEM2025ENEM2025ENEN2025ENEM2025ENEM2025ENEM2025ENEM2025ENEM2025ENEM2025ENEM2025ENEM2025ENEM2025ENEM2025ENEM2025ENEM2025ENEM2025ENEM2025ENEM2025ENEM2025ENEM2025ENEM2025ENEM2025ENEM2025ENEM2025ENEM2025ENEM2025ENEM2025ENEM2025ENEM2025ENEM2025ENEM2025ENEM2025ENEM2025ENEM2025
LINGUAGENS, CÓDIGOS E SUAS TECNOLOGIAS E REDAÇÃO | 1º DIA | CADERNO 1 | AZUL 21
001100117755AAZZ..iinnddbb 2211 2233//0077//22002255 1122::3322::2255
--- PAG 22 ---
*010175AZ22*
ENEM2025ENEM2025ENEM2025ENEM2025ENEM2025ENEM2025ENEM2025ENEM2025ENEM2025ENEM2025ENEM2025ENEM2025ENEM2025ENEN2025ENEM2025ENEM2025ENEM2025ENEM2025ENEM2025ENEM2025ENEM2025ENEM2025ENEM2025ENEM2025ENEM2025ENEM2025ENEM2025ENEM2025ENEM2025ENEM2025ENEM2025ENEM2025ENEM2025ENEM2025ENEM2025ENEM2025ENEM2025ENEM2025ENEM2025ENEM2025ENEM2025ENEM2025ENEM2025ENEM2025ENEM2025
CIÊNCIAS HUMANAS E SUAS TECNOLOGIAS
Questões de 46 a 90
QUESTãO 46
Macedônia do Norte
Acordo entra em vigor e país muda oficialmente de nome
Entrou em vigor, em 2019, o acordo que determina a mudança de nome da Macedônia para Macedônia do Norte. A troca
põe fim — ao menos por enquanto — no impas"
30;LC;157597;A;14;0;;2.60969;0.80629;0.17219;AZUL;1529;;0;2025;"
30
ENEM2025ENEM2025ENEM2025ENEM2025ENEM2025ENEM2025ENEM2025ENEM2025ENEM2025ENEM2025ENEM2025ENEM2025ENEM2025ENEN2025ENEM2025ENEM2025ENEM2025ENEM2025ENEM2025ENEM2025ENEM2025ENEM2025ENEM2025ENEM2025ENEM2025ENEM2025ENEM2025ENEM2025ENEM2025ENEM2025ENEM2025ENEM2025ENEM2025ENEM2025ENEM2025ENEM2025ENEM2025ENEM2025ENEM2025ENEM2025ENEM2025ENEM2025ENEM2025ENEM2025ENEM2025
LINGUAGENS, CÓDIGOS E SUAS TECNOLOGIAS E REDAÇÃO | 1º DIA | CADERNO 1 | AZUL 21
001100117755AAZZ..iinnddbb 2211 2233//0077//22002255 1122::3322::2255
--- PAG 22 ---
*010175AZ22*
ENEM2025ENEM2025ENEM2025ENEM2025ENEM2025ENEM2025ENEM2025ENEM2025ENEM2025ENEM2025ENEM2025ENEM2025ENEM2025ENEN2025ENEM2025ENEM2025ENEM2025ENEM2025ENEM2025ENEM2025ENEM2025ENEM2025ENEM2025ENEM2025ENEM2025ENEM2025ENEM2025ENEM2025ENEM2025ENEM2025ENEM2025ENEM2025ENEM2025ENEM2025ENEM2025ENEM2025ENEM2025ENEM2025ENEM2025ENEM2025ENEM2025ENEM2025ENEM2025ENEM2025ENEM2025
CIÊNCIAS HUMANAS E SUAS TECNOLOGIAS
Questões de 46 a 90
QUESTãO 46
Macedônia do Norte
Acordo entra em vigor e país muda oficialmente de nome
Entrou em vigor, em 2019, o acordo que determina a mudança de nome da Macedônia para Macedônia do Norte. A troca
põe fim — ao menos por enquanto — no impas"
43;LC;167218;E;27;0;;2.60785;0.65278;0.15434;AZUL;1549;;0;2025;Questão 43 - Texto extraído da Prova Oficial.
43;LC;167218;E;27;0;;2.60785;0.65278;0.15434;AZUL;1549;;0;2025;Questão 43 - Texto extraído da Prova Oficial.
43;LC;167218;E;27;0;;2.60785;0.65278;0.15434;AZUL;1549;;0;2025;Questão 43 - Texto extraído da Prova Oficial.
90;CH;141100;C;2;0;;2.58119;1.44951;0.13979;AZUL;1539;;0;2025;Questão 90 - Texto extraído da Prova Oficial.
90;CH;141100;C;2;0;;2.58119;1.44951;0.13979;AZUL;1539;;0;2025;Questão 90 - Texto extraído da Prova Oficial.
90;CH;141100;C;2;0;;2.58119;1.44951;0.13979;AZUL;1539;;0;2025;Questão 90 - Texto extraído da Prova Oficial.
165;MT;87039;B;29;0;;2.57331;1.66741;0.24479;AZUL;1559;;0;2025;Questão 165 - Texto extraído da Prova Oficial.
165;MT;87039;B;29;0;;2.57331;1.66741;0.24479;AZUL;1559;;0;2025;Questão 165 - Texto extraído da Prova Oficial.
165;MT;87039;B;29;0;;2.57331;1.66741;0.24479;AZUL;1559;;0;2025;Questão 165 - Texto extraído da Prova Oficial.
113;CN;111420;D;14;0;;2.57327;2.14122;0.04207;AZUL;1511;;0;2025;Questão 113 - Texto extraído da Prova Oficial.
113;CN;111420;D;14;0;;2.57327;2.14122;0.04207;AZUL;1511;;0;2025;Questão 113 - Texto extraído da Prova Oficial.
113;CN;111420;D;14;0;;2.57327;2.14122;0.04207;AZUL;1511;;0;2025;Questão 113 - Texto extraído da Prova Oficial.
65;CH;149864;C;6;0;;2.56219;0.32826;0.18735;AZUL;1520;;0;2025;Questão 65 - Texto extraído da Prova Oficial.
65;CH;149864;C;6;0;;2.56219;0.32826;0.18735;AZUL;1520;;0;2025;Questão 65 - Texto extraído da Prova Oficial.
65;CH;149864;C;6;0;;2.56219;0.32826;0.18735;AZUL;1520;;0;2025;Questão 65 - Texto extraído da Prova Oficial.
2;LC;153860;C;6;0;;2.56146;-0.14622;0.20191;AZUL;1549;1.0;0;2025;"
2
3
4
5
6
7
8
O
9
H
10
N
11 O
U
12 ã
C
13 Ç
S
14 A A
15 R D
16 E
R
17
18 A
19 D
20
21
22
23
24
25
26
27
28
29
30
ENEM2025ENEM2025ENEM2025ENEM2025ENEM2025ENEM2025ENEM2025ENEM2025ENEM2025ENEM2025ENEM2025ENEM2025ENEM2025ENEN2025ENEM2025ENEM2025ENEM2025ENEM2025ENEM2025ENEM2025ENEM2025ENEM2025ENEM2025ENEM2025ENEM2025ENEM2025ENEM2025ENEM2025ENEM2025ENEM2025ENEM2025ENEM2025ENEM2025ENEM2025ENEM2025ENEM2025ENEM2025ENEM2025ENEM2025ENEM2025ENEM2025ENEM2025ENEM2025ENEM2025ENEM2025
LINGUAGENS, CÓDIGOS E SUAS TECNOLOGIAS E REDAÇÃO | 1º DIA | CADERNO 1 | AZUL 21
001100117755AAZZ..iinnddbb 2211 2233//0077//22002255 1122::3322::2255
--- PAG 22 ---
*010175AZ22*
ENEM2025ENEM2025ENEM2025ENEM2025ENEM2025ENEM2025ENEM2025ENEM2025ENEM2025ENEM2025ENEM2025ENEM2025ENEM2025ENEN2025ENEM2025ENEM2025ENEM2025ENEM2025ENEM2025ENEM2025ENEM2025ENEM2025ENEM2025ENEM2025ENEM2025ENEM2025ENEM2025ENEM2025ENEM2025ENEM2025ENEM2025ENEM2025ENEM2025ENEM2025ENEM2025ENEM2025ENEM2025ENEM2025ENEM2025ENEM2025ENEM2025ENEM2025ENEM2025ENEM2025ENEM2025
CIÊNCIAS HUMANAS E SUAS TECNOLOGIAS
Questões de 46 a 90
QUESTãO 46
Macedônia do Norte
Acordo entra em vigor e país muda oficialmente de nome
Entrou em vigor, em 2019, o acordo que determ"
2;LC;153860;C;6;0;;2.56146;-0.14622;0.20191;AZUL;1549;1.0;0;2025;"
2
3
4
5
6
7
8
O
9
H
10
N
11 O
U
12 ã
C
13 Ç
S
14 A A
15 R D
16 E
R
17
18 A
19 D
20
21
22
23
24
25
26
27
28
29
30
ENEM2025ENEM2025ENEM2025ENEM2025ENEM2025ENEM2025ENEM2025ENEM2025ENEM2025ENEM2025ENEM2025ENEM2025ENEM2025ENEN2025ENEM2025ENEM2025ENEM2025ENEM2025ENEM2025ENEM2025ENEM2025ENEM2025ENEM2025ENEM2025ENEM2025ENEM2025ENEM2025ENEM2025ENEM2025ENEM2025ENEM2025ENEM2025ENEM2025ENEM2025ENEM2025ENEM2025ENEM2025ENEM2025ENEM2025ENEM2025ENEM2025ENEM2025ENEM2025ENEM2025ENEM2025
LINGUAGENS, CÓDIGOS E SUAS TECNOLOGIAS E REDAÇÃO | 1º DIA | CADERNO 1 | AZUL 21
001100117755AAZZ..iinnddbb 2211 2233//0077//22002255 1122::3322::2255
--- PAG 22 ---
*010175AZ22*
ENEM2025ENEM2025ENEM2025ENEM2025ENEM2025ENEM2025ENEM2025ENEM2025ENEM2025ENEM2025ENEM2025ENEM2025ENEM2025ENEN2025ENEM2025ENEM2025ENEM2025ENEM2025ENEM2025ENEM2025ENEM2025ENEM2025ENEM2025ENEM2025ENEM2025ENEM2025ENEM2025ENEM2025ENEM2025ENEM2025ENEM2025ENEM2025ENEM2025ENEM2025ENEM2025ENEM2025ENEM2025ENEM2025ENEM2025ENEM2025ENEM2025ENEM2025ENEM2025ENEM2025ENEM2025
CIÊNCIAS HUMANAS E SUAS TECNOLOGIAS
Questões de 46 a 90
QUESTãO 46
Macedônia do Norte
Acordo entra em vigor e país muda oficialmente de nome
Entrou em vigor, em 2019, o acordo que determ"
2;LC;153860;C;6;0;;2.56146;-0.14622;0.20191;AZUL;1549;1.0;0;2025;"
2
3
4
5
6
7
8
O
9
H
10
N
11 O
U
12 ã
C
13 Ç
S
14 A A
15 R D
16 E
R
17
18 A
19 D
20
21
22
23
24
25
26
27
28
29
30
ENEM2025ENEM2025ENEM2025ENEM2025ENEM2025ENEM2025ENEM2025ENEM2025ENEM2025ENEM2025ENEM2025ENEM2025ENEM2025ENEN2025ENEM2025ENEM2025ENEM2025ENEM2025ENEM2025ENEM2025ENEM2025ENEM2025ENEM2025ENEM2025ENEM2025ENEM2025ENEM2025ENEM2025ENEM2025ENEM2025ENEM2025ENEM2025ENEM2025ENEM2025ENEM2025ENEM2025ENEM2025ENEM2025ENEM2025ENEM2025ENEM2025ENEM2025ENEM2025ENEM2025ENEM2025
LINGUAGENS, CÓDIGOS E SUAS TECNOLOGIAS E REDAÇÃO | 1º DIA | CADERNO 1 | AZUL 21
001100117755AAZZ..iinnddbb 2211 2233//0077//22002255 1122::3322::2255
--- PAG 22 ---
*010175AZ22*
ENEM2025ENEM2025ENEM2025ENEM2025ENEM2025ENEM2025ENEM2025ENEM2025ENEM2025ENEM2025ENEM2025ENEM2025ENEM2025ENEN2025ENEM2025ENEM2025ENEM2025ENEM2025ENEM2025ENEM2025ENEM2025ENEM2025ENEM2025ENEM2025ENEM2025ENEM2025ENEM2025ENEM2025ENEM2025ENEM2025ENEM2025ENEM2025ENEM2025ENEM2025ENEM2025ENEM2025ENEM2025ENEM2025ENEM2025ENEM2025ENEM2025ENEM2025ENEM2025ENEM2025ENEM2025
CIÊNCIAS HUMANAS E SUAS TECNOLOGIAS
Questões de 46 a 90
QUESTãO 46
Macedônia do Norte
Acordo entra em vigor e país muda oficialmente de nome
Entrou em vigor, em 2019, o acordo que determ"
126;CN;117948;E;17;0;;2.55859;1.29642;0.19424;AZUL;1569;;0;2025;Questão 126 - Texto extraído da Prova Oficial.
126;CN;117948;E;17;0;;2.55859;1.29642;0.19424;AZUL;1569;;0;2025;Questão 126 - Texto extraído da Prova Oficial.
126;CN;117948;E;17;0;;2.55859;1.29642;0.19424;AZUL;1569;;0;2025;Questão 126 - Texto extraído da Prova Oficial.
87;CH;140486;A;22;0;;2.54795;0.10575;0.2134;AZUL;1539;;0;2025;Questão 87 - Texto extraído da Prova Oficial.
87;CH;140486;A;22;0;;2.54795;0.10575;0.2134;AZUL;1539;;0;2025;Questão 87 - Texto extraído da Prova Oficial.
87;CH;140486;A;22;0;;2.54795;0.10575;0.2134;AZUL;1539;;0;2025;Questão 87 - Texto extraído da Prova Oficial.
78;CH;111818;E;4;0;;2.54398;1.7403;0.06888;AZUL;1520;;0;2025;Questão 78 - Texto extraído da Prova Oficial.
78;CH;111818;E;4;0;;2.54398;1.7403;0.06888;AZUL;1520;;0;2025;Questão 78 - Texto extraído da Prova Oficial.
78;CH;111818;E;4;0;;2.54398;1.7403;0.06888;AZUL;1520;;0;2025;Questão 78 - Texto extraído da Prova Oficial.
53;CH;118040;E;25;0;;2.52504;0.94443;0.16449;AZUL;1539;;0;2025;Questão 53 - Texto extraído da Prova Oficial.
53;CH;118040;E;25;0;;2.52504;0.94443;0.16449;AZUL;1539;;0;2025;Questão 53 - Texto extraído da Prova Oficial.
53;CH;118040;E;25;0;;2.52504;0.94443;0.16449;AZUL;1539;;0;2025;Questão 53 - Texto extraído da Prova Oficial.
61;CH;141064;B;9;0;;2.52242;0.82738;0.22418;AZUL;1539;;0;2025;Questão 61 - Texto extraído da Prova Oficial.
61;CH;141064;B;9;0;;2.52242;0.82738;0.22418;AZUL;1539;;0;2025;Questão 61 - Texto extraído da Prova Oficial.
61;CH;141064;B;9;0;;2.52242;0.82738;0.22418;AZUL;1539;;0;2025;Questão 61 - Texto extraído da Prova Oficial.
124;CN;141785;C;16;0;;2.52121;1.33092;0.19145;AZUL;1511;;0;2025;Questão 124 - Texto extraído da Prova Oficial.
124;CN;141785;C;16;0;;2.52121;1.33092;0.19145;AZUL;1511;;0;2025;Questão 124 - Texto extraído da Prova Oficial.
124;CN;141785;C;16;0;;2.52121;1.33092;0.19145;AZUL;1511;;0;2025;Questão 124 - Texto extraído da Prova Oficial.
46;CH;111849;D;5;0;;2.51946;1.19683;0.18051;AZUL;1520;;0;2025;Questão 46 - Texto extraído da Prova Oficial.
46;CH;111849;D;5;0;;2.51946;1.19683;0.18051;AZUL;1520;;0;2025;Questão 46 - Texto extraído da Prova Oficial.
46;CH;111849;D;5;0;;2.51946;1.19683;0.18051;AZUL;1520;;0;2025;Questão 46 - Texto extraído da Prova Oficial.
106;CN;126558;B;23;0;;2.51293;1.79735;0.23472;AZUL;1569;;0;2025;Questão 106 - Texto extraído da Prova Oficial.
106;CN;126558;B;23;0;;2.51293;1.79735;0.23472;AZUL;1569;;0;2025;Questão 106 - Texto extraído da Prova Oficial.
106;CN;126558;B;23;0;;2.51293;1.79735;0.23472;AZUL;1569;;0;2025;Questão 106 - Texto extraído da Prova Oficial.
118;CN;55380;C;25;0;;2.50073;1.90034;0.22474;AZUL;1511;;0;2025;Questão 118 - Texto extraído da Prova Oficial.
118;CN;55380;C;25;0;;2.50073;1.90034;0.22474;AZUL;1511;;0;2025;Questão 118 - Texto extraído da Prova Oficial.
118;CN;55380;C;25;0;;2.50073;1.90034;0.22474;AZUL;1511;;0;2025;Questão 118 - Texto extraído da Prova Oficial.
111;CN;95468;A;15;0;;2.4967;0.93145;0.3174;AZUL;1569;;0;2025;Questão 111 - Texto extraído da Prova Oficial.
111;CN;95468;A;15;0;;2.4967;0.93145;0.3174;AZUL;1569;;0;2025;Questão 111 - Texto extraído da Prova Oficial.
111;CN;95468;A;15;0;;2.4967;0.93145;0.3174;AZUL;1569;;0;2025;Questão 111 - Texto extraído da Prova Oficial.
83;CH;89315;D;28;0;;2.48311;2.85338;0.33262;AZUL;1539;;0;2025;Questão 83 - Texto extraído da Prova Oficial.
83;CH;89315;D;28;0;;2.48311;2.85338;0.33262;AZUL;1539;;0;2025;Questão 83 - Texto extraído da Prova Oficial.
83;CH;89315;D;28;0;;2.48311;2.85338;0.33262;AZUL;1539;;0;2025;Questão 83 - Texto extraído da Prova Oficial.
92;CN;7735;C;10;0;;2.47352;0.8876;0.14327;AZUL;1511;;0;2025;Questão 92 - Texto extraído da Prova Oficial.
92;CN;7735;C;10;0;;2.47352;0.8876;0.14327;AZUL;1511;;0;2025;Questão 92 - Texto extraído da Prova Oficial.
92;CN;7735;C;10;0;;2.47352;0.8876;0.14327;AZUL;1511;;0;2025;Questão 92 - Texto extraído da Prova Oficial.
57;CH;83697;B;22;0;;2.46633;1.41935;0.2402;AZUL;1539;;0;2025;Questão 57 - Texto extraído da Prova Oficial.
57;CH;83697;B;22;0;;2.46633;1.41935;0.2402;AZUL;1539;;0;2025;Questão 57 - Texto extraído da Prova Oficial.
57;CH;83697;B;22;0;;2.46633;1.41935;0.2402;AZUL;1539;;0;2025;Questão 57 - Texto extraído da Prova Oficial.
177;MT;117735;C;9;0;;2.44597;1.83917;0.14226;AZUL;1559;;0;2025;Questão 177 - Texto extraído da Prova Oficial.
177;MT;117735;C;9;0;;2.44597;1.83917;0.14226;AZUL;1559;;0;2025;Questão 177 - Texto extraído da Prova Oficial.
177;MT;117735;C;9;0;;2.44597;1.83917;0.14226;AZUL;1559;;0;2025;Questão 177 - Texto extraído da Prova Oficial.
83;CH;149796;E;26;0;;2.44219;0.5387;0.19879;AZUL;1520;;0;2025;Questão 83 - Texto extraído da Prova Oficial.
83;CH;149796;E;26;0;;2.44219;0.5387;0.19879;AZUL;1520;;0;2025;Questão 83 - Texto extraído da Prova Oficial.
83;CH;149796;E;26;0;;2.44219;0.5387;0.19879;AZUL;1520;;0;2025;Questão 83 - Texto extraído da Prova Oficial.
62;CH;141055;D;28;0;;2.44103;1.09655;0.12483;AZUL;1520;;0;2025;Questão 62 - Texto extraído da Prova Oficial.
62;CH;141055;D;28;0;;2.44103;1.09655;0.12483;AZUL;1520;;0;2025;Questão 62 - Texto extraído da Prova Oficial.
62;CH;141055;D;28;0;;2.44103;1.09655;0.12483;AZUL;1520;;0;2025;Questão 62 - Texto extraído da Prova Oficial.
15;LC;158737;B;10;0;;2.43058;-0.42803;0.20568;AZUL;1549;;0;2025;Questão 15 - Texto extraído da Prova Oficial.
15;LC;158737;B;10;0;;2.43058;-0.42803;0.20568;AZUL;1549;;0;2025;Questão 15 - Texto extraído da Prova Oficial.
15;LC;158737;B;10;0;;2.43058;-0.42803;0.20568;AZUL;1549;;0;2025;Questão 15 - Texto extraído da Prova Oficial.
120;CN;126525;C;23;0;;2.43049;1.45724;0.13974;AZUL;1511;;0;2025;Questão 120 - Texto extraído da Prova Oficial.
120;CN;126525;C;23;0;;2.43049;1.45724;0.13974;AZUL;1511;;0;2025;Questão 120 - Texto extraído da Prova Oficial.
120;CN;126525;C;23;0;;2.43049;1.45724;0.13974;AZUL;1511;;0;2025;Questão 120 - Texto extraído da Prova Oficial.
176;MT;66541;B;2;0;;2.42861;2.07299;0.21869;AZUL;1559;;0;2025;Questão 176 - Texto extraído da Prova Oficial.
176;MT;66541;B;2;0;;2.42861;2.07299;0.21869;AZUL;1559;;0;2025;Questão 176 - Texto extraído da Prova Oficial.
176;MT;66541;B;2;0;;2.42861;2.07299;0.21869;AZUL;1559;;0;2025;Questão 176 - Texto extraído da Prova Oficial.
154;MT;117847;B;5;0;;2.4282;1.10012;0.19131;AZUL;1502;;0;2025;Questão 154 - Texto extraído da Prova Oficial.
154;MT;117847;B;5;0;;2.4282;1.10012;0.19131;AZUL;1502;;0;2025;Questão 154 - Texto extraído da Prova Oficial.
154;MT;117847;B;5;0;;2.4282;1.10012;0.19131;AZUL;1502;;0;2025;Questão 154 - Texto extraído da Prova Oficial.
24;LC;78893;C;23;0;;2.42782;1.20485;0.15514;AZUL;1549;;0;2025;"
24
25
26
27
28
29
30
ENEM2025ENEM2025ENEM2025ENEM2025ENEM2025ENEM2025ENEM2025ENEM2025ENEM2025ENEM2025ENEM2025ENEM2025ENEM2025ENEN2025ENEM2025ENEM2025ENEM2025ENEM2025ENEM2025ENEM2025ENEM2025ENEM2025ENEM2025ENEM2025ENEM2025ENEM2025ENEM2025ENEM2025ENEM2025ENEM2025ENEM2025ENEM2025ENEM2025ENEM2025ENEM2025ENEM2025ENEM2025ENEM2025ENEM2025ENEM2025ENEM2025ENEM2025ENEM2025ENEM2025ENEM2025
LINGUAGENS, CÓDIGOS E SUAS TECNOLOGIAS E REDAÇÃO | 1º DIA | CADERNO 1 | AZUL 21
001100117755AAZZ..iinnddbb 2211 2233//0077//22002255 1122::3322::2255
--- PAG 22 ---
*010175AZ22*
ENEM2025ENEM2025ENEM2025ENEM2025ENEM2025ENEM2025ENEM2025ENEM2025ENEM2025ENEM2025ENEM2025ENEM2025ENEM2025ENEN2025ENEM2025ENEM2025ENEM2025ENEM2025ENEM2025ENEM2025ENEM2025ENEM2025ENEM2025ENEM2025ENEM2025ENEM2025ENEM2025ENEM2025ENEM2025ENEM2025ENEM2025ENEM2025ENEM2025ENEM2025ENEM2025ENEM2025ENEM2025ENEM2025ENEM2025ENEM2025ENEM2025ENEM2025ENEM2025ENEM2025ENEM2025
CIÊNCIAS HUMANAS E SUAS TECNOLOGIAS
Questões de 46 a 90
QUESTãO 46
Macedônia do Norte
Acordo entra em vigor e país muda oficialmente de nome
Entrou em vigor, em 2019, o acordo que determina a mudança de nome da Macedônia para Macedônia do Norte. A troca
põe fim — ao menos por e"
24;LC;78893;C;23;0;;2.42782;1.20485;0.15514;AZUL;1549;;0;2025;"
24
25
26
27
28
29
30
ENEM2025ENEM2025ENEM2025ENEM2025ENEM2025ENEM2025ENEM2025ENEM2025ENEM2025ENEM2025ENEM2025ENEM2025ENEM2025ENEN2025ENEM2025ENEM2025ENEM2025ENEM2025ENEM2025ENEM2025ENEM2025ENEM2025ENEM2025ENEM2025ENEM2025ENEM2025ENEM2025ENEM2025ENEM2025ENEM2025ENEM2025ENEM2025ENEM2025ENEM2025ENEM2025ENEM2025ENEM2025ENEM2025ENEM2025ENEM2025ENEM2025ENEM2025ENEM2025ENEM2025ENEM2025
LINGUAGENS, CÓDIGOS E SUAS TECNOLOGIAS E REDAÇÃO | 1º DIA | CADERNO 1 | AZUL 21
001100117755AAZZ..iinnddbb 2211 2233//0077//22002255 1122::3322::2255
--- PAG 22 ---
*010175AZ22*
ENEM2025ENEM2025ENEM2025ENEM2025ENEM2025ENEM2025ENEM2025ENEM2025ENEM2025ENEM2025ENEM2025ENEM2025ENEM2025ENEN2025ENEM2025ENEM2025ENEM2025ENEM2025ENEM2025ENEM2025ENEM2025ENEM2025ENEM2025ENEM2025ENEM2025ENEM2025ENEM2025ENEM2025ENEM2025ENEM2025ENEM2025ENEM2025ENEM2025ENEM2025ENEM2025ENEM2025ENEM2025ENEM2025ENEM2025ENEM2025ENEM2025ENEM2025ENEM2025ENEM2025ENEM2025
CIÊNCIAS HUMANAS E SUAS TECNOLOGIAS
Questões de 46 a 90
QUESTãO 46
Macedônia do Norte
Acordo entra em vigor e país muda oficialmente de nome
Entrou em vigor, em 2019, o acordo que determina a mudança de nome da Macedônia para Macedônia do Norte. A troca
põe fim — ao menos por e"
24;LC;78893;C;23;0;;2.42782;1.20485;0.15514;AZUL;1549;;0;2025;"
24
25
26
27
28
29
30
ENEM2025ENEM2025ENEM2025ENEM2025ENEM2025ENEM2025ENEM2025ENEM2025ENEM2025ENEM2025ENEM2025ENEM2025ENEM2025ENEN2025ENEM2025ENEM2025ENEM2025ENEM2025ENEM2025ENEM2025ENEM2025ENEM2025ENEM2025ENEM2025ENEM2025ENEM2025ENEM2025ENEM2025ENEM2025ENEM2025ENEM2025ENEM2025ENEM2025ENEM2025ENEM2025ENEM2025ENEM2025ENEM2025ENEM2025ENEM2025ENEM2025ENEM2025ENEM2025ENEM2025ENEM2025
LINGUAGENS, CÓDIGOS E SUAS TECNOLOGIAS E REDAÇÃO | 1º DIA | CADERNO 1 | AZUL 21
001100117755AAZZ..iinnddbb 2211 2233//0077//22002255 1122::3322::2255
--- PAG 22 ---
*010175AZ22*
ENEM2025ENEM2025ENEM2025ENEM2025ENEM2025ENEM2025ENEM2025ENEM2025ENEM2025ENEM2025ENEM2025ENEM2025ENEM2025ENEN2025ENEM2025ENEM2025ENEM2025ENEM2025ENEM2025ENEM2025ENEM2025ENEM2025ENEM2025ENEM2025ENEM2025ENEM2025ENEM2025ENEM2025ENEM2025ENEM2025ENEM2025ENEM2025ENEM2025ENEM2025ENEM2025ENEM2025ENEM2025ENEM2025ENEM2025ENEM2025ENEM2025ENEM2025ENEM2025ENEM2025ENEM2025
CIÊNCIAS HUMANAS E SUAS TECNOLOGIAS
Questões de 46 a 90
QUESTãO 46
Macedônia do Norte
Acordo entra em vigor e país muda oficialmente de nome
Entrou em vigor, em 2019, o acordo que determina a mudança de nome da Macedônia para Macedônia do Norte. A troca
põe fim — ao menos por e"
165;MT;125899;D;17;0;;2.4247;1.42856;0.22376;AZUL;1502;;0;2025;Questão 165 - Texto extraído da Prova Oficial.
165;MT;125899;D;17;0;;2.4247;1.42856;0.22376;AZUL;1502;;0;2025;Questão 165 - Texto extraído da Prova Oficial.
165;MT;125899;D;17;0;;2.4247;1.42856;0.22376;AZUL;1502;;0;2025;Questão 165 - Texto extraído da Prova Oficial.
77;CH;140421;D;20;0;;2.42157;0.59275;0.18939;AZUL;1520;;0;2025;Questão 77 - Texto extraído da Prova Oficial.
77;CH;140421;D;20;0;;2.42157;0.59275;0.18939;AZUL;1520;;0;2025;Questão 77 - Texto extraído da Prova Oficial.
77;CH;140421;D;20;0;;2.42157;0.59275;0.18939;AZUL;1520;;0;2025;Questão 77 - Texto extraído da Prova Oficial.
121;CN;85515;B;10;0;;2.42063;2.11502;0.13795;AZUL;1511;;0;2025;Questão 121 - Texto extraído da Prova Oficial.
121;CN;85515;B;10;0;;2.42063;2.11502;0.13795;AZUL;1511;;0;2025;Questão 121 - Texto extraído da Prova Oficial.
121;CN;85515;B;10;0;;2.42063;2.11502;0.13795;AZUL;1511;;0;2025;Questão 121 - Texto extraído da Prova Oficial.
129;CN;56297;D;5;0;;2.41606;2.52193;0.38876;AZUL;1569;;0;2025;Questão 129 - Texto extraído da Prova Oficial.
129;CN;56297;D;5;0;;2.41606;2.52193;0.38876;AZUL;1569;;0;2025;Questão 129 - Texto extraído da Prova Oficial.
129;CN;56297;D;5;0;;2.41606;2.52193;0.38876;AZUL;1569;;0;2025;Questão 129 - Texto extraído da Prova Oficial.
99;CN;86095;D;15;0;;2.40373;1.64542;0.18833;AZUL;1511;;0;2025;Questão 99 - Texto extraído da Prova Oficial.
99;CN;86095;D;15;0;;2.40373;1.64542;0.18833;AZUL;1511;;0;2025;Questão 99 - Texto extraído da Prova Oficial.
99;CN;86095;D;15;0;;2.40373;1.64542;0.18833;AZUL;1511;;0;2025;Questão 99 - Texto extraído da Prova Oficial.
79;CH;140474;A;10;0;;2.39735;0.28055;0.18535;AZUL;1520;;0;2025;Questão 79 - Texto extraído da Prova Oficial.
79;CH;140474;A;10;0;;2.39735;0.28055;0.18535;AZUL;1520;;0;2025;Questão 79 - Texto extraído da Prova Oficial.
79;CH;140474;A;10;0;;2.39735;0.28055;0.18535;AZUL;1520;;0;2025;Questão 79 - Texto extraído da Prova Oficial.
11;LC;150603;C;28;0;;2.39286;0.33545;0.18536;AZUL;1549;;0;2025;Questão 11 - Texto extraído da Prova Oficial.
11;LC;150603;C;28;0;;2.39286;0.33545;0.18536;AZUL;1549;;0;2025;Questão 11 - Texto extraído da Prova Oficial.
11;LC;150603;C;28;0;;2.39286;0.33545;0.18536;AZUL;1549;;0;2025;Questão 11 - Texto extraído da Prova Oficial.
172;MT;153131;B;21;0;;2.38705;2.00199;0.20223;AZUL;1559;;0;2025;Questão 172 - Texto extraído da Prova Oficial.
172;MT;153131;B;21;0;;2.38705;2.00199;0.20223;AZUL;1559;;0;2025;Questão 172 - Texto extraído da Prova Oficial.
172;MT;153131;B;21;0;;2.38705;2.00199;0.20223;AZUL;1559;;0;2025;Questão 172 - Texto extraído da Prova Oficial.
51;CH;140781;D;13;0;;2.38688;0.13793;0.19923;AZUL;1520;;0;2025;Questão 51 - Texto extraído da Prova Oficial.
51;CH;140781;D;13;0;;2.38688;0.13793;0.19923;AZUL;1520;;0;2025;Questão 51 - Texto extraído da Prova Oficial.
51;CH;140781;D;13;0;;2.38688;0.13793;0.19923;AZUL;1520;;0;2025;Questão 51 - Texto extraído da Prova Oficial.
135;CN;54079;A;16;0;;2.38507;0.27024;0.17444;AZUL;1569;;0;2025;Questão 135 - Texto extraído da Prova Oficial.
135;CN;54079;A;16;0;;2.38507;0.27024;0.17444;AZUL;1569;;0;2025;Questão 135 - Texto extraído da Prova Oficial.
135;CN;54079;A;16;0;;2.38507;0.27024;0.17444;AZUL;1569;;0;2025;Questão 135 - Texto extraído da Prova Oficial.
3;LC;154062;B;5;0;;2.35374;0.69979;0.17786;AZUL;1549;1.0;0;2025;"
3
4
5
6
7
8
O
9
H
10
N
11 O
U
12 ã
C
13 Ç
S
14 A A
15 R D
16 E
R
17
18 A
19 D
20
21
22
23
24
25
26
27
28
29
30
ENEM2025ENEM2025ENEM2025ENEM2025ENEM2025ENEM2025ENEM2025ENEM2025ENEM2025ENEM2025ENEM2025ENEM2025ENEM2025ENEN2025ENEM2025ENEM2025ENEM2025ENEM2025ENEM2025ENEM2025ENEM2025ENEM2025ENEM2025ENEM2025ENEM2025ENEM2025ENEM2025ENEM2025ENEM2025ENEM2025ENEM2025ENEM2025ENEM2025ENEM2025ENEM2025ENEM2025ENEM2025ENEM2025ENEM2025ENEM2025ENEM2025ENEM2025ENEM2025ENEM2025ENEM2025
LINGUAGENS, CÓDIGOS E SUAS TECNOLOGIAS E REDAÇÃO | 1º DIA | CADERNO 1 | AZUL 21
001100117755AAZZ..iinnddbb 2211 2233//0077//22002255 1122::3322::2255
--- PAG 22 ---
*010175AZ22*
ENEM2025ENEM2025ENEM2025ENEM2025ENEM2025ENEM2025ENEM2025ENEM2025ENEM2025ENEM2025ENEM2025ENEM2025ENEM2025ENEN2025ENEM2025ENEM2025ENEM2025ENEM2025ENEM2025ENEM2025ENEM2025ENEM2025ENEM2025ENEM2025ENEM2025ENEM2025ENEM2025ENEM2025ENEM2025ENEM2025ENEM2025ENEM2025ENEM2025ENEM2025ENEM2025ENEM2025ENEM2025ENEM2025ENEM2025ENEM2025ENEM2025ENEM2025ENEM2025ENEM2025ENEM2025
CIÊNCIAS HUMANAS E SUAS TECNOLOGIAS
Questões de 46 a 90
QUESTãO 46
Macedônia do Norte
Acordo entra em vigor e país muda oficialmente de nome
Entrou em vigor, em 2019, o acordo que determin"
3;LC;154062;B;5;0;;2.35374;0.69979;0.17786;AZUL;1549;1.0;0;2025;"
3
4
5
6
7
8
O
9
H
10
N
11 O
U
12 ã
C
13 Ç
S
14 A A
15 R D
16 E
R
17
18 A
19 D
20
21
22
23
24
25
26
27
28
29
30
ENEM2025ENEM2025ENEM2025ENEM2025ENEM2025ENEM2025ENEM2025ENEM2025ENEM2025ENEM2025ENEM2025ENEM2025ENEM2025ENEN2025ENEM2025ENEM2025ENEM2025ENEM2025ENEM2025ENEM2025ENEM2025ENEM2025ENEM2025ENEM2025ENEM2025ENEM2025ENEM2025ENEM2025ENEM2025ENEM2025ENEM2025ENEM2025ENEM2025ENEM2025ENEM2025ENEM2025ENEM2025ENEM2025ENEM2025ENEM2025ENEM2025ENEM2025ENEM2025ENEM2025ENEM2025
LINGUAGENS, CÓDIGOS E SUAS TECNOLOGIAS E REDAÇÃO | 1º DIA | CADERNO 1 | AZUL 21
001100117755AAZZ..iinnddbb 2211 2233//0077//22002255 1122::3322::2255
--- PAG 22 ---
*010175AZ22*
ENEM2025ENEM2025ENEM2025ENEM2025ENEM2025ENEM2025ENEM2025ENEM2025ENEM2025ENEM2025ENEM2025ENEM2025ENEM2025ENEN2025ENEM2025ENEM2025ENEM2025ENEM2025ENEM2025ENEM2025ENEM2025ENEM2025ENEM2025ENEM2025ENEM2025ENEM2025ENEM2025ENEM2025ENEM2025ENEM2025ENEM2025ENEM2025ENEM2025ENEM2025ENEM2025ENEM2025ENEM2025ENEM2025ENEM2025ENEM2025ENEM2025ENEM2025ENEM2025ENEM2025ENEM2025
CIÊNCIAS HUMANAS E SUAS TECNOLOGIAS
Questões de 46 a 90
QUESTãO 46
Macedônia do Norte
Acordo entra em vigor e país muda oficialmente de nome
Entrou em vigor, em 2019, o acordo que determin"
3;LC;154062;B;5;0;;2.35374;0.69979;0.17786;AZUL;1549;1.0;0;2025;"
3
4
5
6
7
8
O
9
H
10
N
11 O
U
12 ã
C
13 Ç
S
14 A A
15 R D
16 E
R
17
18 A
19 D
20
21
22
23
24
25
26
27
28
29
30
ENEM2025ENEM2025ENEM2025ENEM2025ENEM2025ENEM2025ENEM2025ENEM2025ENEM2025ENEM2025ENEM2025ENEM2025ENEM2025ENEN2025ENEM2025ENEM2025ENEM2025ENEM2025ENEM2025ENEM2025ENEM2025ENEM2025ENEM2025ENEM2025ENEM2025ENEM2025ENEM2025ENEM2025ENEM2025ENEM2025ENEM2025ENEM2025ENEM2025ENEM2025ENEM2025ENEM2025ENEM2025ENEM2025ENEM2025ENEM2025ENEM2025ENEM2025ENEM2025ENEM2025ENEM2025
LINGUAGENS, CÓDIGOS E SUAS TECNOLOGIAS E REDAÇÃO | 1º DIA | CADERNO 1 | AZUL 21
001100117755AAZZ..iinnddbb 2211 2233//0077//22002255 1122::3322::2255
--- PAG 22 ---
*010175AZ22*
ENEM2025ENEM2025ENEM2025ENEM2025ENEM2025ENEM2025ENEM2025ENEM2025ENEM2025ENEM2025ENEM2025ENEM2025ENEM2025ENEN2025ENEM2025ENEM2025ENEM2025ENEM2025ENEM2025ENEM2025ENEM2025ENEM2025ENEM2025ENEM2025ENEM2025ENEM2025ENEM2025ENEM2025ENEM2025ENEM2025ENEM2025ENEM2025ENEM2025ENEM2025ENEM2025ENEM2025ENEM2025ENEM2025ENEM2025ENEM2025ENEM2025ENEM2025ENEM2025ENEM2025ENEM2025
CIÊNCIAS HUMANAS E SUAS TECNOLOGIAS
Questões de 46 a 90
QUESTãO 46
Macedônia do Norte
Acordo entra em vigor e país muda oficialmente de nome
Entrou em vigor, em 2019, o acordo que determin"
80;CH;118094;B;5;0;;2.35263;0.45853;0.20236;AZUL;1539;;0;2025;Questão 80 - Texto extraído da Prova Oficial.
80;CH;118094;B;5;0;;2.35263;0.45853;0.20236;AZUL;1539;;0;2025;Questão 80 - Texto extraído da Prova Oficial.
80;CH;118094;B;5;0;;2.35263;0.45853;0.20236;AZUL;1539;;0;2025;Questão 80 - Texto extraído da Prova Oficial.
145;MT;85033;D;24;0;;2.34377;2.31616;0.15906;AZUL;1502;;0;2025;Questão 145 - Texto extraído da Prova Oficial.
145;MT;85033;D;24;0;;2.34377;2.31616;0.15906;AZUL;1502;;0;2025;Questão 145 - Texto extraído da Prova Oficial.
145;MT;85033;D;24;0;;2.34377;2.31616;0.15906;AZUL;1502;;0;2025;Questão 145 - Texto extraído da Prova Oficial.
178;MT;117805;E;19;0;;2.33563;2.12257;0.08522;AZUL;1559;;0;2025;Questão 178 - Texto extraído da Prova Oficial.
178;MT;117805;E;19;0;;2.33563;2.12257;0.08522;AZUL;1559;;0;2025;Questão 178 - Texto extraído da Prova Oficial.
178;MT;117805;E;19;0;;2.33563;2.12257;0.08522;AZUL;1559;;0;2025;Questão 178 - Texto extraído da Prova Oficial.
124;CN;111598;A;7;0;;2.33551;1.92601;0.11314;AZUL;1569;;0;2025;Questão 124 - Texto extraído da Prova Oficial.
124;CN;111598;A;7;0;;2.33551;1.92601;0.11314;AZUL;1569;;0;2025;Questão 124 - Texto extraído da Prova Oficial.
124;CN;111598;A;7;0;;2.33551;1.92601;0.11314;AZUL;1569;;0;2025;Questão 124 - Texto extraído da Prova Oficial.
55;CH;140220;C;3;0;;2.32774;0.6304;0.19813;AZUL;1520;;0;2025;Questão 55 - Texto extraído da Prova Oficial.
55;CH;140220;C;3;0;;2.32774;0.6304;0.19813;AZUL;1520;;0;2025;Questão 55 - Texto extraído da Prova Oficial.
55;CH;140220;C;3;0;;2.32774;0.6304;0.19813;AZUL;1520;;0;2025;Questão 55 - Texto extraído da Prova Oficial.
180;MT;49060;B;16;0;;2.32767;2.68774;0.17038;AZUL;1559;;0;2025;Questão 180 - Texto extraído da Prova Oficial.
180;MT;49060;B;16;0;;2.32767;2.68774;0.17038;AZUL;1559;;0;2025;Questão 180 - Texto extraído da Prova Oficial.
180;MT;49060;B;16;0;;2.32767;2.68774;0.17038;AZUL;1559;;0;2025;Questão 180 - Texto extraído da Prova Oficial.
89;CH;140490;C;19;0;;2.3244;0.81035;0.15821;AZUL;1539;;0;2025;Questão 89 - Texto extraído da Prova Oficial.
89;CH;140490;C;19;0;;2.3244;0.81035;0.15821;AZUL;1539;;0;2025;Questão 89 - Texto extraído da Prova Oficial.
89;CH;140490;C;19;0;;2.3244;0.81035;0.15821;AZUL;1539;;0;2025;Questão 89 - Texto extraído da Prova Oficial.
60;CH;125919;E;21;0;;2.32406;0.54178;0.19257;AZUL;1520;;0;2025;Questão 60 - Texto extraído da Prova Oficial.
60;CH;125919;E;21;0;;2.32406;0.54178;0.19257;AZUL;1520;;0;2025;Questão 60 - Texto extraído da Prova Oficial.
60;CH;125919;E;21;0;;2.32406;0.54178;0.19257;AZUL;1520;;0;2025;Questão 60 - Texto extraído da Prova Oficial.
105;CN;141636;B;2;0;;2.31148;1.7751;0.08911;AZUL;1511;;0;2025;Questão 105 - Texto extraído da Prova Oficial.
105;CN;141636;B;2;0;;2.31148;1.7751;0.08911;AZUL;1511;;0;2025;Questão 105 - Texto extraído da Prova Oficial.
105;CN;141636;B;2;0;;2.31148;1.7751;0.08911;AZUL;1511;;0;2025;Questão 105 - Texto extraído da Prova Oficial.
12;LC;157640;D;4;0;;2.30136;0.16679;0.19682;AZUL;1549;;0;2025;Questão 12 - Texto extraído da Prova Oficial.
12;LC;157640;D;4;0;;2.30136;0.16679;0.19682;AZUL;1549;;0;2025;Questão 12 - Texto extraído da Prova Oficial.
12;LC;157640;D;4;0;;2.30136;0.16679;0.19682;AZUL;1549;;0;2025;Questão 12 - Texto extraído da Prova Oficial.
175;MT;111436;C;23;0;;2.29843;2.56007;0.24837;AZUL;1559;;0;2025;Questão 175 - Texto extraído da Prova Oficial.
175;MT;111436;C;23;0;;2.29843;2.56007;0.24837;AZUL;1559;;0;2025;Questão 175 - Texto extraído da Prova Oficial.
175;MT;111436;C;23;0;;2.29843;2.56007;0.24837;AZUL;1559;;0;2025;Questão 175 - Texto extraído da Prova Oficial.
95;CN;87166;C;16;0;;2.29232;-0.11735;0.16688;AZUL;1511;;0;2025;Questão 95 - Texto extraído da Prova Oficial.
95;CN;87166;C;16;0;;2.29232;-0.11735;0.16688;AZUL;1511;;0;2025;Questão 95 - Texto extraído da Prova Oficial.
95;CN;87166;C;16;0;;2.29232;-0.11735;0.16688;AZUL;1511;;0;2025;Questão 95 - Texto extraído da Prova Oficial.
51;CH;140561;C;27;0;;2.27915;0.42081;0.18911;AZUL;1539;;0;2025;Questão 51 - Texto extraído da Prova Oficial.
51;CH;140561;C;27;0;;2.27915;0.42081;0.18911;AZUL;1539;;0;2025;Questão 51 - Texto extraído da Prova Oficial.
51;CH;140561;C;27;0;;2.27915;0.42081;0.18911;AZUL;1539;;0;2025;Questão 51 - Texto extraído da Prova Oficial.
68;CH;140529;A;15;0;;2.27805;2.48233;0.27638;AZUL;1539;;0;2025;Questão 68 - Texto extraído da Prova Oficial.
68;CH;140529;A;15;0;;2.27805;2.48233;0.27638;AZUL;1539;;0;2025;Questão 68 - Texto extraído da Prova Oficial.
68;CH;140529;A;15;0;;2.27805;2.48233;0.27638;AZUL;1539;;0;2025;Questão 68 - Texto extraído da Prova Oficial.
145;MT;97068;B;30;0;;2.27684;1.72593;0.27892;AZUL;1559;;0;2025;Questão 145 - Texto extraído da Prova Oficial.
145;MT;97068;B;30;0;;2.27684;1.72593;0.27892;AZUL;1559;;0;2025;Questão 145 - Texto extraído da Prova Oficial.
145;MT;97068;B;30;0;;2.27684;1.72593;0.27892;AZUL;1559;;0;2025;Questão 145 - Texto extraído da Prova Oficial.
116;CN;96196;D;8;0;;2.26492;2.17565;0.19797;AZUL;1511;;0;2025;Questão 116 - Texto extraído da Prova Oficial.
116;CN;96196;D;8;0;;2.26492;2.17565;0.19797;AZUL;1511;;0;2025;Questão 116 - Texto extraído da Prova Oficial.
116;CN;96196;D;8;0;;2.26492;2.17565;0.19797;AZUL;1511;;0;2025;Questão 116 - Texto extraído da Prova Oficial.
39;LC;167570;B;22;0;;2.25603;0.43147;0.1244;AZUL;1549;;0;2025;Questão 39 - Texto extraído da Prova Oficial.
39;LC;167570;B;22;0;;2.25603;0.43147;0.1244;AZUL;1549;;0;2025;Questão 39 - Texto extraído da Prova Oficial.
39;LC;167570;B;22;0;;2.25603;0.43147;0.1244;AZUL;1549;;0;2025;Questão 39 - Texto extraído da Prova Oficial.
93;CN;26621;A;30;0;;2.25053;-0.28084;0.20082;AZUL;1569;;0;2025;Questão 93 - Texto extraído da Prova Oficial.
93;CN;26621;A;30;0;;2.25053;-0.28084;0.20082;AZUL;1569;;0;2025;Questão 93 - Texto extraído da Prova Oficial.
93;CN;26621;A;30;0;;2.25053;-0.28084;0.20082;AZUL;1569;;0;2025;Questão 93 - Texto extraído da Prova Oficial.
15;LC;157662;A;29;0;;2.24924;0.72298;0.23806;AZUL;1529;;0;2025;Questão 15 - Texto extraído da Prova Oficial.
15;LC;157662;A;29;0;;2.24924;0.72298;0.23806;AZUL;1529;;0;2025;Questão 15 - Texto extraído da Prova Oficial.
15;LC;157662;A;29;0;;2.24924;0.72298;0.23806;AZUL;1529;;0;2025;Questão 15 - Texto extraído da Prova Oficial.
16;LC;150765;D;15;0;;2.24843;1.48389;0.15052;AZUL;1549;;0;2025;Questão 16 - Texto extraído da Prova Oficial.
16;LC;150765;D;15;0;;2.24843;1.48389;0.15052;AZUL;1549;;0;2025;Questão 16 - Texto extraído da Prova Oficial.
16;LC;150765;D;15;0;;2.24843;1.48389;0.15052;AZUL;1549;;0;2025;Questão 16 - Texto extraído da Prova Oficial.
147;MT;43100;C;23;0;;2.23716;2.44618;0.15055;AZUL;1559;;0;2025;Questão 147 - Texto extraído da Prova Oficial.
147;MT;43100;C;23;0;;2.23716;2.44618;0.15055;AZUL;1559;;0;2025;Questão 147 - Texto extraído da Prova Oficial.
147;MT;43100;C;23;0;;2.23716;2.44618;0.15055;AZUL;1559;;0;2025;Questão 147 - Texto extraído da Prova Oficial.
12;LC;158749;D;9;0;;2.23671;0.25646;0.19801;AZUL;1529;;0;2025;Questão 12 - Texto extraído da Prova Oficial.
12;LC;158749;D;9;0;;2.23671;0.25646;0.19801;AZUL;1529;;0;2025;Questão 12 - Texto extraído da Prova Oficial.
12;LC;158749;D;9;0;;2.23671;0.25646;0.19801;AZUL;1529;;0;2025;Questão 12 - Texto extraído da Prova Oficial.
58;CH;118053;E;29;0;;2.2254;0.81002;0.16827;AZUL;1539;;0;2025;Questão 58 - Texto extraído da Prova Oficial.
58;CH;118053;E;29;0;;2.2254;0.81002;0.16827;AZUL;1539;;0;2025;Questão 58 - Texto extraído da Prova Oficial.
58;CH;118053;E;29;0;;2.2254;0.81002;0.16827;AZUL;1539;;0;2025;Questão 58 - Texto extraído da Prova Oficial.
144;MT;125943;D;18;0;;2.21084;2.33117;0.18302;AZUL;1559;;0;2025;Questão 144 - Texto extraído da Prova Oficial.
144;MT;125943;D;18;0;;2.21084;2.33117;0.18302;AZUL;1559;;0;2025;Questão 144 - Texto extraído da Prova Oficial.
144;MT;125943;D;18;0;;2.21084;2.33117;0.18302;AZUL;1559;;0;2025;Questão 144 - Texto extraído da Prova Oficial.
104;CN;126579;D;18;0;;2.21052;1.21566;0.23748;AZUL;1569;;0;2025;Questão 104 - Texto extraído da Prova Oficial.
104;CN;126579;D;18;0;;2.21052;1.21566;0.23748;AZUL;1569;;0;2025;Questão 104 - Texto extraído da Prova Oficial.
104;CN;126579;D;18;0;;2.21052;1.21566;0.23748;AZUL;1569;;0;2025;Questão 104 - Texto extraído da Prova Oficial.
48;CH;149790;C;12;0;;2.20718;0.63764;0.16593;AZUL;1539;;0;2025;Questão 48 - Texto extraído da Prova Oficial.
48;CH;149790;C;12;0;;2.20718;0.63764;0.16593;AZUL;1539;;0;2025;Questão 48 - Texto extraído da Prova Oficial.
48;CH;149790;C;12;0;;2.20718;0.63764;0.16593;AZUL;1539;;0;2025;Questão 48 - Texto extraído da Prova Oficial.
18;LC;158649;A;21;0;;2.2042;1.34155;0.27694;AZUL;1529;;0;2025;"Questão 18 Questão 20
Com 20 anos de experiência no futebol de alto rendimento, A característica fundamental no aprendizado das práticas
Marina, ex-jogadora da seleção brasileira de futebol, salienta que, rituais nos candomblés é o processo iniciático e participante.
por trás do espetáculo apresentado nas mídias, com mensagens de Durante o período de reclusão em terreiros ou rocas, o iniciado
motivação e superação, o esporte não é tão inclusivo assim. “É esta
passa por uma série de ritos esotéricos (banhos rituais, raspagem
análise que devemos fazer: aqueles atletas que estão ali estão
da cabeça etc.), ao mesmo tempo em que começa a adquirir
trazendo uma alta performance a partir dos seus limites”, explica.
um complexo código de símbolos materiais (substâncias, folhas,
Para a profissional, é preciso analisar com cautela “a ideia romântica
frutos, raízes etc.) e de gestos associados a um repertório
que a mídia passa para os telespectadores”. A realidade é muito
linguístico específico das cerimônias que se desenrolam nos
mais dura do que as imagens espetaculosas que principalmente
contextos sagrados em geral e em cada terreiro em particular.
a televisão busca transmitir para a audiên"
18;LC;158649;A;21;0;;2.2042;1.34155;0.27694;AZUL;1529;;0;2025;"Questão 18 Questão 20
Com 20 anos de experiência no futebol de alto rendimento, A característica fundamental no aprendizado das práticas
Marina, ex-jogadora da seleção brasileira de futebol, salienta que, rituais nos candomblés é o processo iniciático e participante.
por trás do espetáculo apresentado nas mídias, com mensagens de Durante o período de reclusão em terreiros ou rocas, o iniciado
motivação e superação, o esporte não é tão inclusivo assim. “É esta
passa por uma série de ritos esotéricos (banhos rituais, raspagem
análise que devemos fazer: aqueles atletas que estão ali estão
da cabeça etc.), ao mesmo tempo em que começa a adquirir
trazendo uma alta performance a partir dos seus limites”, explica.
um complexo código de símbolos materiais (substâncias, folhas,
Para a profissional, é preciso analisar com cautela “a ideia romântica
frutos, raízes etc.) e de gestos associados a um repertório
que a mídia passa para os telespectadores”. A realidade é muito
linguístico específico das cerimônias que se desenrolam nos
mais dura do que as imagens espetaculosas que principalmente
contextos sagrados em geral e em cada terreiro em particular.
a televisão busca transmitir para a audiên"
18;LC;158649;A;21;0;;2.2042;1.34155;0.27694;AZUL;1529;;0;2025;"Questão 18 Questão 20
Com 20 anos de experiência no futebol de alto rendimento, A característica fundamental no aprendizado das práticas
Marina, ex-jogadora da seleção brasileira de futebol, salienta que, rituais nos candomblés é o processo iniciático e participante.
por trás do espetáculo apresentado nas mídias, com mensagens de Durante o período de reclusão em terreiros ou rocas, o iniciado
motivação e superação, o esporte não é tão inclusivo assim. “É esta
passa por uma série de ritos esotéricos (banhos rituais, raspagem
análise que devemos fazer: aqueles atletas que estão ali estão
da cabeça etc.), ao mesmo tempo em que começa a adquirir
trazendo uma alta performance a partir dos seus limites”, explica.
um complexo código de símbolos materiais (substâncias, folhas,
Para a profissional, é preciso analisar com cautela “a ideia romântica
frutos, raízes etc.) e de gestos associados a um repertório
que a mídia passa para os telespectadores”. A realidade é muito
linguístico específico das cerimônias que se desenrolam nos
mais dura do que as imagens espetaculosas que principalmente
contextos sagrados em geral e em cada terreiro em particular.
a televisão busca transmitir para a audiên"
91;CN;54607;B;14;0;;2.18659;0.29119;0.16861;AZUL;1569;;0;2025;Questão 91 - Texto extraído da Prova Oficial.
91;CN;54607;B;14;0;;2.18659;0.29119;0.16861;AZUL;1569;;0;2025;Questão 91 - Texto extraído da Prova Oficial.
91;CN;54607;B;14;0;;2.18659;0.29119;0.16861;AZUL;1569;;0;2025;Questão 91 - Texto extraído da Prova Oficial.
65;CH;149802;B;11;0;;2.18343;1.42129;0.16823;AZUL;1539;;0;2025;Questão 65 - Texto extraído da Prova Oficial.
65;CH;149802;B;11;0;;2.18343;1.42129;0.16823;AZUL;1539;;0;2025;Questão 65 - Texto extraído da Prova Oficial.
65;CH;149802;B;11;0;;2.18343;1.42129;0.16823;AZUL;1539;;0;2025;Questão 65 - Texto extraído da Prova Oficial.
19;LC;158673;B;27;0;;2.17683;1.54838;0.12139;AZUL;1529;;0;2025;"Questão 19
fui bom de matemática fraco no inglês eu que nunca gostei de
No predomínio das mulheres pretas brasileiras nos Jogos
química geografia e português o que é que eu faço agora hein
Olímpicos de 2024, uma coisa chamou a atenção no pódio: elas
mãe não sei. [...]
valorizam a parte psicológica. As duas medalhistas de ouro, a
O meu medo é a vida piorar e eu não conseguir arranjar
judoca Beatriz Souza e a ginasta Rebeca Andrade, ressaltam, em
emprego nem de faxineiro nem de porteiro nem de ajudante
várias entrevistas, a importância da saúde mental. Em uma dessas
de pedreiro e o pessoal dizer que o governo já fez o que pôde
entrevistas, Rebeca sinaliza: “Acho que não é só sobre vencer a
já pôde o que fez já deu a sua cota de participação hein mãe
Simone, é sobre vencer a mim mesma. A minha briga está na
não sei.
minha cabeça, não está com outras pessoas. Para conseguir fazer
as minhas apresentações, preciso controlar a minha cabeça, o meu O meu medo é que mesmo com diploma debaixo do braço
corpo, e essa é a briga”. Na mesma linha, a skatista Rayssa Leal andando por aí desiludido e desempregado o policial me olhe
exalta a necessidade da terapia, e a Seleção Brasileira de Futebol de"
19;LC;158673;B;27;0;;2.17683;1.54838;0.12139;AZUL;1529;;0;2025;"Questão 19
fui bom de matemática fraco no inglês eu que nunca gostei de
No predomínio das mulheres pretas brasileiras nos Jogos
química geografia e português o que é que eu faço agora hein
Olímpicos de 2024, uma coisa chamou a atenção no pódio: elas
mãe não sei. [...]
valorizam a parte psicológica. As duas medalhistas de ouro, a
O meu medo é a vida piorar e eu não conseguir arranjar
judoca Beatriz Souza e a ginasta Rebeca Andrade, ressaltam, em
emprego nem de faxineiro nem de porteiro nem de ajudante
várias entrevistas, a importância da saúde mental. Em uma dessas
de pedreiro e o pessoal dizer que o governo já fez o que pôde
entrevistas, Rebeca sinaliza: “Acho que não é só sobre vencer a
já pôde o que fez já deu a sua cota de participação hein mãe
Simone, é sobre vencer a mim mesma. A minha briga está na
não sei.
minha cabeça, não está com outras pessoas. Para conseguir fazer
as minhas apresentações, preciso controlar a minha cabeça, o meu O meu medo é que mesmo com diploma debaixo do braço
corpo, e essa é a briga”. Na mesma linha, a skatista Rayssa Leal andando por aí desiludido e desempregado o policial me olhe
exalta a necessidade da terapia, e a Seleção Brasileira de Futebol de"
19;LC;158673;B;27;0;;2.17683;1.54838;0.12139;AZUL;1529;;0;2025;"Questão 19
fui bom de matemática fraco no inglês eu que nunca gostei de
No predomínio das mulheres pretas brasileiras nos Jogos
química geografia e português o que é que eu faço agora hein
Olímpicos de 2024, uma coisa chamou a atenção no pódio: elas
mãe não sei. [...]
valorizam a parte psicológica. As duas medalhistas de ouro, a
O meu medo é a vida piorar e eu não conseguir arranjar
judoca Beatriz Souza e a ginasta Rebeca Andrade, ressaltam, em
emprego nem de faxineiro nem de porteiro nem de ajudante
várias entrevistas, a importância da saúde mental. Em uma dessas
de pedreiro e o pessoal dizer que o governo já fez o que pôde
entrevistas, Rebeca sinaliza: “Acho que não é só sobre vencer a
já pôde o que fez já deu a sua cota de participação hein mãe
Simone, é sobre vencer a mim mesma. A minha briga está na
não sei.
minha cabeça, não está com outras pessoas. Para conseguir fazer
as minhas apresentações, preciso controlar a minha cabeça, o meu O meu medo é que mesmo com diploma debaixo do braço
corpo, e essa é a briga”. Na mesma linha, a skatista Rayssa Leal andando por aí desiludido e desempregado o policial me olhe
exalta a necessidade da terapia, e a Seleção Brasileira de Futebol de"
27;LC;140895;C;20;0;;2.17621;0.22323;0.19364;AZUL;1549;;0;2025;"
27
28
29
30
ENEM2025ENEM2025ENEM2025ENEM2025ENEM2025ENEM2025ENEM2025ENEM2025ENEM2025ENEM2025ENEM2025ENEM2025ENEM2025ENEN2025ENEM2025ENEM2025ENEM2025ENEM2025ENEM2025ENEM2025ENEM2025ENEM2025ENEM2025ENEM2025ENEM2025ENEM2025ENEM2025ENEM2025ENEM2025ENEM2025ENEM2025ENEM2025ENEM2025ENEM2025ENEM2025ENEM2025ENEM2025ENEM2025ENEM2025ENEM2025ENEM2025ENEM2025ENEM2025ENEM2025ENEM2025
LINGUAGENS, CÓDIGOS E SUAS TECNOLOGIAS E REDAÇÃO | 1º DIA | CADERNO 1 | AZUL 21
001100117755AAZZ..iinnddbb 2211 2233//0077//22002255 1122::3322::2255
--- PAG 22 ---
*010175AZ22*
ENEM2025ENEM2025ENEM2025ENEM2025ENEM2025ENEM2025ENEM2025ENEM2025ENEM2025ENEM2025ENEM2025ENEM2025ENEM2025ENEN2025ENEM2025ENEM2025ENEM2025ENEM2025ENEM2025ENEM2025ENEM2025ENEM2025ENEM2025ENEM2025ENEM2025ENEM2025ENEM2025ENEM2025ENEM2025ENEM2025ENEM2025ENEM2025ENEM2025ENEM2025ENEM2025ENEM2025ENEM2025ENEM2025ENEM2025ENEM2025ENEM2025ENEM2025ENEM2025ENEM2025ENEM2025
CIÊNCIAS HUMANAS E SUAS TECNOLOGIAS
Questões de 46 a 90
QUESTãO 46
Macedônia do Norte
Acordo entra em vigor e país muda oficialmente de nome
Entrou em vigor, em 2019, o acordo que determina a mudança de nome da Macedônia para Macedônia do Norte. A troca
põe fim — ao menos por enquanto —"
27;LC;140895;C;20;0;;2.17621;0.22323;0.19364;AZUL;1549;;0;2025;"
27
28
29
30
ENEM2025ENEM2025ENEM2025ENEM2025ENEM2025ENEM2025ENEM2025ENEM2025ENEM2025ENEM2025ENEM2025ENEM2025ENEM2025ENEN2025ENEM2025ENEM2025ENEM2025ENEM2025ENEM2025ENEM2025ENEM2025ENEM2025ENEM2025ENEM2025ENEM2025ENEM2025ENEM2025ENEM2025ENEM2025ENEM2025ENEM2025ENEM2025ENEM2025ENEM2025ENEM2025ENEM2025ENEM2025ENEM2025ENEM2025ENEM2025ENEM2025ENEM2025ENEM2025ENEM2025ENEM2025
LINGUAGENS, CÓDIGOS E SUAS TECNOLOGIAS E REDAÇÃO | 1º DIA | CADERNO 1 | AZUL 21
001100117755AAZZ..iinnddbb 2211 2233//0077//22002255 1122::3322::2255
--- PAG 22 ---
*010175AZ22*
ENEM2025ENEM2025ENEM2025ENEM2025ENEM2025ENEM2025ENEM2025ENEM2025ENEM2025ENEM2025ENEM2025ENEM2025ENEM2025ENEN2025ENEM2025ENEM2025ENEM2025ENEM2025ENEM2025ENEM2025ENEM2025ENEM2025ENEM2025ENEM2025ENEM2025ENEM2025ENEM2025ENEM2025ENEM2025ENEM2025ENEM2025ENEM2025ENEM2025ENEM2025ENEM2025ENEM2025ENEM2025ENEM2025ENEM2025ENEM2025ENEM2025ENEM2025ENEM2025ENEM2025ENEM2025
CIÊNCIAS HUMANAS E SUAS TECNOLOGIAS
Questões de 46 a 90
QUESTãO 46
Macedônia do Norte
Acordo entra em vigor e país muda oficialmente de nome
Entrou em vigor, em 2019, o acordo que determina a mudança de nome da Macedônia para Macedônia do Norte. A troca
põe fim — ao menos por enquanto —"
27;LC;140895;C;20;0;;2.17621;0.22323;0.19364;AZUL;1549;;0;2025;"
27
28
29
30
ENEM2025ENEM2025ENEM2025ENEM2025ENEM2025ENEM2025ENEM2025ENEM2025ENEM2025ENEM2025ENEM2025ENEM2025ENEM2025ENEN2025ENEM2025ENEM2025ENEM2025ENEM2025ENEM2025ENEM2025ENEM2025ENEM2025ENEM2025ENEM2025ENEM2025ENEM2025ENEM2025ENEM2025ENEM2025ENEM2025ENEM2025ENEM2025ENEM2025ENEM2025ENEM2025ENEM2025ENEM2025ENEM2025ENEM2025ENEM2025ENEM2025ENEM2025ENEM2025ENEM2025ENEM2025
LINGUAGENS, CÓDIGOS E SUAS TECNOLOGIAS E REDAÇÃO | 1º DIA | CADERNO 1 | AZUL 21
001100117755AAZZ..iinnddbb 2211 2233//0077//22002255 1122::3322::2255
--- PAG 22 ---
*010175AZ22*
ENEM2025ENEM2025ENEM2025ENEM2025ENEM2025ENEM2025ENEM2025ENEM2025ENEM2025ENEM2025ENEM2025ENEM2025ENEM2025ENEN2025ENEM2025ENEM2025ENEM2025ENEM2025ENEM2025ENEM2025ENEM2025ENEM2025ENEM2025ENEM2025ENEM2025ENEM2025ENEM2025ENEM2025ENEM2025ENEM2025ENEM2025ENEM2025ENEM2025ENEM2025ENEM2025ENEM2025ENEM2025ENEM2025ENEM2025ENEM2025ENEM2025ENEM2025ENEM2025ENEM2025ENEM2025
CIÊNCIAS HUMANAS E SUAS TECNOLOGIAS
Questões de 46 a 90
QUESTãO 46
Macedônia do Norte
Acordo entra em vigor e país muda oficialmente de nome
Entrou em vigor, em 2019, o acordo que determina a mudança de nome da Macedônia para Macedônia do Norte. A troca
põe fim — ao menos por enquanto —"
160;MT;111645;D;27;0;;2.16638;1.7559;0.15245;AZUL;1559;;0;2025;Questão 160 - Texto extraído da Prova Oficial.
160;MT;111645;D;27;0;;2.16638;1.7559;0.15245;AZUL;1559;;0;2025;Questão 160 - Texto extraído da Prova Oficial.
160;MT;111645;D;27;0;;2.16638;1.7559;0.15245;AZUL;1559;;0;2025;Questão 160 - Texto extraído da Prova Oficial.
86;CH;140530;A;15;0;;2.16185;0.85227;0.16748;AZUL;1520;;0;2025;Questão 86 - Texto extraído da Prova Oficial.
86;CH;140530;A;15;0;;2.16185;0.85227;0.16748;AZUL;1520;;0;2025;Questão 86 - Texto extraído da Prova Oficial.
86;CH;140530;A;15;0;;2.16185;0.85227;0.16748;AZUL;1520;;0;2025;Questão 86 - Texto extraído da Prova Oficial.
179;MT;126016;D;25;0;;2.15064;1.6875;0.12237;AZUL;1502;;0;2025;Questão 179 - Texto extraído da Prova Oficial.
179;MT;126016;D;25;0;;2.15064;1.6875;0.12237;AZUL;1502;;0;2025;Questão 179 - Texto extraído da Prova Oficial.
179;MT;126016;D;25;0;;2.15064;1.6875;0.12237;AZUL;1502;;0;2025;Questão 179 - Texto extraído da Prova Oficial.
85;CH;149812;D;19;0;;2.14888;1.69593;0.08819;AZUL;1520;;0;2025;Questão 85 - Texto extraído da Prova Oficial.
85;CH;149812;D;19;0;;2.14888;1.69593;0.08819;AZUL;1520;;0;2025;Questão 85 - Texto extraído da Prova Oficial.
85;CH;149812;D;19;0;;2.14888;1.69593;0.08819;AZUL;1520;;0;2025;Questão 85 - Texto extraído da Prova Oficial.
154;MT;85332;D;12;0;;2.14543;1.85146;0.0898;AZUL;1559;;0;2025;Questão 154 - Texto extraído da Prova Oficial.
154;MT;85332;D;12;0;;2.14543;1.85146;0.0898;AZUL;1559;;0;2025;Questão 154 - Texto extraído da Prova Oficial.
154;MT;85332;D;12;0;;2.14543;1.85146;0.0898;AZUL;1559;;0;2025;Questão 154 - Texto extraído da Prova Oficial.
129;CN;117763;E;1;0;;2.14362;0.43194;0.2594;AZUL;1511;;0;2025;Questão 129 - Texto extraído da Prova Oficial.
129;CN;117763;E;1;0;;2.14362;0.43194;0.2594;AZUL;1511;;0;2025;Questão 129 - Texto extraído da Prova Oficial.
129;CN;117763;E;1;0;;2.14362;0.43194;0.2594;AZUL;1511;;0;2025;Questão 129 - Texto extraído da Prova Oficial.
14;LC;157623;D;29;0;;2.13757;1.04447;0.2424;AZUL;1549;;0;2025;Questão 14 - Texto extraído da Prova Oficial.
14;LC;157623;D;29;0;;2.13757;1.04447;0.2424;AZUL;1549;;0;2025;Questão 14 - Texto extraído da Prova Oficial.
14;LC;157623;D;29;0;;2.13757;1.04447;0.2424;AZUL;1549;;0;2025;Questão 14 - Texto extraído da Prova Oficial.
117;CN;88356;B;25;0;;2.11901;2.31425;0.28648;AZUL;1569;;0;2025;Questão 117 - Texto extraído da Prova Oficial.
117;CN;88356;B;25;0;;2.11901;2.31425;0.28648;AZUL;1569;;0;2025;Questão 117 - Texto extraído da Prova Oficial.
117;CN;88356;B;25;0;;2.11901;2.31425;0.28648;AZUL;1569;;0;2025;Questão 117 - Texto extraído da Prova Oficial.
82;CH;140817;E;19;0;;2.11613;1.69477;0.15902;AZUL;1520;;0;2025;Questão 82 - Texto extraído da Prova Oficial.
82;CH;140817;E;19;0;;2.11613;1.69477;0.15902;AZUL;1520;;0;2025;Questão 82 - Texto extraído da Prova Oficial.
82;CH;140817;E;19;0;;2.11613;1.69477;0.15902;AZUL;1520;;0;2025;Questão 82 - Texto extraído da Prova Oficial.
74;CH;49029;C;24;0;;2.10682;0.40733;0.19245;AZUL;1520;;0;2025;Questão 74 - Texto extraído da Prova Oficial.
74;CH;49029;C;24;0;;2.10682;0.40733;0.19245;AZUL;1520;;0;2025;Questão 74 - Texto extraído da Prova Oficial.
74;CH;49029;C;24;0;;2.10682;0.40733;0.19245;AZUL;1520;;0;2025;Questão 74 - Texto extraído da Prova Oficial.
47;CH;141138;E;10;0;;2.10483;0.42318;0.20241;AZUL;1539;;0;2025;Questão 47 - Texto extraído da Prova Oficial.
47;CH;141138;E;10;0;;2.10483;0.42318;0.20241;AZUL;1539;;0;2025;Questão 47 - Texto extraído da Prova Oficial.
47;CH;141138;E;10;0;;2.10483;0.42318;0.20241;AZUL;1539;;0;2025;Questão 47 - Texto extraído da Prova Oficial.
127;CN;54287;B;17;0;;2.08931;1.37846;0.17188;AZUL;1511;;0;2025;Questão 127 - Texto extraído da Prova Oficial.
127;CN;54287;B;17;0;;2.08931;1.37846;0.17188;AZUL;1511;;0;2025;Questão 127 - Texto extraído da Prova Oficial.
127;CN;54287;B;17;0;;2.08931;1.37846;0.17188;AZUL;1511;;0;2025;Questão 127 - Texto extraído da Prova Oficial.
163;MT;141613;D;17;0;;2.0885;1.78851;0.12818;AZUL;1559;;0;2025;Questão 163 - Texto extraído da Prova Oficial.
163;MT;141613;D;17;0;;2.0885;1.78851;0.12818;AZUL;1559;;0;2025;Questão 163 - Texto extraído da Prova Oficial.
163;MT;141613;D;17;0;;2.0885;1.78851;0.12818;AZUL;1559;;0;2025;Questão 163 - Texto extraído da Prova Oficial.
52;CH;141077;E;16;0;;2.0863;1.09423;0.21271;AZUL;1520;;0;2025;Questão 52 - Texto extraído da Prova Oficial.
52;CH;141077;E;16;0;;2.0863;1.09423;0.21271;AZUL;1520;;0;2025;Questão 52 - Texto extraído da Prova Oficial.
52;CH;141077;E;16;0;;2.0863;1.09423;0.21271;AZUL;1520;;0;2025;Questão 52 - Texto extraído da Prova Oficial.
7;LC;157633;A;1;0;;2.08361;0.4973;0.23545;AZUL;1549;;0;2025;"
7
8
O
9
H
10
N
11 O
U
12 ã
C
13 Ç
S
14 A A
15 R D
16 E
R
17
18 A
19 D
20
21
22
23
24
25
26
27
28
29
30
ENEM2025ENEM2025ENEM2025ENEM2025ENEM2025ENEM2025ENEM2025ENEM2025ENEM2025ENEM2025ENEM2025ENEM2025ENEM2025ENEN2025ENEM2025ENEM2025ENEM2025ENEM2025ENEM2025ENEM2025ENEM2025ENEM2025ENEM2025ENEM2025ENEM2025ENEM2025ENEM2025ENEM2025ENEM2025ENEM2025ENEM2025ENEM2025ENEM2025ENEM2025ENEM2025ENEM2025ENEM2025ENEM2025ENEM2025ENEM2025ENEM2025ENEM2025ENEM2025ENEM2025ENEM2025
LINGUAGENS, CÓDIGOS E SUAS TECNOLOGIAS E REDAÇÃO | 1º DIA | CADERNO 1 | AZUL 21
001100117755AAZZ..iinnddbb 2211 2233//0077//22002255 1122::3322::2255
--- PAG 22 ---
*010175AZ22*
ENEM2025ENEM2025ENEM2025ENEM2025ENEM2025ENEM2025ENEM2025ENEM2025ENEM2025ENEM2025ENEM2025ENEM2025ENEM2025ENEN2025ENEM2025ENEM2025ENEM2025ENEM2025ENEM2025ENEM2025ENEM2025ENEM2025ENEM2025ENEM2025ENEM2025ENEM2025ENEM2025ENEM2025ENEM2025ENEM2025ENEM2025ENEM2025ENEM2025ENEM2025ENEM2025ENEM2025ENEM2025ENEM2025ENEM2025ENEM2025ENEM2025ENEM2025ENEM2025ENEM2025ENEM2025
CIÊNCIAS HUMANAS E SUAS TECNOLOGIAS
Questões de 46 a 90
QUESTãO 46
Macedônia do Norte
Acordo entra em vigor e país muda oficialmente de nome
Entrou em vigor, em 2019, o acordo que determina a muda"
7;LC;157633;A;1;0;;2.08361;0.4973;0.23545;AZUL;1549;;0;2025;"
7
8
O
9
H
10
N
11 O
U
12 ã
C
13 Ç
S
14 A A
15 R D
16 E
R
17
18 A
19 D
20
21
22
23
24
25
26
27
28
29
30
ENEM2025ENEM2025ENEM2025ENEM2025ENEM2025ENEM2025ENEM2025ENEM2025ENEM2025ENEM2025ENEM2025ENEM2025ENEM2025ENEN2025ENEM2025ENEM2025ENEM2025ENEM2025ENEM2025ENEM2025ENEM2025ENEM2025ENEM2025ENEM2025ENEM2025ENEM2025ENEM2025ENEM2025ENEM2025ENEM2025ENEM2025ENEM2025ENEM2025ENEM2025ENEM2025ENEM2025ENEM2025ENEM2025ENEM2025ENEM2025ENEM2025ENEM2025ENEM2025ENEM2025ENEM2025
LINGUAGENS, CÓDIGOS E SUAS TECNOLOGIAS E REDAÇÃO | 1º DIA | CADERNO 1 | AZUL 21
001100117755AAZZ..iinnddbb 2211 2233//0077//22002255 1122::3322::2255
--- PAG 22 ---
*010175AZ22*
ENEM2025ENEM2025ENEM2025ENEM2025ENEM2025ENEM2025ENEM2025ENEM2025ENEM2025ENEM2025ENEM2025ENEM2025ENEM2025ENEN2025ENEM2025ENEM2025ENEM2025ENEM2025ENEM2025ENEM2025ENEM2025ENEM2025ENEM2025ENEM2025ENEM2025ENEM2025ENEM2025ENEM2025ENEM2025ENEM2025ENEM2025ENEM2025ENEM2025ENEM2025ENEM2025ENEM2025ENEM2025ENEM2025ENEM2025ENEM2025ENEM2025ENEM2025ENEM2025ENEM2025ENEM2025
CIÊNCIAS HUMANAS E SUAS TECNOLOGIAS
Questões de 46 a 90
QUESTãO 46
Macedônia do Norte
Acordo entra em vigor e país muda oficialmente de nome
Entrou em vigor, em 2019, o acordo que determina a muda"
7;LC;157633;A;1;0;;2.08361;0.4973;0.23545;AZUL;1549;;0;2025;"
7
8
O
9
H
10
N
11 O
U
12 ã
C
13 Ç
S
14 A A
15 R D
16 E
R
17
18 A
19 D
20
21
22
23
24
25
26
27
28
29
30
ENEM2025ENEM2025ENEM2025ENEM2025ENEM2025ENEM2025ENEM2025ENEM2025ENEM2025ENEM2025ENEM2025ENEM2025ENEM2025ENEN2025ENEM2025ENEM2025ENEM2025ENEM2025ENEM2025ENEM2025ENEM2025ENEM2025ENEM2025ENEM2025ENEM2025ENEM2025ENEM2025ENEM2025ENEM2025ENEM2025ENEM2025ENEM2025ENEM2025ENEM2025ENEM2025ENEM2025ENEM2025ENEM2025ENEM2025ENEM2025ENEM2025ENEM2025ENEM2025ENEM2025ENEM2025
LINGUAGENS, CÓDIGOS E SUAS TECNOLOGIAS E REDAÇÃO | 1º DIA | CADERNO 1 | AZUL 21
001100117755AAZZ..iinnddbb 2211 2233//0077//22002255 1122::3322::2255
--- PAG 22 ---
*010175AZ22*
ENEM2025ENEM2025ENEM2025ENEM2025ENEM2025ENEM2025ENEM2025ENEM2025ENEM2025ENEM2025ENEM2025ENEM2025ENEM2025ENEN2025ENEM2025ENEM2025ENEM2025ENEM2025ENEM2025ENEM2025ENEM2025ENEM2025ENEM2025ENEM2025ENEM2025ENEM2025ENEM2025ENEM2025ENEM2025ENEM2025ENEM2025ENEM2025ENEM2025ENEM2025ENEM2025ENEM2025ENEM2025ENEM2025ENEM2025ENEM2025ENEM2025ENEM2025ENEM2025ENEM2025ENEM2025
CIÊNCIAS HUMANAS E SUAS TECNOLOGIAS
Questões de 46 a 90
QUESTãO 46
Macedônia do Norte
Acordo entra em vigor e país muda oficialmente de nome
Entrou em vigor, em 2019, o acordo que determina a muda"
70;CH;140820;E;17;0;;2.08145;0.94059;0.06462;AZUL;1539;;0;2025;Questão 70 - Texto extraído da Prova Oficial.
70;CH;140820;E;17;0;;2.08145;0.94059;0.06462;AZUL;1539;;0;2025;Questão 70 - Texto extraído da Prova Oficial.
70;CH;140820;E;17;0;;2.08145;0.94059;0.06462;AZUL;1539;;0;2025;Questão 70 - Texto extraído da Prova Oficial.
47;CH;81812;B;23;0;;2.0773;2.73683;0.14422;AZUL;1520;;0;2025;Questão 47 - Texto extraído da Prova Oficial.
47;CH;81812;B;23;0;;2.0773;2.73683;0.14422;AZUL;1520;;0;2025;Questão 47 - Texto extraído da Prova Oficial.
47;CH;81812;B;23;0;;2.0773;2.73683;0.14422;AZUL;1520;;0;2025;Questão 47 - Texto extraído da Prova Oficial.
16;LC;150673;B;3;0;;2.07505;0.6297;0.17925;AZUL;1529;;0;2025;Questão 16 - Texto extraído da Prova Oficial.
16;LC;150673;B;3;0;;2.07505;0.6297;0.17925;AZUL;1529;;0;2025;Questão 16 - Texto extraído da Prova Oficial.
16;LC;150673;B;3;0;;2.07505;0.6297;0.17925;AZUL;1529;;0;2025;Questão 16 - Texto extraído da Prova Oficial.
149;MT;77490;B;9;0;;2.06648;1.60967;0.16207;AZUL;1559;;0;2025;Questão 149 - Texto extraído da Prova Oficial.
149;MT;77490;B;9;0;;2.06648;1.60967;0.16207;AZUL;1559;;0;2025;Questão 149 - Texto extraído da Prova Oficial.
149;MT;77490;B;9;0;;2.06648;1.60967;0.16207;AZUL;1559;;0;2025;Questão 149 - Texto extraído da Prova Oficial.
108;CN;97184;C;18;0;;2.05842;1.56415;0.2516;AZUL;1511;;0;2025;Questão 108 - Texto extraído da Prova Oficial.
108;CN;97184;C;18;0;;2.05842;1.56415;0.2516;AZUL;1511;;0;2025;Questão 108 - Texto extraído da Prova Oficial.
108;CN;97184;C;18;0;;2.05842;1.56415;0.2516;AZUL;1511;;0;2025;Questão 108 - Texto extraído da Prova Oficial.
23;LC;153402;D;16;0;;2.05564;1.9778;0.19679;AZUL;1529;;0;2025;"
23
24
25
26
27
28
29
30
ENEM2025ENEM2025ENEM2025ENEM2025ENEM2025ENEM2025ENEM2025ENEM2025ENEM2025ENEM2025ENEM2025ENEM2025ENEM2025ENEN2025ENEM2025ENEM2025ENEM2025ENEM2025ENEM2025ENEM2025ENEM2025ENEM2025ENEM2025ENEM2025ENEM2025ENEM2025ENEM2025ENEM2025ENEM2025ENEM2025ENEM2025ENEM2025ENEM2025ENEM2025ENEM2025ENEM2025ENEM2025ENEM2025ENEM2025ENEM2025ENEM2025ENEM2025ENEM2025ENEM2025ENEM2025
LINGUAGENS, CÓDIGOS E SUAS TECNOLOGIAS E REDAÇÃO | 1º DIA | CADERNO 1 | AZUL 21
001100117755AAZZ..iinnddbb 2211 2233//0077//22002255 1122::3322::2255
--- PAG 22 ---
*010175AZ22*
ENEM2025ENEM2025ENEM2025ENEM2025ENEM2025ENEM2025ENEM2025ENEM2025ENEM2025ENEM2025ENEM2025ENEM2025ENEM2025ENEN2025ENEM2025ENEM2025ENEM2025ENEM2025ENEM2025ENEM2025ENEM2025ENEM2025ENEM2025ENEM2025ENEM2025ENEM2025ENEM2025ENEM2025ENEM2025ENEM2025ENEM2025ENEM2025ENEM2025ENEM2025ENEM2025ENEM2025ENEM2025ENEM2025ENEM2025ENEM2025ENEM2025ENEM2025ENEM2025ENEM2025ENEM2025
CIÊNCIAS HUMANAS E SUAS TECNOLOGIAS
Questões de 46 a 90
QUESTãO 46
Macedônia do Norte
Acordo entra em vigor e país muda oficialmente de nome
Entrou em vigor, em 2019, o acordo que determina a mudança de nome da Macedônia para Macedônia do Norte. A troca
põe fim — ao menos po"
23;LC;153402;D;16;0;;2.05564;1.9778;0.19679;AZUL;1529;;0;2025;"
23
24
25
26
27
28
29
30
ENEM2025ENEM2025ENEM2025ENEM2025ENEM2025ENEM2025ENEM2025ENEM2025ENEM2025ENEM2025ENEM2025ENEM2025ENEM2025ENEN2025ENEM2025ENEM2025ENEM2025ENEM2025ENEM2025ENEM2025ENEM2025ENEM2025ENEM2025ENEM2025ENEM2025ENEM2025ENEM2025ENEM2025ENEM2025ENEM2025ENEM2025ENEM2025ENEM2025ENEM2025ENEM2025ENEM2025ENEM2025ENEM2025ENEM2025ENEM2025ENEM2025ENEM2025ENEM2025ENEM2025ENEM2025
LINGUAGENS, CÓDIGOS E SUAS TECNOLOGIAS E REDAÇÃO | 1º DIA | CADERNO 1 | AZUL 21
001100117755AAZZ..iinnddbb 2211 2233//0077//22002255 1122::3322::2255
--- PAG 22 ---
*010175AZ22*
ENEM2025ENEM2025ENEM2025ENEM2025ENEM2025ENEM2025ENEM2025ENEM2025ENEM2025ENEM2025ENEM2025ENEM2025ENEM2025ENEN2025ENEM2025ENEM2025ENEM2025ENEM2025ENEM2025ENEM2025ENEM2025ENEM2025ENEM2025ENEM2025ENEM2025ENEM2025ENEM2025ENEM2025ENEM2025ENEM2025ENEM2025ENEM2025ENEM2025ENEM2025ENEM2025ENEM2025ENEM2025ENEM2025ENEM2025ENEM2025ENEM2025ENEM2025ENEM2025ENEM2025ENEM2025
CIÊNCIAS HUMANAS E SUAS TECNOLOGIAS
Questões de 46 a 90
QUESTãO 46
Macedônia do Norte
Acordo entra em vigor e país muda oficialmente de nome
Entrou em vigor, em 2019, o acordo que determina a mudança de nome da Macedônia para Macedônia do Norte. A troca
põe fim — ao menos po"
23;LC;153402;D;16;0;;2.05564;1.9778;0.19679;AZUL;1529;;0;2025;"
23
24
25
26
27
28
29
30
ENEM2025ENEM2025ENEM2025ENEM2025ENEM2025ENEM2025ENEM2025ENEM2025ENEM2025ENEM2025ENEM2025ENEM2025ENEM2025ENEN2025ENEM2025ENEM2025ENEM2025ENEM2025ENEM2025ENEM2025ENEM2025ENEM2025ENEM2025ENEM2025ENEM2025ENEM2025ENEM2025ENEM2025ENEM2025ENEM2025ENEM2025ENEM2025ENEM2025ENEM2025ENEM2025ENEM2025ENEM2025ENEM2025ENEM2025ENEM2025ENEM2025ENEM2025ENEM2025ENEM2025ENEM2025
LINGUAGENS, CÓDIGOS E SUAS TECNOLOGIAS E REDAÇÃO | 1º DIA | CADERNO 1 | AZUL 21
001100117755AAZZ..iinnddbb 2211 2233//0077//22002255 1122::3322::2255
--- PAG 22 ---
*010175AZ22*
ENEM2025ENEM2025ENEM2025ENEM2025ENEM2025ENEM2025ENEM2025ENEM2025ENEM2025ENEM2025ENEM2025ENEM2025ENEM2025ENEN2025ENEM2025ENEM2025ENEM2025ENEM2025ENEM2025ENEM2025ENEM2025ENEM2025ENEM2025ENEM2025ENEM2025ENEM2025ENEM2025ENEM2025ENEM2025ENEM2025ENEM2025ENEM2025ENEM2025ENEM2025ENEM2025ENEM2025ENEM2025ENEM2025ENEM2025ENEM2025ENEM2025ENEM2025ENEM2025ENEM2025ENEM2025
CIÊNCIAS HUMANAS E SUAS TECNOLOGIAS
Questões de 46 a 90
QUESTãO 46
Macedônia do Norte
Acordo entra em vigor e país muda oficialmente de nome
Entrou em vigor, em 2019, o acordo que determina a mudança de nome da Macedônia para Macedônia do Norte. A troca
põe fim — ao menos po"
128;CN;82369;C;7;0;;2.05433;0.66026;0.25688;AZUL;1511;;0;2025;Questão 128 - Texto extraído da Prova Oficial.
128;CN;82369;C;7;0;;2.05433;0.66026;0.25688;AZUL;1511;;0;2025;Questão 128 - Texto extraído da Prova Oficial.
128;CN;82369;C;7;0;;2.05433;0.66026;0.25688;AZUL;1511;;0;2025;Questão 128 - Texto extraído da Prova Oficial.
175;MT;117744;C;23;0;;2.05256;2.48594;0.15684;AZUL;1502;;0;2025;Questão 175 - Texto extraído da Prova Oficial.
175;MT;117744;C;23;0;;2.05256;2.48594;0.15684;AZUL;1502;;0;2025;Questão 175 - Texto extraído da Prova Oficial.
175;MT;117744;C;23;0;;2.05256;2.48594;0.15684;AZUL;1502;;0;2025;Questão 175 - Texto extraído da Prova Oficial.
37;LC;150800;E;24;0;;2.04614;0.44731;0.16661;AZUL;1529;;0;2025;Questão 37 - Texto extraído da Prova Oficial.
37;LC;150800;E;24;0;;2.04614;0.44731;0.16661;AZUL;1529;;0;2025;Questão 37 - Texto extraído da Prova Oficial.
37;LC;150800;E;24;0;;2.04614;0.44731;0.16661;AZUL;1529;;0;2025;Questão 37 - Texto extraído da Prova Oficial.
77;CH;140492;B;28;0;;2.0329;0.21941;0.21782;AZUL;1539;;0;2025;Questão 77 - Texto extraído da Prova Oficial.
77;CH;140492;B;28;0;;2.0329;0.21941;0.21782;AZUL;1539;;0;2025;Questão 77 - Texto extraído da Prova Oficial.
77;CH;140492;B;28;0;;2.0329;0.21941;0.21782;AZUL;1539;;0;2025;Questão 77 - Texto extraído da Prova Oficial.
96;CN;97044;B;18;0;;2.03154;0.25915;0.23602;AZUL;1569;;0;2025;Questão 96 - Texto extraído da Prova Oficial.
96;CN;97044;B;18;0;;2.03154;0.25915;0.23602;AZUL;1569;;0;2025;Questão 96 - Texto extraído da Prova Oficial.
96;CN;97044;B;18;0;;2.03154;0.25915;0.23602;AZUL;1569;;0;2025;Questão 96 - Texto extraído da Prova Oficial.
44;LC;157606;A;12;0;;2.03058;1.47579;0.18629;AZUL;1529;;0;2025;Questão 44 - Texto extraído da Prova Oficial.
44;LC;157606;A;12;0;;2.03058;1.47579;0.18629;AZUL;1529;;0;2025;Questão 44 - Texto extraído da Prova Oficial.
44;LC;157606;A;12;0;;2.03058;1.47579;0.18629;AZUL;1529;;0;2025;Questão 44 - Texto extraído da Prova Oficial.
89;CH;141309;E;14;0;;2.02794;0.35951;0.20225;AZUL;1520;;0;2025;Questão 89 - Texto extraído da Prova Oficial.
89;CH;141309;E;14;0;;2.02794;0.35951;0.20225;AZUL;1520;;0;2025;Questão 89 - Texto extraído da Prova Oficial.
89;CH;141309;E;14;0;;2.02794;0.35951;0.20225;AZUL;1520;;0;2025;Questão 89 - Texto extraído da Prova Oficial.
168;MT;125971;C;24;0;;2.02621;1.88306;0.21506;AZUL;1559;;0;2025;Questão 168 - Texto extraído da Prova Oficial.
168;MT;125971;C;24;0;;2.02621;1.88306;0.21506;AZUL;1559;;0;2025;Questão 168 - Texto extraído da Prova Oficial.
168;MT;125971;C;24;0;;2.02621;1.88306;0.21506;AZUL;1559;;0;2025;Questão 168 - Texto extraído da Prova Oficial.
71;CH;141042;A;3;0;;2.02579;-0.34303;0.18238;AZUL;1539;;0;2025;Questão 71 - Texto extraído da Prova Oficial.
71;CH;141042;A;3;0;;2.02579;-0.34303;0.18238;AZUL;1539;;0;2025;Questão 71 - Texto extraído da Prova Oficial.
71;CH;141042;A;3;0;;2.02579;-0.34303;0.18238;AZUL;1539;;0;2025;Questão 71 - Texto extraído da Prova Oficial.
152;MT;117632;A;15;0;;2.01743;1.21562;0.14629;AZUL;1502;;0;2025;Questão 152 - Texto extraído da Prova Oficial.
152;MT;117632;A;15;0;;2.01743;1.21562;0.14629;AZUL;1502;;0;2025;Questão 152 - Texto extraído da Prova Oficial.
152;MT;117632;A;15;0;;2.01743;1.21562;0.14629;AZUL;1502;;0;2025;Questão 152 - Texto extraído da Prova Oficial.
33;LC;150644;D;18;0;;2.01493;1.31958;0.19177;AZUL;1529;;0;2025;Questão 33 - Texto extraído da Prova Oficial.
33;LC;150644;D;18;0;;2.01493;1.31958;0.19177;AZUL;1529;;0;2025;Questão 33 - Texto extraído da Prova Oficial.
33;LC;150644;D;18;0;;2.01493;1.31958;0.19177;AZUL;1529;;0;2025;Questão 33 - Texto extraído da Prova Oficial.
26;LC;157600;A;9;0;;2.01183;-0.26127;0.19642;AZUL;1529;;0;2025;"
26
27
28
29
30
ENEM2025ENEM2025ENEM2025ENEM2025ENEM2025ENEM2025ENEM2025ENEM2025ENEM2025ENEM2025ENEM2025ENEM2025ENEM2025ENEN2025ENEM2025ENEM2025ENEM2025ENEM2025ENEM2025ENEM2025ENEM2025ENEM2025ENEM2025ENEM2025ENEM2025ENEM2025ENEM2025ENEM2025ENEM2025ENEM2025ENEM2025ENEM2025ENEM2025ENEM2025ENEM2025ENEM2025ENEM2025ENEM2025ENEM2025ENEM2025ENEM2025ENEM2025ENEM2025ENEM2025ENEM2025
LINGUAGENS, CÓDIGOS E SUAS TECNOLOGIAS E REDAÇÃO | 1º DIA | CADERNO 1 | AZUL 21
001100117755AAZZ..iinnddbb 2211 2233//0077//22002255 1122::3322::2255
--- PAG 22 ---
*010175AZ22*
ENEM2025ENEM2025ENEM2025ENEM2025ENEM2025ENEM2025ENEM2025ENEM2025ENEM2025ENEM2025ENEM2025ENEM2025ENEM2025ENEN2025ENEM2025ENEM2025ENEM2025ENEM2025ENEM2025ENEM2025ENEM2025ENEM2025ENEM2025ENEM2025ENEM2025ENEM2025ENEM2025ENEM2025ENEM2025ENEM2025ENEM2025ENEM2025ENEM2025ENEM2025ENEM2025ENEM2025ENEM2025ENEM2025ENEM2025ENEM2025ENEM2025ENEM2025ENEM2025ENEM2025ENEM2025
CIÊNCIAS HUMANAS E SUAS TECNOLOGIAS
Questões de 46 a 90
QUESTãO 46
Macedônia do Norte
Acordo entra em vigor e país muda oficialmente de nome
Entrou em vigor, em 2019, o acordo que determina a mudança de nome da Macedônia para Macedônia do Norte. A troca
põe fim — ao menos por enquant"
26;LC;157600;A;9;0;;2.01183;-0.26127;0.19642;AZUL;1529;;0;2025;"
26
27
28
29
30
ENEM2025ENEM2025ENEM2025ENEM2025ENEM2025ENEM2025ENEM2025ENEM2025ENEM2025ENEM2025ENEM2025ENEM2025ENEM2025ENEN2025ENEM2025ENEM2025ENEM2025ENEM2025ENEM2025ENEM2025ENEM2025ENEM2025ENEM2025ENEM2025ENEM2025ENEM2025ENEM2025ENEM2025ENEM2025ENEM2025ENEM2025ENEM2025ENEM2025ENEM2025ENEM2025ENEM2025ENEM2025ENEM2025ENEM2025ENEM2025ENEM2025ENEM2025ENEM2025ENEM2025ENEM2025
LINGUAGENS, CÓDIGOS E SUAS TECNOLOGIAS E REDAÇÃO | 1º DIA | CADERNO 1 | AZUL 21
001100117755AAZZ..iinnddbb 2211 2233//0077//22002255 1122::3322::2255
--- PAG 22 ---
*010175AZ22*
ENEM2025ENEM2025ENEM2025ENEM2025ENEM2025ENEM2025ENEM2025ENEM2025ENEM2025ENEM2025ENEM2025ENEM2025ENEM2025ENEN2025ENEM2025ENEM2025ENEM2025ENEM2025ENEM2025ENEM2025ENEM2025ENEM2025ENEM2025ENEM2025ENEM2025ENEM2025ENEM2025ENEM2025ENEM2025ENEM2025ENEM2025ENEM2025ENEM2025ENEM2025ENEM2025ENEM2025ENEM2025ENEM2025ENEM2025ENEM2025ENEM2025ENEM2025ENEM2025ENEM2025ENEM2025
CIÊNCIAS HUMANAS E SUAS TECNOLOGIAS
Questões de 46 a 90
QUESTãO 46
Macedônia do Norte
Acordo entra em vigor e país muda oficialmente de nome
Entrou em vigor, em 2019, o acordo que determina a mudança de nome da Macedônia para Macedônia do Norte. A troca
põe fim — ao menos por enquant"
26;LC;157600;A;9;0;;2.01183;-0.26127;0.19642;AZUL;1529;;0;2025;"
26
27
28
29
30
ENEM2025ENEM2025ENEM2025ENEM2025ENEM2025ENEM2025ENEM2025ENEM2025ENEM2025ENEM2025ENEM2025ENEM2025ENEM2025ENEN2025ENEM2025ENEM2025ENEM2025ENEM2025ENEM2025ENEM2025ENEM2025ENEM2025ENEM2025ENEM2025ENEM2025ENEM2025ENEM2025ENEM2025ENEM2025ENEM2025ENEM2025ENEM2025ENEM2025ENEM2025ENEM2025ENEM2025ENEM2025ENEM2025ENEM2025ENEM2025ENEM2025ENEM2025ENEM2025ENEM2025ENEM2025
LINGUAGENS, CÓDIGOS E SUAS TECNOLOGIAS E REDAÇÃO | 1º DIA | CADERNO 1 | AZUL 21
001100117755AAZZ..iinnddbb 2211 2233//0077//22002255 1122::3322::2255
--- PAG 22 ---
*010175AZ22*
ENEM2025ENEM2025ENEM2025ENEM2025ENEM2025ENEM2025ENEM2025ENEM2025ENEM2025ENEM2025ENEM2025ENEM2025ENEM2025ENEN2025ENEM2025ENEM2025ENEM2025ENEM2025ENEM2025ENEM2025ENEM2025ENEM2025ENEM2025ENEM2025ENEM2025ENEM2025ENEM2025ENEM2025ENEM2025ENEM2025ENEM2025ENEM2025ENEM2025ENEM2025ENEM2025ENEM2025ENEM2025ENEM2025ENEM2025ENEM2025ENEM2025ENEM2025ENEM2025ENEM2025ENEM2025
CIÊNCIAS HUMANAS E SUAS TECNOLOGIAS
Questões de 46 a 90
QUESTãO 46
Macedônia do Norte
Acordo entra em vigor e país muda oficialmente de nome
Entrou em vigor, em 2019, o acordo que determina a mudança de nome da Macedônia para Macedônia do Norte. A troca
põe fim — ao menos por enquant"
25;LC;157669;C;16;0;;2.00882;2.05203;0.2293;AZUL;1549;;0;2025;"
25
26
27
28
29
30
ENEM2025ENEM2025ENEM2025ENEM2025ENEM2025ENEM2025ENEM2025ENEM2025ENEM2025ENEM2025ENEM2025ENEM2025ENEM2025ENEN2025ENEM2025ENEM2025ENEM2025ENEM2025ENEM2025ENEM2025ENEM2025ENEM2025ENEM2025ENEM2025ENEM2025ENEM2025ENEM2025ENEM2025ENEM2025ENEM2025ENEM2025ENEM2025ENEM2025ENEM2025ENEM2025ENEM2025ENEM2025ENEM2025ENEM2025ENEM2025ENEM2025ENEM2025ENEM2025ENEM2025ENEM2025
LINGUAGENS, CÓDIGOS E SUAS TECNOLOGIAS E REDAÇÃO | 1º DIA | CADERNO 1 | AZUL 21
001100117755AAZZ..iinnddbb 2211 2233//0077//22002255 1122::3322::2255
--- PAG 22 ---
*010175AZ22*
ENEM2025ENEM2025ENEM2025ENEM2025ENEM2025ENEM2025ENEM2025ENEM2025ENEM2025ENEM2025ENEM2025ENEM2025ENEM2025ENEN2025ENEM2025ENEM2025ENEM2025ENEM2025ENEM2025ENEM2025ENEM2025ENEM2025ENEM2025ENEM2025ENEM2025ENEM2025ENEM2025ENEM2025ENEM2025ENEM2025ENEM2025ENEM2025ENEM2025ENEM2025ENEM2025ENEM2025ENEM2025ENEM2025ENEM2025ENEM2025ENEM2025ENEM2025ENEM2025ENEM2025ENEM2025
CIÊNCIAS HUMANAS E SUAS TECNOLOGIAS
Questões de 46 a 90
QUESTãO 46
Macedônia do Norte
Acordo entra em vigor e país muda oficialmente de nome
Entrou em vigor, em 2019, o acordo que determina a mudança de nome da Macedônia para Macedônia do Norte. A troca
põe fim — ao menos por enqu"
25;LC;157669;C;16;0;;2.00882;2.05203;0.2293;AZUL;1549;;0;2025;"
25
26
27
28
29
30
ENEM2025ENEM2025ENEM2025ENEM2025ENEM2025ENEM2025ENEM2025ENEM2025ENEM2025ENEM2025ENEM2025ENEM2025ENEM2025ENEN2025ENEM2025ENEM2025ENEM2025ENEM2025ENEM2025ENEM2025ENEM2025ENEM2025ENEM2025ENEM2025ENEM2025ENEM2025ENEM2025ENEM2025ENEM2025ENEM2025ENEM2025ENEM2025ENEM2025ENEM2025ENEM2025ENEM2025ENEM2025ENEM2025ENEM2025ENEM2025ENEM2025ENEM2025ENEM2025ENEM2025ENEM2025
LINGUAGENS, CÓDIGOS E SUAS TECNOLOGIAS E REDAÇÃO | 1º DIA | CADERNO 1 | AZUL 21
001100117755AAZZ..iinnddbb 2211 2233//0077//22002255 1122::3322::2255
--- PAG 22 ---
*010175AZ22*
ENEM2025ENEM2025ENEM2025ENEM2025ENEM2025ENEM2025ENEM2025ENEM2025ENEM2025ENEM2025ENEM2025ENEM2025ENEM2025ENEN2025ENEM2025ENEM2025ENEM2025ENEM2025ENEM2025ENEM2025ENEM2025ENEM2025ENEM2025ENEM2025ENEM2025ENEM2025ENEM2025ENEM2025ENEM2025ENEM2025ENEM2025ENEM2025ENEM2025ENEM2025ENEM2025ENEM2025ENEM2025ENEM2025ENEM2025ENEM2025ENEM2025ENEM2025ENEM2025ENEM2025ENEM2025
CIÊNCIAS HUMANAS E SUAS TECNOLOGIAS
Questões de 46 a 90
QUESTãO 46
Macedônia do Norte
Acordo entra em vigor e país muda oficialmente de nome
Entrou em vigor, em 2019, o acordo que determina a mudança de nome da Macedônia para Macedônia do Norte. A troca
põe fim — ao menos por enqu"
25;LC;157669;C;16;0;;2.00882;2.05203;0.2293;AZUL;1549;;0;2025;"
25
26
27
28
29
30
ENEM2025ENEM2025ENEM2025ENEM2025ENEM2025ENEM2025ENEM2025ENEM2025ENEM2025ENEM2025ENEM2025ENEM2025ENEM2025ENEN2025ENEM2025ENEM2025ENEM2025ENEM2025ENEM2025ENEM2025ENEM2025ENEM2025ENEM2025ENEM2025ENEM2025ENEM2025ENEM2025ENEM2025ENEM2025ENEM2025ENEM2025ENEM2025ENEM2025ENEM2025ENEM2025ENEM2025ENEM2025ENEM2025ENEM2025ENEM2025ENEM2025ENEM2025ENEM2025ENEM2025ENEM2025
LINGUAGENS, CÓDIGOS E SUAS TECNOLOGIAS E REDAÇÃO | 1º DIA | CADERNO 1 | AZUL 21
001100117755AAZZ..iinnddbb 2211 2233//0077//22002255 1122::3322::2255
--- PAG 22 ---
*010175AZ22*
ENEM2025ENEM2025ENEM2025ENEM2025ENEM2025ENEM2025ENEM2025ENEM2025ENEM2025ENEM2025ENEM2025ENEM2025ENEM2025ENEN2025ENEM2025ENEM2025ENEM2025ENEM2025ENEM2025ENEM2025ENEM2025ENEM2025ENEM2025ENEM2025ENEM2025ENEM2025ENEM2025ENEM2025ENEM2025ENEM2025ENEM2025ENEM2025ENEM2025ENEM2025ENEM2025ENEM2025ENEM2025ENEM2025ENEM2025ENEM2025ENEM2025ENEM2025ENEM2025ENEM2025ENEM2025
CIÊNCIAS HUMANAS E SUAS TECNOLOGIAS
Questões de 46 a 90
QUESTãO 46
Macedônia do Norte
Acordo entra em vigor e país muda oficialmente de nome
Entrou em vigor, em 2019, o acordo que determina a mudança de nome da Macedônia para Macedônia do Norte. A troca
põe fim — ao menos por enqu"
155;MT;117597;B;26;0;;1.99541;1.43752;0.1224;AZUL;1559;;0;2025;Questão 155 - Texto extraído da Prova Oficial.
155;MT;117597;B;26;0;;1.99541;1.43752;0.1224;AZUL;1559;;0;2025;Questão 155 - Texto extraído da Prova Oficial.
155;MT;117597;B;26;0;;1.99541;1.43752;0.1224;AZUL;1559;;0;2025;Questão 155 - Texto extraído da Prova Oficial.
32;LC;153391;D;17;0;;1.9953;1.2286;0.1694;AZUL;1529;;0;2025;Questão 32 - Texto extraído da Prova Oficial.
32;LC;153391;D;17;0;;1.9953;1.2286;0.1694;AZUL;1529;;0;2025;Questão 32 - Texto extraído da Prova Oficial.
32;LC;153391;D;17;0;;1.9953;1.2286;0.1694;AZUL;1529;;0;2025;Questão 32 - Texto extraído da Prova Oficial.
8;LC;150626;C;22;0;;1.99397;0.60444;0.19207;AZUL;1549;;0;2025;"
8
O
9
H
10
N
11 O
U
12 ã
C
13 Ç
S
14 A A
15 R D
16 E
R
17
18 A
19 D
20
21
22
23
24
25
26
27
28
29
30
ENEM2025ENEM2025ENEM2025ENEM2025ENEM2025ENEM2025ENEM2025ENEM2025ENEM2025ENEM2025ENEM2025ENEM2025ENEM2025ENEN2025ENEM2025ENEM2025ENEM2025ENEM2025ENEM2025ENEM2025ENEM2025ENEM2025ENEM2025ENEM2025ENEM2025ENEM2025ENEM2025ENEM2025ENEM2025ENEM2025ENEM2025ENEM2025ENEM2025ENEM2025ENEM2025ENEM2025ENEM2025ENEM2025ENEM2025ENEM2025ENEM2025ENEM2025ENEM2025ENEM2025ENEM2025
LINGUAGENS, CÓDIGOS E SUAS TECNOLOGIAS E REDAÇÃO | 1º DIA | CADERNO 1 | AZUL 21
001100117755AAZZ..iinnddbb 2211 2233//0077//22002255 1122::3322::2255
--- PAG 22 ---
*010175AZ22*
ENEM2025ENEM2025ENEM2025ENEM2025ENEM2025ENEM2025ENEM2025ENEM2025ENEM2025ENEM2025ENEM2025ENEM2025ENEM2025ENEN2025ENEM2025ENEM2025ENEM2025ENEM2025ENEM2025ENEM2025ENEM2025ENEM2025ENEM2025ENEM2025ENEM2025ENEM2025ENEM2025ENEM2025ENEM2025ENEM2025ENEM2025ENEM2025ENEM2025ENEM2025ENEM2025ENEM2025ENEM2025ENEM2025ENEM2025ENEM2025ENEM2025ENEM2025ENEM2025ENEM2025ENEM2025
CIÊNCIAS HUMANAS E SUAS TECNOLOGIAS
Questões de 46 a 90
QUESTãO 46
Macedônia do Norte
Acordo entra em vigor e país muda oficialmente de nome
Entrou em vigor, em 2019, o acordo que determina a mudanç"
8;LC;150626;C;22;0;;1.99397;0.60444;0.19207;AZUL;1549;;0;2025;"
8
O
9
H
10
N
11 O
U
12 ã
C
13 Ç
S
14 A A
15 R D
16 E
R
17
18 A
19 D
20
21
22
23
24
25
26
27
28
29
30
ENEM2025ENEM2025ENEM2025ENEM2025ENEM2025ENEM2025ENEM2025ENEM2025ENEM2025ENEM2025ENEM2025ENEM2025ENEM2025ENEN2025ENEM2025ENEM2025ENEM2025ENEM2025ENEM2025ENEM2025ENEM2025ENEM2025ENEM2025ENEM2025ENEM2025ENEM2025ENEM2025ENEM2025ENEM2025ENEM2025ENEM2025ENEM2025ENEM2025ENEM2025ENEM2025ENEM2025ENEM2025ENEM2025ENEM2025ENEM2025ENEM2025ENEM2025ENEM2025ENEM2025ENEM2025
LINGUAGENS, CÓDIGOS E SUAS TECNOLOGIAS E REDAÇÃO | 1º DIA | CADERNO 1 | AZUL 21
001100117755AAZZ..iinnddbb 2211 2233//0077//22002255 1122::3322::2255
--- PAG 22 ---
*010175AZ22*
ENEM2025ENEM2025ENEM2025ENEM2025ENEM2025ENEM2025ENEM2025ENEM2025ENEM2025ENEM2025ENEM2025ENEM2025ENEM2025ENEN2025ENEM2025ENEM2025ENEM2025ENEM2025ENEM2025ENEM2025ENEM2025ENEM2025ENEM2025ENEM2025ENEM2025ENEM2025ENEM2025ENEM2025ENEM2025ENEM2025ENEM2025ENEM2025ENEM2025ENEM2025ENEM2025ENEM2025ENEM2025ENEM2025ENEM2025ENEM2025ENEM2025ENEM2025ENEM2025ENEM2025ENEM2025
CIÊNCIAS HUMANAS E SUAS TECNOLOGIAS
Questões de 46 a 90
QUESTãO 46
Macedônia do Norte
Acordo entra em vigor e país muda oficialmente de nome
Entrou em vigor, em 2019, o acordo que determina a mudanç"
8;LC;150626;C;22;0;;1.99397;0.60444;0.19207;AZUL;1549;;0;2025;"
8
O
9
H
10
N
11 O
U
12 ã
C
13 Ç
S
14 A A
15 R D
16 E
R
17
18 A
19 D
20
21
22
23
24
25
26
27
28
29
30
ENEM2025ENEM2025ENEM2025ENEM2025ENEM2025ENEM2025ENEM2025ENEM2025ENEM2025ENEM2025ENEM2025ENEM2025ENEM2025ENEN2025ENEM2025ENEM2025ENEM2025ENEM2025ENEM2025ENEM2025ENEM2025ENEM2025ENEM2025ENEM2025ENEM2025ENEM2025ENEM2025ENEM2025ENEM2025ENEM2025ENEM2025ENEM2025ENEM2025ENEM2025ENEM2025ENEM2025ENEM2025ENEM2025ENEM2025ENEM2025ENEM2025ENEM2025ENEM2025ENEM2025ENEM2025
LINGUAGENS, CÓDIGOS E SUAS TECNOLOGIAS E REDAÇÃO | 1º DIA | CADERNO 1 | AZUL 21
001100117755AAZZ..iinnddbb 2211 2233//0077//22002255 1122::3322::2255
--- PAG 22 ---
*010175AZ22*
ENEM2025ENEM2025ENEM2025ENEM2025ENEM2025ENEM2025ENEM2025ENEM2025ENEM2025ENEM2025ENEM2025ENEM2025ENEM2025ENEN2025ENEM2025ENEM2025ENEM2025ENEM2025ENEM2025ENEM2025ENEM2025ENEM2025ENEM2025ENEM2025ENEM2025ENEM2025ENEM2025ENEM2025ENEM2025ENEM2025ENEM2025ENEM2025ENEM2025ENEM2025ENEM2025ENEM2025ENEM2025ENEM2025ENEM2025ENEM2025ENEM2025ENEM2025ENEM2025ENEM2025ENEM2025
CIÊNCIAS HUMANAS E SUAS TECNOLOGIAS
Questões de 46 a 90
QUESTãO 46
Macedônia do Norte
Acordo entra em vigor e país muda oficialmente de nome
Entrou em vigor, em 2019, o acordo que determina a mudanç"
147;MT;141573;D;20;0;;1.99072;0.47884;0.26366;AZUL;1502;;0;2025;Questão 147 - Texto extraído da Prova Oficial.
147;MT;141573;D;20;0;;1.99072;0.47884;0.26366;AZUL;1502;;0;2025;Questão 147 - Texto extraído da Prova Oficial.
147;MT;141573;D;20;0;;1.99072;0.47884;0.26366;AZUL;1502;;0;2025;Questão 147 - Texto extraído da Prova Oficial.
34;LC;158638;B;4;0;;1.99029;0.63869;0.21054;AZUL;1529;;0;2025;Questão 34 - Texto extraído da Prova Oficial.
34;LC;158638;B;4;0;;1.99029;0.63869;0.21054;AZUL;1529;;0;2025;Questão 34 - Texto extraído da Prova Oficial.
34;LC;158638;B;4;0;;1.99029;0.63869;0.21054;AZUL;1529;;0;2025;Questão 34 - Texto extraído da Prova Oficial.
159;MT;24900;C;2;0;;1.98828;1.97319;0.26622;AZUL;1502;;0;2025;Questão 159 - Texto extraído da Prova Oficial.
159;MT;24900;C;2;0;;1.98828;1.97319;0.26622;AZUL;1502;;0;2025;Questão 159 - Texto extraído da Prova Oficial.
159;MT;24900;C;2;0;;1.98828;1.97319;0.26622;AZUL;1502;;0;2025;Questão 159 - Texto extraído da Prova Oficial.
101;CN;86623;E;12;0;;1.98639;0.75345;0.14335;AZUL;1569;;0;2025;Questão 101 - Texto extraído da Prova Oficial.
101;CN;86623;E;12;0;;1.98639;0.75345;0.14335;AZUL;1569;;0;2025;Questão 101 - Texto extraído da Prova Oficial.
101;CN;86623;E;12;0;;1.98639;0.75345;0.14335;AZUL;1569;;0;2025;Questão 101 - Texto extraído da Prova Oficial.
63;CH;97839;D;1;0;;1.97319;1.86863;0.12882;AZUL;1520;;0;2025;Questão 63 - Texto extraído da Prova Oficial.
63;CH;97839;D;1;0;;1.97319;1.86863;0.12882;AZUL;1520;;0;2025;Questão 63 - Texto extraído da Prova Oficial.
63;CH;97839;D;1;0;;1.97319;1.86863;0.12882;AZUL;1520;;0;2025;Questão 63 - Texto extraído da Prova Oficial.
143;MT;141538;B;29;0;;1.97244;0.12645;0.18735;AZUL;1502;;0;2025;Questão 143 - Texto extraído da Prova Oficial.
143;MT;141538;B;29;0;;1.97244;0.12645;0.18735;AZUL;1502;;0;2025;Questão 143 - Texto extraído da Prova Oficial.
143;MT;141538;B;29;0;;1.97244;0.12645;0.18735;AZUL;1502;;0;2025;Questão 143 - Texto extraído da Prova Oficial.
133;CN;26192;A;9;0;;1.97011;0.48663;0.17638;AZUL;1569;;0;2025;Questão 133 - Texto extraído da Prova Oficial.
133;CN;26192;A;9;0;;1.97011;0.48663;0.17638;AZUL;1569;;0;2025;Questão 133 - Texto extraído da Prova Oficial.
133;CN;26192;A;9;0;;1.97011;0.48663;0.17638;AZUL;1569;;0;2025;Questão 133 - Texto extraído da Prova Oficial.
81;CH;140155;B;11;0;;1.9694;-0.05911;0.20173;AZUL;1539;;0;2025;Questão 81 - Texto extraído da Prova Oficial.
81;CH;140155;B;11;0;;1.9694;-0.05911;0.20173;AZUL;1539;;0;2025;Questão 81 - Texto extraído da Prova Oficial.
81;CH;140155;B;11;0;;1.9694;-0.05911;0.20173;AZUL;1539;;0;2025;Questão 81 - Texto extraído da Prova Oficial.
161;MT;153150;A;29;0;;1.94926;3.40647;0.05591;AZUL;1502;;0;2025;Questão 161 - Texto extraído da Prova Oficial.
161;MT;153150;A;29;0;;1.94926;3.40647;0.05591;AZUL;1502;;0;2025;Questão 161 - Texto extraído da Prova Oficial.
161;MT;153150;A;29;0;;1.94926;3.40647;0.05591;AZUL;1502;;0;2025;Questão 161 - Texto extraído da Prova Oficial.
162;MT;125922;D;22;0;;1.94901;2.91396;0.28085;AZUL;1559;;0;2025;Questão 162 - Texto extraído da Prova Oficial.
162;MT;125922;D;22;0;;1.94901;2.91396;0.28085;AZUL;1559;;0;2025;Questão 162 - Texto extraído da Prova Oficial.
162;MT;125922;D;22;0;;1.94901;2.91396;0.28085;AZUL;1559;;0;2025;Questão 162 - Texto extraído da Prova Oficial.
131;CN;111572;E;4;0;;1.94293;-0.27473;0.18667;AZUL;1511;;0;2025;Questão 131 - Texto extraído da Prova Oficial.
131;CN;111572;E;4;0;;1.94293;-0.27473;0.18667;AZUL;1511;;0;2025;Questão 131 - Texto extraído da Prova Oficial.
131;CN;111572;E;4;0;;1.94293;-0.27473;0.18667;AZUL;1511;;0;2025;Questão 131 - Texto extraído da Prova Oficial.
141;MT;54298;C;9;0;;1.9314;2.72843;0.24912;AZUL;1502;;0;2025;Questão 141 - Texto extraído da Prova Oficial.
141;MT;54298;C;9;0;;1.9314;2.72843;0.24912;AZUL;1502;;0;2025;Questão 141 - Texto extraído da Prova Oficial.
141;MT;54298;C;9;0;;1.9314;2.72843;0.24912;AZUL;1502;;0;2025;Questão 141 - Texto extraído da Prova Oficial.
172;MT;43202;E;26;0;;1.92705;1.56447;0.16008;AZUL;1502;;0;2025;Questão 172 - Texto extraído da Prova Oficial.
172;MT;43202;E;26;0;;1.92705;1.56447;0.16008;AZUL;1502;;0;2025;Questão 172 - Texto extraído da Prova Oficial.
172;MT;43202;E;26;0;;1.92705;1.56447;0.16008;AZUL;1502;;0;2025;Questão 172 - Texto extraído da Prova Oficial.
76;CH;84835;B;7;0;;1.92619;1.49592;0.21933;AZUL;1520;;0;2025;Questão 76 - Texto extraído da Prova Oficial.
76;CH;84835;B;7;0;;1.92619;1.49592;0.21933;AZUL;1520;;0;2025;Questão 76 - Texto extraído da Prova Oficial.
76;CH;84835;B;7;0;;1.92619;1.49592;0.21933;AZUL;1520;;0;2025;Questão 76 - Texto extraído da Prova Oficial.
53;CH;49056;B;7;0;;1.92098;2.02086;0.21408;AZUL;1520;;0;2025;Questão 53 - Texto extraído da Prova Oficial.
53;CH;49056;B;7;0;;1.92098;2.02086;0.21408;AZUL;1520;;0;2025;Questão 53 - Texto extraído da Prova Oficial.
53;CH;49056;B;7;0;;1.92098;2.02086;0.21408;AZUL;1520;;0;2025;Questão 53 - Texto extraído da Prova Oficial.
40;LC;158644;E;25;0;;1.92058;0.87215;0.18997;AZUL;1549;;0;2025;Questão 40 - Texto extraído da Prova Oficial.
40;LC;158644;E;25;0;;1.92058;0.87215;0.18997;AZUL;1549;;0;2025;Questão 40 - Texto extraído da Prova Oficial.
40;LC;158644;E;25;0;;1.92058;0.87215;0.18997;AZUL;1549;;0;2025;Questão 40 - Texto extraído da Prova Oficial.
97;CN;84034;C;16;0;;1.91848;0.69594;0.14304;AZUL;1511;;0;2025;Questão 97 - Texto extraído da Prova Oficial.
97;CN;84034;C;16;0;;1.91848;0.69594;0.14304;AZUL;1511;;0;2025;Questão 97 - Texto extraído da Prova Oficial.
97;CN;84034;C;16;0;;1.91848;0.69594;0.14304;AZUL;1511;;0;2025;Questão 97 - Texto extraído da Prova Oficial.
114;CN;17373;B;14;0;;1.91648;0.33356;0.18462;AZUL;1511;;0;2025;Questão 114 - Texto extraído da Prova Oficial.
114;CN;17373;B;14;0;;1.91648;0.33356;0.18462;AZUL;1511;;0;2025;Questão 114 - Texto extraído da Prova Oficial.
114;CN;17373;B;14;0;;1.91648;0.33356;0.18462;AZUL;1511;;0;2025;Questão 114 - Texto extraído da Prova Oficial.
109;CN;96271;D;11;0;;1.91392;1.52169;0.12503;AZUL;1569;;0;2025;Questão 109 - Texto extraído da Prova Oficial.
109;CN;96271;D;11;0;;1.91392;1.52169;0.12503;AZUL;1569;;0;2025;Questão 109 - Texto extraído da Prova Oficial.
109;CN;96271;D;11;0;;1.91392;1.52169;0.12503;AZUL;1569;;0;2025;Questão 109 - Texto extraído da Prova Oficial.
31;LC;20061;D;11;0;;1.91384;1.38447;0.22628;AZUL;1529;;0;2025;Questão 31 - Texto extraído da Prova Oficial.
31;LC;20061;D;11;0;;1.91384;1.38447;0.22628;AZUL;1529;;0;2025;Questão 31 - Texto extraído da Prova Oficial.
31;LC;20061;D;11;0;;1.91384;1.38447;0.22628;AZUL;1529;;0;2025;Questão 31 - Texto extraído da Prova Oficial.
173;MT;97658;D;28;0;;1.90212;2.35143;0.10408;AZUL;1502;;0;2025;Questão 173 - Texto extraído da Prova Oficial.
173;MT;97658;D;28;0;;1.90212;2.35143;0.10408;AZUL;1502;;0;2025;Questão 173 - Texto extraído da Prova Oficial.
173;MT;97658;D;28;0;;1.90212;2.35143;0.10408;AZUL;1502;;0;2025;Questão 173 - Texto extraído da Prova Oficial.
68;CH;141344;D;28;0;;1.89291;0.40543;0.1913;AZUL;1520;;0;2025;Questão 68 - Texto extraído da Prova Oficial.
68;CH;141344;D;28;0;;1.89291;0.40543;0.1913;AZUL;1520;;0;2025;Questão 68 - Texto extraído da Prova Oficial.
68;CH;141344;D;28;0;;1.89291;0.40543;0.1913;AZUL;1520;;0;2025;Questão 68 - Texto extraído da Prova Oficial.
137;MT;47233;E;4;0;;1.88459;0.91308;0.10589;AZUL;1559;;0;2025;Questão 137 - Texto extraído da Prova Oficial.
137;MT;47233;E;4;0;;1.88459;0.91308;0.10589;AZUL;1559;;0;2025;Questão 137 - Texto extraído da Prova Oficial.
137;MT;47233;E;4;0;;1.88459;0.91308;0.10589;AZUL;1559;;0;2025;Questão 137 - Texto extraído da Prova Oficial.
120;CN;26953;D;30;0;;1.87179;1.75895;0.27129;AZUL;1569;;0;2025;Questão 120 - Texto extraído da Prova Oficial.
120;CN;26953;D;30;0;;1.87179;1.75895;0.27129;AZUL;1569;;0;2025;Questão 120 - Texto extraído da Prova Oficial.
120;CN;26953;D;30;0;;1.87179;1.75895;0.27129;AZUL;1569;;0;2025;Questão 120 - Texto extraído da Prova Oficial.
171;MT;16537;E;8;0;;1.86888;2.53634;0.09144;AZUL;1502;;0;2025;Questão 171 - Texto extraído da Prova Oficial.
171;MT;16537;E;8;0;;1.86888;2.53634;0.09144;AZUL;1502;;0;2025;Questão 171 - Texto extraído da Prova Oficial.
171;MT;16537;E;8;0;;1.86888;2.53634;0.09144;AZUL;1502;;0;2025;Questão 171 - Texto extraído da Prova Oficial.
49;CH;118136;C;16;0;;1.83478;0.82979;0.18662;AZUL;1520;;0;2025;Questão 49 - Texto extraído da Prova Oficial.
49;CH;118136;C;16;0;;1.83478;0.82979;0.18662;AZUL;1520;;0;2025;Questão 49 - Texto extraído da Prova Oficial.
49;CH;118136;C;16;0;;1.83478;0.82979;0.18662;AZUL;1520;;0;2025;Questão 49 - Texto extraído da Prova Oficial.
36;LC;118287;B;23;0;;1.83274;0.83562;0.18773;AZUL;1529;;0;2025;Questão 36 - Texto extraído da Prova Oficial.
36;LC;118287;B;23;0;;1.83274;0.83562;0.18773;AZUL;1529;;0;2025;Questão 36 - Texto extraído da Prova Oficial.
36;LC;118287;B;23;0;;1.83274;0.83562;0.18773;AZUL;1529;;0;2025;Questão 36 - Texto extraído da Prova Oficial.
153;MT;111704;B;27;0;;1.81233;0.73312;0.21765;AZUL;1559;;0;2025;Questão 153 - Texto extraído da Prova Oficial.
153;MT;111704;B;27;0;;1.81233;0.73312;0.21765;AZUL;1559;;0;2025;Questão 153 - Texto extraído da Prova Oficial.
153;MT;111704;B;27;0;;1.81233;0.73312;0.21765;AZUL;1559;;0;2025;Questão 153 - Texto extraído da Prova Oficial.
90;CH;149797;B;26;0;;1.81109;0.20361;0.19028;AZUL;1520;;0;2025;Questão 90 - Texto extraído da Prova Oficial.
90;CH;149797;B;26;0;;1.81109;0.20361;0.19028;AZUL;1520;;0;2025;Questão 90 - Texto extraído da Prova Oficial.
90;CH;149797;B;26;0;;1.81109;0.20361;0.19028;AZUL;1520;;0;2025;Questão 90 - Texto extraído da Prova Oficial.
156;MT;117605;D;25;0;;1.80878;1.14716;0.13547;AZUL;1502;;0;2025;Questão 156 - Texto extraído da Prova Oficial.
156;MT;117605;D;25;0;;1.80878;1.14716;0.13547;AZUL;1502;;0;2025;Questão 156 - Texto extraído da Prova Oficial.
156;MT;117605;D;25;0;;1.80878;1.14716;0.13547;AZUL;1502;;0;2025;Questão 156 - Texto extraído da Prova Oficial.
10;LC;157772;D;18;0;;1.80586;1.29722;0.20182;AZUL;1529;;0;2025;"
10
N
11 O
U
12 ã
C
13 Ç
S
14 A A
15 R D
16 E
R
17
18 A
19 D
20
21
22
23
24
25
26
27
28
29
30
ENEM2025ENEM2025ENEM2025ENEM2025ENEM2025ENEM2025ENEM2025ENEM2025ENEM2025ENEM2025ENEM2025ENEM2025ENEM2025ENEN2025ENEM2025ENEM2025ENEM2025ENEM2025ENEM2025ENEM2025ENEM2025ENEM2025ENEM2025ENEM2025ENEM2025ENEM2025ENEM2025ENEM2025ENEM2025ENEM2025ENEM2025ENEM2025ENEM2025ENEM2025ENEM2025ENEM2025ENEM2025ENEM2025ENEM2025ENEM2025ENEM2025ENEM2025ENEM2025ENEM2025ENEM2025
LINGUAGENS, CÓDIGOS E SUAS TECNOLOGIAS E REDAÇÃO | 1º DIA | CADERNO 1 | AZUL 21
001100117755AAZZ..iinnddbb 2211 2233//0077//22002255 1122::3322::2255
--- PAG 22 ---
*010175AZ22*
ENEM2025ENEM2025ENEM2025ENEM2025ENEM2025ENEM2025ENEM2025ENEM2025ENEM2025ENEM2025ENEM2025ENEM2025ENEM2025ENEN2025ENEM2025ENEM2025ENEM2025ENEM2025ENEM2025ENEM2025ENEM2025ENEM2025ENEM2025ENEM2025ENEM2025ENEM2025ENEM2025ENEM2025ENEM2025ENEM2025ENEM2025ENEM2025ENEM2025ENEM2025ENEM2025ENEM2025ENEM2025ENEM2025ENEM2025ENEM2025ENEM2025ENEM2025ENEM2025ENEM2025ENEM2025
CIÊNCIAS HUMANAS E SUAS TECNOLOGIAS
Questões de 46 a 90
QUESTãO 46
Macedônia do Norte
Acordo entra em vigor e país muda oficialmente de nome
Entrou em vigor, em 2019, o acordo que determina a mudança de nom"
10;LC;157772;D;18;0;;1.80586;1.29722;0.20182;AZUL;1529;;0;2025;"
10
N
11 O
U
12 ã
C
13 Ç
S
14 A A
15 R D
16 E
R
17
18 A
19 D
20
21
22
23
24
25
26
27
28
29
30
ENEM2025ENEM2025ENEM2025ENEM2025ENEM2025ENEM2025ENEM2025ENEM2025ENEM2025ENEM2025ENEM2025ENEM2025ENEM2025ENEN2025ENEM2025ENEM2025ENEM2025ENEM2025ENEM2025ENEM2025ENEM2025ENEM2025ENEM2025ENEM2025ENEM2025ENEM2025ENEM2025ENEM2025ENEM2025ENEM2025ENEM2025ENEM2025ENEM2025ENEM2025ENEM2025ENEM2025ENEM2025ENEM2025ENEM2025ENEM2025ENEM2025ENEM2025ENEM2025ENEM2025ENEM2025
LINGUAGENS, CÓDIGOS E SUAS TECNOLOGIAS E REDAÇÃO | 1º DIA | CADERNO 1 | AZUL 21
001100117755AAZZ..iinnddbb 2211 2233//0077//22002255 1122::3322::2255
--- PAG 22 ---
*010175AZ22*
ENEM2025ENEM2025ENEM2025ENEM2025ENEM2025ENEM2025ENEM2025ENEM2025ENEM2025ENEM2025ENEM2025ENEM2025ENEM2025ENEN2025ENEM2025ENEM2025ENEM2025ENEM2025ENEM2025ENEM2025ENEM2025ENEM2025ENEM2025ENEM2025ENEM2025ENEM2025ENEM2025ENEM2025ENEM2025ENEM2025ENEM2025ENEM2025ENEM2025ENEM2025ENEM2025ENEM2025ENEM2025ENEM2025ENEM2025ENEM2025ENEM2025ENEM2025ENEM2025ENEM2025ENEM2025
CIÊNCIAS HUMANAS E SUAS TECNOLOGIAS
Questões de 46 a 90
QUESTãO 46
Macedônia do Norte
Acordo entra em vigor e país muda oficialmente de nome
Entrou em vigor, em 2019, o acordo que determina a mudança de nom"
10;LC;157772;D;18;0;;1.80586;1.29722;0.20182;AZUL;1529;;0;2025;"
10
N
11 O
U
12 ã
C
13 Ç
S
14 A A
15 R D
16 E
R
17
18 A
19 D
20
21
22
23
24
25
26
27
28
29
30
ENEM2025ENEM2025ENEM2025ENEM2025ENEM2025ENEM2025ENEM2025ENEM2025ENEM2025ENEM2025ENEM2025ENEM2025ENEM2025ENEN2025ENEM2025ENEM2025ENEM2025ENEM2025ENEM2025ENEM2025ENEM2025ENEM2025ENEM2025ENEM2025ENEM2025ENEM2025ENEM2025ENEM2025ENEM2025ENEM2025ENEM2025ENEM2025ENEM2025ENEM2025ENEM2025ENEM2025ENEM2025ENEM2025ENEM2025ENEM2025ENEM2025ENEM2025ENEM2025ENEM2025ENEM2025
LINGUAGENS, CÓDIGOS E SUAS TECNOLOGIAS E REDAÇÃO | 1º DIA | CADERNO 1 | AZUL 21
001100117755AAZZ..iinnddbb 2211 2233//0077//22002255 1122::3322::2255
--- PAG 22 ---
*010175AZ22*
ENEM2025ENEM2025ENEM2025ENEM2025ENEM2025ENEM2025ENEM2025ENEM2025ENEM2025ENEM2025ENEM2025ENEM2025ENEM2025ENEN2025ENEM2025ENEM2025ENEM2025ENEM2025ENEM2025ENEM2025ENEM2025ENEM2025ENEM2025ENEM2025ENEM2025ENEM2025ENEM2025ENEM2025ENEM2025ENEM2025ENEM2025ENEM2025ENEM2025ENEM2025ENEM2025ENEM2025ENEM2025ENEM2025ENEM2025ENEM2025ENEM2025ENEM2025ENEM2025ENEM2025ENEM2025
CIÊNCIAS HUMANAS E SUAS TECNOLOGIAS
Questões de 46 a 90
QUESTãO 46
Macedônia do Norte
Acordo entra em vigor e país muda oficialmente de nome
Entrou em vigor, em 2019, o acordo que determina a mudança de nom"
43;LC;153609;B;19;0;;1.80487;0.70374;0.19914;AZUL;1529;;0;2025;Questão 43 - Texto extraído da Prova Oficial.
43;LC;153609;B;19;0;;1.80487;0.70374;0.19914;AZUL;1529;;0;2025;Questão 43 - Texto extraído da Prova Oficial.
43;LC;153609;B;19;0;;1.80487;0.70374;0.19914;AZUL;1529;;0;2025;Questão 43 - Texto extraído da Prova Oficial.
67;CH;88913;B;23;0;;1.80171;0.07201;0.17003;AZUL;1539;;0;2025;Questão 67 - Texto extraído da Prova Oficial.
67;CH;88913;B;23;0;;1.80171;0.07201;0.17003;AZUL;1539;;0;2025;Questão 67 - Texto extraído da Prova Oficial.
67;CH;88913;B;23;0;;1.80171;0.07201;0.17003;AZUL;1539;;0;2025;Questão 67 - Texto extraído da Prova Oficial.
87;CH;141063;D;23;0;;1.80143;0.76848;0.18999;AZUL;1520;;0;2025;Questão 87 - Texto extraído da Prova Oficial.
87;CH;141063;D;23;0;;1.80143;0.76848;0.18999;AZUL;1520;;0;2025;Questão 87 - Texto extraído da Prova Oficial.
87;CH;141063;D;23;0;;1.80143;0.76848;0.18999;AZUL;1520;;0;2025;Questão 87 - Texto extraído da Prova Oficial.
4;LC;140750;D;8;0;;1.80139;1.19402;0.2085;AZUL;1549;1.0;0;2025;"
4
5
6
7
8
O
9
H
10
N
11 O
U
12 ã
C
13 Ç
S
14 A A
15 R D
16 E
R
17
18 A
19 D
20
21
22
23
24
25
26
27
28
29
30
ENEM2025ENEM2025ENEM2025ENEM2025ENEM2025ENEM2025ENEM2025ENEM2025ENEM2025ENEM2025ENEM2025ENEM2025ENEM2025ENEN2025ENEM2025ENEM2025ENEM2025ENEM2025ENEM2025ENEM2025ENEM2025ENEM2025ENEM2025ENEM2025ENEM2025ENEM2025ENEM2025ENEM2025ENEM2025ENEM2025ENEM2025ENEM2025ENEM2025ENEM2025ENEM2025ENEM2025ENEM2025ENEM2025ENEM2025ENEM2025ENEM2025ENEM2025ENEM2025ENEM2025ENEM2025
LINGUAGENS, CÓDIGOS E SUAS TECNOLOGIAS E REDAÇÃO | 1º DIA | CADERNO 1 | AZUL 21
001100117755AAZZ..iinnddbb 2211 2233//0077//22002255 1122::3322::2255
--- PAG 22 ---
*010175AZ22*
ENEM2025ENEM2025ENEM2025ENEM2025ENEM2025ENEM2025ENEM2025ENEM2025ENEM2025ENEM2025ENEM2025ENEM2025ENEM2025ENEN2025ENEM2025ENEM2025ENEM2025ENEM2025ENEM2025ENEM2025ENEM2025ENEM2025ENEM2025ENEM2025ENEM2025ENEM2025ENEM2025ENEM2025ENEM2025ENEM2025ENEM2025ENEM2025ENEM2025ENEM2025ENEM2025ENEM2025ENEM2025ENEM2025ENEM2025ENEM2025ENEM2025ENEM2025ENEM2025ENEM2025ENEM2025
CIÊNCIAS HUMANAS E SUAS TECNOLOGIAS
Questões de 46 a 90
QUESTãO 46
Macedônia do Norte
Acordo entra em vigor e país muda oficialmente de nome
Entrou em vigor, em 2019, o acordo que determina "
4;LC;140750;D;8;0;;1.80139;1.19402;0.2085;AZUL;1549;1.0;0;2025;"
4
5
6
7
8
O
9
H
10
N
11 O
U
12 ã
C
13 Ç
S
14 A A
15 R D
16 E
R
17
18 A
19 D
20
21
22
23
24
25
26
27
28
29
30
ENEM2025ENEM2025ENEM2025ENEM2025ENEM2025ENEM2025ENEM2025ENEM2025ENEM2025ENEM2025ENEM2025ENEM2025ENEM2025ENEN2025ENEM2025ENEM2025ENEM2025ENEM2025ENEM2025ENEM2025ENEM2025ENEM2025ENEM2025ENEM2025ENEM2025ENEM2025ENEM2025ENEM2025ENEM2025ENEM2025ENEM2025ENEM2025ENEM2025ENEM2025ENEM2025ENEM2025ENEM2025ENEM2025ENEM2025ENEM2025ENEM2025ENEM2025ENEM2025ENEM2025ENEM2025
LINGUAGENS, CÓDIGOS E SUAS TECNOLOGIAS E REDAÇÃO | 1º DIA | CADERNO 1 | AZUL 21
001100117755AAZZ..iinnddbb 2211 2233//0077//22002255 1122::3322::2255
--- PAG 22 ---
*010175AZ22*
ENEM2025ENEM2025ENEM2025ENEM2025ENEM2025ENEM2025ENEM2025ENEM2025ENEM2025ENEM2025ENEM2025ENEM2025ENEM2025ENEN2025ENEM2025ENEM2025ENEM2025ENEM2025ENEM2025ENEM2025ENEM2025ENEM2025ENEM2025ENEM2025ENEM2025ENEM2025ENEM2025ENEM2025ENEM2025ENEM2025ENEM2025ENEM2025ENEM2025ENEM2025ENEM2025ENEM2025ENEM2025ENEM2025ENEM2025ENEM2025ENEM2025ENEM2025ENEM2025ENEM2025ENEM2025
CIÊNCIAS HUMANAS E SUAS TECNOLOGIAS
Questões de 46 a 90
QUESTãO 46
Macedônia do Norte
Acordo entra em vigor e país muda oficialmente de nome
Entrou em vigor, em 2019, o acordo que determina "
4;LC;140750;D;8;0;;1.80139;1.19402;0.2085;AZUL;1549;1.0;0;2025;"
4
5
6
7
8
O
9
H
10
N
11 O
U
12 ã
C
13 Ç
S
14 A A
15 R D
16 E
R
17
18 A
19 D
20
21
22
23
24
25
26
27
28
29
30
ENEM2025ENEM2025ENEM2025ENEM2025ENEM2025ENEM2025ENEM2025ENEM2025ENEM2025ENEM2025ENEM2025ENEM2025ENEM2025ENEN2025ENEM2025ENEM2025ENEM2025ENEM2025ENEM2025ENEM2025ENEM2025ENEM2025ENEM2025ENEM2025ENEM2025ENEM2025ENEM2025ENEM2025ENEM2025ENEM2025ENEM2025ENEM2025ENEM2025ENEM2025ENEM2025ENEM2025ENEM2025ENEM2025ENEM2025ENEM2025ENEM2025ENEM2025ENEM2025ENEM2025ENEM2025
LINGUAGENS, CÓDIGOS E SUAS TECNOLOGIAS E REDAÇÃO | 1º DIA | CADERNO 1 | AZUL 21
001100117755AAZZ..iinnddbb 2211 2233//0077//22002255 1122::3322::2255
--- PAG 22 ---
*010175AZ22*
ENEM2025ENEM2025ENEM2025ENEM2025ENEM2025ENEM2025ENEM2025ENEM2025ENEM2025ENEM2025ENEM2025ENEM2025ENEM2025ENEN2025ENEM2025ENEM2025ENEM2025ENEM2025ENEM2025ENEM2025ENEM2025ENEM2025ENEM2025ENEM2025ENEM2025ENEM2025ENEM2025ENEM2025ENEM2025ENEM2025ENEM2025ENEM2025ENEM2025ENEM2025ENEM2025ENEM2025ENEM2025ENEM2025ENEM2025ENEM2025ENEM2025ENEM2025ENEM2025ENEM2025ENEM2025
CIÊNCIAS HUMANAS E SUAS TECNOLOGIAS
Questões de 46 a 90
QUESTãO 46
Macedônia do Norte
Acordo entra em vigor e país muda oficialmente de nome
Entrou em vigor, em 2019, o acordo que determina "
177;MT;125878;C;13;0;;1.79617;2.85186;0.17541;AZUL;1502;;0;2025;Questão 177 - Texto extraído da Prova Oficial.
177;MT;125878;C;13;0;;1.79617;2.85186;0.17541;AZUL;1502;;0;2025;Questão 177 - Texto extraído da Prova Oficial.
177;MT;125878;C;13;0;;1.79617;2.85186;0.17541;AZUL;1502;;0;2025;Questão 177 - Texto extraído da Prova Oficial.
148;MT;82536;B;2;0;;1.77922;1.83183;0.18055;AZUL;1559;;0;2025;Questão 148 - Texto extraído da Prova Oficial.
148;MT;82536;B;2;0;;1.77922;1.83183;0.18055;AZUL;1559;;0;2025;Questão 148 - Texto extraído da Prova Oficial.
148;MT;82536;B;2;0;;1.77922;1.83183;0.18055;AZUL;1559;;0;2025;Questão 148 - Texto extraído da Prova Oficial.
45;LC;158715;B;17;0;;1.77341;1.51977;0.1572;AZUL;1549;;0;2025;Questão 45 - Texto extraído da Prova Oficial.
45;LC;158715;B;17;0;;1.77341;1.51977;0.1572;AZUL;1549;;0;2025;Questão 45 - Texto extraído da Prova Oficial.
45;LC;158715;B;17;0;;1.77341;1.51977;0.1572;AZUL;1549;;0;2025;Questão 45 - Texto extraído da Prova Oficial.
109;CN;126526;E;3;0;;1.76348;1.60185;0.27156;AZUL;1511;;0;2025;Questão 109 - Texto extraído da Prova Oficial.
109;CN;126526;E;3;0;;1.76348;1.60185;0.27156;AZUL;1511;;0;2025;Questão 109 - Texto extraído da Prova Oficial.
109;CN;126526;E;3;0;;1.76348;1.60185;0.27156;AZUL;1511;;0;2025;Questão 109 - Texto extraído da Prova Oficial.
3;LC;158719;E;7;0;;1.76344;0.4613;0.17513;AZUL;1529;1.0;0;2025;"
3
4
5
6
7
8
O
9
H
10
N
11 O
U
12 ã
C
13 Ç
S
14 A A
15 R D
16 E
R
17
18 A
19 D
20
21
22
23
24
25
26
27
28
29
30
ENEM2025ENEM2025ENEM2025ENEM2025ENEM2025ENEM2025ENEM2025ENEM2025ENEM2025ENEM2025ENEM2025ENEM2025ENEM2025ENEN2025ENEM2025ENEM2025ENEM2025ENEM2025ENEM2025ENEM2025ENEM2025ENEM2025ENEM2025ENEM2025ENEM2025ENEM2025ENEM2025ENEM2025ENEM2025ENEM2025ENEM2025ENEM2025ENEM2025ENEM2025ENEM2025ENEM2025ENEM2025ENEM2025ENEM2025ENEM2025ENEM2025ENEM2025ENEM2025ENEM2025ENEM2025
LINGUAGENS, CÓDIGOS E SUAS TECNOLOGIAS E REDAÇÃO | 1º DIA | CADERNO 1 | AZUL 21
001100117755AAZZ..iinnddbb 2211 2233//0077//22002255 1122::3322::2255
--- PAG 22 ---
*010175AZ22*
ENEM2025ENEM2025ENEM2025ENEM2025ENEM2025ENEM2025ENEM2025ENEM2025ENEM2025ENEM2025ENEM2025ENEM2025ENEM2025ENEN2025ENEM2025ENEM2025ENEM2025ENEM2025ENEM2025ENEM2025ENEM2025ENEM2025ENEM2025ENEM2025ENEM2025ENEM2025ENEM2025ENEM2025ENEM2025ENEM2025ENEM2025ENEM2025ENEM2025ENEM2025ENEM2025ENEM2025ENEM2025ENEM2025ENEM2025ENEM2025ENEM2025ENEM2025ENEM2025ENEM2025ENEM2025
CIÊNCIAS HUMANAS E SUAS TECNOLOGIAS
Questões de 46 a 90
QUESTãO 46
Macedônia do Norte
Acordo entra em vigor e país muda oficialmente de nome
Entrou em vigor, em 2019, o acordo que determin"
3;LC;158719;E;7;0;;1.76344;0.4613;0.17513;AZUL;1529;1.0;0;2025;"
3
4
5
6
7
8
O
9
H
10
N
11 O
U
12 ã
C
13 Ç
S
14 A A
15 R D
16 E
R
17
18 A
19 D
20
21
22
23
24
25
26
27
28
29
30
ENEM2025ENEM2025ENEM2025ENEM2025ENEM2025ENEM2025ENEM2025ENEM2025ENEM2025ENEM2025ENEM2025ENEM2025ENEM2025ENEN2025ENEM2025ENEM2025ENEM2025ENEM2025ENEM2025ENEM2025ENEM2025ENEM2025ENEM2025ENEM2025ENEM2025ENEM2025ENEM2025ENEM2025ENEM2025ENEM2025ENEM2025ENEM2025ENEM2025ENEM2025ENEM2025ENEM2025ENEM2025ENEM2025ENEM2025ENEM2025ENEM2025ENEM2025ENEM2025ENEM2025ENEM2025
LINGUAGENS, CÓDIGOS E SUAS TECNOLOGIAS E REDAÇÃO | 1º DIA | CADERNO 1 | AZUL 21
001100117755AAZZ..iinnddbb 2211 2233//0077//22002255 1122::3322::2255
--- PAG 22 ---
*010175AZ22*
ENEM2025ENEM2025ENEM2025ENEM2025ENEM2025ENEM2025ENEM2025ENEM2025ENEM2025ENEM2025ENEM2025ENEM2025ENEM2025ENEN2025ENEM2025ENEM2025ENEM2025ENEM2025ENEM2025ENEM2025ENEM2025ENEM2025ENEM2025ENEM2025ENEM2025ENEM2025ENEM2025ENEM2025ENEM2025ENEM2025ENEM2025ENEM2025ENEM2025ENEM2025ENEM2025ENEM2025ENEM2025ENEM2025ENEM2025ENEM2025ENEM2025ENEM2025ENEM2025ENEM2025ENEM2025
CIÊNCIAS HUMANAS E SUAS TECNOLOGIAS
Questões de 46 a 90
QUESTãO 46
Macedônia do Norte
Acordo entra em vigor e país muda oficialmente de nome
Entrou em vigor, em 2019, o acordo que determin"
3;LC;158719;E;7;0;;1.76344;0.4613;0.17513;AZUL;1529;1.0;0;2025;"
3
4
5
6
7
8
O
9
H
10
N
11 O
U
12 ã
C
13 Ç
S
14 A A
15 R D
16 E
R
17
18 A
19 D
20
21
22
23
24
25
26
27
28
29
30
ENEM2025ENEM2025ENEM2025ENEM2025ENEM2025ENEM2025ENEM2025ENEM2025ENEM2025ENEM2025ENEM2025ENEM2025ENEM2025ENEN2025ENEM2025ENEM2025ENEM2025ENEM2025ENEM2025ENEM2025ENEM2025ENEM2025ENEM2025ENEM2025ENEM2025ENEM2025ENEM2025ENEM2025ENEM2025ENEM2025ENEM2025ENEM2025ENEM2025ENEM2025ENEM2025ENEM2025ENEM2025ENEM2025ENEM2025ENEM2025ENEM2025ENEM2025ENEM2025ENEM2025ENEM2025
LINGUAGENS, CÓDIGOS E SUAS TECNOLOGIAS E REDAÇÃO | 1º DIA | CADERNO 1 | AZUL 21
001100117755AAZZ..iinnddbb 2211 2233//0077//22002255 1122::3322::2255
--- PAG 22 ---
*010175AZ22*
ENEM2025ENEM2025ENEM2025ENEM2025ENEM2025ENEM2025ENEM2025ENEM2025ENEM2025ENEM2025ENEM2025ENEM2025ENEM2025ENEN2025ENEM2025ENEM2025ENEM2025ENEM2025ENEM2025ENEM2025ENEM2025ENEM2025ENEM2025ENEM2025ENEM2025ENEM2025ENEM2025ENEM2025ENEM2025ENEM2025ENEM2025ENEM2025ENEM2025ENEM2025ENEM2025ENEM2025ENEM2025ENEM2025ENEM2025ENEM2025ENEM2025ENEM2025ENEM2025ENEM2025ENEM2025
CIÊNCIAS HUMANAS E SUAS TECNOLOGIAS
Questões de 46 a 90
QUESTãO 46
Macedônia do Norte
Acordo entra em vigor e país muda oficialmente de nome
Entrou em vigor, em 2019, o acordo que determin"
112;CN;126568;C;19;0;;1.76136;1.79331;0.18354;AZUL;1569;;0;2025;Questão 112 - Texto extraído da Prova Oficial.
112;CN;126568;C;19;0;;1.76136;1.79331;0.18354;AZUL;1569;;0;2025;Questão 112 - Texto extraído da Prova Oficial.
112;CN;126568;C;19;0;;1.76136;1.79331;0.18354;AZUL;1569;;0;2025;Questão 112 - Texto extraído da Prova Oficial.
102;CN;117947;D;22;0;;1.75781;0.42329;0.15596;AZUL;1569;;0;2025;Questão 102 - Texto extraído da Prova Oficial.
102;CN;117947;D;22;0;;1.75781;0.42329;0.15596;AZUL;1569;;0;2025;Questão 102 - Texto extraído da Prova Oficial.
102;CN;117947;D;22;0;;1.75781;0.42329;0.15596;AZUL;1569;;0;2025;Questão 102 - Texto extraído da Prova Oficial.
100;CN;111559;C;10;0;;1.75179;2.07578;0.08365;AZUL;1569;;0;2025;Questão 100 - Texto extraído da Prova Oficial.
100;CN;111559;C;10;0;;1.75179;2.07578;0.08365;AZUL;1569;;0;2025;Questão 100 - Texto extraído da Prova Oficial.
100;CN;111559;C;10;0;;1.75179;2.07578;0.08365;AZUL;1569;;0;2025;Questão 100 - Texto extraído da Prova Oficial.
112;CN;63587;E;9;0;;1.7468;2.40073;0.29404;AZUL;1511;;0;2025;Questão 112 - Texto extraído da Prova Oficial.
112;CN;63587;E;9;0;;1.7468;2.40073;0.29404;AZUL;1511;;0;2025;Questão 112 - Texto extraído da Prova Oficial.
112;CN;63587;E;9;0;;1.7468;2.40073;0.29404;AZUL;1511;;0;2025;Questão 112 - Texto extraído da Prova Oficial.
20;LC;158766;C;14;0;;1.73778;0.98209;0.22958;AZUL;1549;;0;2025;"
20
21
22
23
24
25
26
27
28
29
30
ENEM2025ENEM2025ENEM2025ENEM2025ENEM2025ENEM2025ENEM2025ENEM2025ENEM2025ENEM2025ENEM2025ENEM2025ENEM2025ENEN2025ENEM2025ENEM2025ENEM2025ENEM2025ENEM2025ENEM2025ENEM2025ENEM2025ENEM2025ENEM2025ENEM2025ENEM2025ENEM2025ENEM2025ENEM2025ENEM2025ENEM2025ENEM2025ENEM2025ENEM2025ENEM2025ENEM2025ENEM2025ENEM2025ENEM2025ENEM2025ENEM2025ENEM2025ENEM2025ENEM2025ENEM2025
LINGUAGENS, CÓDIGOS E SUAS TECNOLOGIAS E REDAÇÃO | 1º DIA | CADERNO 1 | AZUL 21
001100117755AAZZ..iinnddbb 2211 2233//0077//22002255 1122::3322::2255
--- PAG 22 ---
*010175AZ22*
ENEM2025ENEM2025ENEM2025ENEM2025ENEM2025ENEM2025ENEM2025ENEM2025ENEM2025ENEM2025ENEM2025ENEM2025ENEM2025ENEN2025ENEM2025ENEM2025ENEM2025ENEM2025ENEM2025ENEM2025ENEM2025ENEM2025ENEM2025ENEM2025ENEM2025ENEM2025ENEM2025ENEM2025ENEM2025ENEM2025ENEM2025ENEM2025ENEM2025ENEM2025ENEM2025ENEM2025ENEM2025ENEM2025ENEM2025ENEM2025ENEM2025ENEM2025ENEM2025ENEM2025ENEM2025
CIÊNCIAS HUMANAS E SUAS TECNOLOGIAS
Questões de 46 a 90
QUESTãO 46
Macedônia do Norte
Acordo entra em vigor e país muda oficialmente de nome
Entrou em vigor, em 2019, o acordo que determina a mudança de nome da Macedônia para Macedônia do Norte. A troca
põe fim — ao"
20;LC;158766;C;14;0;;1.73778;0.98209;0.22958;AZUL;1549;;0;2025;"
20
21
22
23
24
25
26
27
28
29
30
ENEM2025ENEM2025ENEM2025ENEM2025ENEM2025ENEM2025ENEM2025ENEM2025ENEM2025ENEM2025ENEM2025ENEM2025ENEM2025ENEN2025ENEM2025ENEM2025ENEM2025ENEM2025ENEM2025ENEM2025ENEM2025ENEM2025ENEM2025ENEM2025ENEM2025ENEM2025ENEM2025ENEM2025ENEM2025ENEM2025ENEM2025ENEM2025ENEM2025ENEM2025ENEM2025ENEM2025ENEM2025ENEM2025ENEM2025ENEM2025ENEM2025ENEM2025ENEM2025ENEM2025ENEM2025
LINGUAGENS, CÓDIGOS E SUAS TECNOLOGIAS E REDAÇÃO | 1º DIA | CADERNO 1 | AZUL 21
001100117755AAZZ..iinnddbb 2211 2233//0077//22002255 1122::3322::2255
--- PAG 22 ---
*010175AZ22*
ENEM2025ENEM2025ENEM2025ENEM2025ENEM2025ENEM2025ENEM2025ENEM2025ENEM2025ENEM2025ENEM2025ENEM2025ENEM2025ENEN2025ENEM2025ENEM2025ENEM2025ENEM2025ENEM2025ENEM2025ENEM2025ENEM2025ENEM2025ENEM2025ENEM2025ENEM2025ENEM2025ENEM2025ENEM2025ENEM2025ENEM2025ENEM2025ENEM2025ENEM2025ENEM2025ENEM2025ENEM2025ENEM2025ENEM2025ENEM2025ENEM2025ENEM2025ENEM2025ENEM2025ENEM2025
CIÊNCIAS HUMANAS E SUAS TECNOLOGIAS
Questões de 46 a 90
QUESTãO 46
Macedônia do Norte
Acordo entra em vigor e país muda oficialmente de nome
Entrou em vigor, em 2019, o acordo que determina a mudança de nome da Macedônia para Macedônia do Norte. A troca
põe fim — ao"
20;LC;158766;C;14;0;;1.73778;0.98209;0.22958;AZUL;1549;;0;2025;"
20
21
22
23
24
25
26
27
28
29
30
ENEM2025ENEM2025ENEM2025ENEM2025ENEM2025ENEM2025ENEM2025ENEM2025ENEM2025ENEM2025ENEM2025ENEM2025ENEM2025ENEN2025ENEM2025ENEM2025ENEM2025ENEM2025ENEM2025ENEM2025ENEM2025ENEM2025ENEM2025ENEM2025ENEM2025ENEM2025ENEM2025ENEM2025ENEM2025ENEM2025ENEM2025ENEM2025ENEM2025ENEM2025ENEM2025ENEM2025ENEM2025ENEM2025ENEM2025ENEM2025ENEM2025ENEM2025ENEM2025ENEM2025ENEM2025
LINGUAGENS, CÓDIGOS E SUAS TECNOLOGIAS E REDAÇÃO | 1º DIA | CADERNO 1 | AZUL 21
001100117755AAZZ..iinnddbb 2211 2233//0077//22002255 1122::3322::2255
--- PAG 22 ---
*010175AZ22*
ENEM2025ENEM2025ENEM2025ENEM2025ENEM2025ENEM2025ENEM2025ENEM2025ENEM2025ENEM2025ENEM2025ENEM2025ENEM2025ENEN2025ENEM2025ENEM2025ENEM2025ENEM2025ENEM2025ENEM2025ENEM2025ENEM2025ENEM2025ENEM2025ENEM2025ENEM2025ENEM2025ENEM2025ENEM2025ENEM2025ENEM2025ENEM2025ENEM2025ENEM2025ENEM2025ENEM2025ENEM2025ENEM2025ENEM2025ENEM2025ENEM2025ENEM2025ENEM2025ENEM2025ENEM2025
CIÊNCIAS HUMANAS E SUAS TECNOLOGIAS
Questões de 46 a 90
QUESTãO 46
Macedônia do Norte
Acordo entra em vigor e país muda oficialmente de nome
Entrou em vigor, em 2019, o acordo que determina a mudança de nome da Macedônia para Macedônia do Norte. A troca
põe fim — ao"
17;LC;167488;D;20;0;;1.73238;2.08558;0.13576;AZUL;1549;;0;2025;"
17
18 A
19 D
20
21
22
23
24
25
26
27
28
29
30
ENEM2025ENEM2025ENEM2025ENEM2025ENEM2025ENEM2025ENEM2025ENEM2025ENEM2025ENEM2025ENEM2025ENEM2025ENEM2025ENEN2025ENEM2025ENEM2025ENEM2025ENEM2025ENEM2025ENEM2025ENEM2025ENEM2025ENEM2025ENEM2025ENEM2025ENEM2025ENEM2025ENEM2025ENEM2025ENEM2025ENEM2025ENEM2025ENEM2025ENEM2025ENEM2025ENEM2025ENEM2025ENEM2025ENEM2025ENEM2025ENEM2025ENEM2025ENEM2025ENEM2025ENEM2025
LINGUAGENS, CÓDIGOS E SUAS TECNOLOGIAS E REDAÇÃO | 1º DIA | CADERNO 1 | AZUL 21
001100117755AAZZ..iinnddbb 2211 2233//0077//22002255 1122::3322::2255
--- PAG 22 ---
*010175AZ22*
ENEM2025ENEM2025ENEM2025ENEM2025ENEM2025ENEM2025ENEM2025ENEM2025ENEM2025ENEM2025ENEM2025ENEM2025ENEM2025ENEN2025ENEM2025ENEM2025ENEM2025ENEM2025ENEM2025ENEM2025ENEM2025ENEM2025ENEM2025ENEM2025ENEM2025ENEM2025ENEM2025ENEM2025ENEM2025ENEM2025ENEM2025ENEM2025ENEM2025ENEM2025ENEM2025ENEM2025ENEM2025ENEM2025ENEM2025ENEM2025ENEM2025ENEM2025ENEM2025ENEM2025ENEM2025
CIÊNCIAS HUMANAS E SUAS TECNOLOGIAS
Questões de 46 a 90
QUESTãO 46
Macedônia do Norte
Acordo entra em vigor e país muda oficialmente de nome
Entrou em vigor, em 2019, o acordo que determina a mudança de nome da Macedônia para Macedônia do Norte. A troca"
17;LC;167488;D;20;0;;1.73238;2.08558;0.13576;AZUL;1549;;0;2025;"
17
18 A
19 D
20
21
22
23
24
25
26
27
28
29
30
ENEM2025ENEM2025ENEM2025ENEM2025ENEM2025ENEM2025ENEM2025ENEM2025ENEM2025ENEM2025ENEM2025ENEM2025ENEM2025ENEN2025ENEM2025ENEM2025ENEM2025ENEM2025ENEM2025ENEM2025ENEM2025ENEM2025ENEM2025ENEM2025ENEM2025ENEM2025ENEM2025ENEM2025ENEM2025ENEM2025ENEM2025ENEM2025ENEM2025ENEM2025ENEM2025ENEM2025ENEM2025ENEM2025ENEM2025ENEM2025ENEM2025ENEM2025ENEM2025ENEM2025ENEM2025
LINGUAGENS, CÓDIGOS E SUAS TECNOLOGIAS E REDAÇÃO | 1º DIA | CADERNO 1 | AZUL 21
001100117755AAZZ..iinnddbb 2211 2233//0077//22002255 1122::3322::2255
--- PAG 22 ---
*010175AZ22*
ENEM2025ENEM2025ENEM2025ENEM2025ENEM2025ENEM2025ENEM2025ENEM2025ENEM2025ENEM2025ENEM2025ENEM2025ENEM2025ENEN2025ENEM2025ENEM2025ENEM2025ENEM2025ENEM2025ENEM2025ENEM2025ENEM2025ENEM2025ENEM2025ENEM2025ENEM2025ENEM2025ENEM2025ENEM2025ENEM2025ENEM2025ENEM2025ENEM2025ENEM2025ENEM2025ENEM2025ENEM2025ENEM2025ENEM2025ENEM2025ENEM2025ENEM2025ENEM2025ENEM2025ENEM2025
CIÊNCIAS HUMANAS E SUAS TECNOLOGIAS
Questões de 46 a 90
QUESTãO 46
Macedônia do Norte
Acordo entra em vigor e país muda oficialmente de nome
Entrou em vigor, em 2019, o acordo que determina a mudança de nome da Macedônia para Macedônia do Norte. A troca"
17;LC;167488;D;20;0;;1.73238;2.08558;0.13576;AZUL;1549;;0;2025;"
17
18 A
19 D
20
21
22
23
24
25
26
27
28
29
30
ENEM2025ENEM2025ENEM2025ENEM2025ENEM2025ENEM2025ENEM2025ENEM2025ENEM2025ENEM2025ENEM2025ENEM2025ENEM2025ENEN2025ENEM2025ENEM2025ENEM2025ENEM2025ENEM2025ENEM2025ENEM2025ENEM2025ENEM2025ENEM2025ENEM2025ENEM2025ENEM2025ENEM2025ENEM2025ENEM2025ENEM2025ENEM2025ENEM2025ENEM2025ENEM2025ENEM2025ENEM2025ENEM2025ENEM2025ENEM2025ENEM2025ENEM2025ENEM2025ENEM2025ENEM2025
LINGUAGENS, CÓDIGOS E SUAS TECNOLOGIAS E REDAÇÃO | 1º DIA | CADERNO 1 | AZUL 21
001100117755AAZZ..iinnddbb 2211 2233//0077//22002255 1122::3322::2255
--- PAG 22 ---
*010175AZ22*
ENEM2025ENEM2025ENEM2025ENEM2025ENEM2025ENEM2025ENEM2025ENEM2025ENEM2025ENEM2025ENEM2025ENEM2025ENEM2025ENEN2025ENEM2025ENEM2025ENEM2025ENEM2025ENEM2025ENEM2025ENEM2025ENEM2025ENEM2025ENEM2025ENEM2025ENEM2025ENEM2025ENEM2025ENEM2025ENEM2025ENEM2025ENEM2025ENEM2025ENEM2025ENEM2025ENEM2025ENEM2025ENEM2025ENEM2025ENEM2025ENEM2025ENEM2025ENEM2025ENEM2025ENEM2025
CIÊNCIAS HUMANAS E SUAS TECNOLOGIAS
Questões de 46 a 90
QUESTãO 46
Macedônia do Norte
Acordo entra em vigor e país muda oficialmente de nome
Entrou em vigor, em 2019, o acordo que determina a mudança de nome da Macedônia para Macedônia do Norte. A troca"
29;LC;158760;B;15;0;;1.7113;1.6294;0.17187;AZUL;1529;;0;2025;"
29
30
ENEM2025ENEM2025ENEM2025ENEM2025ENEM2025ENEM2025ENEM2025ENEM2025ENEM2025ENEM2025ENEM2025ENEM2025ENEM2025ENEN2025ENEM2025ENEM2025ENEM2025ENEM2025ENEM2025ENEM2025ENEM2025ENEM2025ENEM2025ENEM2025ENEM2025ENEM2025ENEM2025ENEM2025ENEM2025ENEM2025ENEM2025ENEM2025ENEM2025ENEM2025ENEM2025ENEM2025ENEM2025ENEM2025ENEM2025ENEM2025ENEM2025ENEM2025ENEM2025ENEM2025ENEM2025
LINGUAGENS, CÓDIGOS E SUAS TECNOLOGIAS E REDAÇÃO | 1º DIA | CADERNO 1 | AZUL 21
001100117755AAZZ..iinnddbb 2211 2233//0077//22002255 1122::3322::2255
--- PAG 22 ---
*010175AZ22*
ENEM2025ENEM2025ENEM2025ENEM2025ENEM2025ENEM2025ENEM2025ENEM2025ENEM2025ENEM2025ENEM2025ENEM2025ENEM2025ENEN2025ENEM2025ENEM2025ENEM2025ENEM2025ENEM2025ENEM2025ENEM2025ENEM2025ENEM2025ENEM2025ENEM2025ENEM2025ENEM2025ENEM2025ENEM2025ENEM2025ENEM2025ENEM2025ENEM2025ENEM2025ENEM2025ENEM2025ENEM2025ENEM2025ENEM2025ENEM2025ENEM2025ENEM2025ENEM2025ENEM2025ENEM2025
CIÊNCIAS HUMANAS E SUAS TECNOLOGIAS
Questões de 46 a 90
QUESTãO 46
Macedônia do Norte
Acordo entra em vigor e país muda oficialmente de nome
Entrou em vigor, em 2019, o acordo que determina a mudança de nome da Macedônia para Macedônia do Norte. A troca
põe fim — ao menos por enquanto — no im"
29;LC;158760;B;15;0;;1.7113;1.6294;0.17187;AZUL;1529;;0;2025;"
29
30
ENEM2025ENEM2025ENEM2025ENEM2025ENEM2025ENEM2025ENEM2025ENEM2025ENEM2025ENEM2025ENEM2025ENEM2025ENEM2025ENEN2025ENEM2025ENEM2025ENEM2025ENEM2025ENEM2025ENEM2025ENEM2025ENEM2025ENEM2025ENEM2025ENEM2025ENEM2025ENEM2025ENEM2025ENEM2025ENEM2025ENEM2025ENEM2025ENEM2025ENEM2025ENEM2025ENEM2025ENEM2025ENEM2025ENEM2025ENEM2025ENEM2025ENEM2025ENEM2025ENEM2025ENEM2025
LINGUAGENS, CÓDIGOS E SUAS TECNOLOGIAS E REDAÇÃO | 1º DIA | CADERNO 1 | AZUL 21
001100117755AAZZ..iinnddbb 2211 2233//0077//22002255 1122::3322::2255
--- PAG 22 ---
*010175AZ22*
ENEM2025ENEM2025ENEM2025ENEM2025ENEM2025ENEM2025ENEM2025ENEM2025ENEM2025ENEM2025ENEM2025ENEM2025ENEM2025ENEN2025ENEM2025ENEM2025ENEM2025ENEM2025ENEM2025ENEM2025ENEM2025ENEM2025ENEM2025ENEM2025ENEM2025ENEM2025ENEM2025ENEM2025ENEM2025ENEM2025ENEM2025ENEM2025ENEM2025ENEM2025ENEM2025ENEM2025ENEM2025ENEM2025ENEM2025ENEM2025ENEM2025ENEM2025ENEM2025ENEM2025ENEM2025
CIÊNCIAS HUMANAS E SUAS TECNOLOGIAS
Questões de 46 a 90
QUESTãO 46
Macedônia do Norte
Acordo entra em vigor e país muda oficialmente de nome
Entrou em vigor, em 2019, o acordo que determina a mudança de nome da Macedônia para Macedônia do Norte. A troca
põe fim — ao menos por enquanto — no im"
29;LC;158760;B;15;0;;1.7113;1.6294;0.17187;AZUL;1529;;0;2025;"
29
30
ENEM2025ENEM2025ENEM2025ENEM2025ENEM2025ENEM2025ENEM2025ENEM2025ENEM2025ENEM2025ENEM2025ENEM2025ENEM2025ENEN2025ENEM2025ENEM2025ENEM2025ENEM2025ENEM2025ENEM2025ENEM2025ENEM2025ENEM2025ENEM2025ENEM2025ENEM2025ENEM2025ENEM2025ENEM2025ENEM2025ENEM2025ENEM2025ENEM2025ENEM2025ENEM2025ENEM2025ENEM2025ENEM2025ENEM2025ENEM2025ENEM2025ENEM2025ENEM2025ENEM2025ENEM2025
LINGUAGENS, CÓDIGOS E SUAS TECNOLOGIAS E REDAÇÃO | 1º DIA | CADERNO 1 | AZUL 21
001100117755AAZZ..iinnddbb 2211 2233//0077//22002255 1122::3322::2255
--- PAG 22 ---
*010175AZ22*
ENEM2025ENEM2025ENEM2025ENEM2025ENEM2025ENEM2025ENEM2025ENEM2025ENEM2025ENEM2025ENEM2025ENEM2025ENEM2025ENEN2025ENEM2025ENEM2025ENEM2025ENEM2025ENEM2025ENEM2025ENEM2025ENEM2025ENEM2025ENEM2025ENEM2025ENEM2025ENEM2025ENEM2025ENEM2025ENEM2025ENEM2025ENEM2025ENEM2025ENEM2025ENEM2025ENEM2025ENEM2025ENEM2025ENEM2025ENEM2025ENEM2025ENEM2025ENEM2025ENEM2025ENEM2025
CIÊNCIAS HUMANAS E SUAS TECNOLOGIAS
Questões de 46 a 90
QUESTãO 46
Macedônia do Norte
Acordo entra em vigor e país muda oficialmente de nome
Entrou em vigor, em 2019, o acordo que determina a mudança de nome da Macedônia para Macedônia do Norte. A troca
põe fim — ao menos por enquanto — no im"
30;LC;167269;D;18;0;;1.70037;1.00357;0.13645;AZUL;1549;;0;2025;"
30
ENEM2025ENEM2025ENEM2025ENEM2025ENEM2025ENEM2025ENEM2025ENEM2025ENEM2025ENEM2025ENEM2025ENEM2025ENEM2025ENEN2025ENEM2025ENEM2025ENEM2025ENEM2025ENEM2025ENEM2025ENEM2025ENEM2025ENEM2025ENEM2025ENEM2025ENEM2025ENEM2025ENEM2025ENEM2025ENEM2025ENEM2025ENEM2025ENEM2025ENEM2025ENEM2025ENEM2025ENEM2025ENEM2025ENEM2025ENEM2025ENEM2025ENEM2025ENEM2025ENEM2025ENEM2025
LINGUAGENS, CÓDIGOS E SUAS TECNOLOGIAS E REDAÇÃO | 1º DIA | CADERNO 1 | AZUL 21
001100117755AAZZ..iinnddbb 2211 2233//0077//22002255 1122::3322::2255
--- PAG 22 ---
*010175AZ22*
ENEM2025ENEM2025ENEM2025ENEM2025ENEM2025ENEM2025ENEM2025ENEM2025ENEM2025ENEM2025ENEM2025ENEM2025ENEM2025ENEN2025ENEM2025ENEM2025ENEM2025ENEM2025ENEM2025ENEM2025ENEM2025ENEM2025ENEM2025ENEM2025ENEM2025ENEM2025ENEM2025ENEM2025ENEM2025ENEM2025ENEM2025ENEM2025ENEM2025ENEM2025ENEM2025ENEM2025ENEM2025ENEM2025ENEM2025ENEM2025ENEM2025ENEM2025ENEM2025ENEM2025ENEM2025
CIÊNCIAS HUMANAS E SUAS TECNOLOGIAS
Questões de 46 a 90
QUESTãO 46
Macedônia do Norte
Acordo entra em vigor e país muda oficialmente de nome
Entrou em vigor, em 2019, o acordo que determina a mudança de nome da Macedônia para Macedônia do Norte. A troca
põe fim — ao menos por enquanto — no impas"
30;LC;167269;D;18;0;;1.70037;1.00357;0.13645;AZUL;1549;;0;2025;"
30
ENEM2025ENEM2025ENEM2025ENEM2025ENEM2025ENEM2025ENEM2025ENEM2025ENEM2025ENEM2025ENEM2025ENEM2025ENEM2025ENEN2025ENEM2025ENEM2025ENEM2025ENEM2025ENEM2025ENEM2025ENEM2025ENEM2025ENEM2025ENEM2025ENEM2025ENEM2025ENEM2025ENEM2025ENEM2025ENEM2025ENEM2025ENEM2025ENEM2025ENEM2025ENEM2025ENEM2025ENEM2025ENEM2025ENEM2025ENEM2025ENEM2025ENEM2025ENEM2025ENEM2025ENEM2025
LINGUAGENS, CÓDIGOS E SUAS TECNOLOGIAS E REDAÇÃO | 1º DIA | CADERNO 1 | AZUL 21
001100117755AAZZ..iinnddbb 2211 2233//0077//22002255 1122::3322::2255
--- PAG 22 ---
*010175AZ22*
ENEM2025ENEM2025ENEM2025ENEM2025ENEM2025ENEM2025ENEM2025ENEM2025ENEM2025ENEM2025ENEM2025ENEM2025ENEM2025ENEN2025ENEM2025ENEM2025ENEM2025ENEM2025ENEM2025ENEM2025ENEM2025ENEM2025ENEM2025ENEM2025ENEM2025ENEM2025ENEM2025ENEM2025ENEM2025ENEM2025ENEM2025ENEM2025ENEM2025ENEM2025ENEM2025ENEM2025ENEM2025ENEM2025ENEM2025ENEM2025ENEM2025ENEM2025ENEM2025ENEM2025ENEM2025
CIÊNCIAS HUMANAS E SUAS TECNOLOGIAS
Questões de 46 a 90
QUESTãO 46
Macedônia do Norte
Acordo entra em vigor e país muda oficialmente de nome
Entrou em vigor, em 2019, o acordo que determina a mudança de nome da Macedônia para Macedônia do Norte. A troca
põe fim — ao menos por enquanto — no impas"
30;LC;167269;D;18;0;;1.70037;1.00357;0.13645;AZUL;1549;;0;2025;"
30
ENEM2025ENEM2025ENEM2025ENEM2025ENEM2025ENEM2025ENEM2025ENEM2025ENEM2025ENEM2025ENEM2025ENEM2025ENEM2025ENEN2025ENEM2025ENEM2025ENEM2025ENEM2025ENEM2025ENEM2025ENEM2025ENEM2025ENEM2025ENEM2025ENEM2025ENEM2025ENEM2025ENEM2025ENEM2025ENEM2025ENEM2025ENEM2025ENEM2025ENEM2025ENEM2025ENEM2025ENEM2025ENEM2025ENEM2025ENEM2025ENEM2025ENEM2025ENEM2025ENEM2025ENEM2025
LINGUAGENS, CÓDIGOS E SUAS TECNOLOGIAS E REDAÇÃO | 1º DIA | CADERNO 1 | AZUL 21
001100117755AAZZ..iinnddbb 2211 2233//0077//22002255 1122::3322::2255
--- PAG 22 ---
*010175AZ22*
ENEM2025ENEM2025ENEM2025ENEM2025ENEM2025ENEM2025ENEM2025ENEM2025ENEM2025ENEM2025ENEM2025ENEM2025ENEM2025ENEN2025ENEM2025ENEM2025ENEM2025ENEM2025ENEM2025ENEM2025ENEM2025ENEM2025ENEM2025ENEM2025ENEM2025ENEM2025ENEM2025ENEM2025ENEM2025ENEM2025ENEM2025ENEM2025ENEM2025ENEM2025ENEM2025ENEM2025ENEM2025ENEM2025ENEM2025ENEM2025ENEM2025ENEM2025ENEM2025ENEM2025ENEM2025
CIÊNCIAS HUMANAS E SUAS TECNOLOGIAS
Questões de 46 a 90
QUESTãO 46
Macedônia do Norte
Acordo entra em vigor e país muda oficialmente de nome
Entrou em vigor, em 2019, o acordo que determina a mudança de nome da Macedônia para Macedônia do Norte. A troca
põe fim — ao menos por enquanto — no impas"
116;CN;35888;D;25;0;;1.69985;2.40932;0.22119;AZUL;1569;;0;2025;Questão 116 - Texto extraído da Prova Oficial.
116;CN;35888;D;25;0;;1.69985;2.40932;0.22119;AZUL;1569;;0;2025;Questão 116 - Texto extraído da Prova Oficial.
116;CN;35888;D;25;0;;1.69985;2.40932;0.22119;AZUL;1569;;0;2025;Questão 116 - Texto extraído da Prova Oficial.
39;LC;158650;C;26;0;;1.6994;0.43322;0.17255;AZUL;1529;;0;2025;Questão 39 - Texto extraído da Prova Oficial.
39;LC;158650;C;26;0;;1.6994;0.43322;0.17255;AZUL;1529;;0;2025;Questão 39 - Texto extraído da Prova Oficial.
39;LC;158650;C;26;0;;1.6994;0.43322;0.17255;AZUL;1529;;0;2025;Questão 39 - Texto extraído da Prova Oficial.
13;LC;27140;A;15;0;;1.69494;0.65692;0.19761;AZUL;1549;;0;2025;Questão 13 - Texto extraído da Prova Oficial.
13;LC;27140;A;15;0;;1.69494;0.65692;0.19761;AZUL;1549;;0;2025;Questão 13 - Texto extraído da Prova Oficial.
13;LC;27140;A;15;0;;1.69494;0.65692;0.19761;AZUL;1549;;0;2025;Questão 13 - Texto extraído da Prova Oficial.
142;MT;85403;E;16;0;;1.67978;1.42175;0.1127;AZUL;1559;;0;2025;Questão 142 - Texto extraído da Prova Oficial.
142;MT;85403;E;16;0;;1.67978;1.42175;0.1127;AZUL;1559;;0;2025;Questão 142 - Texto extraído da Prova Oficial.
142;MT;85403;E;16;0;;1.67978;1.42175;0.1127;AZUL;1559;;0;2025;Questão 142 - Texto extraído da Prova Oficial.
4;LC;158743;E;8;0;;1.66744;0.40597;0.18735;AZUL;1529;1.0;0;2025;"
4
5
6
7
8
O
9
H
10
N
11 O
U
12 ã
C
13 Ç
S
14 A A
15 R D
16 E
R
17
18 A
19 D
20
21
22
23
24
25
26
27
28
29
30
ENEM2025ENEM2025ENEM2025ENEM2025ENEM2025ENEM2025ENEM2025ENEM2025ENEM2025ENEM2025ENEM2025ENEM2025ENEM2025ENEN2025ENEM2025ENEM2025ENEM2025ENEM2025ENEM2025ENEM2025ENEM2025ENEM2025ENEM2025ENEM2025ENEM2025ENEM2025ENEM2025ENEM2025ENEM2025ENEM2025ENEM2025ENEM2025ENEM2025ENEM2025ENEM2025ENEM2025ENEM2025ENEM2025ENEM2025ENEM2025ENEM2025ENEM2025ENEM2025ENEM2025ENEM2025
LINGUAGENS, CÓDIGOS E SUAS TECNOLOGIAS E REDAÇÃO | 1º DIA | CADERNO 1 | AZUL 21
001100117755AAZZ..iinnddbb 2211 2233//0077//22002255 1122::3322::2255
--- PAG 22 ---
*010175AZ22*
ENEM2025ENEM2025ENEM2025ENEM2025ENEM2025ENEM2025ENEM2025ENEM2025ENEM2025ENEM2025ENEM2025ENEM2025ENEM2025ENEN2025ENEM2025ENEM2025ENEM2025ENEM2025ENEM2025ENEM2025ENEM2025ENEM2025ENEM2025ENEM2025ENEM2025ENEM2025ENEM2025ENEM2025ENEM2025ENEM2025ENEM2025ENEM2025ENEM2025ENEM2025ENEM2025ENEM2025ENEM2025ENEM2025ENEM2025ENEM2025ENEM2025ENEM2025ENEM2025ENEM2025ENEM2025
CIÊNCIAS HUMANAS E SUAS TECNOLOGIAS
Questões de 46 a 90
QUESTãO 46
Macedônia do Norte
Acordo entra em vigor e país muda oficialmente de nome
Entrou em vigor, em 2019, o acordo que determina "
4;LC;158743;E;8;0;;1.66744;0.40597;0.18735;AZUL;1529;1.0;0;2025;"
4
5
6
7
8
O
9
H
10
N
11 O
U
12 ã
C
13 Ç
S
14 A A
15 R D
16 E
R
17
18 A
19 D
20
21
22
23
24
25
26
27
28
29
30
ENEM2025ENEM2025ENEM2025ENEM2025ENEM2025ENEM2025ENEM2025ENEM2025ENEM2025ENEM2025ENEM2025ENEM2025ENEM2025ENEN2025ENEM2025ENEM2025ENEM2025ENEM2025ENEM2025ENEM2025ENEM2025ENEM2025ENEM2025ENEM2025ENEM2025ENEM2025ENEM2025ENEM2025ENEM2025ENEM2025ENEM2025ENEM2025ENEM2025ENEM2025ENEM2025ENEM2025ENEM2025ENEM2025ENEM2025ENEM2025ENEM2025ENEM2025ENEM2025ENEM2025ENEM2025
LINGUAGENS, CÓDIGOS E SUAS TECNOLOGIAS E REDAÇÃO | 1º DIA | CADERNO 1 | AZUL 21
001100117755AAZZ..iinnddbb 2211 2233//0077//22002255 1122::3322::2255
--- PAG 22 ---
*010175AZ22*
ENEM2025ENEM2025ENEM2025ENEM2025ENEM2025ENEM2025ENEM2025ENEM2025ENEM2025ENEM2025ENEM2025ENEM2025ENEM2025ENEN2025ENEM2025ENEM2025ENEM2025ENEM2025ENEM2025ENEM2025ENEM2025ENEM2025ENEM2025ENEM2025ENEM2025ENEM2025ENEM2025ENEM2025ENEM2025ENEM2025ENEM2025ENEM2025ENEM2025ENEM2025ENEM2025ENEM2025ENEM2025ENEM2025ENEM2025ENEM2025ENEM2025ENEM2025ENEM2025ENEM2025ENEM2025
CIÊNCIAS HUMANAS E SUAS TECNOLOGIAS
Questões de 46 a 90
QUESTãO 46
Macedônia do Norte
Acordo entra em vigor e país muda oficialmente de nome
Entrou em vigor, em 2019, o acordo que determina "
4;LC;158743;E;8;0;;1.66744;0.40597;0.18735;AZUL;1529;1.0;0;2025;"
4
5
6
7
8
O
9
H
10
N
11 O
U
12 ã
C
13 Ç
S
14 A A
15 R D
16 E
R
17
18 A
19 D
20
21
22
23
24
25
26
27
28
29
30
ENEM2025ENEM2025ENEM2025ENEM2025ENEM2025ENEM2025ENEM2025ENEM2025ENEM2025ENEM2025ENEM2025ENEM2025ENEM2025ENEN2025ENEM2025ENEM2025ENEM2025ENEM2025ENEM2025ENEM2025ENEM2025ENEM2025ENEM2025ENEM2025ENEM2025ENEM2025ENEM2025ENEM2025ENEM2025ENEM2025ENEM2025ENEM2025ENEM2025ENEM2025ENEM2025ENEM2025ENEM2025ENEM2025ENEM2025ENEM2025ENEM2025ENEM2025ENEM2025ENEM2025ENEM2025
LINGUAGENS, CÓDIGOS E SUAS TECNOLOGIAS E REDAÇÃO | 1º DIA | CADERNO 1 | AZUL 21
001100117755AAZZ..iinnddbb 2211 2233//0077//22002255 1122::3322::2255
--- PAG 22 ---
*010175AZ22*
ENEM2025ENEM2025ENEM2025ENEM2025ENEM2025ENEM2025ENEM2025ENEM2025ENEM2025ENEM2025ENEM2025ENEM2025ENEM2025ENEN2025ENEM2025ENEM2025ENEM2025ENEM2025ENEM2025ENEM2025ENEM2025ENEM2025ENEM2025ENEM2025ENEM2025ENEM2025ENEM2025ENEM2025ENEM2025ENEM2025ENEM2025ENEM2025ENEM2025ENEM2025ENEM2025ENEM2025ENEM2025ENEM2025ENEM2025ENEM2025ENEM2025ENEM2025ENEM2025ENEM2025ENEM2025
CIÊNCIAS HUMANAS E SUAS TECNOLOGIAS
Questões de 46 a 90
QUESTãO 46
Macedônia do Norte
Acordo entra em vigor e país muda oficialmente de nome
Entrou em vigor, em 2019, o acordo que determina "
2;LC;118111;A;5;0;;1.66619;0.42235;0.20624;AZUL;1529;1.0;0;2025;"
2
3
4
5
6
7
8
O
9
H
10
N
11 O
U
12 ã
C
13 Ç
S
14 A A
15 R D
16 E
R
17
18 A
19 D
20
21
22
23
24
25
26
27
28
29
30
ENEM2025ENEM2025ENEM2025ENEM2025ENEM2025ENEM2025ENEM2025ENEM2025ENEM2025ENEM2025ENEM2025ENEM2025ENEM2025ENEN2025ENEM2025ENEM2025ENEM2025ENEM2025ENEM2025ENEM2025ENEM2025ENEM2025ENEM2025ENEM2025ENEM2025ENEM2025ENEM2025ENEM2025ENEM2025ENEM2025ENEM2025ENEM2025ENEM2025ENEM2025ENEM2025ENEM2025ENEM2025ENEM2025ENEM2025ENEM2025ENEM2025ENEM2025ENEM2025ENEM2025ENEM2025
LINGUAGENS, CÓDIGOS E SUAS TECNOLOGIAS E REDAÇÃO | 1º DIA | CADERNO 1 | AZUL 21
001100117755AAZZ..iinnddbb 2211 2233//0077//22002255 1122::3322::2255
--- PAG 22 ---
*010175AZ22*
ENEM2025ENEM2025ENEM2025ENEM2025ENEM2025ENEM2025ENEM2025ENEM2025ENEM2025ENEM2025ENEM2025ENEM2025ENEM2025ENEN2025ENEM2025ENEM2025ENEM2025ENEM2025ENEM2025ENEM2025ENEM2025ENEM2025ENEM2025ENEM2025ENEM2025ENEM2025ENEM2025ENEM2025ENEM2025ENEM2025ENEM2025ENEM2025ENEM2025ENEM2025ENEM2025ENEM2025ENEM2025ENEM2025ENEM2025ENEM2025ENEM2025ENEM2025ENEM2025ENEM2025ENEM2025
CIÊNCIAS HUMANAS E SUAS TECNOLOGIAS
Questões de 46 a 90
QUESTãO 46
Macedônia do Norte
Acordo entra em vigor e país muda oficialmente de nome
Entrou em vigor, em 2019, o acordo que determ"
2;LC;118111;A;5;0;;1.66619;0.42235;0.20624;AZUL;1529;1.0;0;2025;"
2
3
4
5
6
7
8
O
9
H
10
N
11 O
U
12 ã
C
13 Ç
S
14 A A
15 R D
16 E
R
17
18 A
19 D
20
21
22
23
24
25
26
27
28
29
30
ENEM2025ENEM2025ENEM2025ENEM2025ENEM2025ENEM2025ENEM2025ENEM2025ENEM2025ENEM2025ENEM2025ENEM2025ENEM2025ENEN2025ENEM2025ENEM2025ENEM2025ENEM2025ENEM2025ENEM2025ENEM2025ENEM2025ENEM2025ENEM2025ENEM2025ENEM2025ENEM2025ENEM2025ENEM2025ENEM2025ENEM2025ENEM2025ENEM2025ENEM2025ENEM2025ENEM2025ENEM2025ENEM2025ENEM2025ENEM2025ENEM2025ENEM2025ENEM2025ENEM2025ENEM2025
LINGUAGENS, CÓDIGOS E SUAS TECNOLOGIAS E REDAÇÃO | 1º DIA | CADERNO 1 | AZUL 21
001100117755AAZZ..iinnddbb 2211 2233//0077//22002255 1122::3322::2255
--- PAG 22 ---
*010175AZ22*
ENEM2025ENEM2025ENEM2025ENEM2025ENEM2025ENEM2025ENEM2025ENEM2025ENEM2025ENEM2025ENEM2025ENEM2025ENEM2025ENEN2025ENEM2025ENEM2025ENEM2025ENEM2025ENEM2025ENEM2025ENEM2025ENEM2025ENEM2025ENEM2025ENEM2025ENEM2025ENEM2025ENEM2025ENEM2025ENEM2025ENEM2025ENEM2025ENEM2025ENEM2025ENEM2025ENEM2025ENEM2025ENEM2025ENEM2025ENEM2025ENEM2025ENEM2025ENEM2025ENEM2025ENEM2025
CIÊNCIAS HUMANAS E SUAS TECNOLOGIAS
Questões de 46 a 90
QUESTãO 46
Macedônia do Norte
Acordo entra em vigor e país muda oficialmente de nome
Entrou em vigor, em 2019, o acordo que determ"
2;LC;118111;A;5;0;;1.66619;0.42235;0.20624;AZUL;1529;1.0;0;2025;"
2
3
4
5
6
7
8
O
9
H
10
N
11 O
U
12 ã
C
13 Ç
S
14 A A
15 R D
16 E
R
17
18 A
19 D
20
21
22
23
24
25
26
27
28
29
30
ENEM2025ENEM2025ENEM2025ENEM2025ENEM2025ENEM2025ENEM2025ENEM2025ENEM2025ENEM2025ENEM2025ENEM2025ENEM2025ENEN2025ENEM2025ENEM2025ENEM2025ENEM2025ENEM2025ENEM2025ENEM2025ENEM2025ENEM2025ENEM2025ENEM2025ENEM2025ENEM2025ENEM2025ENEM2025ENEM2025ENEM2025ENEM2025ENEM2025ENEM2025ENEM2025ENEM2025ENEM2025ENEM2025ENEM2025ENEM2025ENEM2025ENEM2025ENEM2025ENEM2025ENEM2025
LINGUAGENS, CÓDIGOS E SUAS TECNOLOGIAS E REDAÇÃO | 1º DIA | CADERNO 1 | AZUL 21
001100117755AAZZ..iinnddbb 2211 2233//0077//22002255 1122::3322::2255
--- PAG 22 ---
*010175AZ22*
ENEM2025ENEM2025ENEM2025ENEM2025ENEM2025ENEM2025ENEM2025ENEM2025ENEM2025ENEM2025ENEM2025ENEM2025ENEM2025ENEN2025ENEM2025ENEM2025ENEM2025ENEM2025ENEM2025ENEM2025ENEM2025ENEM2025ENEM2025ENEM2025ENEM2025ENEM2025ENEM2025ENEM2025ENEM2025ENEM2025ENEM2025ENEM2025ENEM2025ENEM2025ENEM2025ENEM2025ENEM2025ENEM2025ENEM2025ENEM2025ENEM2025ENEM2025ENEM2025ENEM2025ENEM2025
CIÊNCIAS HUMANAS E SUAS TECNOLOGIAS
Questões de 46 a 90
QUESTãO 46
Macedônia do Norte
Acordo entra em vigor e país muda oficialmente de nome
Entrou em vigor, em 2019, o acordo que determ"
149;MT;117857;D;16;0;;1.66599;0.80098;0.13873;AZUL;1502;;0;2025;Questão 149 - Texto extraído da Prova Oficial.
149;MT;117857;D;16;0;;1.66599;0.80098;0.13873;AZUL;1502;;0;2025;Questão 149 - Texto extraído da Prova Oficial.
149;MT;117857;D;16;0;;1.66599;0.80098;0.13873;AZUL;1502;;0;2025;Questão 149 - Texto extraído da Prova Oficial.
40;LC;150720;C;20;0;;1.66113;0.21916;0.20661;AZUL;1529;;0;2025;Questão 40 - Texto extraído da Prova Oficial.
40;LC;150720;C;20;0;;1.66113;0.21916;0.20661;AZUL;1529;;0;2025;Questão 40 - Texto extraído da Prova Oficial.
40;LC;150720;C;20;0;;1.66113;0.21916;0.20661;AZUL;1529;;0;2025;Questão 40 - Texto extraído da Prova Oficial.
17;LC;158754;E;17;0;;1.65908;1.31422;0.23254;AZUL;1529;;0;2025;"
17
18 A
19 D
20
21
22
23
24
25
26
27
28
29
30
ENEM2025ENEM2025ENEM2025ENEM2025ENEM2025ENEM2025ENEM2025ENEM2025ENEM2025ENEM2025ENEM2025ENEM2025ENEM2025ENEN2025ENEM2025ENEM2025ENEM2025ENEM2025ENEM2025ENEM2025ENEM2025ENEM2025ENEM2025ENEM2025ENEM2025ENEM2025ENEM2025ENEM2025ENEM2025ENEM2025ENEM2025ENEM2025ENEM2025ENEM2025ENEM2025ENEM2025ENEM2025ENEM2025ENEM2025ENEM2025ENEM2025ENEM2025ENEM2025ENEM2025ENEM2025
LINGUAGENS, CÓDIGOS E SUAS TECNOLOGIAS E REDAÇÃO | 1º DIA | CADERNO 1 | AZUL 21
001100117755AAZZ..iinnddbb 2211 2233//0077//22002255 1122::3322::2255
--- PAG 22 ---
*010175AZ22*
ENEM2025ENEM2025ENEM2025ENEM2025ENEM2025ENEM2025ENEM2025ENEM2025ENEM2025ENEM2025ENEM2025ENEM2025ENEM2025ENEN2025ENEM2025ENEM2025ENEM2025ENEM2025ENEM2025ENEM2025ENEM2025ENEM2025ENEM2025ENEM2025ENEM2025ENEM2025ENEM2025ENEM2025ENEM2025ENEM2025ENEM2025ENEM2025ENEM2025ENEM2025ENEM2025ENEM2025ENEM2025ENEM2025ENEM2025ENEM2025ENEM2025ENEM2025ENEM2025ENEM2025ENEM2025
CIÊNCIAS HUMANAS E SUAS TECNOLOGIAS
Questões de 46 a 90
QUESTãO 46
Macedônia do Norte
Acordo entra em vigor e país muda oficialmente de nome
Entrou em vigor, em 2019, o acordo que determina a mudança de nome da Macedônia para Macedônia do Norte. A troca"
17;LC;158754;E;17;0;;1.65908;1.31422;0.23254;AZUL;1529;;0;2025;"
17
18 A
19 D
20
21
22
23
24
25
26
27
28
29
30
ENEM2025ENEM2025ENEM2025ENEM2025ENEM2025ENEM2025ENEM2025ENEM2025ENEM2025ENEM2025ENEM2025ENEM2025ENEM2025ENEN2025ENEM2025ENEM2025ENEM2025ENEM2025ENEM2025ENEM2025ENEM2025ENEM2025ENEM2025ENEM2025ENEM2025ENEM2025ENEM2025ENEM2025ENEM2025ENEM2025ENEM2025ENEM2025ENEM2025ENEM2025ENEM2025ENEM2025ENEM2025ENEM2025ENEM2025ENEM2025ENEM2025ENEM2025ENEM2025ENEM2025ENEM2025
LINGUAGENS, CÓDIGOS E SUAS TECNOLOGIAS E REDAÇÃO | 1º DIA | CADERNO 1 | AZUL 21
001100117755AAZZ..iinnddbb 2211 2233//0077//22002255 1122::3322::2255
--- PAG 22 ---
*010175AZ22*
ENEM2025ENEM2025ENEM2025ENEM2025ENEM2025ENEM2025ENEM2025ENEM2025ENEM2025ENEM2025ENEM2025ENEM2025ENEM2025ENEN2025ENEM2025ENEM2025ENEM2025ENEM2025ENEM2025ENEM2025ENEM2025ENEM2025ENEM2025ENEM2025ENEM2025ENEM2025ENEM2025ENEM2025ENEM2025ENEM2025ENEM2025ENEM2025ENEM2025ENEM2025ENEM2025ENEM2025ENEM2025ENEM2025ENEM2025ENEM2025ENEM2025ENEM2025ENEM2025ENEM2025ENEM2025
CIÊNCIAS HUMANAS E SUAS TECNOLOGIAS
Questões de 46 a 90
QUESTãO 46
Macedônia do Norte
Acordo entra em vigor e país muda oficialmente de nome
Entrou em vigor, em 2019, o acordo que determina a mudança de nome da Macedônia para Macedônia do Norte. A troca"
17;LC;158754;E;17;0;;1.65908;1.31422;0.23254;AZUL;1529;;0;2025;"
17
18 A
19 D
20
21
22
23
24
25
26
27
28
29
30
ENEM2025ENEM2025ENEM2025ENEM2025ENEM2025ENEM2025ENEM2025ENEM2025ENEM2025ENEM2025ENEM2025ENEM2025ENEM2025ENEN2025ENEM2025ENEM2025ENEM2025ENEM2025ENEM2025ENEM2025ENEM2025ENEM2025ENEM2025ENEM2025ENEM2025ENEM2025ENEM2025ENEM2025ENEM2025ENEM2025ENEM2025ENEM2025ENEM2025ENEM2025ENEM2025ENEM2025ENEM2025ENEM2025ENEM2025ENEM2025ENEM2025ENEM2025ENEM2025ENEM2025ENEM2025
LINGUAGENS, CÓDIGOS E SUAS TECNOLOGIAS E REDAÇÃO | 1º DIA | CADERNO 1 | AZUL 21
001100117755AAZZ..iinnddbb 2211 2233//0077//22002255 1122::3322::2255
--- PAG 22 ---
*010175AZ22*
ENEM2025ENEM2025ENEM2025ENEM2025ENEM2025ENEM2025ENEM2025ENEM2025ENEM2025ENEM2025ENEM2025ENEM2025ENEM2025ENEN2025ENEM2025ENEM2025ENEM2025ENEM2025ENEM2025ENEM2025ENEM2025ENEM2025ENEM2025ENEM2025ENEM2025ENEM2025ENEM2025ENEM2025ENEM2025ENEM2025ENEM2025ENEM2025ENEM2025ENEM2025ENEM2025ENEM2025ENEM2025ENEM2025ENEM2025ENEM2025ENEM2025ENEM2025ENEM2025ENEM2025ENEM2025
CIÊNCIAS HUMANAS E SUAS TECNOLOGIAS
Questões de 46 a 90
QUESTãO 46
Macedônia do Norte
Acordo entra em vigor e país muda oficialmente de nome
Entrou em vigor, em 2019, o acordo que determina a mudança de nome da Macedônia para Macedônia do Norte. A troca"
49;CH;96245;A;23;0;;1.65724;1.48746;0.15721;AZUL;1539;;0;2025;Questão 49 - Texto extraído da Prova Oficial.
49;CH;96245;A;23;0;;1.65724;1.48746;0.15721;AZUL;1539;;0;2025;Questão 49 - Texto extraído da Prova Oficial.
49;CH;96245;A;23;0;;1.65724;1.48746;0.15721;AZUL;1539;;0;2025;Questão 49 - Texto extraído da Prova Oficial.
178;MT;126029;D;23;0;;1.64422;1.54805;0.29681;AZUL;1502;;0;2025;Questão 178 - Texto extraído da Prova Oficial.
178;MT;126029;D;23;0;;1.64422;1.54805;0.29681;AZUL;1502;;0;2025;Questão 178 - Texto extraído da Prova Oficial.
178;MT;126029;D;23;0;;1.64422;1.54805;0.29681;AZUL;1502;;0;2025;Questão 178 - Texto extraído da Prova Oficial.
59;CH;125736;C;10;0;;1.64383;-0.00157;0.20633;AZUL;1539;;0;2025;Questão 59 - Texto extraído da Prova Oficial.
59;CH;125736;C;10;0;;1.64383;-0.00157;0.20633;AZUL;1539;;0;2025;Questão 59 - Texto extraído da Prova Oficial.
59;CH;125736;C;10;0;;1.64383;-0.00157;0.20633;AZUL;1539;;0;2025;Questão 59 - Texto extraído da Prova Oficial.
54;CH;125726;E;9;0;;1.64097;-0.02621;0.1877;AZUL;1520;;0;2025;Questão 54 - Texto extraído da Prova Oficial.
54;CH;125726;E;9;0;;1.64097;-0.02621;0.1877;AZUL;1520;;0;2025;Questão 54 - Texto extraído da Prova Oficial.
54;CH;125726;E;9;0;;1.64097;-0.02621;0.1877;AZUL;1520;;0;2025;Questão 54 - Texto extraído da Prova Oficial.
123;CN;141593;B;2;0;;1.63543;1.41487;0.17897;AZUL;1511;;0;2025;Questão 123 - Texto extraído da Prova Oficial.
123;CN;141593;B;2;0;;1.63543;1.41487;0.17897;AZUL;1511;;0;2025;Questão 123 - Texto extraído da Prova Oficial.
123;CN;141593;B;2;0;;1.63543;1.41487;0.17897;AZUL;1511;;0;2025;Questão 123 - Texto extraído da Prova Oficial.
13;LC;150560;E;1;0;;1.62987;0.27357;0.19628;AZUL;1529;;0;2025;Questão 13 - Texto extraído da Prova Oficial.
13;LC;150560;E;1;0;;1.62987;0.27357;0.19628;AZUL;1529;;0;2025;Questão 13 - Texto extraído da Prova Oficial.
13;LC;150560;E;1;0;;1.62987;0.27357;0.19628;AZUL;1529;;0;2025;Questão 13 - Texto extraído da Prova Oficial.
52;CH;140488;C;24;0;;1.62615;2.76603;0.19652;AZUL;1539;;0;2025;Questão 52 - Texto extraído da Prova Oficial.
52;CH;140488;C;24;0;;1.62615;2.76603;0.19652;AZUL;1539;;0;2025;Questão 52 - Texto extraído da Prova Oficial.
52;CH;140488;C;24;0;;1.62615;2.76603;0.19652;AZUL;1539;;0;2025;Questão 52 - Texto extraído da Prova Oficial.
136;MT;117895;D;13;0;;1.62446;2.17254;0.18394;AZUL;1559;;0;2025;Questão 136 - Texto extraído da Prova Oficial.
136;MT;117895;D;13;0;;1.62446;2.17254;0.18394;AZUL;1559;;0;2025;Questão 136 - Texto extraído da Prova Oficial.
136;MT;117895;D;13;0;;1.62446;2.17254;0.18394;AZUL;1559;;0;2025;Questão 136 - Texto extraído da Prova Oficial.
91;CN;117855;D;19;0;;1.61847;0.69718;0.19289;AZUL;1511;;0;2025;Questão 91 - Texto extraído da Prova Oficial.
91;CN;117855;D;19;0;;1.61847;0.69718;0.19289;AZUL;1511;;0;2025;Questão 91 - Texto extraído da Prova Oficial.
91;CN;117855;D;19;0;;1.61847;0.69718;0.19289;AZUL;1511;;0;2025;Questão 91 - Texto extraído da Prova Oficial.
158;MT;85277;E;25;0;;1.61685;2.38054;0.14472;AZUL;1559;;0;2025;Questão 158 - Texto extraído da Prova Oficial.
158;MT;85277;E;25;0;;1.61685;2.38054;0.14472;AZUL;1559;;0;2025;Questão 158 - Texto extraído da Prova Oficial.
158;MT;85277;E;25;0;;1.61685;2.38054;0.14472;AZUL;1559;;0;2025;Questão 158 - Texto extraído da Prova Oficial.
164;MT;141519;A;6;0;;1.6144;1.77734;0.14116;AZUL;1559;;0;2025;Questão 164 - Texto extraído da Prova Oficial.
164;MT;141519;A;6;0;;1.6144;1.77734;0.14116;AZUL;1559;;0;2025;Questão 164 - Texto extraído da Prova Oficial.
164;MT;141519;A;6;0;;1.6144;1.77734;0.14116;AZUL;1559;;0;2025;Questão 164 - Texto extraído da Prova Oficial.
157;MT;40816;D;25;0;;1.60995;1.58069;0.12267;AZUL;1559;;0;2025;Questão 157 - Texto extraído da Prova Oficial.
157;MT;40816;D;25;0;;1.60995;1.58069;0.12267;AZUL;1559;;0;2025;Questão 157 - Texto extraído da Prova Oficial.
157;MT;40816;D;25;0;;1.60995;1.58069;0.12267;AZUL;1559;;0;2025;Questão 157 - Texto extraído da Prova Oficial.
20;LC;157675;C;17;0;;1.60753;1.87994;0.29956;AZUL;1529;;0;2025;"
20
21
22
23
24
25
26
27
28
29
30
ENEM2025ENEM2025ENEM2025ENEM2025ENEM2025ENEM2025ENEM2025ENEM2025ENEM2025ENEM2025ENEM2025ENEM2025ENEM2025ENEN2025ENEM2025ENEM2025ENEM2025ENEM2025ENEM2025ENEM2025ENEM2025ENEM2025ENEM2025ENEM2025ENEM2025ENEM2025ENEM2025ENEM2025ENEM2025ENEM2025ENEM2025ENEM2025ENEM2025ENEM2025ENEM2025ENEM2025ENEM2025ENEM2025ENEM2025ENEM2025ENEM2025ENEM2025ENEM2025ENEM2025ENEM2025
LINGUAGENS, CÓDIGOS E SUAS TECNOLOGIAS E REDAÇÃO | 1º DIA | CADERNO 1 | AZUL 21
001100117755AAZZ..iinnddbb 2211 2233//0077//22002255 1122::3322::2255
--- PAG 22 ---
*010175AZ22*
ENEM2025ENEM2025ENEM2025ENEM2025ENEM2025ENEM2025ENEM2025ENEM2025ENEM2025ENEM2025ENEM2025ENEM2025ENEM2025ENEN2025ENEM2025ENEM2025ENEM2025ENEM2025ENEM2025ENEM2025ENEM2025ENEM2025ENEM2025ENEM2025ENEM2025ENEM2025ENEM2025ENEM2025ENEM2025ENEM2025ENEM2025ENEM2025ENEM2025ENEM2025ENEM2025ENEM2025ENEM2025ENEM2025ENEM2025ENEM2025ENEM2025ENEM2025ENEM2025ENEM2025ENEM2025
CIÊNCIAS HUMANAS E SUAS TECNOLOGIAS
Questões de 46 a 90
QUESTãO 46
Macedônia do Norte
Acordo entra em vigor e país muda oficialmente de nome
Entrou em vigor, em 2019, o acordo que determina a mudança de nome da Macedônia para Macedônia do Norte. A troca
põe fim — ao"
20;LC;157675;C;17;0;;1.60753;1.87994;0.29956;AZUL;1529;;0;2025;"
20
21
22
23
24
25
26
27
28
29
30
ENEM2025ENEM2025ENEM2025ENEM2025ENEM2025ENEM2025ENEM2025ENEM2025ENEM2025ENEM2025ENEM2025ENEM2025ENEM2025ENEN2025ENEM2025ENEM2025ENEM2025ENEM2025ENEM2025ENEM2025ENEM2025ENEM2025ENEM2025ENEM2025ENEM2025ENEM2025ENEM2025ENEM2025ENEM2025ENEM2025ENEM2025ENEM2025ENEM2025ENEM2025ENEM2025ENEM2025ENEM2025ENEM2025ENEM2025ENEM2025ENEM2025ENEM2025ENEM2025ENEM2025ENEM2025
LINGUAGENS, CÓDIGOS E SUAS TECNOLOGIAS E REDAÇÃO | 1º DIA | CADERNO 1 | AZUL 21
001100117755AAZZ..iinnddbb 2211 2233//0077//22002255 1122::3322::2255
--- PAG 22 ---
*010175AZ22*
ENEM2025ENEM2025ENEM2025ENEM2025ENEM2025ENEM2025ENEM2025ENEM2025ENEM2025ENEM2025ENEM2025ENEM2025ENEM2025ENEN2025ENEM2025ENEM2025ENEM2025ENEM2025ENEM2025ENEM2025ENEM2025ENEM2025ENEM2025ENEM2025ENEM2025ENEM2025ENEM2025ENEM2025ENEM2025ENEM2025ENEM2025ENEM2025ENEM2025ENEM2025ENEM2025ENEM2025ENEM2025ENEM2025ENEM2025ENEM2025ENEM2025ENEM2025ENEM2025ENEM2025ENEM2025
CIÊNCIAS HUMANAS E SUAS TECNOLOGIAS
Questões de 46 a 90
QUESTãO 46
Macedônia do Norte
Acordo entra em vigor e país muda oficialmente de nome
Entrou em vigor, em 2019, o acordo que determina a mudança de nome da Macedônia para Macedônia do Norte. A troca
põe fim — ao"
20;LC;157675;C;17;0;;1.60753;1.87994;0.29956;AZUL;1529;;0;2025;"
20
21
22
23
24
25
26
27
28
29
30
ENEM2025ENEM2025ENEM2025ENEM2025ENEM2025ENEM2025ENEM2025ENEM2025ENEM2025ENEM2025ENEM2025ENEM2025ENEM2025ENEN2025ENEM2025ENEM2025ENEM2025ENEM2025ENEM2025ENEM2025ENEM2025ENEM2025ENEM2025ENEM2025ENEM2025ENEM2025ENEM2025ENEM2025ENEM2025ENEM2025ENEM2025ENEM2025ENEM2025ENEM2025ENEM2025ENEM2025ENEM2025ENEM2025ENEM2025ENEM2025ENEM2025ENEM2025ENEM2025ENEM2025ENEM2025
LINGUAGENS, CÓDIGOS E SUAS TECNOLOGIAS E REDAÇÃO | 1º DIA | CADERNO 1 | AZUL 21
001100117755AAZZ..iinnddbb 2211 2233//0077//22002255 1122::3322::2255
--- PAG 22 ---
*010175AZ22*
ENEM2025ENEM2025ENEM2025ENEM2025ENEM2025ENEM2025ENEM2025ENEM2025ENEM2025ENEM2025ENEM2025ENEM2025ENEM2025ENEN2025ENEM2025ENEM2025ENEM2025ENEM2025ENEM2025ENEM2025ENEM2025ENEM2025ENEM2025ENEM2025ENEM2025ENEM2025ENEM2025ENEM2025ENEM2025ENEM2025ENEM2025ENEM2025ENEM2025ENEM2025ENEM2025ENEM2025ENEM2025ENEM2025ENEM2025ENEM2025ENEM2025ENEM2025ENEM2025ENEM2025ENEM2025
CIÊNCIAS HUMANAS E SUAS TECNOLOGIAS
Questões de 46 a 90
QUESTãO 46
Macedônia do Norte
Acordo entra em vigor e país muda oficialmente de nome
Entrou em vigor, em 2019, o acordo que determina a mudança de nome da Macedônia para Macedônia do Norte. A troca
põe fim — ao"
73;CH;118114;C;14;0;;1.60077;1.86218;0.30469;AZUL;1539;;0;2025;Questão 73 - Texto extraído da Prova Oficial.
73;CH;118114;C;14;0;;1.60077;1.86218;0.30469;AZUL;1539;;0;2025;Questão 73 - Texto extraído da Prova Oficial.
73;CH;118114;C;14;0;;1.60077;1.86218;0.30469;AZUL;1539;;0;2025;Questão 73 - Texto extraído da Prova Oficial.
72;CH;141034;D;14;0;;1.60039;1.16951;0.22784;AZUL;1539;;0;2025;Questão 72 - Texto extraído da Prova Oficial.
72;CH;141034;D;14;0;;1.60039;1.16951;0.22784;AZUL;1539;;0;2025;Questão 72 - Texto extraído da Prova Oficial.
72;CH;141034;D;14;0;;1.60039;1.16951;0.22784;AZUL;1539;;0;2025;Questão 72 - Texto extraído da Prova Oficial.
34;LC;157660;D;3;0;;1.59901;0.01472;0.20577;AZUL;1549;;0;2025;Questão 34 - Texto extraído da Prova Oficial.
34;LC;157660;D;3;0;;1.59901;0.01472;0.20577;AZUL;1549;;0;2025;Questão 34 - Texto extraído da Prova Oficial.
34;LC;157660;D;3;0;;1.59901;0.01472;0.20577;AZUL;1549;;0;2025;Questão 34 - Texto extraído da Prova Oficial.
148;MT;5774;D;12;0;;1.59788;3.46057;0.24687;AZUL;1502;;0;2025;Questão 148 - Texto extraído da Prova Oficial.
148;MT;5774;D;12;0;;1.59788;3.46057;0.24687;AZUL;1502;;0;2025;Questão 148 - Texto extraído da Prova Oficial.
148;MT;5774;D;12;0;;1.59788;3.46057;0.24687;AZUL;1502;;0;2025;Questão 148 - Texto extraído da Prova Oficial.
139;MT;125891;A;10;0;;1.58863;-0.44317;0.2049;AZUL;1502;;0;2025;Questão 139 - Texto extraído da Prova Oficial.
139;MT;125891;A;10;0;;1.58863;-0.44317;0.2049;AZUL;1502;;0;2025;Questão 139 - Texto extraído da Prova Oficial.
139;MT;125891;A;10;0;;1.58863;-0.44317;0.2049;AZUL;1502;;0;2025;Questão 139 - Texto extraído da Prova Oficial.
130;CN;117862;C;4;0;;1.57295;0.24194;0.21252;AZUL;1511;;0;2025;Questão 130 - Texto extraído da Prova Oficial.
130;CN;117862;C;4;0;;1.57295;0.24194;0.21252;AZUL;1511;;0;2025;Questão 130 - Texto extraído da Prova Oficial.
130;CN;117862;C;4;0;;1.57295;0.24194;0.21252;AZUL;1511;;0;2025;Questão 130 - Texto extraído da Prova Oficial.
113;CN;117870;D;29;0;;1.57256;2.63447;0.18216;AZUL;1569;;0;2025;Questão 113 - Texto extraído da Prova Oficial.
113;CN;117870;D;29;0;;1.57256;2.63447;0.18216;AZUL;1569;;0;2025;Questão 113 - Texto extraído da Prova Oficial.
113;CN;117870;D;29;0;;1.57256;2.63447;0.18216;AZUL;1569;;0;2025;Questão 113 - Texto extraído da Prova Oficial.
71;CH;118017;B;28;0;;1.5713;0.42898;0.21913;AZUL;1520;;0;2025;Questão 71 - Texto extraído da Prova Oficial.
71;CH;118017;B;28;0;;1.5713;0.42898;0.21913;AZUL;1520;;0;2025;Questão 71 - Texto extraído da Prova Oficial.
71;CH;118017;B;28;0;;1.5713;0.42898;0.21913;AZUL;1520;;0;2025;Questão 71 - Texto extraído da Prova Oficial.
25;LC;157652;B;3;0;;1.56815;0.72191;0.21684;AZUL;1529;;0;2025;"
25
26
27
28
29
30
ENEM2025ENEM2025ENEM2025ENEM2025ENEM2025ENEM2025ENEM2025ENEM2025ENEM2025ENEM2025ENEM2025ENEM2025ENEM2025ENEN2025ENEM2025ENEM2025ENEM2025ENEM2025ENEM2025ENEM2025ENEM2025ENEM2025ENEM2025ENEM2025ENEM2025ENEM2025ENEM2025ENEM2025ENEM2025ENEM2025ENEM2025ENEM2025ENEM2025ENEM2025ENEM2025ENEM2025ENEM2025ENEM2025ENEM2025ENEM2025ENEM2025ENEM2025ENEM2025ENEM2025ENEM2025
LINGUAGENS, CÓDIGOS E SUAS TECNOLOGIAS E REDAÇÃO | 1º DIA | CADERNO 1 | AZUL 21
001100117755AAZZ..iinnddbb 2211 2233//0077//22002255 1122::3322::2255
--- PAG 22 ---
*010175AZ22*
ENEM2025ENEM2025ENEM2025ENEM2025ENEM2025ENEM2025ENEM2025ENEM2025ENEM2025ENEM2025ENEM2025ENEM2025ENEM2025ENEN2025ENEM2025ENEM2025ENEM2025ENEM2025ENEM2025ENEM2025ENEM2025ENEM2025ENEM2025ENEM2025ENEM2025ENEM2025ENEM2025ENEM2025ENEM2025ENEM2025ENEM2025ENEM2025ENEM2025ENEM2025ENEM2025ENEM2025ENEM2025ENEM2025ENEM2025ENEM2025ENEM2025ENEM2025ENEM2025ENEM2025ENEM2025
CIÊNCIAS HUMANAS E SUAS TECNOLOGIAS
Questões de 46 a 90
QUESTãO 46
Macedônia do Norte
Acordo entra em vigor e país muda oficialmente de nome
Entrou em vigor, em 2019, o acordo que determina a mudança de nome da Macedônia para Macedônia do Norte. A troca
põe fim — ao menos por enqu"
25;LC;157652;B;3;0;;1.56815;0.72191;0.21684;AZUL;1529;;0;2025;"
25
26
27
28
29
30
ENEM2025ENEM2025ENEM2025ENEM2025ENEM2025ENEM2025ENEM2025ENEM2025ENEM2025ENEM2025ENEM2025ENEM2025ENEM2025ENEN2025ENEM2025ENEM2025ENEM2025ENEM2025ENEM2025ENEM2025ENEM2025ENEM2025ENEM2025ENEM2025ENEM2025ENEM2025ENEM2025ENEM2025ENEM2025ENEM2025ENEM2025ENEM2025ENEM2025ENEM2025ENEM2025ENEM2025ENEM2025ENEM2025ENEM2025ENEM2025ENEM2025ENEM2025ENEM2025ENEM2025ENEM2025
LINGUAGENS, CÓDIGOS E SUAS TECNOLOGIAS E REDAÇÃO | 1º DIA | CADERNO 1 | AZUL 21
001100117755AAZZ..iinnddbb 2211 2233//0077//22002255 1122::3322::2255
--- PAG 22 ---
*010175AZ22*
ENEM2025ENEM2025ENEM2025ENEM2025ENEM2025ENEM2025ENEM2025ENEM2025ENEM2025ENEM2025ENEM2025ENEM2025ENEM2025ENEN2025ENEM2025ENEM2025ENEM2025ENEM2025ENEM2025ENEM2025ENEM2025ENEM2025ENEM2025ENEM2025ENEM2025ENEM2025ENEM2025ENEM2025ENEM2025ENEM2025ENEM2025ENEM2025ENEM2025ENEM2025ENEM2025ENEM2025ENEM2025ENEM2025ENEM2025ENEM2025ENEM2025ENEM2025ENEM2025ENEM2025ENEM2025
CIÊNCIAS HUMANAS E SUAS TECNOLOGIAS
Questões de 46 a 90
QUESTãO 46
Macedônia do Norte
Acordo entra em vigor e país muda oficialmente de nome
Entrou em vigor, em 2019, o acordo que determina a mudança de nome da Macedônia para Macedônia do Norte. A troca
põe fim — ao menos por enqu"
25;LC;157652;B;3;0;;1.56815;0.72191;0.21684;AZUL;1529;;0;2025;"
25
26
27
28
29
30
ENEM2025ENEM2025ENEM2025ENEM2025ENEM2025ENEM2025ENEM2025ENEM2025ENEM2025ENEM2025ENEM2025ENEM2025ENEM2025ENEN2025ENEM2025ENEM2025ENEM2025ENEM2025ENEM2025ENEM2025ENEM2025ENEM2025ENEM2025ENEM2025ENEM2025ENEM2025ENEM2025ENEM2025ENEM2025ENEM2025ENEM2025ENEM2025ENEM2025ENEM2025ENEM2025ENEM2025ENEM2025ENEM2025ENEM2025ENEM2025ENEM2025ENEM2025ENEM2025ENEM2025ENEM2025
LINGUAGENS, CÓDIGOS E SUAS TECNOLOGIAS E REDAÇÃO | 1º DIA | CADERNO 1 | AZUL 21
001100117755AAZZ..iinnddbb 2211 2233//0077//22002255 1122::3322::2255
--- PAG 22 ---
*010175AZ22*
ENEM2025ENEM2025ENEM2025ENEM2025ENEM2025ENEM2025ENEM2025ENEM2025ENEM2025ENEM2025ENEM2025ENEM2025ENEM2025ENEN2025ENEM2025ENEM2025ENEM2025ENEM2025ENEM2025ENEM2025ENEM2025ENEM2025ENEM2025ENEM2025ENEM2025ENEM2025ENEM2025ENEM2025ENEM2025ENEM2025ENEM2025ENEM2025ENEM2025ENEM2025ENEM2025ENEM2025ENEM2025ENEM2025ENEM2025ENEM2025ENEM2025ENEM2025ENEM2025ENEM2025ENEM2025
CIÊNCIAS HUMANAS E SUAS TECNOLOGIAS
Questões de 46 a 90
QUESTãO 46
Macedônia do Norte
Acordo entra em vigor e país muda oficialmente de nome
Entrou em vigor, em 2019, o acordo que determina a mudança de nome da Macedônia para Macedônia do Norte. A troca
põe fim — ao menos por enqu"
168;MT;111723;B;30;0;;1.56068;2.85101;0.12699;AZUL;1502;;0;2025;Questão 168 - Texto extraído da Prova Oficial.
168;MT;111723;B;30;0;;1.56068;2.85101;0.12699;AZUL;1502;;0;2025;Questão 168 - Texto extraído da Prova Oficial.
168;MT;111723;B;30;0;;1.56068;2.85101;0.12699;AZUL;1502;;0;2025;Questão 168 - Texto extraído da Prova Oficial.
21;LC;158791;D;11;0;;1.55144;0.16896;0.20464;AZUL;1529;;0;2025;"
21
22
23
24
25
26
27
28
29
30
ENEM2025ENEM2025ENEM2025ENEM2025ENEM2025ENEM2025ENEM2025ENEM2025ENEM2025ENEM2025ENEM2025ENEM2025ENEM2025ENEN2025ENEM2025ENEM2025ENEM2025ENEM2025ENEM2025ENEM2025ENEM2025ENEM2025ENEM2025ENEM2025ENEM2025ENEM2025ENEM2025ENEM2025ENEM2025ENEM2025ENEM2025ENEM2025ENEM2025ENEM2025ENEM2025ENEM2025ENEM2025ENEM2025ENEM2025ENEM2025ENEM2025ENEM2025ENEM2025ENEM2025ENEM2025
LINGUAGENS, CÓDIGOS E SUAS TECNOLOGIAS E REDAÇÃO | 1º DIA | CADERNO 1 | AZUL 21
001100117755AAZZ..iinnddbb 2211 2233//0077//22002255 1122::3322::2255
--- PAG 22 ---
*010175AZ22*
ENEM2025ENEM2025ENEM2025ENEM2025ENEM2025ENEM2025ENEM2025ENEM2025ENEM2025ENEM2025ENEM2025ENEM2025ENEM2025ENEN2025ENEM2025ENEM2025ENEM2025ENEM2025ENEM2025ENEM2025ENEM2025ENEM2025ENEM2025ENEM2025ENEM2025ENEM2025ENEM2025ENEM2025ENEM2025ENEM2025ENEM2025ENEM2025ENEM2025ENEM2025ENEM2025ENEM2025ENEM2025ENEM2025ENEM2025ENEM2025ENEM2025ENEM2025ENEM2025ENEM2025ENEM2025
CIÊNCIAS HUMANAS E SUAS TECNOLOGIAS
Questões de 46 a 90
QUESTãO 46
Macedônia do Norte
Acordo entra em vigor e país muda oficialmente de nome
Entrou em vigor, em 2019, o acordo que determina a mudança de nome da Macedônia para Macedônia do Norte. A troca
põe fim — ao me"
21;LC;158791;D;11;0;;1.55144;0.16896;0.20464;AZUL;1529;;0;2025;"
21
22
23
24
25
26
27
28
29
30
ENEM2025ENEM2025ENEM2025ENEM2025ENEM2025ENEM2025ENEM2025ENEM2025ENEM2025ENEM2025ENEM2025ENEM2025ENEM2025ENEN2025ENEM2025ENEM2025ENEM2025ENEM2025ENEM2025ENEM2025ENEM2025ENEM2025ENEM2025ENEM2025ENEM2025ENEM2025ENEM2025ENEM2025ENEM2025ENEM2025ENEM2025ENEM2025ENEM2025ENEM2025ENEM2025ENEM2025ENEM2025ENEM2025ENEM2025ENEM2025ENEM2025ENEM2025ENEM2025ENEM2025ENEM2025
LINGUAGENS, CÓDIGOS E SUAS TECNOLOGIAS E REDAÇÃO | 1º DIA | CADERNO 1 | AZUL 21
001100117755AAZZ..iinnddbb 2211 2233//0077//22002255 1122::3322::2255
--- PAG 22 ---
*010175AZ22*
ENEM2025ENEM2025ENEM2025ENEM2025ENEM2025ENEM2025ENEM2025ENEM2025ENEM2025ENEM2025ENEM2025ENEM2025ENEM2025ENEN2025ENEM2025ENEM2025ENEM2025ENEM2025ENEM2025ENEM2025ENEM2025ENEM2025ENEM2025ENEM2025ENEM2025ENEM2025ENEM2025ENEM2025ENEM2025ENEM2025ENEM2025ENEM2025ENEM2025ENEM2025ENEM2025ENEM2025ENEM2025ENEM2025ENEM2025ENEM2025ENEM2025ENEM2025ENEM2025ENEM2025ENEM2025
CIÊNCIAS HUMANAS E SUAS TECNOLOGIAS
Questões de 46 a 90
QUESTãO 46
Macedônia do Norte
Acordo entra em vigor e país muda oficialmente de nome
Entrou em vigor, em 2019, o acordo que determina a mudança de nome da Macedônia para Macedônia do Norte. A troca
põe fim — ao me"
21;LC;158791;D;11;0;;1.55144;0.16896;0.20464;AZUL;1529;;0;2025;"
21
22
23
24
25
26
27
28
29
30
ENEM2025ENEM2025ENEM2025ENEM2025ENEM2025ENEM2025ENEM2025ENEM2025ENEM2025ENEM2025ENEM2025ENEM2025ENEM2025ENEN2025ENEM2025ENEM2025ENEM2025ENEM2025ENEM2025ENEM2025ENEM2025ENEM2025ENEM2025ENEM2025ENEM2025ENEM2025ENEM2025ENEM2025ENEM2025ENEM2025ENEM2025ENEM2025ENEM2025ENEM2025ENEM2025ENEM2025ENEM2025ENEM2025ENEM2025ENEM2025ENEM2025ENEM2025ENEM2025ENEM2025ENEM2025
LINGUAGENS, CÓDIGOS E SUAS TECNOLOGIAS E REDAÇÃO | 1º DIA | CADERNO 1 | AZUL 21
001100117755AAZZ..iinnddbb 2211 2233//0077//22002255 1122::3322::2255
--- PAG 22 ---
*010175AZ22*
ENEM2025ENEM2025ENEM2025ENEM2025ENEM2025ENEM2025ENEM2025ENEM2025ENEM2025ENEM2025ENEM2025ENEM2025ENEM2025ENEN2025ENEM2025ENEM2025ENEM2025ENEM2025ENEM2025ENEM2025ENEM2025ENEM2025ENEM2025ENEM2025ENEM2025ENEM2025ENEM2025ENEM2025ENEM2025ENEM2025ENEM2025ENEM2025ENEM2025ENEM2025ENEM2025ENEM2025ENEM2025ENEM2025ENEM2025ENEM2025ENEM2025ENEM2025ENEM2025ENEM2025ENEM2025
CIÊNCIAS HUMANAS E SUAS TECNOLOGIAS
Questões de 46 a 90
QUESTãO 46
Macedônia do Norte
Acordo entra em vigor e país muda oficialmente de nome
Entrou em vigor, em 2019, o acordo que determina a mudança de nome da Macedônia para Macedônia do Norte. A troca
põe fim — ao me"
74;CH;90152;D;15;0;;1.54739;0.76631;0.19567;AZUL;1539;;0;2025;Questão 74 - Texto extraído da Prova Oficial.
74;CH;90152;D;15;0;;1.54739;0.76631;0.19567;AZUL;1539;;0;2025;Questão 74 - Texto extraído da Prova Oficial.
74;CH;90152;D;15;0;;1.54739;0.76631;0.19567;AZUL;1539;;0;2025;Questão 74 - Texto extraído da Prova Oficial.
37;LC;157674;A;17;0;;1.52993;0.98781;0.17124;AZUL;1549;;0;2025;Questão 37 - Texto extraído da Prova Oficial.
37;LC;157674;A;17;0;;1.52993;0.98781;0.17124;AZUL;1549;;0;2025;Questão 37 - Texto extraído da Prova Oficial.
37;LC;157674;A;17;0;;1.52993;0.98781;0.17124;AZUL;1549;;0;2025;Questão 37 - Texto extraído da Prova Oficial.
88;CH;111928;B;25;0;;1.52511;1.52129;0.1766;AZUL;1520;;0;2025;Questão 88 - Texto extraído da Prova Oficial.
88;CH;111928;B;25;0;;1.52511;1.52129;0.1766;AZUL;1520;;0;2025;Questão 88 - Texto extraído da Prova Oficial.
88;CH;111928;B;25;0;;1.52511;1.52129;0.1766;AZUL;1520;;0;2025;Questão 88 - Texto extraído da Prova Oficial.
6;LC;157626;C;9;0;;1.52325;0.67782;0.24804;AZUL;1549;;0;2025;"
6
7
8
O
9
H
10
N
11 O
U
12 ã
C
13 Ç
S
14 A A
15 R D
16 E
R
17
18 A
19 D
20
21
22
23
24
25
26
27
28
29
30
ENEM2025ENEM2025ENEM2025ENEM2025ENEM2025ENEM2025ENEM2025ENEM2025ENEM2025ENEM2025ENEM2025ENEM2025ENEM2025ENEN2025ENEM2025ENEM2025ENEM2025ENEM2025ENEM2025ENEM2025ENEM2025ENEM2025ENEM2025ENEM2025ENEM2025ENEM2025ENEM2025ENEM2025ENEM2025ENEM2025ENEM2025ENEM2025ENEM2025ENEM2025ENEM2025ENEM2025ENEM2025ENEM2025ENEM2025ENEM2025ENEM2025ENEM2025ENEM2025ENEM2025ENEM2025
LINGUAGENS, CÓDIGOS E SUAS TECNOLOGIAS E REDAÇÃO | 1º DIA | CADERNO 1 | AZUL 21
001100117755AAZZ..iinnddbb 2211 2233//0077//22002255 1122::3322::2255
--- PAG 22 ---
*010175AZ22*
ENEM2025ENEM2025ENEM2025ENEM2025ENEM2025ENEM2025ENEM2025ENEM2025ENEM2025ENEM2025ENEM2025ENEM2025ENEM2025ENEN2025ENEM2025ENEM2025ENEM2025ENEM2025ENEM2025ENEM2025ENEM2025ENEM2025ENEM2025ENEM2025ENEM2025ENEM2025ENEM2025ENEM2025ENEM2025ENEM2025ENEM2025ENEM2025ENEM2025ENEM2025ENEM2025ENEM2025ENEM2025ENEM2025ENEM2025ENEM2025ENEM2025ENEM2025ENEM2025ENEM2025ENEM2025
CIÊNCIAS HUMANAS E SUAS TECNOLOGIAS
Questões de 46 a 90
QUESTãO 46
Macedônia do Norte
Acordo entra em vigor e país muda oficialmente de nome
Entrou em vigor, em 2019, o acordo que determina a mu"
6;LC;157626;C;9;0;;1.52325;0.67782;0.24804;AZUL;1549;;0;2025;"
6
7
8
O
9
H
10
N
11 O
U
12 ã
C
13 Ç
S
14 A A
15 R D
16 E
R
17
18 A
19 D
20
21
22
23
24
25
26
27
28
29
30
ENEM2025ENEM2025ENEM2025ENEM2025ENEM2025ENEM2025ENEM2025ENEM2025ENEM2025ENEM2025ENEM2025ENEM2025ENEM2025ENEN2025ENEM2025ENEM2025ENEM2025ENEM2025ENEM2025ENEM2025ENEM2025ENEM2025ENEM2025ENEM2025ENEM2025ENEM2025ENEM2025ENEM2025ENEM2025ENEM2025ENEM2025ENEM2025ENEM2025ENEM2025ENEM2025ENEM2025ENEM2025ENEM2025ENEM2025ENEM2025ENEM2025ENEM2025ENEM2025ENEM2025ENEM2025
LINGUAGENS, CÓDIGOS E SUAS TECNOLOGIAS E REDAÇÃO | 1º DIA | CADERNO 1 | AZUL 21
001100117755AAZZ..iinnddbb 2211 2233//0077//22002255 1122::3322::2255
--- PAG 22 ---
*010175AZ22*
ENEM2025ENEM2025ENEM2025ENEM2025ENEM2025ENEM2025ENEM2025ENEM2025ENEM2025ENEM2025ENEM2025ENEM2025ENEM2025ENEN2025ENEM2025ENEM2025ENEM2025ENEM2025ENEM2025ENEM2025ENEM2025ENEM2025ENEM2025ENEM2025ENEM2025ENEM2025ENEM2025ENEM2025ENEM2025ENEM2025ENEM2025ENEM2025ENEM2025ENEM2025ENEM2025ENEM2025ENEM2025ENEM2025ENEM2025ENEM2025ENEM2025ENEM2025ENEM2025ENEM2025ENEM2025
CIÊNCIAS HUMANAS E SUAS TECNOLOGIAS
Questões de 46 a 90
QUESTãO 46
Macedônia do Norte
Acordo entra em vigor e país muda oficialmente de nome
Entrou em vigor, em 2019, o acordo que determina a mu"
6;LC;157626;C;9;0;;1.52325;0.67782;0.24804;AZUL;1549;;0;2025;"
6
7
8
O
9
H
10
N
11 O
U
12 ã
C
13 Ç
S
14 A A
15 R D
16 E
R
17
18 A
19 D
20
21
22
23
24
25
26
27
28
29
30
ENEM2025ENEM2025ENEM2025ENEM2025ENEM2025ENEM2025ENEM2025ENEM2025ENEM2025ENEM2025ENEM2025ENEM2025ENEM2025ENEN2025ENEM2025ENEM2025ENEM2025ENEM2025ENEM2025ENEM2025ENEM2025ENEM2025ENEM2025ENEM2025ENEM2025ENEM2025ENEM2025ENEM2025ENEM2025ENEM2025ENEM2025ENEM2025ENEM2025ENEM2025ENEM2025ENEM2025ENEM2025ENEM2025ENEM2025ENEM2025ENEM2025ENEM2025ENEM2025ENEM2025ENEM2025
LINGUAGENS, CÓDIGOS E SUAS TECNOLOGIAS E REDAÇÃO | 1º DIA | CADERNO 1 | AZUL 21
001100117755AAZZ..iinnddbb 2211 2233//0077//22002255 1122::3322::2255
--- PAG 22 ---
*010175AZ22*
ENEM2025ENEM2025ENEM2025ENEM2025ENEM2025ENEM2025ENEM2025ENEM2025ENEM2025ENEM2025ENEM2025ENEM2025ENEM2025ENEN2025ENEM2025ENEM2025ENEM2025ENEM2025ENEM2025ENEM2025ENEM2025ENEM2025ENEM2025ENEM2025ENEM2025ENEM2025ENEM2025ENEM2025ENEM2025ENEM2025ENEM2025ENEM2025ENEM2025ENEM2025ENEM2025ENEM2025ENEM2025ENEM2025ENEM2025ENEM2025ENEM2025ENEM2025ENEM2025ENEM2025ENEM2025
CIÊNCIAS HUMANAS E SUAS TECNOLOGIAS
Questões de 46 a 90
QUESTãO 46
Macedônia do Norte
Acordo entra em vigor e país muda oficialmente de nome
Entrou em vigor, em 2019, o acordo que determina a mu"
93;CN;141660;A;12;0;;1.52178;1.1663;0.19315;AZUL;1511;;0;2025;Questão 93 - Texto extraído da Prova Oficial.
93;CN;141660;A;12;0;;1.52178;1.1663;0.19315;AZUL;1511;;0;2025;Questão 93 - Texto extraído da Prova Oficial.
93;CN;141660;A;12;0;;1.52178;1.1663;0.19315;AZUL;1511;;0;2025;Questão 93 - Texto extraído da Prova Oficial.
139;MT;87818;D;1;0;;1.50385;1.29646;0.21427;AZUL;1559;;0;2025;Questão 139 - Texto extraído da Prova Oficial.
139;MT;87818;D;1;0;;1.50385;1.29646;0.21427;AZUL;1559;;0;2025;Questão 139 - Texto extraído da Prova Oficial.
139;MT;87818;D;1;0;;1.50385;1.29646;0.21427;AZUL;1559;;0;2025;Questão 139 - Texto extraído da Prova Oficial.
54;CH;118106;A;21;0;;1.50063;0.44293;0.20099;AZUL;1539;;0;2025;Questão 54 - Texto extraído da Prova Oficial.
54;CH;118106;A;21;0;;1.50063;0.44293;0.20099;AZUL;1539;;0;2025;Questão 54 - Texto extraído da Prova Oficial.
54;CH;118106;A;21;0;;1.50063;0.44293;0.20099;AZUL;1539;;0;2025;Questão 54 - Texto extraído da Prova Oficial.
69;CH;89619;E;27;0;;1.49676;1.18704;0.2233;AZUL;1520;;0;2025;Questão 69 - Texto extraído da Prova Oficial.
69;CH;89619;E;27;0;;1.49676;1.18704;0.2233;AZUL;1520;;0;2025;Questão 69 - Texto extraído da Prova Oficial.
69;CH;89619;E;27;0;;1.49676;1.18704;0.2233;AZUL;1520;;0;2025;Questão 69 - Texto extraído da Prova Oficial.
140;MT;84973;A;1;0;;1.49527;-1.06503;0.20081;AZUL;1559;;0;2025;Questão 140 - Texto extraído da Prova Oficial.
140;MT;84973;A;1;0;;1.49527;-1.06503;0.20081;AZUL;1559;;0;2025;Questão 140 - Texto extraído da Prova Oficial.
140;MT;84973;A;1;0;;1.49527;-1.06503;0.20081;AZUL;1559;;0;2025;Questão 140 - Texto extraído da Prova Oficial.
170;MT;77085;C;26;0;;1.49256;2.5345;0.18331;AZUL;1559;;0;2025;Questão 170 - Texto extraído da Prova Oficial.
170;MT;77085;C;26;0;;1.49256;2.5345;0.18331;AZUL;1559;;0;2025;Questão 170 - Texto extraído da Prova Oficial.
170;MT;77085;C;26;0;;1.49256;2.5345;0.18331;AZUL;1559;;0;2025;Questão 170 - Texto extraído da Prova Oficial.
140;MT;63710;A;4;0;;1.48402;3.316;0.17317;AZUL;1502;;0;2025;Questão 140 - Texto extraído da Prova Oficial.
140;MT;63710;A;4;0;;1.48402;3.316;0.17317;AZUL;1502;;0;2025;Questão 140 - Texto extraído da Prova Oficial.
140;MT;63710;A;4;0;;1.48402;3.316;0.17317;AZUL;1502;;0;2025;Questão 140 - Texto extraído da Prova Oficial.
63;CH;125921;B;13;0;;1.48401;0.9721;0.18228;AZUL;1539;;0;2025;Questão 63 - Texto extraído da Prova Oficial.
63;CH;125921;B;13;0;;1.48401;0.9721;0.18228;AZUL;1539;;0;2025;Questão 63 - Texto extraído da Prova Oficial.
63;CH;125921;B;13;0;;1.48401;0.9721;0.18228;AZUL;1539;;0;2025;Questão 63 - Texto extraído da Prova Oficial.
132;CN;111495;E;4;0;;1.47144;-0.24632;0.2067;AZUL;1569;;0;2025;Questão 132 - Texto extraído da Prova Oficial.
132;CN;111495;E;4;0;;1.47144;-0.24632;0.2067;AZUL;1569;;0;2025;Questão 132 - Texto extraído da Prova Oficial.
132;CN;111495;E;4;0;;1.47144;-0.24632;0.2067;AZUL;1569;;0;2025;Questão 132 - Texto extraído da Prova Oficial.
33;LC;150641;E;3;0;;1.46372;0.99246;0.18059;AZUL;1549;;0;2025;Questão 33 - Texto extraído da Prova Oficial.
33;LC;150641;E;3;0;;1.46372;0.99246;0.18059;AZUL;1549;;0;2025;Questão 33 - Texto extraído da Prova Oficial.
33;LC;150641;E;3;0;;1.46372;0.99246;0.18059;AZUL;1549;;0;2025;Questão 33 - Texto extraído da Prova Oficial.
42;LC;120680;B;13;0;;1.45997;2.46276;0.22043;AZUL;1529;;0;2025;Questão 42 - Texto extraído da Prova Oficial.
42;LC;120680;B;13;0;;1.45997;2.46276;0.22043;AZUL;1529;;0;2025;Questão 42 - Texto extraído da Prova Oficial.
42;LC;120680;B;13;0;;1.45997;2.46276;0.22043;AZUL;1529;;0;2025;Questão 42 - Texto extraído da Prova Oficial.
70;CH;96637;C;2;0;;1.45054;1.26774;0.25824;AZUL;1520;;0;2025;Questão 70 - Texto extraído da Prova Oficial.
70;CH;96637;C;2;0;;1.45054;1.26774;0.25824;AZUL;1520;;0;2025;Questão 70 - Texto extraído da Prova Oficial.
70;CH;96637;C;2;0;;1.45054;1.26774;0.25824;AZUL;1520;;0;2025;Questão 70 - Texto extraído da Prova Oficial.
127;CN;7755;E;19;0;;1.42825;1.15911;0.21782;AZUL;1569;;0;2025;Questão 127 - Texto extraído da Prova Oficial.
127;CN;7755;E;19;0;;1.42825;1.15911;0.21782;AZUL;1569;;0;2025;Questão 127 - Texto extraído da Prova Oficial.
127;CN;7755;E;19;0;;1.42825;1.15911;0.21782;AZUL;1569;;0;2025;Questão 127 - Texto extraído da Prova Oficial.
82;CH;87533;C;2;0;;1.42757;1.90515;0.16029;AZUL;1539;;0;2025;Questão 82 - Texto extraído da Prova Oficial.
82;CH;87533;C;2;0;;1.42757;1.90515;0.16029;AZUL;1539;;0;2025;Questão 82 - Texto extraído da Prova Oficial.
82;CH;87533;C;2;0;;1.42757;1.90515;0.16029;AZUL;1539;;0;2025;Questão 82 - Texto extraído da Prova Oficial.
42;LC;158745;A;13;0;;1.42048;0.61991;0.22813;AZUL;1549;;0;2025;Questão 42 - Texto extraído da Prova Oficial.
42;LC;158745;A;13;0;;1.42048;0.61991;0.22813;AZUL;1549;;0;2025;Questão 42 - Texto extraído da Prova Oficial.
42;LC;158745;A;13;0;;1.42048;0.61991;0.22813;AZUL;1549;;0;2025;Questão 42 - Texto extraído da Prova Oficial.
99;CN;88441;C;28;0;;1.41964;1.38665;0.13558;AZUL;1569;;0;2025;Questão 99 - Texto extraído da Prova Oficial.
99;CN;88441;C;28;0;;1.41964;1.38665;0.13558;AZUL;1569;;0;2025;Questão 99 - Texto extraído da Prova Oficial.
99;CN;88441;C;28;0;;1.41964;1.38665;0.13558;AZUL;1569;;0;2025;Questão 99 - Texto extraído da Prova Oficial.
94;CN;141750;B;11;0;;1.41313;1.24164;0.189;AZUL;1511;;0;2025;Questão 94 - Texto extraído da Prova Oficial.
94;CN;141750;B;11;0;;1.41313;1.24164;0.189;AZUL;1511;;0;2025;Questão 94 - Texto extraído da Prova Oficial.
94;CN;141750;B;11;0;;1.41313;1.24164;0.189;AZUL;1511;;0;2025;Questão 94 - Texto extraído da Prova Oficial.
35;LC;157657;A;15;0;;1.40404;-0.31553;0.20518;AZUL;1529;;0;2025;Questão 35 - Texto extraído da Prova Oficial.
35;LC;157657;A;15;0;;1.40404;-0.31553;0.20518;AZUL;1529;;0;2025;Questão 35 - Texto extraído da Prova Oficial.
35;LC;157657;A;15;0;;1.40404;-0.31553;0.20518;AZUL;1529;;0;2025;Questão 35 - Texto extraído da Prova Oficial.
134;CN;38670;A;29;0;;1.40141;0.35215;0.21071;AZUL;1569;;0;2025;Questão 134 - Texto extraído da Prova Oficial.
134;CN;38670;A;29;0;;1.40141;0.35215;0.21071;AZUL;1569;;0;2025;Questão 134 - Texto extraído da Prova Oficial.
134;CN;38670;A;29;0;;1.40141;0.35215;0.21071;AZUL;1569;;0;2025;Questão 134 - Texto extraído da Prova Oficial.
50;CH;125810;B;30;0;;1.39132;0.03303;0.20261;AZUL;1520;;0;2025;Questão 50 - Texto extraído da Prova Oficial.
50;CH;125810;B;30;0;;1.39132;0.03303;0.20261;AZUL;1520;;0;2025;Questão 50 - Texto extraído da Prova Oficial.
50;CH;125810;B;30;0;;1.39132;0.03303;0.20261;AZUL;1520;;0;2025;Questão 50 - Texto extraído da Prova Oficial.
1;LC;15029;B;6;0;;1.38568;0.79216;0.19152;AZUL;1529;1.0;0;2025;"
1
AZUL
ATENÇãO: transcreva no espaço apropriado do seu CARTÃO-RESPOSTA,
com sua caligrafia usual, considerando as letras maiúsculas e minúsculas, a seguinte frase:
Nada na vida deve ser temido, somente compreendido
ENEM2025ENEM2025ENEM2025ENEM2025ENEM2025ENEM2025ENEM2025ENEM2025ENEM2025ENEM2025ENEM2025ENEM2025ENEM2025ENEM2025ENEM2025ENEM2025ENEM2025ENEM2025ENEM2025ENEM2025ENEM2025ENEM2025ENEM2025ENEM2025ENEM2025ENEM2025ENEM2025ENEM2025ENEM2025ENEN2025ENEM2025ENEM2025ENEM2025ENEM2025ENEM2025ENEM2025ENEM2025ENEM2025ENEM2025ENEM2025ENEM2025ENEM2025ENEM2025ENEM2025ENEM2025ENEM2025ENEM2025ENEM2025ENEM2025ENEM2025ENEM2025ENEM2025ENEM2025ENEM2025ENEM2025ENEM2025ENEM2025ENEM2025
LEIA ATENTAMENTE AS INSTRUÇÕES SEGUINTES:
1. Este CADERNO DE QUESTÕES contém 90 questões numeradas de 01 a 90 e a Proposta de Redação,
dispostas da seguinte maneira:
a)questões de número 01 a 45, relativas à área de Linguagens, Códigos e suas Tecnologias;
b)Proposta de Redação;
c)questões de número 46 a 90, relativas à área de Ciências Humanas e suas Tecnologias.
ATENÇãO: as questões de 01 a 05 são relativas à língua estrangeira. Você deverá responder apenas às
questões relativas à língua estrangeira (inglês ou es"
1;LC;15029;B;6;0;;1.38568;0.79216;0.19152;AZUL;1529;1.0;0;2025;"
1
AZUL
ATENÇãO: transcreva no espaço apropriado do seu CARTÃO-RESPOSTA,
com sua caligrafia usual, considerando as letras maiúsculas e minúsculas, a seguinte frase:
Nada na vida deve ser temido, somente compreendido
ENEM2025ENEM2025ENEM2025ENEM2025ENEM2025ENEM2025ENEM2025ENEM2025ENEM2025ENEM2025ENEM2025ENEM2025ENEM2025ENEM2025ENEM2025ENEM2025ENEM2025ENEM2025ENEM2025ENEM2025ENEM2025ENEM2025ENEM2025ENEM2025ENEM2025ENEM2025ENEM2025ENEM2025ENEM2025ENEN2025ENEM2025ENEM2025ENEM2025ENEM2025ENEM2025ENEM2025ENEM2025ENEM2025ENEM2025ENEM2025ENEM2025ENEM2025ENEM2025ENEM2025ENEM2025ENEM2025ENEM2025ENEM2025ENEM2025ENEM2025ENEM2025ENEM2025ENEM2025ENEM2025ENEM2025ENEM2025ENEM2025ENEM2025
LEIA ATENTAMENTE AS INSTRUÇÕES SEGUINTES:
1. Este CADERNO DE QUESTÕES contém 90 questões numeradas de 01 a 90 e a Proposta de Redação,
dispostas da seguinte maneira:
a)questões de número 01 a 45, relativas à área de Linguagens, Códigos e suas Tecnologias;
b)Proposta de Redação;
c)questões de número 46 a 90, relativas à área de Ciências Humanas e suas Tecnologias.
ATENÇãO: as questões de 01 a 05 são relativas à língua estrangeira. Você deverá responder apenas às
questões relativas à língua estrangeira (inglês ou es"
1;LC;15029;B;6;0;;1.38568;0.79216;0.19152;AZUL;1529;1.0;0;2025;"
1
AZUL
ATENÇãO: transcreva no espaço apropriado do seu CARTÃO-RESPOSTA,
com sua caligrafia usual, considerando as letras maiúsculas e minúsculas, a seguinte frase:
Nada na vida deve ser temido, somente compreendido
ENEM2025ENEM2025ENEM2025ENEM2025ENEM2025ENEM2025ENEM2025ENEM2025ENEM2025ENEM2025ENEM2025ENEM2025ENEM2025ENEM2025ENEM2025ENEM2025ENEM2025ENEM2025ENEM2025ENEM2025ENEM2025ENEM2025ENEM2025ENEM2025ENEM2025ENEM2025ENEM2025ENEM2025ENEM2025ENEN2025ENEM2025ENEM2025ENEM2025ENEM2025ENEM2025ENEM2025ENEM2025ENEM2025ENEM2025ENEM2025ENEM2025ENEM2025ENEM2025ENEM2025ENEM2025ENEM2025ENEM2025ENEM2025ENEM2025ENEM2025ENEM2025ENEM2025ENEM2025ENEM2025ENEM2025ENEM2025ENEM2025ENEM2025
LEIA ATENTAMENTE AS INSTRUÇÕES SEGUINTES:
1. Este CADERNO DE QUESTÕES contém 90 questões numeradas de 01 a 90 e a Proposta de Redação,
dispostas da seguinte maneira:
a)questões de número 01 a 45, relativas à área de Linguagens, Códigos e suas Tecnologias;
b)Proposta de Redação;
c)questões de número 46 a 90, relativas à área de Ciências Humanas e suas Tecnologias.
ATENÇãO: as questões de 01 a 05 são relativas à língua estrangeira. Você deverá responder apenas às
questões relativas à língua estrangeira (inglês ou es"
125;CN;85263;D;11;0;;1.38086;1.68311;0.16337;AZUL;1511;;0;2025;Questão 125 - Texto extraído da Prova Oficial.
125;CN;85263;D;11;0;;1.38086;1.68311;0.16337;AZUL;1511;;0;2025;Questão 125 - Texto extraído da Prova Oficial.
125;CN;85263;D;11;0;;1.38086;1.68311;0.16337;AZUL;1511;;0;2025;Questão 125 - Texto extraído da Prova Oficial.
137;MT;81495;D;1;0;;1.37767;0.03432;0.21863;AZUL;1502;;0;2025;Questão 137 - Texto extraído da Prova Oficial.
137;MT;81495;D;1;0;;1.37767;0.03432;0.21863;AZUL;1502;;0;2025;Questão 137 - Texto extraído da Prova Oficial.
137;MT;81495;D;1;0;;1.37767;0.03432;0.21863;AZUL;1502;;0;2025;Questão 137 - Texto extraído da Prova Oficial.
18;LC;152713;C;18;0;;1.3748;1.1646;0.17102;AZUL;1549;;0;2025;"Questão 18 Questão 20
Com 20 anos de experiência no futebol de alto rendimento, A característica fundamental no aprendizado das práticas
Marina, ex-jogadora da seleção brasileira de futebol, salienta que, rituais nos candomblés é o processo iniciático e participante.
por trás do espetáculo apresentado nas mídias, com mensagens de Durante o período de reclusão em terreiros ou rocas, o iniciado
motivação e superação, o esporte não é tão inclusivo assim. “É esta
passa por uma série de ritos esotéricos (banhos rituais, raspagem
análise que devemos fazer: aqueles atletas que estão ali estão
da cabeça etc.), ao mesmo tempo em que começa a adquirir
trazendo uma alta performance a partir dos seus limites”, explica.
um complexo código de símbolos materiais (substâncias, folhas,
Para a profissional, é preciso analisar com cautela “a ideia romântica
frutos, raízes etc.) e de gestos associados a um repertório
que a mídia passa para os telespectadores”. A realidade é muito
linguístico específico das cerimônias que se desenrolam nos
mais dura do que as imagens espetaculosas que principalmente
contextos sagrados em geral e em cada terreiro em particular.
a televisão busca transmitir para a audiên"
18;LC;152713;C;18;0;;1.3748;1.1646;0.17102;AZUL;1549;;0;2025;"Questão 18 Questão 20
Com 20 anos de experiência no futebol de alto rendimento, A característica fundamental no aprendizado das práticas
Marina, ex-jogadora da seleção brasileira de futebol, salienta que, rituais nos candomblés é o processo iniciático e participante.
por trás do espetáculo apresentado nas mídias, com mensagens de Durante o período de reclusão em terreiros ou rocas, o iniciado
motivação e superação, o esporte não é tão inclusivo assim. “É esta
passa por uma série de ritos esotéricos (banhos rituais, raspagem
análise que devemos fazer: aqueles atletas que estão ali estão
da cabeça etc.), ao mesmo tempo em que começa a adquirir
trazendo uma alta performance a partir dos seus limites”, explica.
um complexo código de símbolos materiais (substâncias, folhas,
Para a profissional, é preciso analisar com cautela “a ideia romântica
frutos, raízes etc.) e de gestos associados a um repertório
que a mídia passa para os telespectadores”. A realidade é muito
linguístico específico das cerimônias que se desenrolam nos
mais dura do que as imagens espetaculosas que principalmente
contextos sagrados em geral e em cada terreiro em particular.
a televisão busca transmitir para a audiên"
18;LC;152713;C;18;0;;1.3748;1.1646;0.17102;AZUL;1549;;0;2025;"Questão 18 Questão 20
Com 20 anos de experiência no futebol de alto rendimento, A característica fundamental no aprendizado das práticas
Marina, ex-jogadora da seleção brasileira de futebol, salienta que, rituais nos candomblés é o processo iniciático e participante.
por trás do espetáculo apresentado nas mídias, com mensagens de Durante o período de reclusão em terreiros ou rocas, o iniciado
motivação e superação, o esporte não é tão inclusivo assim. “É esta
passa por uma série de ritos esotéricos (banhos rituais, raspagem
análise que devemos fazer: aqueles atletas que estão ali estão
da cabeça etc.), ao mesmo tempo em que começa a adquirir
trazendo uma alta performance a partir dos seus limites”, explica.
um complexo código de símbolos materiais (substâncias, folhas,
Para a profissional, é preciso analisar com cautela “a ideia romântica
frutos, raízes etc.) e de gestos associados a um repertório
que a mídia passa para os telespectadores”. A realidade é muito
linguístico específico das cerimônias que se desenrolam nos
mais dura do que as imagens espetaculosas que principalmente
contextos sagrados em geral e em cada terreiro em particular.
a televisão busca transmitir para a audiên"
170;MT;97571;B;3;0;;1.3638;1.64214;0.21462;AZUL;1502;;0;2025;Questão 170 - Texto extraído da Prova Oficial.
170;MT;97571;B;3;0;;1.3638;1.64214;0.21462;AZUL;1502;;0;2025;Questão 170 - Texto extraído da Prova Oficial.
170;MT;97571;B;3;0;;1.3638;1.64214;0.21462;AZUL;1502;;0;2025;Questão 170 - Texto extraído da Prova Oficial.
21;LC;158764;C;11;0;;1.35386;1.29172;0.18933;AZUL;1549;;0;2025;"
21
22
23
24
25
26
27
28
29
30
ENEM2025ENEM2025ENEM2025ENEM2025ENEM2025ENEM2025ENEM2025ENEM2025ENEM2025ENEM2025ENEM2025ENEM2025ENEM2025ENEN2025ENEM2025ENEM2025ENEM2025ENEM2025ENEM2025ENEM2025ENEM2025ENEM2025ENEM2025ENEM2025ENEM2025ENEM2025ENEM2025ENEM2025ENEM2025ENEM2025ENEM2025ENEM2025ENEM2025ENEM2025ENEM2025ENEM2025ENEM2025ENEM2025ENEM2025ENEM2025ENEM2025ENEM2025ENEM2025ENEM2025ENEM2025
LINGUAGENS, CÓDIGOS E SUAS TECNOLOGIAS E REDAÇÃO | 1º DIA | CADERNO 1 | AZUL 21
001100117755AAZZ..iinnddbb 2211 2233//0077//22002255 1122::3322::2255
--- PAG 22 ---
*010175AZ22*
ENEM2025ENEM2025ENEM2025ENEM2025ENEM2025ENEM2025ENEM2025ENEM2025ENEM2025ENEM2025ENEM2025ENEM2025ENEM2025ENEN2025ENEM2025ENEM2025ENEM2025ENEM2025ENEM2025ENEM2025ENEM2025ENEM2025ENEM2025ENEM2025ENEM2025ENEM2025ENEM2025ENEM2025ENEM2025ENEM2025ENEM2025ENEM2025ENEM2025ENEM2025ENEM2025ENEM2025ENEM2025ENEM2025ENEM2025ENEM2025ENEM2025ENEM2025ENEM2025ENEM2025ENEM2025
CIÊNCIAS HUMANAS E SUAS TECNOLOGIAS
Questões de 46 a 90
QUESTãO 46
Macedônia do Norte
Acordo entra em vigor e país muda oficialmente de nome
Entrou em vigor, em 2019, o acordo que determina a mudança de nome da Macedônia para Macedônia do Norte. A troca
põe fim — ao me"
21;LC;158764;C;11;0;;1.35386;1.29172;0.18933;AZUL;1549;;0;2025;"
21
22
23
24
25
26
27
28
29
30
ENEM2025ENEM2025ENEM2025ENEM2025ENEM2025ENEM2025ENEM2025ENEM2025ENEM2025ENEM2025ENEM2025ENEM2025ENEM2025ENEN2025ENEM2025ENEM2025ENEM2025ENEM2025ENEM2025ENEM2025ENEM2025ENEM2025ENEM2025ENEM2025ENEM2025ENEM2025ENEM2025ENEM2025ENEM2025ENEM2025ENEM2025ENEM2025ENEM2025ENEM2025ENEM2025ENEM2025ENEM2025ENEM2025ENEM2025ENEM2025ENEM2025ENEM2025ENEM2025ENEM2025ENEM2025
LINGUAGENS, CÓDIGOS E SUAS TECNOLOGIAS E REDAÇÃO | 1º DIA | CADERNO 1 | AZUL 21
001100117755AAZZ..iinnddbb 2211 2233//0077//22002255 1122::3322::2255
--- PAG 22 ---
*010175AZ22*
ENEM2025ENEM2025ENEM2025ENEM2025ENEM2025ENEM2025ENEM2025ENEM2025ENEM2025ENEM2025ENEM2025ENEM2025ENEM2025ENEN2025ENEM2025ENEM2025ENEM2025ENEM2025ENEM2025ENEM2025ENEM2025ENEM2025ENEM2025ENEM2025ENEM2025ENEM2025ENEM2025ENEM2025ENEM2025ENEM2025ENEM2025ENEM2025ENEM2025ENEM2025ENEM2025ENEM2025ENEM2025ENEM2025ENEM2025ENEM2025ENEM2025ENEM2025ENEM2025ENEM2025ENEM2025
CIÊNCIAS HUMANAS E SUAS TECNOLOGIAS
Questões de 46 a 90
QUESTãO 46
Macedônia do Norte
Acordo entra em vigor e país muda oficialmente de nome
Entrou em vigor, em 2019, o acordo que determina a mudança de nome da Macedônia para Macedônia do Norte. A troca
põe fim — ao me"
21;LC;158764;C;11;0;;1.35386;1.29172;0.18933;AZUL;1549;;0;2025;"
21
22
23
24
25
26
27
28
29
30
ENEM2025ENEM2025ENEM2025ENEM2025ENEM2025ENEM2025ENEM2025ENEM2025ENEM2025ENEM2025ENEM2025ENEM2025ENEM2025ENEN2025ENEM2025ENEM2025ENEM2025ENEM2025ENEM2025ENEM2025ENEM2025ENEM2025ENEM2025ENEM2025ENEM2025ENEM2025ENEM2025ENEM2025ENEM2025ENEM2025ENEM2025ENEM2025ENEM2025ENEM2025ENEM2025ENEM2025ENEM2025ENEM2025ENEM2025ENEM2025ENEM2025ENEM2025ENEM2025ENEM2025ENEM2025
LINGUAGENS, CÓDIGOS E SUAS TECNOLOGIAS E REDAÇÃO | 1º DIA | CADERNO 1 | AZUL 21
001100117755AAZZ..iinnddbb 2211 2233//0077//22002255 1122::3322::2255
--- PAG 22 ---
*010175AZ22*
ENEM2025ENEM2025ENEM2025ENEM2025ENEM2025ENEM2025ENEM2025ENEM2025ENEM2025ENEM2025ENEM2025ENEM2025ENEM2025ENEN2025ENEM2025ENEM2025ENEM2025ENEM2025ENEM2025ENEM2025ENEM2025ENEM2025ENEM2025ENEM2025ENEM2025ENEM2025ENEM2025ENEM2025ENEM2025ENEM2025ENEM2025ENEM2025ENEM2025ENEM2025ENEM2025ENEM2025ENEM2025ENEM2025ENEM2025ENEM2025ENEM2025ENEM2025ENEM2025ENEM2025ENEM2025
CIÊNCIAS HUMANAS E SUAS TECNOLOGIAS
Questões de 46 a 90
QUESTãO 46
Macedônia do Norte
Acordo entra em vigor e país muda oficialmente de nome
Entrou em vigor, em 2019, o acordo que determina a mudança de nome da Macedônia para Macedônia do Norte. A troca
põe fim — ao me"
24;LC;150584;E;28;0;;1.34736;0.20969;0.19986;AZUL;1529;;0;2025;"
24
25
26
27
28
29
30
ENEM2025ENEM2025ENEM2025ENEM2025ENEM2025ENEM2025ENEM2025ENEM2025ENEM2025ENEM2025ENEM2025ENEM2025ENEM2025ENEN2025ENEM2025ENEM2025ENEM2025ENEM2025ENEM2025ENEM2025ENEM2025ENEM2025ENEM2025ENEM2025ENEM2025ENEM2025ENEM2025ENEM2025ENEM2025ENEM2025ENEM2025ENEM2025ENEM2025ENEM2025ENEM2025ENEM2025ENEM2025ENEM2025ENEM2025ENEM2025ENEM2025ENEM2025ENEM2025ENEM2025ENEM2025
LINGUAGENS, CÓDIGOS E SUAS TECNOLOGIAS E REDAÇÃO | 1º DIA | CADERNO 1 | AZUL 21
001100117755AAZZ..iinnddbb 2211 2233//0077//22002255 1122::3322::2255
--- PAG 22 ---
*010175AZ22*
ENEM2025ENEM2025ENEM2025ENEM2025ENEM2025ENEM2025ENEM2025ENEM2025ENEM2025ENEM2025ENEM2025ENEM2025ENEM2025ENEN2025ENEM2025ENEM2025ENEM2025ENEM2025ENEM2025ENEM2025ENEM2025ENEM2025ENEM2025ENEM2025ENEM2025ENEM2025ENEM2025ENEM2025ENEM2025ENEM2025ENEM2025ENEM2025ENEM2025ENEM2025ENEM2025ENEM2025ENEM2025ENEM2025ENEM2025ENEM2025ENEM2025ENEM2025ENEM2025ENEM2025ENEM2025
CIÊNCIAS HUMANAS E SUAS TECNOLOGIAS
Questões de 46 a 90
QUESTãO 46
Macedônia do Norte
Acordo entra em vigor e país muda oficialmente de nome
Entrou em vigor, em 2019, o acordo que determina a mudança de nome da Macedônia para Macedônia do Norte. A troca
põe fim — ao menos por e"
24;LC;150584;E;28;0;;1.34736;0.20969;0.19986;AZUL;1529;;0;2025;"
24
25
26
27
28
29
30
ENEM2025ENEM2025ENEM2025ENEM2025ENEM2025ENEM2025ENEM2025ENEM2025ENEM2025ENEM2025ENEM2025ENEM2025ENEM2025ENEN2025ENEM2025ENEM2025ENEM2025ENEM2025ENEM2025ENEM2025ENEM2025ENEM2025ENEM2025ENEM2025ENEM2025ENEM2025ENEM2025ENEM2025ENEM2025ENEM2025ENEM2025ENEM2025ENEM2025ENEM2025ENEM2025ENEM2025ENEM2025ENEM2025ENEM2025ENEM2025ENEM2025ENEM2025ENEM2025ENEM2025ENEM2025
LINGUAGENS, CÓDIGOS E SUAS TECNOLOGIAS E REDAÇÃO | 1º DIA | CADERNO 1 | AZUL 21
001100117755AAZZ..iinnddbb 2211 2233//0077//22002255 1122::3322::2255
--- PAG 22 ---
*010175AZ22*
ENEM2025ENEM2025ENEM2025ENEM2025ENEM2025ENEM2025ENEM2025ENEM2025ENEM2025ENEM2025ENEM2025ENEM2025ENEM2025ENEN2025ENEM2025ENEM2025ENEM2025ENEM2025ENEM2025ENEM2025ENEM2025ENEM2025ENEM2025ENEM2025ENEM2025ENEM2025ENEM2025ENEM2025ENEM2025ENEM2025ENEM2025ENEM2025ENEM2025ENEM2025ENEM2025ENEM2025ENEM2025ENEM2025ENEM2025ENEM2025ENEM2025ENEM2025ENEM2025ENEM2025ENEM2025
CIÊNCIAS HUMANAS E SUAS TECNOLOGIAS
Questões de 46 a 90
QUESTãO 46
Macedônia do Norte
Acordo entra em vigor e país muda oficialmente de nome
Entrou em vigor, em 2019, o acordo que determina a mudança de nome da Macedônia para Macedônia do Norte. A troca
põe fim — ao menos por e"
24;LC;150584;E;28;0;;1.34736;0.20969;0.19986;AZUL;1529;;0;2025;"
24
25
26
27
28
29
30
ENEM2025ENEM2025ENEM2025ENEM2025ENEM2025ENEM2025ENEM2025ENEM2025ENEM2025ENEM2025ENEM2025ENEM2025ENEM2025ENEN2025ENEM2025ENEM2025ENEM2025ENEM2025ENEM2025ENEM2025ENEM2025ENEM2025ENEM2025ENEM2025ENEM2025ENEM2025ENEM2025ENEM2025ENEM2025ENEM2025ENEM2025ENEM2025ENEM2025ENEM2025ENEM2025ENEM2025ENEM2025ENEM2025ENEM2025ENEM2025ENEM2025ENEM2025ENEM2025ENEM2025ENEM2025
LINGUAGENS, CÓDIGOS E SUAS TECNOLOGIAS E REDAÇÃO | 1º DIA | CADERNO 1 | AZUL 21
001100117755AAZZ..iinnddbb 2211 2233//0077//22002255 1122::3322::2255
--- PAG 22 ---
*010175AZ22*
ENEM2025ENEM2025ENEM2025ENEM2025ENEM2025ENEM2025ENEM2025ENEM2025ENEM2025ENEM2025ENEM2025ENEM2025ENEM2025ENEN2025ENEM2025ENEM2025ENEM2025ENEM2025ENEM2025ENEM2025ENEM2025ENEM2025ENEM2025ENEM2025ENEM2025ENEM2025ENEM2025ENEM2025ENEM2025ENEM2025ENEM2025ENEM2025ENEM2025ENEM2025ENEM2025ENEM2025ENEM2025ENEM2025ENEM2025ENEM2025ENEM2025ENEM2025ENEM2025ENEM2025ENEM2025
CIÊNCIAS HUMANAS E SUAS TECNOLOGIAS
Questões de 46 a 90
QUESTãO 46
Macedônia do Norte
Acordo entra em vigor e país muda oficialmente de nome
Entrou em vigor, em 2019, o acordo que determina a mudança de nome da Macedônia para Macedônia do Norte. A troca
põe fim — ao menos por e"
76;CH;140803;A;29;0;;1.32986;1.17075;0.3185;AZUL;1539;;0;2025;Questão 76 - Texto extraído da Prova Oficial.
76;CH;140803;A;29;0;;1.32986;1.17075;0.3185;AZUL;1539;;0;2025;Questão 76 - Texto extraído da Prova Oficial.
76;CH;140803;A;29;0;;1.32986;1.17075;0.3185;AZUL;1539;;0;2025;Questão 76 - Texto extraído da Prova Oficial.
41;LC;167500;E;26;0;;1.32918;-0.10277;0.16879;AZUL;1549;;0;2025;Questão 41 - Texto extraído da Prova Oficial.
41;LC;167500;E;26;0;;1.32918;-0.10277;0.16879;AZUL;1549;;0;2025;Questão 41 - Texto extraído da Prova Oficial.
41;LC;167500;E;26;0;;1.32918;-0.10277;0.16879;AZUL;1549;;0;2025;Questão 41 - Texto extraído da Prova Oficial.
75;CH;125692;A;7;0;;1.31878;-0.20731;0.1965;AZUL;1539;;0;2025;Questão 75 - Texto extraído da Prova Oficial.
75;CH;125692;A;7;0;;1.31878;-0.20731;0.1965;AZUL;1539;;0;2025;Questão 75 - Texto extraído da Prova Oficial.
75;CH;125692;A;7;0;;1.31878;-0.20731;0.1965;AZUL;1539;;0;2025;Questão 75 - Texto extraído da Prova Oficial.
55;CH;149721;C;10;0;;1.31762;-0.05668;0.20888;AZUL;1539;;0;2025;Questão 55 - Texto extraído da Prova Oficial.
55;CH;149721;C;10;0;;1.31762;-0.05668;0.20888;AZUL;1539;;0;2025;Questão 55 - Texto extraído da Prova Oficial.
55;CH;149721;C;10;0;;1.31762;-0.05668;0.20888;AZUL;1539;;0;2025;Questão 55 - Texto extraído da Prova Oficial.
100;CN;87797;B;17;0;;1.31229;1.36273;0.17508;AZUL;1511;;0;2025;Questão 100 - Texto extraído da Prova Oficial.
100;CN;87797;B;17;0;;1.31229;1.36273;0.17508;AZUL;1511;;0;2025;Questão 100 - Texto extraído da Prova Oficial.
100;CN;87797;B;17;0;;1.31229;1.36273;0.17508;AZUL;1511;;0;2025;Questão 100 - Texto extraído da Prova Oficial.
1;LC;140668;D;6;0;;1.30785;0.6253;0.22089;AZUL;1549;1.0;0;2025;"
1
AZUL
ATENÇãO: transcreva no espaço apropriado do seu CARTÃO-RESPOSTA,
com sua caligrafia usual, considerando as letras maiúsculas e minúsculas, a seguinte frase:
Nada na vida deve ser temido, somente compreendido
ENEM2025ENEM2025ENEM2025ENEM2025ENEM2025ENEM2025ENEM2025ENEM2025ENEM2025ENEM2025ENEM2025ENEM2025ENEM2025ENEM2025ENEM2025ENEM2025ENEM2025ENEM2025ENEM2025ENEM2025ENEM2025ENEM2025ENEM2025ENEM2025ENEM2025ENEM2025ENEM2025ENEM2025ENEM2025ENEN2025ENEM2025ENEM2025ENEM2025ENEM2025ENEM2025ENEM2025ENEM2025ENEM2025ENEM2025ENEM2025ENEM2025ENEM2025ENEM2025ENEM2025ENEM2025ENEM2025ENEM2025ENEM2025ENEM2025ENEM2025ENEM2025ENEM2025ENEM2025ENEM2025ENEM2025ENEM2025ENEM2025ENEM2025
LEIA ATENTAMENTE AS INSTRUÇÕES SEGUINTES:
1. Este CADERNO DE QUESTÕES contém 90 questões numeradas de 01 a 90 e a Proposta de Redação,
dispostas da seguinte maneira:
a)questões de número 01 a 45, relativas à área de Linguagens, Códigos e suas Tecnologias;
b)Proposta de Redação;
c)questões de número 46 a 90, relativas à área de Ciências Humanas e suas Tecnologias.
ATENÇãO: as questões de 01 a 05 são relativas à língua estrangeira. Você deverá responder apenas às
questões relativas à língua estrangeira (inglês ou es"
1;LC;140668;D;6;0;;1.30785;0.6253;0.22089;AZUL;1549;1.0;0;2025;"
1
AZUL
ATENÇãO: transcreva no espaço apropriado do seu CARTÃO-RESPOSTA,
com sua caligrafia usual, considerando as letras maiúsculas e minúsculas, a seguinte frase:
Nada na vida deve ser temido, somente compreendido
ENEM2025ENEM2025ENEM2025ENEM2025ENEM2025ENEM2025ENEM2025ENEM2025ENEM2025ENEM2025ENEM2025ENEM2025ENEM2025ENEM2025ENEM2025ENEM2025ENEM2025ENEM2025ENEM2025ENEM2025ENEM2025ENEM2025ENEM2025ENEM2025ENEM2025ENEM2025ENEM2025ENEM2025ENEM2025ENEN2025ENEM2025ENEM2025ENEM2025ENEM2025ENEM2025ENEM2025ENEM2025ENEM2025ENEM2025ENEM2025ENEM2025ENEM2025ENEM2025ENEM2025ENEM2025ENEM2025ENEM2025ENEM2025ENEM2025ENEM2025ENEM2025ENEM2025ENEM2025ENEM2025ENEM2025ENEM2025ENEM2025ENEM2025
LEIA ATENTAMENTE AS INSTRUÇÕES SEGUINTES:
1. Este CADERNO DE QUESTÕES contém 90 questões numeradas de 01 a 90 e a Proposta de Redação,
dispostas da seguinte maneira:
a)questões de número 01 a 45, relativas à área de Linguagens, Códigos e suas Tecnologias;
b)Proposta de Redação;
c)questões de número 46 a 90, relativas à área de Ciências Humanas e suas Tecnologias.
ATENÇãO: as questões de 01 a 05 são relativas à língua estrangeira. Você deverá responder apenas às
questões relativas à língua estrangeira (inglês ou es"
1;LC;140668;D;6;0;;1.30785;0.6253;0.22089;AZUL;1549;1.0;0;2025;"
1
AZUL
ATENÇãO: transcreva no espaço apropriado do seu CARTÃO-RESPOSTA,
com sua caligrafia usual, considerando as letras maiúsculas e minúsculas, a seguinte frase:
Nada na vida deve ser temido, somente compreendido
ENEM2025ENEM2025ENEM2025ENEM2025ENEM2025ENEM2025ENEM2025ENEM2025ENEM2025ENEM2025ENEM2025ENEM2025ENEM2025ENEM2025ENEM2025ENEM2025ENEM2025ENEM2025ENEM2025ENEM2025ENEM2025ENEM2025ENEM2025ENEM2025ENEM2025ENEM2025ENEM2025ENEM2025ENEM2025ENEN2025ENEM2025ENEM2025ENEM2025ENEM2025ENEM2025ENEM2025ENEM2025ENEM2025ENEM2025ENEM2025ENEM2025ENEM2025ENEM2025ENEM2025ENEM2025ENEM2025ENEM2025ENEM2025ENEM2025ENEM2025ENEM2025ENEM2025ENEM2025ENEM2025ENEM2025ENEM2025ENEM2025ENEM2025
LEIA ATENTAMENTE AS INSTRUÇÕES SEGUINTES:
1. Este CADERNO DE QUESTÕES contém 90 questões numeradas de 01 a 90 e a Proposta de Redação,
dispostas da seguinte maneira:
a)questões de número 01 a 45, relativas à área de Linguagens, Códigos e suas Tecnologias;
b)Proposta de Redação;
c)questões de número 46 a 90, relativas à área de Ciências Humanas e suas Tecnologias.
ATENÇãO: as questões de 01 a 05 são relativas à língua estrangeira. Você deverá responder apenas às
questões relativas à língua estrangeira (inglês ou es"
5;LC;140723;B;7;0;;1.30106;0.06403;0.20042;AZUL;1549;1.0;0;2025;"
5
6
7
8
O
9
H
10
N
11 O
U
12 ã
C
13 Ç
S
14 A A
15 R D
16 E
R
17
18 A
19 D
20
21
22
23
24
25
26
27
28
29
30
ENEM2025ENEM2025ENEM2025ENEM2025ENEM2025ENEM2025ENEM2025ENEM2025ENEM2025ENEM2025ENEM2025ENEM2025ENEM2025ENEN2025ENEM2025ENEM2025ENEM2025ENEM2025ENEM2025ENEM2025ENEM2025ENEM2025ENEM2025ENEM2025ENEM2025ENEM2025ENEM2025ENEM2025ENEM2025ENEM2025ENEM2025ENEM2025ENEM2025ENEM2025ENEM2025ENEM2025ENEM2025ENEM2025ENEM2025ENEM2025ENEM2025ENEM2025ENEM2025ENEM2025ENEM2025
LINGUAGENS, CÓDIGOS E SUAS TECNOLOGIAS E REDAÇÃO | 1º DIA | CADERNO 1 | AZUL 21
001100117755AAZZ..iinnddbb 2211 2233//0077//22002255 1122::3322::2255
--- PAG 22 ---
*010175AZ22*
ENEM2025ENEM2025ENEM2025ENEM2025ENEM2025ENEM2025ENEM2025ENEM2025ENEM2025ENEM2025ENEM2025ENEM2025ENEM2025ENEN2025ENEM2025ENEM2025ENEM2025ENEM2025ENEM2025ENEM2025ENEM2025ENEM2025ENEM2025ENEM2025ENEM2025ENEM2025ENEM2025ENEM2025ENEM2025ENEM2025ENEM2025ENEM2025ENEM2025ENEM2025ENEM2025ENEM2025ENEM2025ENEM2025ENEM2025ENEM2025ENEM2025ENEM2025ENEM2025ENEM2025ENEM2025
CIÊNCIAS HUMANAS E SUAS TECNOLOGIAS
Questões de 46 a 90
QUESTãO 46
Macedônia do Norte
Acordo entra em vigor e país muda oficialmente de nome
Entrou em vigor, em 2019, o acordo que determina a "
5;LC;140723;B;7;0;;1.30106;0.06403;0.20042;AZUL;1549;1.0;0;2025;"
5
6
7
8
O
9
H
10
N
11 O
U
12 ã
C
13 Ç
S
14 A A
15 R D
16 E
R
17
18 A
19 D
20
21
22
23
24
25
26
27
28
29
30
ENEM2025ENEM2025ENEM2025ENEM2025ENEM2025ENEM2025ENEM2025ENEM2025ENEM2025ENEM2025ENEM2025ENEM2025ENEM2025ENEN2025ENEM2025ENEM2025ENEM2025ENEM2025ENEM2025ENEM2025ENEM2025ENEM2025ENEM2025ENEM2025ENEM2025ENEM2025ENEM2025ENEM2025ENEM2025ENEM2025ENEM2025ENEM2025ENEM2025ENEM2025ENEM2025ENEM2025ENEM2025ENEM2025ENEM2025ENEM2025ENEM2025ENEM2025ENEM2025ENEM2025ENEM2025
LINGUAGENS, CÓDIGOS E SUAS TECNOLOGIAS E REDAÇÃO | 1º DIA | CADERNO 1 | AZUL 21
001100117755AAZZ..iinnddbb 2211 2233//0077//22002255 1122::3322::2255
--- PAG 22 ---
*010175AZ22*
ENEM2025ENEM2025ENEM2025ENEM2025ENEM2025ENEM2025ENEM2025ENEM2025ENEM2025ENEM2025ENEM2025ENEM2025ENEM2025ENEN2025ENEM2025ENEM2025ENEM2025ENEM2025ENEM2025ENEM2025ENEM2025ENEM2025ENEM2025ENEM2025ENEM2025ENEM2025ENEM2025ENEM2025ENEM2025ENEM2025ENEM2025ENEM2025ENEM2025ENEM2025ENEM2025ENEM2025ENEM2025ENEM2025ENEM2025ENEM2025ENEM2025ENEM2025ENEM2025ENEM2025ENEM2025
CIÊNCIAS HUMANAS E SUAS TECNOLOGIAS
Questões de 46 a 90
QUESTãO 46
Macedônia do Norte
Acordo entra em vigor e país muda oficialmente de nome
Entrou em vigor, em 2019, o acordo que determina a "
5;LC;140723;B;7;0;;1.30106;0.06403;0.20042;AZUL;1549;1.0;0;2025;"
5
6
7
8
O
9
H
10
N
11 O
U
12 ã
C
13 Ç
S
14 A A
15 R D
16 E
R
17
18 A
19 D
20
21
22
23
24
25
26
27
28
29
30
ENEM2025ENEM2025ENEM2025ENEM2025ENEM2025ENEM2025ENEM2025ENEM2025ENEM2025ENEM2025ENEM2025ENEM2025ENEM2025ENEN2025ENEM2025ENEM2025ENEM2025ENEM2025ENEM2025ENEM2025ENEM2025ENEM2025ENEM2025ENEM2025ENEM2025ENEM2025ENEM2025ENEM2025ENEM2025ENEM2025ENEM2025ENEM2025ENEM2025ENEM2025ENEM2025ENEM2025ENEM2025ENEM2025ENEM2025ENEM2025ENEM2025ENEM2025ENEM2025ENEM2025ENEM2025
LINGUAGENS, CÓDIGOS E SUAS TECNOLOGIAS E REDAÇÃO | 1º DIA | CADERNO 1 | AZUL 21
001100117755AAZZ..iinnddbb 2211 2233//0077//22002255 1122::3322::2255
--- PAG 22 ---
*010175AZ22*
ENEM2025ENEM2025ENEM2025ENEM2025ENEM2025ENEM2025ENEM2025ENEM2025ENEM2025ENEM2025ENEM2025ENEM2025ENEM2025ENEN2025ENEM2025ENEM2025ENEM2025ENEM2025ENEM2025ENEM2025ENEM2025ENEM2025ENEM2025ENEM2025ENEM2025ENEM2025ENEM2025ENEM2025ENEM2025ENEM2025ENEM2025ENEM2025ENEM2025ENEM2025ENEM2025ENEM2025ENEM2025ENEM2025ENEM2025ENEM2025ENEM2025ENEM2025ENEM2025ENEM2025ENEM2025
CIÊNCIAS HUMANAS E SUAS TECNOLOGIAS
Questões de 46 a 90
QUESTãO 46
Macedônia do Norte
Acordo entra em vigor e país muda oficialmente de nome
Entrou em vigor, em 2019, o acordo que determina a "
28;LC;150686;B;19;0;;1.29084;0.44371;0.21909;AZUL;1549;;0;2025;"
28
29
30
ENEM2025ENEM2025ENEM2025ENEM2025ENEM2025ENEM2025ENEM2025ENEM2025ENEM2025ENEM2025ENEM2025ENEM2025ENEM2025ENEN2025ENEM2025ENEM2025ENEM2025ENEM2025ENEM2025ENEM2025ENEM2025ENEM2025ENEM2025ENEM2025ENEM2025ENEM2025ENEM2025ENEM2025ENEM2025ENEM2025ENEM2025ENEM2025ENEM2025ENEM2025ENEM2025ENEM2025ENEM2025ENEM2025ENEM2025ENEM2025ENEM2025ENEM2025ENEM2025ENEM2025ENEM2025
LINGUAGENS, CÓDIGOS E SUAS TECNOLOGIAS E REDAÇÃO | 1º DIA | CADERNO 1 | AZUL 21
001100117755AAZZ..iinnddbb 2211 2233//0077//22002255 1122::3322::2255
--- PAG 22 ---
*010175AZ22*
ENEM2025ENEM2025ENEM2025ENEM2025ENEM2025ENEM2025ENEM2025ENEM2025ENEM2025ENEM2025ENEM2025ENEM2025ENEM2025ENEN2025ENEM2025ENEM2025ENEM2025ENEM2025ENEM2025ENEM2025ENEM2025ENEM2025ENEM2025ENEM2025ENEM2025ENEM2025ENEM2025ENEM2025ENEM2025ENEM2025ENEM2025ENEM2025ENEM2025ENEM2025ENEM2025ENEM2025ENEM2025ENEM2025ENEM2025ENEM2025ENEM2025ENEM2025ENEM2025ENEM2025ENEM2025
CIÊNCIAS HUMANAS E SUAS TECNOLOGIAS
Questões de 46 a 90
QUESTãO 46
Macedônia do Norte
Acordo entra em vigor e país muda oficialmente de nome
Entrou em vigor, em 2019, o acordo que determina a mudança de nome da Macedônia para Macedônia do Norte. A troca
põe fim — ao menos por enquanto — no"
28;LC;150686;B;19;0;;1.29084;0.44371;0.21909;AZUL;1549;;0;2025;"
28
29
30
ENEM2025ENEM2025ENEM2025ENEM2025ENEM2025ENEM2025ENEM2025ENEM2025ENEM2025ENEM2025ENEM2025ENEM2025ENEM2025ENEN2025ENEM2025ENEM2025ENEM2025ENEM2025ENEM2025ENEM2025ENEM2025ENEM2025ENEM2025ENEM2025ENEM2025ENEM2025ENEM2025ENEM2025ENEM2025ENEM2025ENEM2025ENEM2025ENEM2025ENEM2025ENEM2025ENEM2025ENEM2025ENEM2025ENEM2025ENEM2025ENEM2025ENEM2025ENEM2025ENEM2025ENEM2025
LINGUAGENS, CÓDIGOS E SUAS TECNOLOGIAS E REDAÇÃO | 1º DIA | CADERNO 1 | AZUL 21
001100117755AAZZ..iinnddbb 2211 2233//0077//22002255 1122::3322::2255
--- PAG 22 ---
*010175AZ22*
ENEM2025ENEM2025ENEM2025ENEM2025ENEM2025ENEM2025ENEM2025ENEM2025ENEM2025ENEM2025ENEM2025ENEM2025ENEM2025ENEN2025ENEM2025ENEM2025ENEM2025ENEM2025ENEM2025ENEM2025ENEM2025ENEM2025ENEM2025ENEM2025ENEM2025ENEM2025ENEM2025ENEM2025ENEM2025ENEM2025ENEM2025ENEM2025ENEM2025ENEM2025ENEM2025ENEM2025ENEM2025ENEM2025ENEM2025ENEM2025ENEM2025ENEM2025ENEM2025ENEM2025ENEM2025
CIÊNCIAS HUMANAS E SUAS TECNOLOGIAS
Questões de 46 a 90
QUESTãO 46
Macedônia do Norte
Acordo entra em vigor e país muda oficialmente de nome
Entrou em vigor, em 2019, o acordo que determina a mudança de nome da Macedônia para Macedônia do Norte. A troca
põe fim — ao menos por enquanto — no"
28;LC;150686;B;19;0;;1.29084;0.44371;0.21909;AZUL;1549;;0;2025;"
28
29
30
ENEM2025ENEM2025ENEM2025ENEM2025ENEM2025ENEM2025ENEM2025ENEM2025ENEM2025ENEM2025ENEM2025ENEM2025ENEM2025ENEN2025ENEM2025ENEM2025ENEM2025ENEM2025ENEM2025ENEM2025ENEM2025ENEM2025ENEM2025ENEM2025ENEM2025ENEM2025ENEM2025ENEM2025ENEM2025ENEM2025ENEM2025ENEM2025ENEM2025ENEM2025ENEM2025ENEM2025ENEM2025ENEM2025ENEM2025ENEM2025ENEM2025ENEM2025ENEM2025ENEM2025ENEM2025
LINGUAGENS, CÓDIGOS E SUAS TECNOLOGIAS E REDAÇÃO | 1º DIA | CADERNO 1 | AZUL 21
001100117755AAZZ..iinnddbb 2211 2233//0077//22002255 1122::3322::2255
--- PAG 22 ---
*010175AZ22*
ENEM2025ENEM2025ENEM2025ENEM2025ENEM2025ENEM2025ENEM2025ENEM2025ENEM2025ENEM2025ENEM2025ENEM2025ENEM2025ENEN2025ENEM2025ENEM2025ENEM2025ENEM2025ENEM2025ENEM2025ENEM2025ENEM2025ENEM2025ENEM2025ENEM2025ENEM2025ENEM2025ENEM2025ENEM2025ENEM2025ENEM2025ENEM2025ENEM2025ENEM2025ENEM2025ENEM2025ENEM2025ENEM2025ENEM2025ENEM2025ENEM2025ENEM2025ENEM2025ENEM2025ENEM2025
CIÊNCIAS HUMANAS E SUAS TECNOLOGIAS
Questões de 46 a 90
QUESTãO 46
Macedônia do Norte
Acordo entra em vigor e país muda oficialmente de nome
Entrou em vigor, em 2019, o acordo que determina a mudança de nome da Macedônia para Macedônia do Norte. A troca
põe fim — ao menos por enquanto — no"
6;LC;157752;E;28;0;;1.28847;2.1305;0.29823;AZUL;1529;;0;2025;"
6
7
8
O
9
H
10
N
11 O
U
12 ã
C
13 Ç
S
14 A A
15 R D
16 E
R
17
18 A
19 D
20
21
22
23
24
25
26
27
28
29
30
ENEM2025ENEM2025ENEM2025ENEM2025ENEM2025ENEM2025ENEM2025ENEM2025ENEM2025ENEM2025ENEM2025ENEM2025ENEM2025ENEN2025ENEM2025ENEM2025ENEM2025ENEM2025ENEM2025ENEM2025ENEM2025ENEM2025ENEM2025ENEM2025ENEM2025ENEM2025ENEM2025ENEM2025ENEM2025ENEM2025ENEM2025ENEM2025ENEM2025ENEM2025ENEM2025ENEM2025ENEM2025ENEM2025ENEM2025ENEM2025ENEM2025ENEM2025ENEM2025ENEM2025ENEM2025
LINGUAGENS, CÓDIGOS E SUAS TECNOLOGIAS E REDAÇÃO | 1º DIA | CADERNO 1 | AZUL 21
001100117755AAZZ..iinnddbb 2211 2233//0077//22002255 1122::3322::2255
--- PAG 22 ---
*010175AZ22*
ENEM2025ENEM2025ENEM2025ENEM2025ENEM2025ENEM2025ENEM2025ENEM2025ENEM2025ENEM2025ENEM2025ENEM2025ENEM2025ENEN2025ENEM2025ENEM2025ENEM2025ENEM2025ENEM2025ENEM2025ENEM2025ENEM2025ENEM2025ENEM2025ENEM2025ENEM2025ENEM2025ENEM2025ENEM2025ENEM2025ENEM2025ENEM2025ENEM2025ENEM2025ENEM2025ENEM2025ENEM2025ENEM2025ENEM2025ENEM2025ENEM2025ENEM2025ENEM2025ENEM2025ENEM2025
CIÊNCIAS HUMANAS E SUAS TECNOLOGIAS
Questões de 46 a 90
QUESTãO 46
Macedônia do Norte
Acordo entra em vigor e país muda oficialmente de nome
Entrou em vigor, em 2019, o acordo que determina a mu"
6;LC;157752;E;28;0;;1.28847;2.1305;0.29823;AZUL;1529;;0;2025;"
6
7
8
O
9
H
10
N
11 O
U
12 ã
C
13 Ç
S
14 A A
15 R D
16 E
R
17
18 A
19 D
20
21
22
23
24
25
26
27
28
29
30
ENEM2025ENEM2025ENEM2025ENEM2025ENEM2025ENEM2025ENEM2025ENEM2025ENEM2025ENEM2025ENEM2025ENEM2025ENEM2025ENEN2025ENEM2025ENEM2025ENEM2025ENEM2025ENEM2025ENEM2025ENEM2025ENEM2025ENEM2025ENEM2025ENEM2025ENEM2025ENEM2025ENEM2025ENEM2025ENEM2025ENEM2025ENEM2025ENEM2025ENEM2025ENEM2025ENEM2025ENEM2025ENEM2025ENEM2025ENEM2025ENEM2025ENEM2025ENEM2025ENEM2025ENEM2025
LINGUAGENS, CÓDIGOS E SUAS TECNOLOGIAS E REDAÇÃO | 1º DIA | CADERNO 1 | AZUL 21
001100117755AAZZ..iinnddbb 2211 2233//0077//22002255 1122::3322::2255
--- PAG 22 ---
*010175AZ22*
ENEM2025ENEM2025ENEM2025ENEM2025ENEM2025ENEM2025ENEM2025ENEM2025ENEM2025ENEM2025ENEM2025ENEM2025ENEM2025ENEN2025ENEM2025ENEM2025ENEM2025ENEM2025ENEM2025ENEM2025ENEM2025ENEM2025ENEM2025ENEM2025ENEM2025ENEM2025ENEM2025ENEM2025ENEM2025ENEM2025ENEM2025ENEM2025ENEM2025ENEM2025ENEM2025ENEM2025ENEM2025ENEM2025ENEM2025ENEM2025ENEM2025ENEM2025ENEM2025ENEM2025ENEM2025
CIÊNCIAS HUMANAS E SUAS TECNOLOGIAS
Questões de 46 a 90
QUESTãO 46
Macedônia do Norte
Acordo entra em vigor e país muda oficialmente de nome
Entrou em vigor, em 2019, o acordo que determina a mu"
6;LC;157752;E;28;0;;1.28847;2.1305;0.29823;AZUL;1529;;0;2025;"
6
7
8
O
9
H
10
N
11 O
U
12 ã
C
13 Ç
S
14 A A
15 R D
16 E
R
17
18 A
19 D
20
21
22
23
24
25
26
27
28
29
30
ENEM2025ENEM2025ENEM2025ENEM2025ENEM2025ENEM2025ENEM2025ENEM2025ENEM2025ENEM2025ENEM2025ENEM2025ENEM2025ENEN2025ENEM2025ENEM2025ENEM2025ENEM2025ENEM2025ENEM2025ENEM2025ENEM2025ENEM2025ENEM2025ENEM2025ENEM2025ENEM2025ENEM2025ENEM2025ENEM2025ENEM2025ENEM2025ENEM2025ENEM2025ENEM2025ENEM2025ENEM2025ENEM2025ENEM2025ENEM2025ENEM2025ENEM2025ENEM2025ENEM2025ENEM2025
LINGUAGENS, CÓDIGOS E SUAS TECNOLOGIAS E REDAÇÃO | 1º DIA | CADERNO 1 | AZUL 21
001100117755AAZZ..iinnddbb 2211 2233//0077//22002255 1122::3322::2255
--- PAG 22 ---
*010175AZ22*
ENEM2025ENEM2025ENEM2025ENEM2025ENEM2025ENEM2025ENEM2025ENEM2025ENEM2025ENEM2025ENEM2025ENEM2025ENEM2025ENEN2025ENEM2025ENEM2025ENEM2025ENEM2025ENEM2025ENEM2025ENEM2025ENEM2025ENEM2025ENEM2025ENEM2025ENEM2025ENEM2025ENEM2025ENEM2025ENEM2025ENEM2025ENEM2025ENEM2025ENEM2025ENEM2025ENEM2025ENEM2025ENEM2025ENEM2025ENEM2025ENEM2025ENEM2025ENEM2025ENEM2025ENEM2025
CIÊNCIAS HUMANAS E SUAS TECNOLOGIAS
Questões de 46 a 90
QUESTãO 46
Macedônia do Norte
Acordo entra em vigor e país muda oficialmente de nome
Entrou em vigor, em 2019, o acordo que determina a mu"
66;CH;125755;D;12;0;;1.28327;0.37739;0.22573;AZUL;1520;;0;2025;Questão 66 - Texto extraído da Prova Oficial.
66;CH;125755;D;12;0;;1.28327;0.37739;0.22573;AZUL;1520;;0;2025;Questão 66 - Texto extraído da Prova Oficial.
66;CH;125755;D;12;0;;1.28327;0.37739;0.22573;AZUL;1520;;0;2025;Questão 66 - Texto extraído da Prova Oficial.
167;MT;153126;C;27;0;;1.28177;1.31324;0.17618;AZUL;1502;;0;2025;Questão 167 - Texto extraído da Prova Oficial.
167;MT;153126;C;27;0;;1.28177;1.31324;0.17618;AZUL;1502;;0;2025;Questão 167 - Texto extraído da Prova Oficial.
167;MT;153126;C;27;0;;1.28177;1.31324;0.17618;AZUL;1502;;0;2025;Questão 167 - Texto extraído da Prova Oficial.
150;MT;96738;A;17;0;;1.27798;1.77502;0.14946;AZUL;1502;;0;2025;Questão 150 - Texto extraído da Prova Oficial.
150;MT;96738;A;17;0;;1.27798;1.77502;0.14946;AZUL;1502;;0;2025;Questão 150 - Texto extraído da Prova Oficial.
150;MT;96738;A;17;0;;1.27798;1.77502;0.14946;AZUL;1502;;0;2025;Questão 150 - Texto extraído da Prova Oficial.
130;CN;88203;A;8;0;;1.26674;1.19241;0.21437;AZUL;1569;;0;2025;Questão 130 - Texto extraído da Prova Oficial.
130;CN;88203;A;8;0;;1.26674;1.19241;0.21437;AZUL;1569;;0;2025;Questão 130 - Texto extraído da Prova Oficial.
130;CN;88203;A;8;0;;1.26674;1.19241;0.21437;AZUL;1569;;0;2025;Questão 130 - Texto extraído da Prova Oficial.
69;CH;48445;D;23;0;;1.25987;1.17854;0.18785;AZUL;1539;;0;2025;Questão 69 - Texto extraído da Prova Oficial.
69;CH;48445;D;23;0;;1.25987;1.17854;0.18785;AZUL;1539;;0;2025;Questão 69 - Texto extraído da Prova Oficial.
69;CH;48445;D;23;0;;1.25987;1.17854;0.18785;AZUL;1539;;0;2025;Questão 69 - Texto extraído da Prova Oficial.
146;MT;61653;C;5;0;;1.25752;1.79072;0.12173;AZUL;1559;;0;2025;Questão 146 - Texto extraído da Prova Oficial.
146;MT;61653;C;5;0;;1.25752;1.79072;0.12173;AZUL;1559;;0;2025;Questão 146 - Texto extraído da Prova Oficial.
146;MT;61653;C;5;0;;1.25752;1.79072;0.12173;AZUL;1559;;0;2025;Questão 146 - Texto extraído da Prova Oficial.
118;CN;50300;B;12;0;;1.25688;-0.42158;0.22897;AZUL;1569;;0;2025;Questão 118 - Texto extraído da Prova Oficial.
118;CN;50300;B;12;0;;1.25688;-0.42158;0.22897;AZUL;1569;;0;2025;Questão 118 - Texto extraído da Prova Oficial.
118;CN;50300;B;12;0;;1.25688;-0.42158;0.22897;AZUL;1569;;0;2025;Questão 118 - Texto extraído da Prova Oficial.
46;CH;125673;D;1;0;;1.25269;0.63905;0.21757;AZUL;1539;;0;2025;Questão 46 - Texto extraído da Prova Oficial.
46;CH;125673;D;1;0;;1.25269;0.63905;0.21757;AZUL;1539;;0;2025;Questão 46 - Texto extraído da Prova Oficial.
46;CH;125673;D;1;0;;1.25269;0.63905;0.21757;AZUL;1539;;0;2025;Questão 46 - Texto extraído da Prova Oficial.
22;LC;86528;A;16;0;;1.23522;0.60467;0.20534;AZUL;1549;;0;2025;"
22
23
24
25
26
27
28
29
30
ENEM2025ENEM2025ENEM2025ENEM2025ENEM2025ENEM2025ENEM2025ENEM2025ENEM2025ENEM2025ENEM2025ENEM2025ENEM2025ENEN2025ENEM2025ENEM2025ENEM2025ENEM2025ENEM2025ENEM2025ENEM2025ENEM2025ENEM2025ENEM2025ENEM2025ENEM2025ENEM2025ENEM2025ENEM2025ENEM2025ENEM2025ENEM2025ENEM2025ENEM2025ENEM2025ENEM2025ENEM2025ENEM2025ENEM2025ENEM2025ENEM2025ENEM2025ENEM2025ENEM2025ENEM2025
LINGUAGENS, CÓDIGOS E SUAS TECNOLOGIAS E REDAÇÃO | 1º DIA | CADERNO 1 | AZUL 21
001100117755AAZZ..iinnddbb 2211 2233//0077//22002255 1122::3322::2255
--- PAG 22 ---
*010175AZ22*
ENEM2025ENEM2025ENEM2025ENEM2025ENEM2025ENEM2025ENEM2025ENEM2025ENEM2025ENEM2025ENEM2025ENEM2025ENEM2025ENEN2025ENEM2025ENEM2025ENEM2025ENEM2025ENEM2025ENEM2025ENEM2025ENEM2025ENEM2025ENEM2025ENEM2025ENEM2025ENEM2025ENEM2025ENEM2025ENEM2025ENEM2025ENEM2025ENEM2025ENEM2025ENEM2025ENEM2025ENEM2025ENEM2025ENEM2025ENEM2025ENEM2025ENEM2025ENEM2025ENEM2025ENEM2025
CIÊNCIAS HUMANAS E SUAS TECNOLOGIAS
Questões de 46 a 90
QUESTãO 46
Macedônia do Norte
Acordo entra em vigor e país muda oficialmente de nome
Entrou em vigor, em 2019, o acordo que determina a mudança de nome da Macedônia para Macedônia do Norte. A troca
põe fim — ao menos"
22;LC;86528;A;16;0;;1.23522;0.60467;0.20534;AZUL;1549;;0;2025;"
22
23
24
25
26
27
28
29
30
ENEM2025ENEM2025ENEM2025ENEM2025ENEM2025ENEM2025ENEM2025ENEM2025ENEM2025ENEM2025ENEM2025ENEM2025ENEM2025ENEN2025ENEM2025ENEM2025ENEM2025ENEM2025ENEM2025ENEM2025ENEM2025ENEM2025ENEM2025ENEM2025ENEM2025ENEM2025ENEM2025ENEM2025ENEM2025ENEM2025ENEM2025ENEM2025ENEM2025ENEM2025ENEM2025ENEM2025ENEM2025ENEM2025ENEM2025ENEM2025ENEM2025ENEM2025ENEM2025ENEM2025ENEM2025
LINGUAGENS, CÓDIGOS E SUAS TECNOLOGIAS E REDAÇÃO | 1º DIA | CADERNO 1 | AZUL 21
001100117755AAZZ..iinnddbb 2211 2233//0077//22002255 1122::3322::2255
--- PAG 22 ---
*010175AZ22*
ENEM2025ENEM2025ENEM2025ENEM2025ENEM2025ENEM2025ENEM2025ENEM2025ENEM2025ENEM2025ENEM2025ENEM2025ENEM2025ENEN2025ENEM2025ENEM2025ENEM2025ENEM2025ENEM2025ENEM2025ENEM2025ENEM2025ENEM2025ENEM2025ENEM2025ENEM2025ENEM2025ENEM2025ENEM2025ENEM2025ENEM2025ENEM2025ENEM2025ENEM2025ENEM2025ENEM2025ENEM2025ENEM2025ENEM2025ENEM2025ENEM2025ENEM2025ENEM2025ENEM2025ENEM2025
CIÊNCIAS HUMANAS E SUAS TECNOLOGIAS
Questões de 46 a 90
QUESTãO 46
Macedônia do Norte
Acordo entra em vigor e país muda oficialmente de nome
Entrou em vigor, em 2019, o acordo que determina a mudança de nome da Macedônia para Macedônia do Norte. A troca
põe fim — ao menos"
22;LC;86528;A;16;0;;1.23522;0.60467;0.20534;AZUL;1549;;0;2025;"
22
23
24
25
26
27
28
29
30
ENEM2025ENEM2025ENEM2025ENEM2025ENEM2025ENEM2025ENEM2025ENEM2025ENEM2025ENEM2025ENEM2025ENEM2025ENEM2025ENEN2025ENEM2025ENEM2025ENEM2025ENEM2025ENEM2025ENEM2025ENEM2025ENEM2025ENEM2025ENEM2025ENEM2025ENEM2025ENEM2025ENEM2025ENEM2025ENEM2025ENEM2025ENEM2025ENEM2025ENEM2025ENEM2025ENEM2025ENEM2025ENEM2025ENEM2025ENEM2025ENEM2025ENEM2025ENEM2025ENEM2025ENEM2025
LINGUAGENS, CÓDIGOS E SUAS TECNOLOGIAS E REDAÇÃO | 1º DIA | CADERNO 1 | AZUL 21
001100117755AAZZ..iinnddbb 2211 2233//0077//22002255 1122::3322::2255
--- PAG 22 ---
*010175AZ22*
ENEM2025ENEM2025ENEM2025ENEM2025ENEM2025ENEM2025ENEM2025ENEM2025ENEM2025ENEM2025ENEM2025ENEM2025ENEM2025ENEN2025ENEM2025ENEM2025ENEM2025ENEM2025ENEM2025ENEM2025ENEM2025ENEM2025ENEM2025ENEM2025ENEM2025ENEM2025ENEM2025ENEM2025ENEM2025ENEM2025ENEM2025ENEM2025ENEM2025ENEM2025ENEM2025ENEM2025ENEM2025ENEM2025ENEM2025ENEM2025ENEM2025ENEM2025ENEM2025ENEM2025ENEM2025
CIÊNCIAS HUMANAS E SUAS TECNOLOGIAS
Questões de 46 a 90
QUESTãO 46
Macedônia do Norte
Acordo entra em vigor e país muda oficialmente de nome
Entrou em vigor, em 2019, o acordo que determina a mudança de nome da Macedônia para Macedônia do Norte. A troca
põe fim — ao menos"
142;MT;118001;C;26;0;;1.23159;1.06512;0.16005;AZUL;1502;;0;2025;Questão 142 - Texto extraído da Prova Oficial.
142;MT;118001;C;26;0;;1.23159;1.06512;0.16005;AZUL;1502;;0;2025;Questão 142 - Texto extraído da Prova Oficial.
142;MT;118001;C;26;0;;1.23159;1.06512;0.16005;AZUL;1502;;0;2025;Questão 142 - Texto extraído da Prova Oficial.
174;MT;125968;B;13;0;;1.23147;1.46615;0.229;AZUL;1502;;0;2025;Questão 174 - Texto extraído da Prova Oficial.
174;MT;125968;B;13;0;;1.23147;1.46615;0.229;AZUL;1502;;0;2025;Questão 174 - Texto extraído da Prova Oficial.
174;MT;125968;B;13;0;;1.23147;1.46615;0.229;AZUL;1502;;0;2025;Questão 174 - Texto extraído da Prova Oficial.
98;CN;86797;C;30;0;;1.19846;-0.14998;0.21116;AZUL;1511;;0;2025;Questão 98 - Texto extraído da Prova Oficial.
98;CN;86797;C;30;0;;1.19846;-0.14998;0.21116;AZUL;1511;;0;2025;Questão 98 - Texto extraído da Prova Oficial.
98;CN;86797;C;30;0;;1.19846;-0.14998;0.21116;AZUL;1511;;0;2025;Questão 98 - Texto extraído da Prova Oficial.
85;CH;149827;C;30;0;;1.19437;-0.0421;0.20782;AZUL;1539;;0;2025;Questão 85 - Texto extraído da Prova Oficial.
85;CH;149827;C;30;0;;1.19437;-0.0421;0.20782;AZUL;1539;;0;2025;Questão 85 - Texto extraído da Prova Oficial.
85;CH;149827;C;30;0;;1.19437;-0.0421;0.20782;AZUL;1539;;0;2025;Questão 85 - Texto extraído da Prova Oficial.
84;CH;125777;E;3;0;;1.18996;-0.2036;0.19686;AZUL;1539;;0;2025;Questão 84 - Texto extraído da Prova Oficial.
84;CH;125777;E;3;0;;1.18996;-0.2036;0.19686;AZUL;1539;;0;2025;Questão 84 - Texto extraído da Prova Oficial.
84;CH;125777;E;3;0;;1.18996;-0.2036;0.19686;AZUL;1539;;0;2025;Questão 84 - Texto extraído da Prova Oficial.
128;CN;18271;B;13;0;;1.18008;1.00621;0.29597;AZUL;1569;;0;2025;Questão 128 - Texto extraído da Prova Oficial.
128;CN;18271;B;13;0;;1.18008;1.00621;0.29597;AZUL;1569;;0;2025;Questão 128 - Texto extraído da Prova Oficial.
128;CN;18271;B;13;0;;1.18008;1.00621;0.29597;AZUL;1569;;0;2025;Questão 128 - Texto extraído da Prova Oficial.
19;LC;150744;D;17;0;;1.16823;0.88079;0.20262;AZUL;1549;;0;2025;"Questão 19
fui bom de matemática fraco no inglês eu que nunca gostei de
No predomínio das mulheres pretas brasileiras nos Jogos
química geografia e português o que é que eu faço agora hein
Olímpicos de 2024, uma coisa chamou a atenção no pódio: elas
mãe não sei. [...]
valorizam a parte psicológica. As duas medalhistas de ouro, a
O meu medo é a vida piorar e eu não conseguir arranjar
judoca Beatriz Souza e a ginasta Rebeca Andrade, ressaltam, em
emprego nem de faxineiro nem de porteiro nem de ajudante
várias entrevistas, a importância da saúde mental. Em uma dessas
de pedreiro e o pessoal dizer que o governo já fez o que pôde
entrevistas, Rebeca sinaliza: “Acho que não é só sobre vencer a
já pôde o que fez já deu a sua cota de participação hein mãe
Simone, é sobre vencer a mim mesma. A minha briga está na
não sei.
minha cabeça, não está com outras pessoas. Para conseguir fazer
as minhas apresentações, preciso controlar a minha cabeça, o meu O meu medo é que mesmo com diploma debaixo do braço
corpo, e essa é a briga”. Na mesma linha, a skatista Rayssa Leal andando por aí desiludido e desempregado o policial me olhe
exalta a necessidade da terapia, e a Seleção Brasileira de Futebol de"
19;LC;150744;D;17;0;;1.16823;0.88079;0.20262;AZUL;1549;;0;2025;"Questão 19
fui bom de matemática fraco no inglês eu que nunca gostei de
No predomínio das mulheres pretas brasileiras nos Jogos
química geografia e português o que é que eu faço agora hein
Olímpicos de 2024, uma coisa chamou a atenção no pódio: elas
mãe não sei. [...]
valorizam a parte psicológica. As duas medalhistas de ouro, a
O meu medo é a vida piorar e eu não conseguir arranjar
judoca Beatriz Souza e a ginasta Rebeca Andrade, ressaltam, em
emprego nem de faxineiro nem de porteiro nem de ajudante
várias entrevistas, a importância da saúde mental. Em uma dessas
de pedreiro e o pessoal dizer que o governo já fez o que pôde
entrevistas, Rebeca sinaliza: “Acho que não é só sobre vencer a
já pôde o que fez já deu a sua cota de participação hein mãe
Simone, é sobre vencer a mim mesma. A minha briga está na
não sei.
minha cabeça, não está com outras pessoas. Para conseguir fazer
as minhas apresentações, preciso controlar a minha cabeça, o meu O meu medo é que mesmo com diploma debaixo do braço
corpo, e essa é a briga”. Na mesma linha, a skatista Rayssa Leal andando por aí desiludido e desempregado o policial me olhe
exalta a necessidade da terapia, e a Seleção Brasileira de Futebol de"
19;LC;150744;D;17;0;;1.16823;0.88079;0.20262;AZUL;1549;;0;2025;"Questão 19
fui bom de matemática fraco no inglês eu que nunca gostei de
No predomínio das mulheres pretas brasileiras nos Jogos
química geografia e português o que é que eu faço agora hein
Olímpicos de 2024, uma coisa chamou a atenção no pódio: elas
mãe não sei. [...]
valorizam a parte psicológica. As duas medalhistas de ouro, a
O meu medo é a vida piorar e eu não conseguir arranjar
judoca Beatriz Souza e a ginasta Rebeca Andrade, ressaltam, em
emprego nem de faxineiro nem de porteiro nem de ajudante
várias entrevistas, a importância da saúde mental. Em uma dessas
de pedreiro e o pessoal dizer que o governo já fez o que pôde
entrevistas, Rebeca sinaliza: “Acho que não é só sobre vencer a
já pôde o que fez já deu a sua cota de participação hein mãe
Simone, é sobre vencer a mim mesma. A minha briga está na
não sei.
minha cabeça, não está com outras pessoas. Para conseguir fazer
as minhas apresentações, preciso controlar a minha cabeça, o meu O meu medo é que mesmo com diploma debaixo do braço
corpo, e essa é a briga”. Na mesma linha, a skatista Rayssa Leal andando por aí desiludido e desempregado o policial me olhe
exalta a necessidade da terapia, e a Seleção Brasileira de Futebol de"
22;LC;158721;A;16;0;;1.15023;0.56259;0.20041;AZUL;1529;;0;2025;"
22
23
24
25
26
27
28
29
30
ENEM2025ENEM2025ENEM2025ENEM2025ENEM2025ENEM2025ENEM2025ENEM2025ENEM2025ENEM2025ENEM2025ENEM2025ENEM2025ENEN2025ENEM2025ENEM2025ENEM2025ENEM2025ENEM2025ENEM2025ENEM2025ENEM2025ENEM2025ENEM2025ENEM2025ENEM2025ENEM2025ENEM2025ENEM2025ENEM2025ENEM2025ENEM2025ENEM2025ENEM2025ENEM2025ENEM2025ENEM2025ENEM2025ENEM2025ENEM2025ENEM2025ENEM2025ENEM2025ENEM2025ENEM2025
LINGUAGENS, CÓDIGOS E SUAS TECNOLOGIAS E REDAÇÃO | 1º DIA | CADERNO 1 | AZUL 21
001100117755AAZZ..iinnddbb 2211 2233//0077//22002255 1122::3322::2255
--- PAG 22 ---
*010175AZ22*
ENEM2025ENEM2025ENEM2025ENEM2025ENEM2025ENEM2025ENEM2025ENEM2025ENEM2025ENEM2025ENEM2025ENEM2025ENEM2025ENEN2025ENEM2025ENEM2025ENEM2025ENEM2025ENEM2025ENEM2025ENEM2025ENEM2025ENEM2025ENEM2025ENEM2025ENEM2025ENEM2025ENEM2025ENEM2025ENEM2025ENEM2025ENEM2025ENEM2025ENEM2025ENEM2025ENEM2025ENEM2025ENEM2025ENEM2025ENEM2025ENEM2025ENEM2025ENEM2025ENEM2025ENEM2025
CIÊNCIAS HUMANAS E SUAS TECNOLOGIAS
Questões de 46 a 90
QUESTãO 46
Macedônia do Norte
Acordo entra em vigor e país muda oficialmente de nome
Entrou em vigor, em 2019, o acordo que determina a mudança de nome da Macedônia para Macedônia do Norte. A troca
põe fim — ao menos"
22;LC;158721;A;16;0;;1.15023;0.56259;0.20041;AZUL;1529;;0;2025;"
22
23
24
25
26
27
28
29
30
ENEM2025ENEM2025ENEM2025ENEM2025ENEM2025ENEM2025ENEM2025ENEM2025ENEM2025ENEM2025ENEM2025ENEM2025ENEM2025ENEN2025ENEM2025ENEM2025ENEM2025ENEM2025ENEM2025ENEM2025ENEM2025ENEM2025ENEM2025ENEM2025ENEM2025ENEM2025ENEM2025ENEM2025ENEM2025ENEM2025ENEM2025ENEM2025ENEM2025ENEM2025ENEM2025ENEM2025ENEM2025ENEM2025ENEM2025ENEM2025ENEM2025ENEM2025ENEM2025ENEM2025ENEM2025
LINGUAGENS, CÓDIGOS E SUAS TECNOLOGIAS E REDAÇÃO | 1º DIA | CADERNO 1 | AZUL 21
001100117755AAZZ..iinnddbb 2211 2233//0077//22002255 1122::3322::2255
--- PAG 22 ---
*010175AZ22*
ENEM2025ENEM2025ENEM2025ENEM2025ENEM2025ENEM2025ENEM2025ENEM2025ENEM2025ENEM2025ENEM2025ENEM2025ENEM2025ENEN2025ENEM2025ENEM2025ENEM2025ENEM2025ENEM2025ENEM2025ENEM2025ENEM2025ENEM2025ENEM2025ENEM2025ENEM2025ENEM2025ENEM2025ENEM2025ENEM2025ENEM2025ENEM2025ENEM2025ENEM2025ENEM2025ENEM2025ENEM2025ENEM2025ENEM2025ENEM2025ENEM2025ENEM2025ENEM2025ENEM2025ENEM2025
CIÊNCIAS HUMANAS E SUAS TECNOLOGIAS
Questões de 46 a 90
QUESTãO 46
Macedônia do Norte
Acordo entra em vigor e país muda oficialmente de nome
Entrou em vigor, em 2019, o acordo que determina a mudança de nome da Macedônia para Macedônia do Norte. A troca
põe fim — ao menos"
22;LC;158721;A;16;0;;1.15023;0.56259;0.20041;AZUL;1529;;0;2025;"
22
23
24
25
26
27
28
29
30
ENEM2025ENEM2025ENEM2025ENEM2025ENEM2025ENEM2025ENEM2025ENEM2025ENEM2025ENEM2025ENEM2025ENEM2025ENEM2025ENEN2025ENEM2025ENEM2025ENEM2025ENEM2025ENEM2025ENEM2025ENEM2025ENEM2025ENEM2025ENEM2025ENEM2025ENEM2025ENEM2025ENEM2025ENEM2025ENEM2025ENEM2025ENEM2025ENEM2025ENEM2025ENEM2025ENEM2025ENEM2025ENEM2025ENEM2025ENEM2025ENEM2025ENEM2025ENEM2025ENEM2025ENEM2025
LINGUAGENS, CÓDIGOS E SUAS TECNOLOGIAS E REDAÇÃO | 1º DIA | CADERNO 1 | AZUL 21
001100117755AAZZ..iinnddbb 2211 2233//0077//22002255 1122::3322::2255
--- PAG 22 ---
*010175AZ22*
ENEM2025ENEM2025ENEM2025ENEM2025ENEM2025ENEM2025ENEM2025ENEM2025ENEM2025ENEM2025ENEM2025ENEM2025ENEM2025ENEN2025ENEM2025ENEM2025ENEM2025ENEM2025ENEM2025ENEM2025ENEM2025ENEM2025ENEM2025ENEM2025ENEM2025ENEM2025ENEM2025ENEM2025ENEM2025ENEM2025ENEM2025ENEM2025ENEM2025ENEM2025ENEM2025ENEM2025ENEM2025ENEM2025ENEM2025ENEM2025ENEM2025ENEM2025ENEM2025ENEM2025ENEM2025
CIÊNCIAS HUMANAS E SUAS TECNOLOGIAS
Questões de 46 a 90
QUESTãO 46
Macedônia do Norte
Acordo entra em vigor e país muda oficialmente de nome
Entrou em vigor, em 2019, o acordo que determina a mudança de nome da Macedônia para Macedônia do Norte. A troca
põe fim — ao menos"
94;CN;85420;B;3;0;;1.14904;-0.32091;0.20717;AZUL;1569;;0;2025;Questão 94 - Texto extraído da Prova Oficial.
94;CN;85420;B;3;0;;1.14904;-0.32091;0.20717;AZUL;1569;;0;2025;Questão 94 - Texto extraído da Prova Oficial.
94;CN;85420;B;3;0;;1.14904;-0.32091;0.20717;AZUL;1569;;0;2025;Questão 94 - Texto extraído da Prova Oficial.
174;MT;9196;E;11;0;;1.14234;2.43132;0.22021;AZUL;1559;;0;2025;Questão 174 - Texto extraído da Prova Oficial.
174;MT;9196;E;11;0;;1.14234;2.43132;0.22021;AZUL;1559;;0;2025;Questão 174 - Texto extraído da Prova Oficial.
174;MT;9196;E;11;0;;1.14234;2.43132;0.22021;AZUL;1559;;0;2025;Questão 174 - Texto extraído da Prova Oficial.
44;LC;60115;B;11;0;;1.13688;-0.23574;0.2118;AZUL;1549;;0;2025;Questão 44 - Texto extraído da Prova Oficial.
44;LC;60115;B;11;0;;1.13688;-0.23574;0.2118;AZUL;1549;;0;2025;Questão 44 - Texto extraído da Prova Oficial.
44;LC;60115;B;11;0;;1.13688;-0.23574;0.2118;AZUL;1549;;0;2025;Questão 44 - Texto extraído da Prova Oficial.
98;CN;49526;C;16;0;;1.12897;1.32542;0.27721;AZUL;1569;;0;2025;Questão 98 - Texto extraído da Prova Oficial.
98;CN;49526;C;16;0;;1.12897;1.32542;0.27721;AZUL;1569;;0;2025;Questão 98 - Texto extraído da Prova Oficial.
98;CN;49526;C;16;0;;1.12897;1.32542;0.27721;AZUL;1569;;0;2025;Questão 98 - Texto extraído da Prova Oficial.
135;CN;111421;D;22;0;;1.10869;0.16256;0.20034;AZUL;1511;;0;2025;Questão 135 - Texto extraído da Prova Oficial.
135;CN;111421;D;22;0;;1.10869;0.16256;0.20034;AZUL;1511;;0;2025;Questão 135 - Texto extraído da Prova Oficial.
135;CN;111421;D;22;0;;1.10869;0.16256;0.20034;AZUL;1511;;0;2025;Questão 135 - Texto extraído da Prova Oficial.
171;MT;60542;B;17;0;;1.09669;2.01457;0.13967;AZUL;1559;;0;2025;Questão 171 - Texto extraído da Prova Oficial.
171;MT;60542;B;17;0;;1.09669;2.01457;0.13967;AZUL;1559;;0;2025;Questão 171 - Texto extraído da Prova Oficial.
171;MT;60542;B;17;0;;1.09669;2.01457;0.13967;AZUL;1559;;0;2025;Questão 171 - Texto extraído da Prova Oficial.
56;CH;140800;E;8;0;;1.08875;1.44477;0.21682;AZUL;1520;;0;2025;Questão 56 - Texto extraído da Prova Oficial.
56;CH;140800;E;8;0;;1.08875;1.44477;0.21682;AZUL;1520;;0;2025;Questão 56 - Texto extraído da Prova Oficial.
56;CH;140800;E;8;0;;1.08875;1.44477;0.21682;AZUL;1520;;0;2025;Questão 56 - Texto extraído da Prova Oficial.
14;LC;150672;C;2;0;;1.07144;-0.55747;0.2081;AZUL;1529;;0;2025;Questão 14 - Texto extraído da Prova Oficial.
14;LC;150672;C;2;0;;1.07144;-0.55747;0.2081;AZUL;1529;;0;2025;Questão 14 - Texto extraído da Prova Oficial.
14;LC;150672;C;2;0;;1.07144;-0.55747;0.2081;AZUL;1529;;0;2025;Questão 14 - Texto extraído da Prova Oficial.
131;CN;37786;D;16;0;;1.06422;-0.79205;0.21147;AZUL;1569;;0;2025;Questão 131 - Texto extraído da Prova Oficial.
131;CN;37786;D;16;0;;1.06422;-0.79205;0.21147;AZUL;1569;;0;2025;Questão 131 - Texto extraído da Prova Oficial.
131;CN;37786;D;16;0;;1.06422;-0.79205;0.21147;AZUL;1569;;0;2025;Questão 131 - Texto extraído da Prova Oficial.
29;LC;150440;E;21;0;;1.06207;-0.50585;0.20479;AZUL;1549;;0;2025;"
29
30
ENEM2025ENEM2025ENEM2025ENEM2025ENEM2025ENEM2025ENEM2025ENEM2025ENEM2025ENEM2025ENEM2025ENEM2025ENEM2025ENEN2025ENEM2025ENEM2025ENEM2025ENEM2025ENEM2025ENEM2025ENEM2025ENEM2025ENEM2025ENEM2025ENEM2025ENEM2025ENEM2025ENEM2025ENEM2025ENEM2025ENEM2025ENEM2025ENEM2025ENEM2025ENEM2025ENEM2025ENEM2025ENEM2025ENEM2025ENEM2025ENEM2025ENEM2025ENEM2025ENEM2025ENEM2025
LINGUAGENS, CÓDIGOS E SUAS TECNOLOGIAS E REDAÇÃO | 1º DIA | CADERNO 1 | AZUL 21
001100117755AAZZ..iinnddbb 2211 2233//0077//22002255 1122::3322::2255
--- PAG 22 ---
*010175AZ22*
ENEM2025ENEM2025ENEM2025ENEM2025ENEM2025ENEM2025ENEM2025ENEM2025ENEM2025ENEM2025ENEM2025ENEM2025ENEM2025ENEN2025ENEM2025ENEM2025ENEM2025ENEM2025ENEM2025ENEM2025ENEM2025ENEM2025ENEM2025ENEM2025ENEM2025ENEM2025ENEM2025ENEM2025ENEM2025ENEM2025ENEM2025ENEM2025ENEM2025ENEM2025ENEM2025ENEM2025ENEM2025ENEM2025ENEM2025ENEM2025ENEM2025ENEM2025ENEM2025ENEM2025ENEM2025
CIÊNCIAS HUMANAS E SUAS TECNOLOGIAS
Questões de 46 a 90
QUESTãO 46
Macedônia do Norte
Acordo entra em vigor e país muda oficialmente de nome
Entrou em vigor, em 2019, o acordo que determina a mudança de nome da Macedônia para Macedônia do Norte. A troca
põe fim — ao menos por enquanto — no im"
29;LC;150440;E;21;0;;1.06207;-0.50585;0.20479;AZUL;1549;;0;2025;"
29
30
ENEM2025ENEM2025ENEM2025ENEM2025ENEM2025ENEM2025ENEM2025ENEM2025ENEM2025ENEM2025ENEM2025ENEM2025ENEM2025ENEN2025ENEM2025ENEM2025ENEM2025ENEM2025ENEM2025ENEM2025ENEM2025ENEM2025ENEM2025ENEM2025ENEM2025ENEM2025ENEM2025ENEM2025ENEM2025ENEM2025ENEM2025ENEM2025ENEM2025ENEM2025ENEM2025ENEM2025ENEM2025ENEM2025ENEM2025ENEM2025ENEM2025ENEM2025ENEM2025ENEM2025ENEM2025
LINGUAGENS, CÓDIGOS E SUAS TECNOLOGIAS E REDAÇÃO | 1º DIA | CADERNO 1 | AZUL 21
001100117755AAZZ..iinnddbb 2211 2233//0077//22002255 1122::3322::2255
--- PAG 22 ---
*010175AZ22*
ENEM2025ENEM2025ENEM2025ENEM2025ENEM2025ENEM2025ENEM2025ENEM2025ENEM2025ENEM2025ENEM2025ENEM2025ENEM2025ENEN2025ENEM2025ENEM2025ENEM2025ENEM2025ENEM2025ENEM2025ENEM2025ENEM2025ENEM2025ENEM2025ENEM2025ENEM2025ENEM2025ENEM2025ENEM2025ENEM2025ENEM2025ENEM2025ENEM2025ENEM2025ENEM2025ENEM2025ENEM2025ENEM2025ENEM2025ENEM2025ENEM2025ENEM2025ENEM2025ENEM2025ENEM2025
CIÊNCIAS HUMANAS E SUAS TECNOLOGIAS
Questões de 46 a 90
QUESTãO 46
Macedônia do Norte
Acordo entra em vigor e país muda oficialmente de nome
Entrou em vigor, em 2019, o acordo que determina a mudança de nome da Macedônia para Macedônia do Norte. A troca
põe fim — ao menos por enquanto — no im"
29;LC;150440;E;21;0;;1.06207;-0.50585;0.20479;AZUL;1549;;0;2025;"
29
30
ENEM2025ENEM2025ENEM2025ENEM2025ENEM2025ENEM2025ENEM2025ENEM2025ENEM2025ENEM2025ENEM2025ENEM2025ENEM2025ENEN2025ENEM2025ENEM2025ENEM2025ENEM2025ENEM2025ENEM2025ENEM2025ENEM2025ENEM2025ENEM2025ENEM2025ENEM2025ENEM2025ENEM2025ENEM2025ENEM2025ENEM2025ENEM2025ENEM2025ENEM2025ENEM2025ENEM2025ENEM2025ENEM2025ENEM2025ENEM2025ENEM2025ENEM2025ENEM2025ENEM2025ENEM2025
LINGUAGENS, CÓDIGOS E SUAS TECNOLOGIAS E REDAÇÃO | 1º DIA | CADERNO 1 | AZUL 21
001100117755AAZZ..iinnddbb 2211 2233//0077//22002255 1122::3322::2255
--- PAG 22 ---
*010175AZ22*
ENEM2025ENEM2025ENEM2025ENEM2025ENEM2025ENEM2025ENEM2025ENEM2025ENEM2025ENEM2025ENEM2025ENEM2025ENEM2025ENEN2025ENEM2025ENEM2025ENEM2025ENEM2025ENEM2025ENEM2025ENEM2025ENEM2025ENEM2025ENEM2025ENEM2025ENEM2025ENEM2025ENEM2025ENEM2025ENEM2025ENEM2025ENEM2025ENEM2025ENEM2025ENEM2025ENEM2025ENEM2025ENEM2025ENEM2025ENEM2025ENEM2025ENEM2025ENEM2025ENEM2025ENEM2025
CIÊNCIAS HUMANAS E SUAS TECNOLOGIAS
Questões de 46 a 90
QUESTãO 46
Macedônia do Norte
Acordo entra em vigor e país muda oficialmente de nome
Entrou em vigor, em 2019, o acordo que determina a mudança de nome da Macedônia para Macedônia do Norte. A troca
põe fim — ao menos por enquanto — no im"
8;LC;157788;B;24;0;;1.0535;1.76121;0.26988;AZUL;1529;;0;2025;"
8
O
9
H
10
N
11 O
U
12 ã
C
13 Ç
S
14 A A
15 R D
16 E
R
17
18 A
19 D
20
21
22
23
24
25
26
27
28
29
30
ENEM2025ENEM2025ENEM2025ENEM2025ENEM2025ENEM2025ENEM2025ENEM2025ENEM2025ENEM2025ENEM2025ENEM2025ENEM2025ENEN2025ENEM2025ENEM2025ENEM2025ENEM2025ENEM2025ENEM2025ENEM2025ENEM2025ENEM2025ENEM2025ENEM2025ENEM2025ENEM2025ENEM2025ENEM2025ENEM2025ENEM2025ENEM2025ENEM2025ENEM2025ENEM2025ENEM2025ENEM2025ENEM2025ENEM2025ENEM2025ENEM2025ENEM2025ENEM2025ENEM2025ENEM2025
LINGUAGENS, CÓDIGOS E SUAS TECNOLOGIAS E REDAÇÃO | 1º DIA | CADERNO 1 | AZUL 21
001100117755AAZZ..iinnddbb 2211 2233//0077//22002255 1122::3322::2255
--- PAG 22 ---
*010175AZ22*
ENEM2025ENEM2025ENEM2025ENEM2025ENEM2025ENEM2025ENEM2025ENEM2025ENEM2025ENEM2025ENEM2025ENEM2025ENEM2025ENEN2025ENEM2025ENEM2025ENEM2025ENEM2025ENEM2025ENEM2025ENEM2025ENEM2025ENEM2025ENEM2025ENEM2025ENEM2025ENEM2025ENEM2025ENEM2025ENEM2025ENEM2025ENEM2025ENEM2025ENEM2025ENEM2025ENEM2025ENEM2025ENEM2025ENEM2025ENEM2025ENEM2025ENEM2025ENEM2025ENEM2025ENEM2025
CIÊNCIAS HUMANAS E SUAS TECNOLOGIAS
Questões de 46 a 90
QUESTãO 46
Macedônia do Norte
Acordo entra em vigor e país muda oficialmente de nome
Entrou em vigor, em 2019, o acordo que determina a mudanç"
8;LC;157788;B;24;0;;1.0535;1.76121;0.26988;AZUL;1529;;0;2025;"
8
O
9
H
10
N
11 O
U
12 ã
C
13 Ç
S
14 A A
15 R D
16 E
R
17
18 A
19 D
20
21
22
23
24
25
26
27
28
29
30
ENEM2025ENEM2025ENEM2025ENEM2025ENEM2025ENEM2025ENEM2025ENEM2025ENEM2025ENEM2025ENEM2025ENEM2025ENEM2025ENEN2025ENEM2025ENEM2025ENEM2025ENEM2025ENEM2025ENEM2025ENEM2025ENEM2025ENEM2025ENEM2025ENEM2025ENEM2025ENEM2025ENEM2025ENEM2025ENEM2025ENEM2025ENEM2025ENEM2025ENEM2025ENEM2025ENEM2025ENEM2025ENEM2025ENEM2025ENEM2025ENEM2025ENEM2025ENEM2025ENEM2025ENEM2025
LINGUAGENS, CÓDIGOS E SUAS TECNOLOGIAS E REDAÇÃO | 1º DIA | CADERNO 1 | AZUL 21
001100117755AAZZ..iinnddbb 2211 2233//0077//22002255 1122::3322::2255
--- PAG 22 ---
*010175AZ22*
ENEM2025ENEM2025ENEM2025ENEM2025ENEM2025ENEM2025ENEM2025ENEM2025ENEM2025ENEM2025ENEM2025ENEM2025ENEM2025ENEN2025ENEM2025ENEM2025ENEM2025ENEM2025ENEM2025ENEM2025ENEM2025ENEM2025ENEM2025ENEM2025ENEM2025ENEM2025ENEM2025ENEM2025ENEM2025ENEM2025ENEM2025ENEM2025ENEM2025ENEM2025ENEM2025ENEM2025ENEM2025ENEM2025ENEM2025ENEM2025ENEM2025ENEM2025ENEM2025ENEM2025ENEM2025
CIÊNCIAS HUMANAS E SUAS TECNOLOGIAS
Questões de 46 a 90
QUESTãO 46
Macedônia do Norte
Acordo entra em vigor e país muda oficialmente de nome
Entrou em vigor, em 2019, o acordo que determina a mudanç"
8;LC;157788;B;24;0;;1.0535;1.76121;0.26988;AZUL;1529;;0;2025;"
8
O
9
H
10
N
11 O
U
12 ã
C
13 Ç
S
14 A A
15 R D
16 E
R
17
18 A
19 D
20
21
22
23
24
25
26
27
28
29
30
ENEM2025ENEM2025ENEM2025ENEM2025ENEM2025ENEM2025ENEM2025ENEM2025ENEM2025ENEM2025ENEM2025ENEM2025ENEM2025ENEN2025ENEM2025ENEM2025ENEM2025ENEM2025ENEM2025ENEM2025ENEM2025ENEM2025ENEM2025ENEM2025ENEM2025ENEM2025ENEM2025ENEM2025ENEM2025ENEM2025ENEM2025ENEM2025ENEM2025ENEM2025ENEM2025ENEM2025ENEM2025ENEM2025ENEM2025ENEM2025ENEM2025ENEM2025ENEM2025ENEM2025ENEM2025
LINGUAGENS, CÓDIGOS E SUAS TECNOLOGIAS E REDAÇÃO | 1º DIA | CADERNO 1 | AZUL 21
001100117755AAZZ..iinnddbb 2211 2233//0077//22002255 1122::3322::2255
--- PAG 22 ---
*010175AZ22*
ENEM2025ENEM2025ENEM2025ENEM2025ENEM2025ENEM2025ENEM2025ENEM2025ENEM2025ENEM2025ENEM2025ENEM2025ENEM2025ENEN2025ENEM2025ENEM2025ENEM2025ENEM2025ENEM2025ENEM2025ENEM2025ENEM2025ENEM2025ENEM2025ENEM2025ENEM2025ENEM2025ENEM2025ENEM2025ENEM2025ENEM2025ENEM2025ENEM2025ENEM2025ENEM2025ENEM2025ENEM2025ENEM2025ENEM2025ENEM2025ENEM2025ENEM2025ENEM2025ENEM2025ENEM2025
CIÊNCIAS HUMANAS E SUAS TECNOLOGIAS
Questões de 46 a 90
QUESTãO 46
Macedônia do Norte
Acordo entra em vigor e país muda oficialmente de nome
Entrou em vigor, em 2019, o acordo que determina a mudanç"
152;MT;14798;D;7;0;;1.04824;2.55345;0.19287;AZUL;1559;;0;2025;Questão 152 - Texto extraído da Prova Oficial.
152;MT;14798;D;7;0;;1.04824;2.55345;0.19287;AZUL;1559;;0;2025;Questão 152 - Texto extraído da Prova Oficial.
152;MT;14798;D;7;0;;1.04824;2.55345;0.19287;AZUL;1559;;0;2025;Questão 152 - Texto extraído da Prova Oficial.
150;MT;23676;D;24;0;;1.03915;2.00776;0.18625;AZUL;1559;;0;2025;Questão 150 - Texto extraído da Prova Oficial.
150;MT;23676;D;24;0;;1.03915;2.00776;0.18625;AZUL;1559;;0;2025;Questão 150 - Texto extraído da Prova Oficial.
150;MT;23676;D;24;0;;1.03915;2.00776;0.18625;AZUL;1559;;0;2025;Questão 150 - Texto extraído da Prova Oficial.
136;MT;86650;E;12;0;;1.03809;2.9618;0.1696;AZUL;1502;;0;2025;Questão 136 - Texto extraído da Prova Oficial.
136;MT;86650;E;12;0;;1.03809;2.9618;0.1696;AZUL;1502;;0;2025;Questão 136 - Texto extraído da Prova Oficial.
136;MT;86650;E;12;0;;1.03809;2.9618;0.1696;AZUL;1502;;0;2025;Questão 136 - Texto extraído da Prova Oficial.
180;MT;125903;A;6;0;;1.02725;2.55832;0.16513;AZUL;1502;;0;2025;Questão 180 - Texto extraído da Prova Oficial.
180;MT;125903;A;6;0;;1.02725;2.55832;0.16513;AZUL;1502;;0;2025;Questão 180 - Texto extraído da Prova Oficial.
180;MT;125903;A;6;0;;1.02725;2.55832;0.16513;AZUL;1502;;0;2025;Questão 180 - Texto extraído da Prova Oficial.
9;LC;158768;E;12;0;;0.98166;0.68556;0.22632;AZUL;1549;;0;2025;"
9
H
10
N
11 O
U
12 ã
C
13 Ç
S
14 A A
15 R D
16 E
R
17
18 A
19 D
20
21
22
23
24
25
26
27
28
29
30
ENEM2025ENEM2025ENEM2025ENEM2025ENEM2025ENEM2025ENEM2025ENEM2025ENEM2025ENEM2025ENEM2025ENEM2025ENEM2025ENEN2025ENEM2025ENEM2025ENEM2025ENEM2025ENEM2025ENEM2025ENEM2025ENEM2025ENEM2025ENEM2025ENEM2025ENEM2025ENEM2025ENEM2025ENEM2025ENEM2025ENEM2025ENEM2025ENEM2025ENEM2025ENEM2025ENEM2025ENEM2025ENEM2025ENEM2025ENEM2025ENEM2025ENEM2025ENEM2025ENEM2025ENEM2025
LINGUAGENS, CÓDIGOS E SUAS TECNOLOGIAS E REDAÇÃO | 1º DIA | CADERNO 1 | AZUL 21
001100117755AAZZ..iinnddbb 2211 2233//0077//22002255 1122::3322::2255
--- PAG 22 ---
*010175AZ22*
ENEM2025ENEM2025ENEM2025ENEM2025ENEM2025ENEM2025ENEM2025ENEM2025ENEM2025ENEM2025ENEM2025ENEM2025ENEM2025ENEN2025ENEM2025ENEM2025ENEM2025ENEM2025ENEM2025ENEM2025ENEM2025ENEM2025ENEM2025ENEM2025ENEM2025ENEM2025ENEM2025ENEM2025ENEM2025ENEM2025ENEM2025ENEM2025ENEM2025ENEM2025ENEM2025ENEM2025ENEM2025ENEM2025ENEM2025ENEM2025ENEM2025ENEM2025ENEM2025ENEM2025ENEM2025
CIÊNCIAS HUMANAS E SUAS TECNOLOGIAS
Questões de 46 a 90
QUESTãO 46
Macedônia do Norte
Acordo entra em vigor e país muda oficialmente de nome
Entrou em vigor, em 2019, o acordo que determina a mudança de"
9;LC;158768;E;12;0;;0.98166;0.68556;0.22632;AZUL;1549;;0;2025;"
9
H
10
N
11 O
U
12 ã
C
13 Ç
S
14 A A
15 R D
16 E
R
17
18 A
19 D
20
21
22
23
24
25
26
27
28
29
30
ENEM2025ENEM2025ENEM2025ENEM2025ENEM2025ENEM2025ENEM2025ENEM2025ENEM2025ENEM2025ENEM2025ENEM2025ENEM2025ENEN2025ENEM2025ENEM2025ENEM2025ENEM2025ENEM2025ENEM2025ENEM2025ENEM2025ENEM2025ENEM2025ENEM2025ENEM2025ENEM2025ENEM2025ENEM2025ENEM2025ENEM2025ENEM2025ENEM2025ENEM2025ENEM2025ENEM2025ENEM2025ENEM2025ENEM2025ENEM2025ENEM2025ENEM2025ENEM2025ENEM2025ENEM2025
LINGUAGENS, CÓDIGOS E SUAS TECNOLOGIAS E REDAÇÃO | 1º DIA | CADERNO 1 | AZUL 21
001100117755AAZZ..iinnddbb 2211 2233//0077//22002255 1122::3322::2255
--- PAG 22 ---
*010175AZ22*
ENEM2025ENEM2025ENEM2025ENEM2025ENEM2025ENEM2025ENEM2025ENEM2025ENEM2025ENEM2025ENEM2025ENEM2025ENEM2025ENEN2025ENEM2025ENEM2025ENEM2025ENEM2025ENEM2025ENEM2025ENEM2025ENEM2025ENEM2025ENEM2025ENEM2025ENEM2025ENEM2025ENEM2025ENEM2025ENEM2025ENEM2025ENEM2025ENEM2025ENEM2025ENEM2025ENEM2025ENEM2025ENEM2025ENEM2025ENEM2025ENEM2025ENEM2025ENEM2025ENEM2025ENEM2025
CIÊNCIAS HUMANAS E SUAS TECNOLOGIAS
Questões de 46 a 90
QUESTãO 46
Macedônia do Norte
Acordo entra em vigor e país muda oficialmente de nome
Entrou em vigor, em 2019, o acordo que determina a mudança de"
9;LC;158768;E;12;0;;0.98166;0.68556;0.22632;AZUL;1549;;0;2025;"
9
H
10
N
11 O
U
12 ã
C
13 Ç
S
14 A A
15 R D
16 E
R
17
18 A
19 D
20
21
22
23
24
25
26
27
28
29
30
ENEM2025ENEM2025ENEM2025ENEM2025ENEM2025ENEM2025ENEM2025ENEM2025ENEM2025ENEM2025ENEM2025ENEM2025ENEM2025ENEN2025ENEM2025ENEM2025ENEM2025ENEM2025ENEM2025ENEM2025ENEM2025ENEM2025ENEM2025ENEM2025ENEM2025ENEM2025ENEM2025ENEM2025ENEM2025ENEM2025ENEM2025ENEM2025ENEM2025ENEM2025ENEM2025ENEM2025ENEM2025ENEM2025ENEM2025ENEM2025ENEM2025ENEM2025ENEM2025ENEM2025ENEM2025
LINGUAGENS, CÓDIGOS E SUAS TECNOLOGIAS E REDAÇÃO | 1º DIA | CADERNO 1 | AZUL 21
001100117755AAZZ..iinnddbb 2211 2233//0077//22002255 1122::3322::2255
--- PAG 22 ---
*010175AZ22*
ENEM2025ENEM2025ENEM2025ENEM2025ENEM2025ENEM2025ENEM2025ENEM2025ENEM2025ENEM2025ENEM2025ENEM2025ENEM2025ENEN2025ENEM2025ENEM2025ENEM2025ENEM2025ENEM2025ENEM2025ENEM2025ENEM2025ENEM2025ENEM2025ENEM2025ENEM2025ENEM2025ENEM2025ENEM2025ENEM2025ENEM2025ENEM2025ENEM2025ENEM2025ENEM2025ENEM2025ENEM2025ENEM2025ENEM2025ENEM2025ENEM2025ENEM2025ENEM2025ENEM2025ENEM2025
CIÊNCIAS HUMANAS E SUAS TECNOLOGIAS
Questões de 46 a 90
QUESTãO 46
Macedônia do Norte
Acordo entra em vigor e país muda oficialmente de nome
Entrou em vigor, em 2019, o acordo que determina a mudança de"
173;MT;125964;E;10;0;;0.91;-0.8328;0.1903;AZUL;1559;;0;2025;Questão 173 - Texto extraído da Prova Oficial.
173;MT;125964;E;10;0;;0.91;-0.8328;0.1903;AZUL;1559;;0;2025;Questão 173 - Texto extraído da Prova Oficial.
173;MT;125964;E;10;0;;0.91;-0.8328;0.1903;AZUL;1559;;0;2025;Questão 173 - Texto extraído da Prova Oficial.
64;CH;141303;C;26;0;;0.90808;1.09201;0.21426;AZUL;1539;;0;2025;Questão 64 - Texto extraído da Prova Oficial.
64;CH;141303;C;26;0;;0.90808;1.09201;0.21426;AZUL;1539;;0;2025;Questão 64 - Texto extraído da Prova Oficial.
64;CH;141303;C;26;0;;0.90808;1.09201;0.21426;AZUL;1539;;0;2025;Questão 64 - Texto extraído da Prova Oficial.
176;MT;43320;E;24;0;;0.89865;1.71271;0.20061;AZUL;1502;;0;2025;Questão 176 - Texto extraído da Prova Oficial.
176;MT;43320;E;24;0;;0.89865;1.71271;0.20061;AZUL;1502;;0;2025;Questão 176 - Texto extraído da Prova Oficial.
176;MT;43320;E;24;0;;0.89865;1.71271;0.20061;AZUL;1502;;0;2025;Questão 176 - Texto extraído da Prova Oficial.
95;CN;141822;A;4;0;;0.8969;-0.14935;0.22131;AZUL;1569;;0;2025;Questão 95 - Texto extraído da Prova Oficial.
95;CN;141822;A;4;0;;0.8969;-0.14935;0.22131;AZUL;1569;;0;2025;Questão 95 - Texto extraído da Prova Oficial.
95;CN;141822;A;4;0;;0.8969;-0.14935;0.22131;AZUL;1569;;0;2025;Questão 95 - Texto extraído da Prova Oficial.
160;MT;117609;C;18;0;;0.85526;1.23346;0.183;AZUL;1502;;0;2025;Questão 160 - Texto extraído da Prova Oficial.
160;MT;117609;C;18;0;;0.85526;1.23346;0.183;AZUL;1502;;0;2025;Questão 160 - Texto extraído da Prova Oficial.
160;MT;117609;C;18;0;;0.85526;1.23346;0.183;AZUL;1502;;0;2025;Questão 160 - Texto extraído da Prova Oficial.
96;CN;87024;D;30;0;;0.8074;-1.34661;0.19312;AZUL;1511;;0;2025;Questão 96 - Texto extraído da Prova Oficial.
96;CN;87024;D;30;0;;0.8074;-1.34661;0.19312;AZUL;1511;;0;2025;Questão 96 - Texto extraído da Prova Oficial.
96;CN;87024;D;30;0;;0.8074;-1.34661;0.19312;AZUL;1511;;0;2025;Questão 96 - Texto extraído da Prova Oficial.
79;CH;140712;B;26;0;;0.65646;0.01018;0.22801;AZUL;1539;;0;2025;Questão 79 - Texto extraído da Prova Oficial.
79;CH;140712;B;26;0;;0.65646;0.01018;0.22801;AZUL;1539;;0;2025;Questão 79 - Texto extraído da Prova Oficial.
79;CH;140712;B;26;0;;0.65646;0.01018;0.22801;AZUL;1539;;0;2025;Questão 79 - Texto extraído da Prova Oficial.
