CO_POSICAO;SG_AREA;CO_ITEM;TX_GABARITO;CO_HABILIDADE;IN_ITEM_ABAN;TX_MOTIVO_ABAN;NU_PARAM_A;NU_PARAM_B;NU_PARAM_C;TX_COR;CO_PROVA;TP_LINGUA;IN_ITEM_ADAPTADO;NU_ANO;SCORE_ESCUDO;TX_ENUNCIADO
52;CH;141133;D;13;0;;3.00939;-0.93143;0.1978;AZUL;1135;;0;2022;7.82407;Texto extraído diretamente do caderno oficial.
52;CH;141133;D;13;0;;3.00939;-0.93143;0.1978;AZUL;1095;;0;2022;7.82407;Texto extraído diretamente do caderno oficial.
9;LC;66576;A;24;0;;2.66065;-0.7431;0.13295;AZUL;1065;;0;2022;6.88585;"*010175AZ32*
01
Transcreva a sua Redação para a Folha de Redação.
1
2
3
4
5
6
7
O
8
H
9
10 N O
U
11 Ã
12 C Ç
13 S
A
14 A
D
15 R
E
16
R
17
18 A
19 D
20
21
22
23
24
25
26
27
28
29
30
32 1° dia | Caderno 1 - AZUL - 1ª Aplicação
01"
9;LC;66576;A;24;0;;2.66065;-0.7431;0.13295;AZUL;1179;;0;2022;6.88585;"*010175AZ32*
01
Transcreva a sua Redação para a Folha de Redação.
1
2
3
4
5
6
7
O
8
H
9
10 N O
U
11 Ã
12 C Ç
13 S
A
14 A
D
15 R
E
16
R
17
18 A
19 D
20
21
22
23
24
25
26
27
28
29
30
32 1° dia | Caderno 1 - AZUL - 1ª Aplicação
01"
48;CH;141322;A;24;0;;2.8995;-0.42411;0.19356;AZUL;1175;;0;2022;6.103530000000001;Texto extraído diretamente do caderno oficial.
48;CH;141322;A;24;0;;2.8995;-0.42411;0.19356;AZUL;1055;;0;2022;6.103530000000001;Texto extraído diretamente do caderno oficial.
120;CN;96244;E;15;0;;5.67249;1.52791;0.14273;AZUL;1187;;0;2022;6.047599999999999;Texto extraído diretamente do caderno oficial.
120;CN;96244;E;15;0;;5.67249;1.52791;0.14273;AZUL;1085;;0;2022;6.047599999999999;Texto extraído diretamente do caderno oficial.
65;CH;141048;B;22;0;;1.63923;-0.72645;0.00905;AZUL;1055;;0;2022;5.41256;Texto extraído diretamente do caderno oficial.
65;CH;141048;B;22;0;;1.63923;-0.72645;0.00905;AZUL;1175;;0;2022;5.41256;Texto extraído diretamente do caderno oficial.
51;CH;87207;E;17;0;;4.79392;1.19623;0.12998;AZUL;1055;;0;2022;5.3492500000000005;Texto extraído diretamente do caderno oficial.
51;CH;87207;E;17;0;;4.79392;1.19623;0.12998;AZUL;1175;;0;2022;5.3492500000000005;Texto extraído diretamente do caderno oficial.
31;LC;43185;A;22;0;;2.69468;-0.26299;0.19199;AZUL;1145;;0;2022;5.21838;Texto extraído diretamente do caderno oficial.
31;LC;43185;A;22;0;;2.69468;-0.26299;0.19199;AZUL;1105;;0;2022;5.21838;Texto extraído diretamente do caderno oficial.
34;LC;119767;D;11;0;;2.11177;-0.55865;0.18565;AZUL;1065;;0;2022;4.97124;Texto extraído diretamente do caderno oficial.
34;LC;119767;D;11;0;;2.11177;-0.55865;0.18565;AZUL;1179;;0;2022;4.97124;Texto extraído diretamente do caderno oficial.
77;CH;141120;E;12;0;;3.22378;0.16145;0.19911;AZUL;1135;;0;2022;4.96766;Texto extraído diretamente do caderno oficial.
77;CH;141120;E;12;0;;3.22378;0.16145;0.19911;AZUL;1095;;0;2022;4.96766;Texto extraído diretamente do caderno oficial.
19;LC;120124;C;9;0;;2.93292;0.03337;0.17638;AZUL;1065;;0;2022;4.883830000000001;Texto extraído diretamente do caderno oficial.
19;LC;120124;C;9;0;;2.93292;0.03337;0.17638;AZUL;1179;;0;2022;4.883830000000001;Texto extraído diretamente do caderno oficial.
77;CH;140550;A;27;0;;3.5293;0.41127;0.19018;AZUL;1055;;0;2022;4.87389;Texto extraído diretamente do caderno oficial.
77;CH;140550;A;27;0;;3.5293;0.41127;0.19018;AZUL;1175;;0;2022;4.87389;Texto extraído diretamente do caderno oficial.
72;CH;140524;B;2;0;;3.14882;0.15644;0.1973;AZUL;1135;;0;2022;4.84182;Texto extraído diretamente do caderno oficial.
72;CH;140524;B;2;0;;3.14882;0.15644;0.1973;AZUL;1095;;0;2022;4.84182;Texto extraído diretamente do caderno oficial.
81;CH;95739;D;12;0;;4.24795;0.96273;0.16049;AZUL;1175;;0;2022;4.8052600000000005;Texto extraído diretamente do caderno oficial.
81;CH;95739;D;12;0;;4.24795;0.96273;0.16049;AZUL;1055;;0;2022;4.8052600000000005;Texto extraído diretamente do caderno oficial.
61;CH;141030;E;16;0;;3.15825;0.30776;0.14196;AZUL;1175;;0;2022;4.68342;Texto extraído diretamente do caderno oficial.
61;CH;141030;E;16;0;;3.15825;0.30776;0.14196;AZUL;1055;;0;2022;4.68342;Texto extraído diretamente do caderno oficial.
130;CN;62871;D;15;0;;1.49902;-0.8741;0.20865;AZUL;1125;;0;2022;4.57709;Texto extraído diretamente do caderno oficial.
130;CN;62871;D;15;0;;1.49902;-0.8741;0.20865;AZUL;1165;;0;2022;4.57709;Texto extraído diretamente do caderno oficial.
132;CN;88655;D;4;0;;3.82953;0.85524;0.11511;AZUL;1187;;0;2022;4.517790000000001;Texto extraído diretamente do caderno oficial.
132;CN;88655;D;4;0;;3.82953;0.85524;0.11511;AZUL;1085;;0;2022;4.517790000000001;Texto extraído diretamente do caderno oficial.
52;CH;88045;D;18;0;;3.62371;0.51644;0.275;AZUL;1175;;0;2022;4.3231;Texto extraído diretamente do caderno oficial.
52;CH;88045;D;18;0;;3.62371;0.51644;0.275;AZUL;1055;;0;2022;4.3231;Texto extraído diretamente do caderno oficial.
79;CH;140448;A;17;0;;3.25322;0.38837;0.2039;AZUL;1095;;0;2022;4.321829999999999;Texto extraído diretamente do caderno oficial.
79;CH;140448;A;17;0;;3.25322;0.38837;0.2039;AZUL;1135;;0;2022;4.321829999999999;Texto extraído diretamente do caderno oficial.
66;CH;118107;D;21;0;;1.64494;-0.6571;0.20244;AZUL;1135;;0;2022;4.24898;Texto extraído diretamente do caderno oficial.
66;CH;118107;D;21;0;;1.64494;-0.6571;0.20244;AZUL;1095;;0;2022;4.24898;Texto extraído diretamente do caderno oficial.
1;LC;118230;E;7;0;;1.79286;-0.35288;0.09108;AZUL;1179;1.0;0;2022;4.18896;"*010175AZ32*
01
Transcreva a sua Redação para a Folha de Redação.
1
2
3
4
5
6
7
O
8
H
9
10 N O
U
11 Ã
12 C Ç
13 S
A
14 A
D
15 R
E
16
R
17
18 A
19 D
20
21
22
23
24
25
26
27
28
29
30
32 1° dia | Caderno 1 - AZUL - 1ª Aplicação
01"
1;LC;118230;E;7;0;;1.79286;-0.35288;0.09108;AZUL;1065;1.0;0;2022;4.18896;"*010175AZ32*
01
Transcreva a sua Redação para a Folha de Redação.
1
2
3
4
5
6
7
O
8
H
9
10 N O
U
11 Ã
12 C Ç
13 S
A
14 A
D
15 R
E
16
R
17
18 A
19 D
20
21
22
23
24
25
26
27
28
29
30
32 1° dia | Caderno 1 - AZUL - 1ª Aplicação
01"
34;LC;50045;B;21;0;;1.66387;-0.64576;0.21722;AZUL;1145;;0;2022;4.17892;Texto extraído diretamente do caderno oficial.
34;LC;50045;B;21;0;;1.66387;-0.64576;0.21722;AZUL;1105;;0;2022;4.17892;Texto extraído diretamente do caderno oficial.
27;LC;141410;B;21;0;;2.62079;0.2007;0.10693;AZUL;1179;;0;2022;4.10483;"*010175AZ32*
01
Transcreva a sua Redação para a Folha de Redação.
1
2
3
4
5
6
7
O
8
H
9
10 N O
U
11 Ã
12 C Ç
13 S
A
14 A
D
15 R
E
16
R
17
18 A
19 D
20
21
22
23
24
25
26
27
28
29
30
32 1° dia | Caderno 1 - AZUL - 1ª Aplicação
01"
27;LC;141410;B;21;0;;2.62079;0.2007;0.10693;AZUL;1065;;0;2022;4.10483;"*010175AZ32*
01
Transcreva a sua Redação para a Folha de Redação.
1
2
3
4
5
6
7
O
8
H
9
10 N O
U
11 Ã
12 C Ç
13 S
A
14 A
D
15 R
E
16
R
17
18 A
19 D
20
21
22
23
24
25
26
27
28
29
30
32 1° dia | Caderno 1 - AZUL - 1ª Aplicação
01"
24;LC;141440;E;26;0;;2.72306;0.13273;0.20082;AZUL;1065;;0;2022;4.04383;"*010175AZ32*
01
Transcreva a sua Redação para a Folha de Redação.
1
2
3
4
5
6
7
O
8
H
9
10 N O
U
11 Ã
12 C Ç
13 S
A
14 A
D
15 R
E
16
R
17
18 A
19 D
20
21
22
23
24
25
26
27
28
29
30
32 1° dia | Caderno 1 - AZUL - 1ª Aplicação
01"
24;LC;141440;E;26;0;;2.72306;0.13273;0.20082;AZUL;1179;;0;2022;4.04383;"*010175AZ32*
01
Transcreva a sua Redação para a Folha de Redação.
1
2
3
4
5
6
7
O
8
H
9
10 N O
U
11 Ã
12 C Ç
13 S
A
14 A
D
15 R
E
16
R
17
18 A
19 D
20
21
22
23
24
25
26
27
28
29
30
32 1° dia | Caderno 1 - AZUL - 1ª Aplicação
01"
11;LC;141280;D;12;0;;3.28514;0.58616;0.15868;AZUL;1105;;0;2022;4.0184;Texto extraído diretamente do caderno oficial.
11;LC;141280;D;12;0;;3.28514;0.58616;0.15868;AZUL;1145;;0;2022;4.0184;Texto extraído diretamente do caderno oficial.
56;CH;141364;A;20;0;;1.83281;-0.1754;0.04287;AZUL;1055;;0;2022;3.97747;Texto extraído diretamente do caderno oficial.
56;CH;141364;A;20;0;;1.83281;-0.1754;0.04287;AZUL;1175;;0;2022;3.97747;Texto extraído diretamente do caderno oficial.
37;LC;141390;A;30;0;;1.54579;-0.30477;0.00839;AZUL;1065;;0;2022;3.96394;Texto extraído diretamente do caderno oficial.
37;LC;141390;A;30;0;;1.54579;-0.30477;0.00839;AZUL;1179;;0;2022;3.96394;Texto extraído diretamente do caderno oficial.
103;CN;85445;E;20;0;;4.44898;1.4048;0.15587;AZUL;1085;;0;2022;3.904209999999999;Texto extraído diretamente do caderno oficial.
103;CN;85445;E;20;0;;4.44898;1.4048;0.15587;AZUL;1187;;0;2022;3.904209999999999;Texto extraído diretamente do caderno oficial.
26;LC;96502;C;19;0;;1.14926;-0.51604;0.00912;AZUL;1179;;0;2022;3.80104;"*010175AZ32*
01
Transcreva a sua Redação para a Folha de Redação.
1
2
3
4
5
6
7
O
8
H
9
10 N O
U
11 Ã
12 C Ç
13 S
A
14 A
D
15 R
E
16
R
17
18 A
19 D
20
21
22
23
24
25
26
27
28
29
30
32 1° dia | Caderno 1 - AZUL - 1ª Aplicação
01"
26;LC;96502;C;19;0;;1.14926;-0.51604;0.00912;AZUL;1065;;0;2022;3.80104;"*010175AZ32*
01
Transcreva a sua Redação para a Folha de Redação.
1
2
3
4
5
6
7
O
8
H
9
10 N O
U
11 Ã
12 C Ç
13 S
A
14 A
D
15 R
E
16
R
17
18 A
19 D
20
21
22
23
24
25
26
27
28
29
30
32 1° dia | Caderno 1 - AZUL - 1ª Aplicação
01"
30;LC;26545;C;15;0;;4.15101;1.348;0.0928;AZUL;1179;;0;2022;3.79402;"*010175AZ32*
01
Transcreva a sua Redação para a Folha de Redação.
1
2
3
4
5
6
7
O
8
H
9
10 N O
U
11 Ã
12 C Ç
13 S
A
14 A
D
15 R
E
16
R
17
18 A
19 D
20
21
22
23
24
25
26
27
28
29
30
32 1° dia | Caderno 1 - AZUL - 1ª Aplicação
01"
30;LC;26545;C;15;0;;4.15101;1.348;0.0928;AZUL;1065;;0;2022;3.79402;"*010175AZ32*
01
Transcreva a sua Redação para a Folha de Redação.
1
2
3
4
5
6
7
O
8
H
9
10 N O
U
11 Ã
12 C Ç
13 S
A
14 A
D
15 R
E
16
R
17
18 A
19 D
20
21
22
23
24
25
26
27
28
29
30
32 1° dia | Caderno 1 - AZUL - 1ª Aplicação
01"
78;CH;67980;E;6;0;;4.03907;1.33056;0.05942;AZUL;1055;;0;2022;3.78936;Texto extraído diretamente do caderno oficial.
78;CH;67980;E;6;0;;4.03907;1.33056;0.05942;AZUL;1175;;0;2022;3.78936;Texto extraído diretamente do caderno oficial.
13;LC;140917;B;17;0;;2.989;0.4382;0.18044;AZUL;1145;;0;2022;3.7612;Texto extraído diretamente do caderno oficial.
13;LC;140917;B;17;0;;2.989;0.4382;0.18044;AZUL;1105;;0;2022;3.7612;Texto extraído diretamente do caderno oficial.
96;CN;33229;E;30;0;;2.0763;-0.17376;0.19541;AZUL;1125;;0;2022;3.69683;Texto extraído diretamente do caderno oficial.
96;CN;33229;E;30;0;;2.0763;-0.17376;0.19541;AZUL;1165;;0;2022;3.69683;Texto extraído diretamente do caderno oficial.
107;CN;85860;C;24;0;;5.31621;2.04288;0.17088;AZUL;1085;;0;2022;3.6493800000000007;Texto extraído diretamente do caderno oficial.
107;CN;85860;C;24;0;;5.31621;2.04288;0.17088;AZUL;1187;;0;2022;3.6493800000000007;Texto extraído diretamente do caderno oficial.
67;CH;141148;D;10;0;;3.48759;0.79822;0.18644;AZUL;1175;;0;2022;3.64832;Texto extraído diretamente do caderno oficial.
67;CH;141148;D;10;0;;3.48759;0.79822;0.18644;AZUL;1055;;0;2022;3.64832;Texto extraído diretamente do caderno oficial.
14;LC;42940;D;22;0;;1.30734;-0.29879;0.00797;AZUL;1065;;0;2022;3.4712;Texto extraído diretamente do caderno oficial.
14;LC;42940;D;22;0;;1.30734;-0.29879;0.00797;AZUL;1179;;0;2022;3.4712;Texto extraído diretamente do caderno oficial.
90;CH;141062;A;6;0;;2.7926;0.38416;0.19484;AZUL;1135;;0;2022;3.4585200000000005;Texto extraído diretamente do caderno oficial.
90;CH;141062;A;6;0;;2.7926;0.38416;0.19484;AZUL;1095;;0;2022;3.4585200000000005;Texto extraído diretamente do caderno oficial.
131;CN;141503;C;3;0;;2.86161;0.4948;0.1606;AZUL;1085;;0;2022;3.4358200000000005;Texto extraído diretamente do caderno oficial.
131;CN;141503;C;3;0;;2.86161;0.4948;0.1606;AZUL;1187;;0;2022;3.4358200000000005;Texto extraído diretamente do caderno oficial.
18;LC;84487;E;24;0;;2.29459;0.22912;0.09786;AZUL;1145;;0;2022;3.41252;Texto extraído diretamente do caderno oficial.
18;LC;84487;E;24;0;;2.29459;0.22912;0.09786;AZUL;1105;;0;2022;3.41252;Texto extraído diretamente do caderno oficial.
5;LC;140567;A;5;0;;1.95054;-0.11616;0.18874;AZUL;1179;1.0;0;2022;3.30586;"*010175AZ32*
01
Transcreva a sua Redação para a Folha de Redação.
1
2
3
4
5
6
7
O
8
H
9
10 N O
U
11 Ã
12 C Ç
13 S
A
14 A
D
15 R
E
16
R
17
18 A
19 D
20
21
22
23
24
25
26
27
28
29
30
32 1° dia | Caderno 1 - AZUL - 1ª Aplicação
01"
5;LC;140567;A;5;0;;1.95054;-0.11616;0.18874;AZUL;1065;1.0;0;2022;3.30586;"*010175AZ32*
01
Transcreva a sua Redação para a Folha de Redação.
1
2
3
4
5
6
7
O
8
H
9
10 N O
U
11 Ã
12 C Ç
13 S
A
14 A
D
15 R
E
16
R
17
18 A
19 D
20
21
22
23
24
25
26
27
28
29
30
32 1° dia | Caderno 1 - AZUL - 1ª Aplicação
01"
10;LC;44687;A;9;0;;1.78812;-0.21897;0.1944;AZUL;1105;;0;2022;3.26115;Texto extraído diretamente do caderno oficial.
10;LC;44687;A;9;0;;1.78812;-0.21897;0.1944;AZUL;1145;;0;2022;3.26115;Texto extraído diretamente do caderno oficial.
70;CH;97262;A;15;0;;1.46058;-0.44013;0.20483;AZUL;1055;;0;2022;3.2174;Texto extraído diretamente do caderno oficial.
70;CH;97262;A;15;0;;1.46058;-0.44013;0.20483;AZUL;1175;;0;2022;3.2174;Texto extraído diretamente do caderno oficial.
54;CH;141356;E;10;0;;2.87862;0.56552;0.16946;AZUL;1135;;0;2022;3.213380000000001;Texto extraído diretamente do caderno oficial.
54;CH;141356;E;10;0;;2.87862;0.56552;0.16946;AZUL;1095;;0;2022;3.213380000000001;Texto extraído diretamente do caderno oficial.
41;LC;10776;B;17;0;;1.35922;-0.10494;0.00701;AZUL;1065;;0;2022;2.9982100000000003;Texto extraído diretamente do caderno oficial.
41;LC;10776;B;17;0;;1.35922;-0.10494;0.00701;AZUL;1179;;0;2022;2.9982100000000003;Texto extraído diretamente do caderno oficial.
68;CH;111964;D;7;0;;2.81132;0.5445;0.20515;AZUL;1055;;0;2022;2.96339;Texto extraído diretamente do caderno oficial.
68;CH;111964;D;7;0;;2.81132;0.5445;0.20515;AZUL;1175;;0;2022;2.96339;Texto extraído diretamente do caderno oficial.
25;LC;141203;C;9;0;;1.71461;-0.15137;0.18763;AZUL;1065;;0;2022;2.94518;"*010175AZ32*
01
Transcreva a sua Redação para a Folha de Redação.
1
2
3
4
5
6
7
O
8
H
9
10 N O
U
11 Ã
12 C Ç
13 S
A
14 A
D
15 R
E
16
R
17
18 A
19 D
20
21
22
23
24
25
26
27
28
29
30
32 1° dia | Caderno 1 - AZUL - 1ª Aplicação
01"
25;LC;141203;C;9;0;;1.71461;-0.15137;0.18763;AZUL;1179;;0;2022;2.94518;"*010175AZ32*
01
Transcreva a sua Redação para a Folha de Redação.
1
2
3
4
5
6
7
O
8
H
9
10 N O
U
11 Ã
12 C Ç
13 S
A
14 A
D
15 R
E
16
R
17
18 A
19 D
20
21
22
23
24
25
26
27
28
29
30
32 1° dia | Caderno 1 - AZUL - 1ª Aplicação
01"
94;CN;85952;E;4;0;;2.20432;0.14133;0.21042;AZUL;1125;;0;2022;2.93255;Texto extraído diretamente do caderno oficial.
94;CN;85952;E;4;0;;2.20432;0.14133;0.21042;AZUL;1165;;0;2022;2.93255;Texto extraído diretamente do caderno oficial.
173;MT;30327;D;25;0;;2.81078;0.63977;0.16335;AZUL;1075;;0;2022;2.8855;Texto extraído diretamente do caderno oficial.
173;MT;30327;D;25;0;;2.81078;0.63977;0.16335;AZUL;1183;;0;2022;2.8855;Texto extraído diretamente do caderno oficial.
72;CH;141384;D;18;0;;3.39376;1.05605;0.15958;AZUL;1175;;0;2022;2.82147;Texto extraído diretamente do caderno oficial.
72;CH;141384;D;18;0;;3.39376;1.05605;0.15958;AZUL;1055;;0;2022;2.82147;Texto extraído diretamente do caderno oficial.
19;LC;62114;E;28;0;;1.72223;0.06864;0.08576;AZUL;1145;;0;2022;2.80974;Texto extraído diretamente do caderno oficial.
19;LC;62114;E;28;0;;1.72223;0.06864;0.08576;AZUL;1105;;0;2022;2.80974;Texto extraído diretamente do caderno oficial.
38;LC;140893;B;3;0;;2.13983;0.12205;0.2211;AZUL;1105;;0;2022;2.8080099999999995;Texto extraído diretamente do caderno oficial.
38;LC;140893;B;3;0;;2.13983;0.12205;0.2211;AZUL;1145;;0;2022;2.8080099999999995;Texto extraído diretamente do caderno oficial.
20;LC;49457;C;3;0;;2.13476;0.17278;0.19035;AZUL;1105;;0;2022;2.79943;"*010175AZ32*
01
Transcreva a sua Redação para a Folha de Redação.
1
2
3
4
5
6
7
O
8
H
9
10 N O
U
11 Ã
12 C Ç
13 S
A
14 A
D
15 R
E
16
R
17
18 A
19 D
20
21
22
23
24
25
26
27
28
29
30
32 1° dia | Caderno 1 - AZUL - 1ª Aplicação
01"
20;LC;49457;C;3;0;;2.13476;0.17278;0.19035;AZUL;1145;;0;2022;2.79943;"*010175AZ32*
01
Transcreva a sua Redação para a Folha de Redação.
1
2
3
4
5
6
7
O
8
H
9
10 N O
U
11 Ã
12 C Ç
13 S
A
14 A
D
15 R
E
16
R
17
18 A
19 D
20
21
22
23
24
25
26
27
28
29
30
32 1° dia | Caderno 1 - AZUL - 1ª Aplicação
01"
60;CH;140198;B;27;0;;1.17746;-0.4538;0.19805;AZUL;1095;;0;2022;2.7260699999999995;Texto extraído diretamente do caderno oficial.
60;CH;140198;B;27;0;;1.17746;-0.4538;0.19805;AZUL;1135;;0;2022;2.7260699999999995;Texto extraído diretamente do caderno oficial.
83;CH;141072;B;8;0;;2.78275;0.64418;0.18557;AZUL;1055;;0;2022;2.7051100000000003;Texto extraído diretamente do caderno oficial.
83;CH;141072;B;8;0;;2.78275;0.64418;0.18557;AZUL;1175;;0;2022;2.7051100000000003;Texto extraído diretamente do caderno oficial.
25;LC;96721;D;14;0;;2.34057;0.44236;0.13703;AZUL;1145;;0;2022;2.66891;"*010175AZ32*
01
Transcreva a sua Redação para a Folha de Redação.
1
2
3
4
5
6
7
O
8
H
9
10 N O
U
11 Ã
12 C Ç
13 S
A
14 A
D
15 R
E
16
R
17
18 A
19 D
20
21
22
23
24
25
26
27
28
29
30
32 1° dia | Caderno 1 - AZUL - 1ª Aplicação
01"
25;LC;96721;D;14;0;;2.34057;0.44236;0.13703;AZUL;1105;;0;2022;2.66891;"*010175AZ32*
01
Transcreva a sua Redação para a Folha de Redação.
1
2
3
4
5
6
7
O
8
H
9
10 N O
U
11 Ã
12 C Ç
13 S
A
14 A
D
15 R
E
16
R
17
18 A
19 D
20
21
22
23
24
25
26
27
28
29
30
32 1° dia | Caderno 1 - AZUL - 1ª Aplicação
01"
49;CH;140639;B;30;0;;2.71371;0.59055;0.19782;AZUL;1055;;0;2022;2.6666699999999994;Texto extraído diretamente do caderno oficial.
49;CH;140639;B;30;0;;2.71371;0.59055;0.19782;AZUL;1175;;0;2022;2.6666699999999994;Texto extraído diretamente do caderno oficial.
13;LC;120622;B;30;0;;2.558;0.65099;0.12178;AZUL;1065;;0;2022;2.55413;Texto extraído diretamente do caderno oficial.
13;LC;120622;B;30;0;;2.558;0.65099;0.12178;AZUL;1179;;0;2022;2.55413;Texto extraído diretamente do caderno oficial.
91;CN;49900;B;10;0;;2.16971;0.32789;0.17424;AZUL;1165;;0;2022;2.48455;Texto extraído diretamente do caderno oficial.
91;CN;49900;B;10;0;;2.16971;0.32789;0.17424;AZUL;1125;;0;2022;2.48455;Texto extraído diretamente do caderno oficial.
128;CN;111613;A;2;0;;3.25053;1.20513;0.08404;AZUL;1085;;0;2022;2.46547;Texto extraído diretamente do caderno oficial.
128;CN;111613;A;2;0;;3.25053;1.20513;0.08404;AZUL;1187;;0;2022;2.46547;Texto extraído diretamente do caderno oficial.
6;LC;141227;B;12;0;;2.47458;0.59053;0.14386;AZUL;1145;;0;2022;2.45827;"*010175AZ32*
01
Transcreva a sua Redação para a Folha de Redação.
1
2
3
4
5
6
7
O
8
H
9
10 N O
U
11 Ã
12 C Ç
13 S
A
14 A
D
15 R
E
16
R
17
18 A
19 D
20
21
22
23
24
25
26
27
28
29
30
32 1° dia | Caderno 1 - AZUL - 1ª Aplicação
01"
6;LC;141227;B;12;0;;2.47458;0.59053;0.14386;AZUL;1105;;0;2022;2.45827;"*010175AZ32*
01
Transcreva a sua Redação para a Folha de Redação.
1
2
3
4
5
6
7
O
8
H
9
10 N O
U
11 Ã
12 C Ç
13 S
A
14 A
D
15 R
E
16
R
17
18 A
19 D
20
21
22
23
24
25
26
27
28
29
30
32 1° dia | Caderno 1 - AZUL - 1ª Aplicação
01"
98;CN;96553;C;13;0;;3.12774;0.99373;0.17247;AZUL;1125;;0;2022;2.4119400000000004;Texto extraído diretamente do caderno oficial.
98;CN;96553;C;13;0;;3.12774;0.99373;0.17247;AZUL;1165;;0;2022;2.4119400000000004;Texto extraído diretamente do caderno oficial.
175;MT;60441;E;1;0;;1.42701;-0.02398;0.11013;AZUL;1183;;0;2022;2.37531;Texto extraído diretamente do caderno oficial.
175;MT;60441;E;1;0;;1.42701;-0.02398;0.11013;AZUL;1075;;0;2022;2.37531;Texto extraído diretamente do caderno oficial.
68;CH;87862;C;2;0;;1.95212;0.2234;0.17538;AZUL;1135;;0;2022;2.35714;Texto extraído diretamente do caderno oficial.
68;CH;87862;C;2;0;;1.95212;0.2234;0.17538;AZUL;1095;;0;2022;2.35714;Texto extraído diretamente do caderno oficial.
95;CN;83635;D;21;0;;1.71246;0.05316;0.18217;AZUL;1165;;0;2022;2.3545900000000004;Texto extraído diretamente do caderno oficial.
95;CN;83635;D;21;0;;1.71246;0.05316;0.18217;AZUL;1125;;0;2022;2.3545900000000004;Texto extraído diretamente do caderno oficial.
42;LC;120644;A;23;0;;2.15635;0.41038;0.15037;AZUL;1145;;0;2022;2.3297100000000004;Texto extraído diretamente do caderno oficial.
42;LC;120644;A;23;0;;2.15635;0.41038;0.15037;AZUL;1105;;0;2022;2.3297100000000004;Texto extraído diretamente do caderno oficial.
89;CH;140190;C;5;0;;1.94428;0.27387;0.14788;AZUL;1175;;0;2022;2.3275500000000005;Texto extraído diretamente do caderno oficial.
89;CH;140190;C;5;0;;1.94428;0.27387;0.14788;AZUL;1055;;0;2022;2.3275500000000005;Texto extraído diretamente do caderno oficial.
65;CH;141304;B;29;0;;1.67473;0.01612;0.19993;AZUL;1135;;0;2022;2.30145;Texto extraído diretamente do caderno oficial.
65;CH;141304;B;29;0;;1.67473;0.01612;0.19993;AZUL;1095;;0;2022;2.30145;Texto extraído diretamente do caderno oficial.
55;CH;97405;A;8;0;;2.26097;0.38595;0.21827;AZUL;1135;;0;2022;2.27274;Texto extraído diretamente do caderno oficial.
55;CH;97405;A;8;0;;2.26097;0.38595;0.21827;AZUL;1095;;0;2022;2.27274;Texto extraído diretamente do caderno oficial.
45;LC;141261;E;14;0;;2.31367;0.48334;0.18144;AZUL;1065;;0;2022;2.2701200000000004;Texto extraído diretamente do caderno oficial.
45;LC;141261;E;14;0;;2.31367;0.48334;0.18144;AZUL;1179;;0;2022;2.2701200000000004;Texto extraído diretamente do caderno oficial.
82;CH;141330;E;17;0;;2.5062;0.59575;0.20026;AZUL;1095;;0;2022;2.22385;Texto extraído diretamente do caderno oficial.
82;CH;141330;E;17;0;;2.5062;0.59575;0.20026;AZUL;1135;;0;2022;2.22385;Texto extraído diretamente do caderno oficial.
67;CH;141124;C;28;0;;1.88304;0.18672;0.20043;AZUL;1095;;0;2022;2.20377;Texto extraído diretamente do caderno oficial.
67;CH;141124;C;28;0;;1.88304;0.18672;0.20043;AZUL;1135;;0;2022;2.20377;Texto extraído diretamente do caderno oficial.
86;CH;140222;C;5;0;;2.20684;0.49143;0.16913;AZUL;1095;;0;2022;2.0937400000000004;Texto extraído diretamente do caderno oficial.
86;CH;140222;C;5;0;;2.20684;0.49143;0.16913;AZUL;1135;;0;2022;2.0937400000000004;Texto extraído diretamente do caderno oficial.
4;LC;112142;A;6;0;;1.72384;0.14481;0.18987;AZUL;1145;1.0;0;2022;2.0639000000000003;"*010175AZ32*
01
Transcreva a sua Redação para a Folha de Redação.
1
2
3
4
5
6
7
O
8
H
9
10 N O
U
11 Ã
12 C Ç
13 S
A
14 A
D
15 R
E
16
R
17
18 A
19 D
20
21
22
23
24
25
26
27
28
29
30
32 1° dia | Caderno 1 - AZUL - 1ª Aplicação
01"
4;LC;112142;A;6;0;;1.72384;0.14481;0.18987;AZUL;1105;1.0;0;2022;2.0639000000000003;"*010175AZ32*
01
Transcreva a sua Redação para a Folha de Redação.
1
2
3
4
5
6
7
O
8
H
9
10 N O
U
11 Ã
12 C Ç
13 S
A
14 A
D
15 R
E
16
R
17
18 A
19 D
20
21
22
23
24
25
26
27
28
29
30
32 1° dia | Caderno 1 - AZUL - 1ª Aplicação
01"
3;LC;118248;C;7;0;;1.52036;-0.00517;0.20442;AZUL;1145;1.0;0;2022;2.03413;"*010175AZ32*
01
Transcreva a sua Redação para a Folha de Redação.
1
2
3
4
5
6
7
O
8
H
9
10 N O
U
11 Ã
12 C Ç
13 S
A
14 A
D
15 R
E
16
R
17
18 A
19 D
20
21
22
23
24
25
26
27
28
29
30
32 1° dia | Caderno 1 - AZUL - 1ª Aplicação
01"
3;LC;118248;C;7;0;;1.52036;-0.00517;0.20442;AZUL;1105;1.0;0;2022;2.03413;"*010175AZ32*
01
Transcreva a sua Redação para a Folha de Redação.
1
2
3
4
5
6
7
O
8
H
9
10 N O
U
11 Ã
12 C Ç
13 S
A
14 A
D
15 R
E
16
R
17
18 A
19 D
20
21
22
23
24
25
26
27
28
29
30
32 1° dia | Caderno 1 - AZUL - 1ª Aplicação
01"
71;CH;111947;B;25;0;;1.85179;0.16222;0.24226;AZUL;1135;;0;2022;2.00562;Texto extraído diretamente do caderno oficial.
71;CH;111947;B;25;0;;1.85179;0.16222;0.24226;AZUL;1095;;0;2022;2.00562;Texto extraído diretamente do caderno oficial.
85;CH;125944;D;4;0;;1.69059;0.29126;0.1166;AZUL;1175;;0;2022;1.9244;Texto extraído diretamente do caderno oficial.
85;CH;125944;D;4;0;;1.69059;0.29126;0.1166;AZUL;1055;;0;2022;1.9244;Texto extraído diretamente do caderno oficial.
121;CN;85169;C;23;0;;2.33483;0.70487;0.12771;AZUL;1165;;0;2022;1.9165000000000003;Texto extraído diretamente do caderno oficial.
121;CN;85169;C;23;0;;2.33483;0.70487;0.12771;AZUL;1125;;0;2022;1.9165000000000003;Texto extraído diretamente do caderno oficial.
179;MT;85588;B;24;0;;2.30031;0.46698;0.25799;AZUL;1183;;0;2022;1.90973;Texto extraído diretamente do caderno oficial.
179;MT;85588;B;24;0;;2.30031;0.46698;0.25799;AZUL;1075;;0;2022;1.90973;Texto extraído diretamente do caderno oficial.
133;CN;111596;D;11;0;;1.45373;0.03244;0.1846;AZUL;1125;;0;2022;1.88714;Texto extraído diretamente do caderno oficial.
133;CN;111596;D;11;0;;1.45373;0.03244;0.1846;AZUL;1165;;0;2022;1.88714;Texto extraído diretamente do caderno oficial.
87;CH;140572;B;19;0;;2.46583;0.73772;0.17053;AZUL;1175;;0;2022;1.86585;Texto extraído diretamente do caderno oficial.
87;CH;140572;B;19;0;;2.46583;0.73772;0.17053;AZUL;1055;;0;2022;1.86585;Texto extraído diretamente do caderno oficial.
12;LC;42674;B;27;0;;2.26956;0.51892;0.2337;AZUL;1179;;0;2022;1.81386;Texto extraído diretamente do caderno oficial.
12;LC;42674;B;27;0;;2.26956;0.51892;0.2337;AZUL;1065;;0;2022;1.81386;Texto extraído diretamente do caderno oficial.
71;CH;44230;A;23;0;;2.73837;0.8616;0.21624;AZUL;1175;;0;2022;1.8107400000000005;Texto extraído diretamente do caderno oficial.
71;CH;44230;A;23;0;;2.73837;0.8616;0.21624;AZUL;1055;;0;2022;1.8107400000000005;Texto extraído diretamente do caderno oficial.
79;CH;140378;A;5;0;;2.1636;0.57483;0.15916;AZUL;1055;;0;2022;1.806910000000001;Texto extraído diretamente do caderno oficial.
79;CH;140378;A;5;0;;2.1636;0.57483;0.15916;AZUL;1175;;0;2022;1.806910000000001;Texto extraído diretamente do caderno oficial.
22;LC;88815;B;22;0;;2.12278;0.45691;0.2143;AZUL;1105;;0;2022;1.8033300000000003;"*010175AZ32*
01
Transcreva a sua Redação para a Folha de Redação.
1
2
3
4
5
6
7
O
8
H
9
10 N O
U
11 Ã
12 C Ç
13 S
A
14 A
D
15 R
E
16
R
17
18 A
19 D
20
21
22
23
24
25
26
27
28
29
30
32 1° dia | Caderno 1 - AZUL - 1ª Aplicação
01"
22;LC;88815;B;22;0;;2.12278;0.45691;0.2143;AZUL;1145;;0;2022;1.8033300000000003;"*010175AZ32*
01
Transcreva a sua Redação para a Folha de Redação.
1
2
3
4
5
6
7
O
8
H
9
10 N O
U
11 Ã
12 C Ç
13 S
A
14 A
D
15 R
E
16
R
17
18 A
19 D
20
21
22
23
24
25
26
27
28
29
30
32 1° dia | Caderno 1 - AZUL - 1ª Aplicação
01"
83;CH;140589;C;18;0;;1.90997;0.43177;0.17218;AZUL;1095;;0;2022;1.6637300000000002;Texto extraído diretamente do caderno oficial.
83;CH;140589;C;18;0;;1.90997;0.43177;0.17218;AZUL;1135;;0;2022;1.6637300000000002;Texto extraído diretamente do caderno oficial.
58;CH;118141;B;25;0;;2.31834;0.68056;0.18756;AZUL;1095;;0;2022;1.6571999999999998;Texto extraído diretamente do caderno oficial.
58;CH;118141;B;25;0;;2.31834;0.68056;0.18756;AZUL;1135;;0;2022;1.6571999999999998;Texto extraído diretamente do caderno oficial.
7;LC;140876;D;22;0;;2.42167;0.7604;0.18312;AZUL;1105;;0;2022;1.6465400000000003;"*010175AZ32*
01
Transcreva a sua Redação para a Folha de Redação.
1
2
3
4
5
6
7
O
8
H
9
10 N O
U
11 Ã
12 C Ç
13 S
A
14 A
D
15 R
E
16
R
17
18 A
19 D
20
21
22
23
24
25
26
27
28
29
30
32 1° dia | Caderno 1 - AZUL - 1ª Aplicação
01"
7;LC;140876;D;22;0;;2.42167;0.7604;0.18312;AZUL;1145;;0;2022;1.6465400000000003;"*010175AZ32*
01
Transcreva a sua Redação para a Folha de Redação.
1
2
3
4
5
6
7
O
8
H
9
10 N O
U
11 Ã
12 C Ç
13 S
A
14 A
D
15 R
E
16
R
17
18 A
19 D
20
21
22
23
24
25
26
27
28
29
30
32 1° dia | Caderno 1 - AZUL - 1ª Aplicação
01"
33;LC;140850;A;20;0;;2.22164;0.71104;0.13389;AZUL;1105;;0;2022;1.6407099999999997;Texto extraído diretamente do caderno oficial.
33;LC;140850;A;20;0;;2.22164;0.71104;0.13389;AZUL;1145;;0;2022;1.6407099999999997;Texto extraído diretamente do caderno oficial.
114;CN;117854;C;15;0;;3.55169;1.49398;0.20257;AZUL;1187;;0;2022;1.6085899999999995;Texto extraído diretamente do caderno oficial.
114;CN;117854;C;15;0;;3.55169;1.49398;0.20257;AZUL;1085;;0;2022;1.6085899999999995;Texto extraído diretamente do caderno oficial.
176;MT;141536;B;30;0;;3.27635;1.41878;0.14055;AZUL;1115;;0;2022;1.59361;Texto extraído diretamente do caderno oficial.
176;MT;141536;B;30;0;;3.27635;1.41878;0.14055;AZUL;1155;;0;2022;1.59361;Texto extraído diretamente do caderno oficial.
4;LC;140527;A;5;0;;1.12895;-0.11509;0.20583;AZUL;1065;1.0;0;2022;1.5740199999999995;"*010175AZ32*
01
Transcreva a sua Redação para a Folha de Redação.
1
2
3
4
5
6
7
O
8
H
9
10 N O
U
11 Ã
12 C Ç
13 S
A
14 A
D
15 R
E
16
R
17
18 A
19 D
20
21
22
23
24
25
26
27
28
29
30
32 1° dia | Caderno 1 - AZUL - 1ª Aplicação
01"
4;LC;140527;A;5;0;;1.12895;-0.11509;0.20583;AZUL;1179;1.0;0;2022;1.5740199999999995;"*010175AZ32*
01
Transcreva a sua Redação para a Folha de Redação.
1
2
3
4
5
6
7
O
8
H
9
10 N O
U
11 Ã
12 C Ç
13 S
A
14 A
D
15 R
E
16
R
17
18 A
19 D
20
21
22
23
24
25
26
27
28
29
30
32 1° dia | Caderno 1 - AZUL - 1ª Aplicação
01"
47;CH;83806;E;24;0;;1.98269;0.65728;0.08702;AZUL;1175;;0;2022;1.5584400000000005;Texto extraído diretamente do caderno oficial.
47;CH;83806;E;24;0;;1.98269;0.65728;0.08702;AZUL;1055;;0;2022;1.5584400000000005;Texto extraído diretamente do caderno oficial.
179;MT;32965;D;26;0;;1.92946;0.52624;0.14703;AZUL;1155;;0;2022;1.5450499999999998;Texto extraído diretamente do caderno oficial.
179;MT;32965;D;26;0;;1.92946;0.52624;0.14703;AZUL;1115;;0;2022;1.5450499999999998;Texto extraído diretamente do caderno oficial.
130;CN;126560;C;22;0;;2.41581;0.78824;0.19317;AZUL;1187;;0;2022;1.5010499999999998;Texto extraído diretamente do caderno oficial.
130;CN;126560;C;22;0;;2.41581;0.78824;0.19317;AZUL;1085;;0;2022;1.5010499999999998;Texto extraído diretamente do caderno oficial.
20;LC;45201;C;10;0;;2.64453;1.04534;0.13269;AZUL;1179;;0;2022;1.4895900000000002;"*010175AZ32*
01
Transcreva a sua Redação para a Folha de Redação.
1
2
3
4
5
6
7
O
8
H
9
10 N O
U
11 Ã
12 C Ç
13 S
A
14 A
D
15 R
E
16
R
17
18 A
19 D
20
21
22
23
24
25
26
27
28
29
30
32 1° dia | Caderno 1 - AZUL - 1ª Aplicação
01"
20;LC;45201;C;10;0;;2.64453;1.04534;0.13269;AZUL;1065;;0;2022;1.4895900000000002;"*010175AZ32*
01
Transcreva a sua Redação para a Folha de Redação.
1
2
3
4
5
6
7
O
8
H
9
10 N O
U
11 Ã
12 C Ç
13 S
A
14 A
D
15 R
E
16
R
17
18 A
19 D
20
21
22
23
24
25
26
27
28
29
30
32 1° dia | Caderno 1 - AZUL - 1ª Aplicação
01"
58;CH;125654;E;14;0;;1.49576;0.47561;0.01589;AZUL;1055;;0;2022;1.48524;Texto extraído diretamente do caderno oficial.
58;CH;125654;E;14;0;;1.49576;0.47561;0.01589;AZUL;1175;;0;2022;1.48524;Texto extraído diretamente do caderno oficial.
40;LC;141230;C;10;0;;2.404;0.72518;0.23456;AZUL;1145;;0;2022;1.4596599999999995;Texto extraído diretamente do caderno oficial.
40;LC;141230;C;10;0;;2.404;0.72518;0.23456;AZUL;1105;;0;2022;1.4596599999999995;Texto extraído diretamente do caderno oficial.
9;LC;112102;A;11;0;;2.11507;0.67032;0.15297;AZUL;1105;;0;2022;1.4543299999999997;"*010175AZ32*
01
Transcreva a sua Redação para a Folha de Redação.
1
2
3
4
5
6
7
O
8
H
9
10 N O
U
11 Ã
12 C Ç
13 S
A
14 A
D
15 R
E
16
R
17
18 A
19 D
20
21
22
23
24
25
26
27
28
29
30
32 1° dia | Caderno 1 - AZUL - 1ª Aplicação
01"
9;LC;112102;A;11;0;;2.11507;0.67032;0.15297;AZUL;1145;;0;2022;1.4543299999999997;"*010175AZ32*
01
Transcreva a sua Redação para a Folha de Redação.
1
2
3
4
5
6
7
O
8
H
9
10 N O
U
11 Ã
12 C Ç
13 S
A
14 A
D
15 R
E
16
R
17
18 A
19 D
20
21
22
23
24
25
26
27
28
29
30
32 1° dia | Caderno 1 - AZUL - 1ª Aplicação
01"
11;LC;41810;A;29;0;;0.92958;0.15096;0.01173;AZUL;1065;;0;2022;1.3476299999999997;Texto extraído diretamente do caderno oficial.
11;LC;41810;A;29;0;;0.92958;0.15096;0.01173;AZUL;1179;;0;2022;1.3476299999999997;Texto extraído diretamente do caderno oficial.
73;CH;141373;A;20;0;;1.7185;0.37675;0.19647;AZUL;1135;;0;2022;1.3244;Texto extraído diretamente do caderno oficial.
73;CH;141373;A;20;0;;1.7185;0.37675;0.19647;AZUL;1095;;0;2022;1.3244;Texto extraído diretamente do caderno oficial.
93;CN;56145;B;8;0;;1.78305;0.46449;0.1751;AZUL;1165;;0;2022;1.2971299999999997;Texto extraído diretamente do caderno oficial.
93;CN;56145;B;8;0;;1.78305;0.46449;0.1751;AZUL;1125;;0;2022;1.2971299999999997;Texto extraído diretamente do caderno oficial.
49;CH;85036;A;8;0;;2.13934;0.64135;0.21384;AZUL;1135;;0;2022;1.28543;Texto extraído diretamente do caderno oficial.
49;CH;85036;A;8;0;;2.13934;0.64135;0.21384;AZUL;1095;;0;2022;1.28543;Texto extraído diretamente do caderno oficial.
129;CN;9418;A;25;0;;1.74002;0.45729;0.16583;AZUL;1165;;0;2022;1.2790199999999998;Texto extraído diretamente do caderno oficial.
129;CN;9418;A;25;0;;1.74002;0.45729;0.16583;AZUL;1125;;0;2022;1.2790199999999998;Texto extraído diretamente do caderno oficial.
28;LC;141398;D;26;0;;1.88601;0.44771;0.23332;AZUL;1145;;0;2022;1.26229;"*010175AZ32*
01
Transcreva a sua Redação para a Folha de Redação.
1
2
3
4
5
6
7
O
8
H
9
10 N O
U
11 Ã
12 C Ç
13 S
A
14 A
D
15 R
E
16
R
17
18 A
19 D
20
21
22
23
24
25
26
27
28
29
30
32 1° dia | Caderno 1 - AZUL - 1ª Aplicação
01"
28;LC;141398;D;26;0;;1.88601;0.44771;0.23332;AZUL;1105;;0;2022;1.26229;"*010175AZ32*
01
Transcreva a sua Redação para a Folha de Redação.
1
2
3
4
5
6
7
O
8
H
9
10 N O
U
11 Ã
12 C Ç
13 S
A
14 A
D
15 R
E
16
R
17
18 A
19 D
20
21
22
23
24
25
26
27
28
29
30
32 1° dia | Caderno 1 - AZUL - 1ª Aplicação
01"
63;CH;97182;A;1;0;;1.23597;0.07834;0.19596;AZUL;1095;;0;2022;1.25712;Texto extraído diretamente do caderno oficial.
63;CH;97182;A;1;0;;1.23597;0.07834;0.19596;AZUL;1135;;0;2022;1.25712;Texto extraído diretamente do caderno oficial.
2;LC;140535;C;5;0;;0.95911;-0.14459;0.22037;AZUL;1145;1.0;0;2022;1.2501399999999998;"*010175AZ32*
01
Transcreva a sua Redação para a Folha de Redação.
1
2
3
4
5
6
7
O
8
H
9
10 N O
U
11 Ã
12 C Ç
13 S
A
14 A
D
15 R
E
16
R
17
18 A
19 D
20
21
22
23
24
25
26
27
28
29
30
32 1° dia | Caderno 1 - AZUL - 1ª Aplicação
01"
2;LC;140535;C;5;0;;0.95911;-0.14459;0.22037;AZUL;1105;1.0;0;2022;1.2501399999999998;"*010175AZ32*
01
Transcreva a sua Redação para a Folha de Redação.
1
2
3
4
5
6
7
O
8
H
9
10 N O
U
11 Ã
12 C Ç
13 S
A
14 A
D
15 R
E
16
R
17
18 A
19 D
20
21
22
23
24
25
26
27
28
29
30
32 1° dia | Caderno 1 - AZUL - 1ª Aplicação
01"
47;CH;49174;D;20;0;;1.51268;0.35348;0.15001;AZUL;1095;;0;2022;1.21487;Texto extraído diretamente do caderno oficial.
47;CH;49174;D;20;0;;1.51268;0.35348;0.15001;AZUL;1135;;0;2022;1.21487;Texto extraído diretamente do caderno oficial.
21;LC;140827;B;15;0;;2.05337;0.67994;0.17382;AZUL;1179;;0;2022;1.1978200000000006;"*010175AZ32*
01
Transcreva a sua Redação para a Folha de Redação.
1
2
3
4
5
6
7
O
8
H
9
10 N O
U
11 Ã
12 C Ç
13 S
A
14 A
D
15 R
E
16
R
17
18 A
19 D
20
21
22
23
24
25
26
27
28
29
30
32 1° dia | Caderno 1 - AZUL - 1ª Aplicação
01"
21;LC;140827;B;15;0;;2.05337;0.67994;0.17382;AZUL;1065;;0;2022;1.1978200000000006;"*010175AZ32*
01
Transcreva a sua Redação para a Folha de Redação.
1
2
3
4
5
6
7
O
8
H
9
10 N O
U
11 Ã
12 C Ç
13 S
A
14 A
D
15 R
E
16
R
17
18 A
19 D
20
21
22
23
24
25
26
27
28
29
30
32 1° dia | Caderno 1 - AZUL - 1ª Aplicação
01"
60;CH;140429;B;20;0;;2.16917;0.75171;0.18087;AZUL;1175;;0;2022;1.1788599999999998;Texto extraído diretamente do caderno oficial.
60;CH;140429;B;20;0;;2.16917;0.75171;0.18087;AZUL;1055;;0;2022;1.1788599999999998;Texto extraído diretamente do caderno oficial.
169;MT;63204;E;9;0;;3.78296;1.88956;0.14444;AZUL;1075;;0;2022;1.17504;Texto extraído diretamente do caderno oficial.
169;MT;63204;E;9;0;;3.78296;1.88956;0.14444;AZUL;1183;;0;2022;1.17504;Texto extraído diretamente do caderno oficial.
73;CH;75825;B;13;0;;2.34384;0.97017;0.12421;AZUL;1175;;0;2022;1.1561200000000005;Texto extraído diretamente do caderno oficial.
73;CH;75825;B;13;0;;2.34384;0.97017;0.12421;AZUL;1055;;0;2022;1.1561200000000005;Texto extraído diretamente do caderno oficial.
118;CN;78716;C;14;0;;2.02681;0.56741;0.2452;AZUL;1085;;0;2022;1.1253899999999994;Texto extraído diretamente do caderno oficial.
118;CN;78716;C;14;0;;2.02681;0.56741;0.2452;AZUL;1187;;0;2022;1.1253899999999994;Texto extraído diretamente do caderno oficial.
29;LC;33595;D;27;0;;1.35806;0.16486;0.22019;AZUL;1105;;0;2022;1.12059;"*010175AZ32*
01
Transcreva a sua Redação para a Folha de Redação.
1
2
3
4
5
6
7
O
8
H
9
10 N O
U
11 Ã
12 C Ç
13 S
A
14 A
D
15 R
E
16
R
17
18 A
19 D
20
21
22
23
24
25
26
27
28
29
30
32 1° dia | Caderno 1 - AZUL - 1ª Aplicação
01"
29;LC;33595;D;27;0;;1.35806;0.16486;0.22019;AZUL;1145;;0;2022;1.12059;"*010175AZ32*
01
Transcreva a sua Redação para a Folha de Redação.
1
2
3
4
5
6
7
O
8
H
9
10 N O
U
11 Ã
12 C Ç
13 S
A
14 A
D
15 R
E
16
R
17
18 A
19 D
20
21
22
23
24
25
26
27
28
29
30
32 1° dia | Caderno 1 - AZUL - 1ª Aplicação
01"
123;CN;68024;D;25;0;;3.42533;1.55348;0.21628;AZUL;1125;;0;2022;1.108820000000001;Texto extraído diretamente do caderno oficial.
123;CN;68024;D;25;0;;3.42533;1.55348;0.21628;AZUL;1165;;0;2022;1.108820000000001;Texto extraído diretamente do caderno oficial.
127;CN;111431;E;9;0;;3.48192;1.70426;0.15448;AZUL;1085;;0;2022;1.0786599999999995;Texto extraído diretamente do caderno oficial.
127;CN;111431;E;9;0;;3.48192;1.70426;0.15448;AZUL;1187;;0;2022;1.0786599999999995;Texto extraído diretamente do caderno oficial.
6;LC;60382;E;25;0;;1.77346;0.68047;0.08704;AZUL;1179;;0;2022;1.07031;"*010175AZ32*
01
Transcreva a sua Redação para a Folha de Redação.
1
2
3
4
5
6
7
O
8
H
9
10 N O
U
11 Ã
12 C Ç
13 S
A
14 A
D
15 R
E
16
R
17
18 A
19 D
20
21
22
23
24
25
26
27
28
29
30
32 1° dia | Caderno 1 - AZUL - 1ª Aplicação
01"
6;LC;60382;E;25;0;;1.77346;0.68047;0.08704;AZUL;1065;;0;2022;1.07031;"*010175AZ32*
01
Transcreva a sua Redação para a Folha de Redação.
1
2
3
4
5
6
7
O
8
H
9
10 N O
U
11 Ã
12 C Ç
13 S
A
14 A
D
15 R
E
16
R
17
18 A
19 D
20
21
22
23
24
25
26
27
28
29
30
32 1° dia | Caderno 1 - AZUL - 1ª Aplicação
01"
15;LC;141737;C;15;0;;1.79951;0.57085;0.18455;AZUL;1105;;0;2022;0.96372;Texto extraído diretamente do caderno oficial.
15;LC;141737;C;15;0;;1.79951;0.57085;0.18455;AZUL;1145;;0;2022;0.96372;Texto extraído diretamente do caderno oficial.
88;CH;89148;C;4;0;;1.47439;0.375;0.174;AZUL;1095;;0;2022;0.9537800000000004;Texto extraído diretamente do caderno oficial.
88;CH;89148;C;4;0;;1.47439;0.375;0.174;AZUL;1135;;0;2022;0.9537800000000004;Texto extraído diretamente do caderno oficial.
59;CH;118066;C;19;0;;1.933;0.69054;0.17203;AZUL;1175;;0;2022;0.93423;Texto extraído diretamente do caderno oficial.
59;CH;118066;C;19;0;;1.933;0.69054;0.17203;AZUL;1055;;0;2022;0.93423;Texto extraído diretamente do caderno oficial.
15;LC;111926;B;4;0;;2.48072;0.89717;0.27108;AZUL;1179;;0;2022;0.9145299999999996;Texto extraído diretamente do caderno oficial.
15;LC;111926;B;4;0;;2.48072;0.89717;0.27108;AZUL;1065;;0;2022;0.9145299999999996;Texto extraído diretamente do caderno oficial.
95;CN;111558;D;21;0;;3.29206;1.65709;0.14008;AZUL;1187;;0;2022;0.9124500000000008;Texto extraído diretamente do caderno oficial.
95;CN;111558;D;21;0;;3.29206;1.65709;0.14008;AZUL;1085;;0;2022;0.9124500000000008;Texto extraído diretamente do caderno oficial.
10;LC;49544;C;28;0;;2.43974;1.15872;0.12513;AZUL;1179;;0;2022;0.77767;Texto extraído diretamente do caderno oficial.
10;LC;49544;C;28;0;;2.43974;1.15872;0.12513;AZUL;1065;;0;2022;0.77767;Texto extraído diretamente do caderno oficial.
40;LC;6864;D;16;0;;0.57225;0.0979;0.01556;AZUL;1179;;0;2022;0.773;Texto extraído diretamente do caderno oficial.
40;LC;6864;D;16;0;;0.57225;0.0979;0.01556;AZUL;1065;;0;2022;0.773;Texto extraído diretamente do caderno oficial.
70;CH;111797;A;7;0;;0.85804;0.04376;0.19339;AZUL;1135;;0;2022;0.61785;Texto extraído diretamente do caderno oficial.
70;CH;111797;A;7;0;;0.85804;0.04376;0.19339;AZUL;1095;;0;2022;0.61785;Texto extraído diretamente do caderno oficial.
87;CH;111955;C;3;0;;2.32506;1.21057;0.08142;AZUL;1095;;0;2022;0.6113100000000002;Texto extraído diretamente do caderno oficial.
87;CH;111955;C;3;0;;2.32506;1.21057;0.08142;AZUL;1135;;0;2022;0.6113100000000002;Texto extraído diretamente do caderno oficial.
31;LC;89149;A;16;0;;1.05565;0.45772;0.03348;AZUL;1065;;0;2022;0.57074;Texto extraído diretamente do caderno oficial.
31;LC;89149;A;16;0;;1.05565;0.45772;0.03348;AZUL;1179;;0;2022;0.57074;Texto extraído diretamente do caderno oficial.
112;CN;85550;E;19;0;;2.67259;1.32138;0.16336;AZUL;1125;;0;2022;0.5642400000000001;Texto extraído diretamente do caderno oficial.
112;CN;85550;E;19;0;;2.67259;1.32138;0.16336;AZUL;1165;;0;2022;0.5642400000000001;Texto extraído diretamente do caderno oficial.
35;LC;96611;A;18;0;;1.92712;0.84941;0.15353;AZUL;1145;;0;2022;0.5383599999999997;Texto extraído diretamente do caderno oficial.
35;LC;96611;A;18;0;;1.92712;0.84941;0.15353;AZUL;1105;;0;2022;0.5383599999999997;Texto extraído diretamente do caderno oficial.
125;CN;84518;B;30;0;;0.88448;0.07593;0.20465;AZUL;1125;;0;2022;0.5179200000000002;Texto extraído diretamente do caderno oficial.
125;CN;84518;B;30;0;;0.88448;0.07593;0.20465;AZUL;1165;;0;2022;0.5179200000000002;Texto extraído diretamente do caderno oficial.
109;CN;96189;D;22;0;;2.54149;1.20769;0.21012;AZUL;1187;;0;2022;0.4093100000000003;Texto extraído diretamente do caderno oficial.
109;CN;96189;D;22;0;;2.54149;1.20769;0.21012;AZUL;1085;;0;2022;0.4093100000000003;Texto extraído diretamente do caderno oficial.
102;CN;141632;C;26;0;;2.61096;1.42317;0.10974;AZUL;1125;;0;2022;0.4037099999999995;Texto extraído diretamente do caderno oficial.
102;CN;141632;C;26;0;;2.61096;1.42317;0.10974;AZUL;1165;;0;2022;0.4037099999999995;Texto extraído diretamente do caderno oficial.
2;LC;118252;D;6;0;;1.93731;0.91995;0.14292;AZUL;1065;1.0;0;2022;0.4001700000000001;"*010175AZ32*
01
Transcreva a sua Redação para a Folha de Redação.
1
2
3
4
5
6
7
O
8
H
9
10 N O
U
11 Ã
12 C Ç
13 S
A
14 A
D
15 R
E
16
R
17
18 A
19 D
20
21
22
23
24
25
26
27
28
29
30
32 1° dia | Caderno 1 - AZUL - 1ª Aplicação
01"
2;LC;118252;D;6;0;;1.93731;0.91995;0.14292;AZUL;1179;1.0;0;2022;0.4001700000000001;"*010175AZ32*
01
Transcreva a sua Redação para a Folha de Redação.
1
2
3
4
5
6
7
O
8
H
9
10 N O
U
11 Ã
12 C Ç
13 S
A
14 A
D
15 R
E
16
R
17
18 A
19 D
20
21
22
23
24
25
26
27
28
29
30
32 1° dia | Caderno 1 - AZUL - 1ª Aplicação
01"
132;CN;8948;A;18;0;;1.01623;0.29908;0.14929;AZUL;1165;;0;2022;0.3887699999999998;Texto extraído diretamente do caderno oficial.
132;CN;8948;A;18;0;;1.01623;0.29908;0.14929;AZUL;1125;;0;2022;0.3887699999999998;Texto extraído diretamente do caderno oficial.
86;CH;96291;C;1;0;;2.9037;1.66082;0.10307;AZUL;1055;;0;2022;0.3095900000000007;Texto extraído diretamente do caderno oficial.
86;CH;96291;C;1;0;;2.9037;1.66082;0.10307;AZUL;1175;;0;2022;0.3095900000000007;Texto extraído diretamente do caderno oficial.
178;MT;19807;E;12;0;;4.1583;2.56697;0.06542;AZUL;1075;;0;2022;0.2885899999999989;Texto extraído diretamente do caderno oficial.
178;MT;19807;E;12;0;;4.1583;2.56697;0.06542;AZUL;1183;;0;2022;0.2885899999999989;Texto extraído diretamente do caderno oficial.
36;LC;140846;B;19;0;;2.28962;1.24372;0.11307;AZUL;1105;;0;2022;0.2827300000000003;Texto extraído diretamente do caderno oficial.
36;LC;140846;B;19;0;;2.28962;1.24372;0.11307;AZUL;1145;;0;2022;0.2827300000000003;Texto extraído diretamente do caderno oficial.
110;CN;141712;D;16;0;;1.87507;0.91052;0.15109;AZUL;1085;;0;2022;0.2631300000000001;Texto extraído diretamente do caderno oficial.
110;CN;141712;D;16;0;;1.87507;0.91052;0.15109;AZUL;1187;;0;2022;0.2631300000000001;Texto extraído diretamente do caderno oficial.
92;CN;84278;D;23;0;;1.88967;0.77924;0.24389;AZUL;1165;;0;2022;0.2221699999999999;Texto extraído diretamente do caderno oficial.
92;CN;84278;D;23;0;;1.88967;0.77924;0.24389;AZUL;1125;;0;2022;0.2221699999999999;Texto extraído diretamente do caderno oficial.
100;CN;7778;A;17;0;;2.20709;1.17479;0.13632;AZUL;1125;;0;2022;0.2082099999999997;Texto extraído diretamente do caderno oficial.
100;CN;7778;A;17;0;;2.20709;1.17479;0.13632;AZUL;1165;;0;2022;0.2082099999999997;Texto extraído diretamente do caderno oficial.
125;CN;98106;E;13;0;;2.46518;1.46748;0.06515;AZUL;1187;;0;2022;0.2021700000000008;Texto extraído diretamente do caderno oficial.
125;CN;98106;E;13;0;;2.46518;1.46748;0.06515;AZUL;1085;;0;2022;0.2021700000000008;Texto extraído diretamente do caderno oficial.
80;CH;141012;B;15;0;;2.66229;1.4555;0.15398;AZUL;1135;;0;2022;0.1881799999999998;Texto extraído diretamente do caderno oficial.
80;CH;141012;B;15;0;;2.66229;1.4555;0.15398;AZUL;1095;;0;2022;0.1881799999999998;Texto extraído diretamente do caderno oficial.
42;LC;90238;D;17;0;;1.32058;0.69547;0.07827;AZUL;1179;;0;2022;0.1634000000000002;Texto extraído diretamente do caderno oficial.
42;LC;90238;D;17;0;;1.32058;0.69547;0.07827;AZUL;1065;;0;2022;0.1634000000000002;Texto extraído diretamente do caderno oficial.
170;MT;68123;B;26;0;;2.18973;1.32978;0.04601;AZUL;1183;;0;2022;0.16007;Texto extraído diretamente do caderno oficial.
170;MT;68123;B;26;0;;2.18973;1.32978;0.04601;AZUL;1075;;0;2022;0.16007;Texto extraído diretamente do caderno oficial.
56;CH;84889;C;24;0;;2.2274;1.13094;0.18159;AZUL;1095;;0;2022;0.1540299999999992;Texto extraído diretamente do caderno oficial.
56;CH;84889;C;24;0;;2.2274;1.13094;0.18159;AZUL;1135;;0;2022;0.1540299999999992;Texto extraído diretamente do caderno oficial.
104;CN;97727;E;18;0;;2.35097;1.00991;0.30639;AZUL;1187;;0;2022;0.1402599999999993;Texto extraído diretamente do caderno oficial.
104;CN;97727;E;18;0;;2.35097;1.00991;0.30639;AZUL;1085;;0;2022;0.1402599999999993;Texto extraído diretamente do caderno oficial.
177;MT;117849;A;16;0;;1.33176;0.60724;0.14341;AZUL;1155;;0;2022;0.12475;Texto extraído diretamente do caderno oficial.
177;MT;117849;A;16;0;;1.33176;0.60724;0.14341;AZUL;1115;;0;2022;0.12475;Texto extraído diretamente do caderno oficial.
43;LC;78112;E;17;0;;0.76335;0.46065;0.00865;AZUL;1179;;0;2022;0.1014999999999999;Texto extraído diretamente do caderno oficial.
43;LC;78112;E;17;0;;0.76335;0.46065;0.00865;AZUL;1065;;0;2022;0.1014999999999999;Texto extraído diretamente do caderno oficial.
33;LC;86703;A;1;0;;2.08922;0.96392;0.23742;AZUL;1179;;0;2022;0.09958;Texto extraído diretamente do caderno oficial.
33;LC;86703;A;1;0;;2.08922;0.96392;0.23742;AZUL;1065;;0;2022;0.09958;Texto extraído diretamente do caderno oficial.
164;MT;27866;E;5;0;;2.73149;1.48659;0.18111;AZUL;1115;;0;2022;0.0976599999999993;Texto extraído diretamente do caderno oficial.
164;MT;27866;E;5;0;;2.73149;1.48659;0.18111;AZUL;1155;;0;2022;0.0976599999999993;Texto extraído diretamente do caderno oficial.
8;LC;112139;B;17;0;;1.58527;0.7771;0.15149;AZUL;1105;;0;2022;0.0817899999999997;"*010175AZ32*
01
Transcreva a sua Redação para a Folha de Redação.
1
2
3
4
5
6
7
O
8
H
9
10 N O
U
11 Ã
12 C Ç
13 S
A
14 A
D
15 R
E
16
R
17
18 A
19 D
20
21
22
23
24
25
26
27
28
29
30
32 1° dia | Caderno 1 - AZUL - 1ª Aplicação
01"
8;LC;112139;B;17;0;;1.58527;0.7771;0.15149;AZUL;1145;;0;2022;0.0817899999999997;"*010175AZ32*
01
Transcreva a sua Redação para a Folha de Redação.
1
2
3
4
5
6
7
O
8
H
9
10 N O
U
11 Ã
12 C Ç
13 S
A
14 A
D
15 R
E
16
R
17
18 A
19 D
20
21
22
23
24
25
26
27
28
29
30
32 1° dia | Caderno 1 - AZUL - 1ª Aplicação
01"
127;CN;117804;B;22;0;;2.43795;1.28457;0.20665;AZUL;1165;;0;2022;-0.0110600000000002;Texto extraído diretamente do caderno oficial.
127;CN;117804;B;22;0;;2.43795;1.28457;0.20665;AZUL;1125;;0;2022;-0.0110600000000002;Texto extraído diretamente do caderno oficial.
38;LC;120368;B;12;0;;3.46434;2.20555;0.0675;AZUL;1065;;0;2022;-0.0254699999999999;Texto extraído diretamente do caderno oficial.
38;LC;120368;B;12;0;;3.46434;2.20555;0.0675;AZUL;1179;;0;2022;-0.0254699999999999;Texto extraído diretamente do caderno oficial.
167;MT;32092;A;27;0;;2.48267;1.47143;0.11603;AZUL;1115;;0;2022;-0.0290999999999999;Texto extraído diretamente do caderno oficial.
167;MT;32092;A;27;0;;2.48267;1.47143;0.11603;AZUL;1155;;0;2022;-0.0290999999999999;Texto extraído diretamente do caderno oficial.
131;CN;97899;C;20;0;;1.79737;0.84348;0.23306;AZUL;1165;;0;2022;-0.1010000000000002;Texto extraído diretamente do caderno oficial.
131;CN;97899;C;20;0;;1.79737;0.84348;0.23306;AZUL;1125;;0;2022;-0.1010000000000002;Texto extraído diretamente do caderno oficial.
22;LC;39101;E;22;0;;2.07003;1.19098;0.13567;AZUL;1179;;0;2022;-0.1112299999999999;"*010175AZ32*
01
Transcreva a sua Redação para a Folha de Redação.
1
2
3
4
5
6
7
O
8
H
9
10 N O
U
11 Ã
12 C Ç
13 S
A
14 A
D
15 R
E
16
R
17
18 A
19 D
20
21
22
23
24
25
26
27
28
29
30
32 1° dia | Caderno 1 - AZUL - 1ª Aplicação
01"
22;LC;39101;E;22;0;;2.07003;1.19098;0.13567;AZUL;1065;;0;2022;-0.1112299999999999;"*010175AZ32*
01
Transcreva a sua Redação para a Folha de Redação.
1
2
3
4
5
6
7
O
8
H
9
10 N O
U
11 Ã
12 C Ç
13 S
A
14 A
D
15 R
E
16
R
17
18 A
19 D
20
21
22
23
24
25
26
27
28
29
30
32 1° dia | Caderno 1 - AZUL - 1ª Aplicação
01"
167;MT;68369;A;4;0;;2.57245;1.58603;0.10176;AZUL;1075;;0;2022;-0.1219900000000003;Texto extraído diretamente do caderno oficial.
167;MT;68369;A;4;0;;2.57245;1.58603;0.10176;AZUL;1183;;0;2022;-0.1219900000000003;Texto extraído diretamente do caderno oficial.
36;LC;111961;C;2;0;;1.6838;0.70642;0.29621;AZUL;1179;;0;2022;-0.2327099999999999;Texto extraído diretamente do caderno oficial.
36;LC;111961;C;2;0;;1.6838;0.70642;0.29621;AZUL;1065;;0;2022;-0.2327099999999999;Texto extraído diretamente do caderno oficial.
177;MT;95676;A;26;0;;1.32325;0.64802;0.18728;AZUL;1183;;0;2022;-0.23396;Texto extraído diretamente do caderno oficial.
177;MT;95676;A;26;0;;1.32325;0.64802;0.18728;AZUL;1075;;0;2022;-0.23396;Texto extraído diretamente do caderno oficial.
1;LC;15096;C;6;0;;1.7371;0.79216;0.26802;AZUL;1105;1.0;0;2022;-0.2423799999999996;"*010175AZ32*
01
Transcreva a sua Redação para a Folha de Redação.
1
2
3
4
5
6
7
O
8
H
9
10 N O
U
11 Ã
12 C Ç
13 S
A
14 A
D
15 R
E
16
R
17
18 A
19 D
20
21
22
23
24
25
26
27
28
29
30
32 1° dia | Caderno 1 - AZUL - 1ª Aplicação
01"
1;LC;15096;C;6;0;;1.7371;0.79216;0.26802;AZUL;1145;1.0;0;2022;-0.2423799999999996;"*010175AZ32*
01
Transcreva a sua Redação para a Folha de Redação.
1
2
3
4
5
6
7
O
8
H
9
10 N O
U
11 Ã
12 C Ç
13 S
A
14 A
D
15 R
E
16
R
17
18 A
19 D
20
21
22
23
24
25
26
27
28
29
30
32 1° dia | Caderno 1 - AZUL - 1ª Aplicação
01"
171;MT;96315;A;29;0;;1.69166;0.87454;0.20606;AZUL;1075;;0;2022;-0.2705999999999999;Texto extraído diretamente do caderno oficial.
171;MT;96315;A;29;0;;1.69166;0.87454;0.20606;AZUL;1183;;0;2022;-0.2705999999999999;Texto extraído diretamente do caderno oficial.
59;CH;141141;C;11;0;;1.21209;0.55311;0.20862;AZUL;1095;;0;2022;-0.2782500000000001;Texto extraído diretamente do caderno oficial.
59;CH;141141;C;11;0;;1.21209;0.55311;0.20862;AZUL;1135;;0;2022;-0.2782500000000001;Texto extraído diretamente do caderno oficial.
80;CH;95823;C;3;0;;1.30094;0.82448;0.0937;AZUL;1175;;0;2022;-0.3400600000000001;Texto extraído diretamente do caderno oficial.
80;CH;95823;C;3;0;;1.30094;0.82448;0.0937;AZUL;1055;;0;2022;-0.3400600000000001;Texto extraído diretamente do caderno oficial.
170;MT;39594;E;27;0;;1.75433;0.82069;0.2843;AZUL;1115;;0;2022;-0.3749100000000003;Texto extraído diretamente do caderno oficial.
170;MT;39594;E;27;0;;1.75433;0.82069;0.2843;AZUL;1155;;0;2022;-0.3749100000000003;Texto extraído diretamente do caderno oficial.
141;MT;85400;D;12;0;;3.49043;1.96538;0.29314;AZUL;1155;;0;2022;-0.3809800000000001;Texto extraído diretamente do caderno oficial.
141;MT;85400;D;12;0;;3.49043;1.96538;0.29314;AZUL;1115;;0;2022;-0.3809800000000001;Texto extraído diretamente do caderno oficial.
27;LC;120141;A;27;0;;1.57678;0.84401;0.20178;AZUL;1105;;0;2022;-0.38737;"*010175AZ32*
01
Transcreva a sua Redação para a Folha de Redação.
1
2
3
4
5
6
7
O
8
H
9
10 N O
U
11 Ã
12 C Ç
13 S
A
14 A
D
15 R
E
16
R
17
18 A
19 D
20
21
22
23
24
25
26
27
28
29
30
32 1° dia | Caderno 1 - AZUL - 1ª Aplicação
01"
27;LC;120141;A;27;0;;1.57678;0.84401;0.20178;AZUL;1145;;0;2022;-0.38737;"*010175AZ32*
01
Transcreva a sua Redação para a Folha de Redação.
1
2
3
4
5
6
7
O
8
H
9
10 N O
U
11 Ã
12 C Ç
13 S
A
14 A
D
15 R
E
16
R
17
18 A
19 D
20
21
22
23
24
25
26
27
28
29
30
32 1° dia | Caderno 1 - AZUL - 1ª Aplicação
01"
53;CH;140568;A;21;0;;1.48568;0.87454;0.17248;AZUL;1175;;0;2022;-0.51466;Texto extraído diretamente do caderno oficial.
53;CH;140568;A;21;0;;1.48568;0.87454;0.17248;AZUL;1055;;0;2022;-0.51466;Texto extraído diretamente do caderno oficial.
44;LC;81994;C;12;0;;0.91022;0.76591;0.01172;AZUL;1065;;0;2022;-0.53589;Texto extraído diretamente do caderno oficial.
44;LC;81994;C;12;0;;0.91022;0.76591;0.01172;AZUL;1179;;0;2022;-0.53589;Texto extraído diretamente do caderno oficial.
122;CN;141726;A;11;0;;1.68577;1.10708;0.12014;AZUL;1187;;0;2022;-0.5504000000000004;Texto extraído diretamente do caderno oficial.
122;CN;141726;A;11;0;;1.68577;1.10708;0.12014;AZUL;1085;;0;2022;-0.5504000000000004;Texto extraído diretamente do caderno oficial.
39;LC;120373;E;3;0;;1.28553;0.67417;0.22168;AZUL;1105;;0;2022;-0.55985;Texto extraído diretamente do caderno oficial.
39;LC;120373;E;3;0;;1.28553;0.67417;0.22168;AZUL;1145;;0;2022;-0.55985;Texto extraído diretamente do caderno oficial.
74;CH;111858;B;21;0;;1.47839;0.98914;0.11347;AZUL;1135;;0;2022;-0.57799;Texto extraído diretamente do caderno oficial.
74;CH;111858;B;21;0;;1.47839;0.98914;0.11347;AZUL;1095;;0;2022;-0.57799;Texto extraído diretamente do caderno oficial.
164;MT;117877;B;12;0;;2.65709;1.6446;0.20086;AZUL;1183;;0;2022;-0.6239199999999994;Texto extraído diretamente do caderno oficial.
164;MT;117877;B;12;0;;2.65709;1.6446;0.20086;AZUL;1075;;0;2022;-0.6239199999999994;Texto extraído diretamente do caderno oficial.
115;CN;141545;B;12;0;;2.33494;1.44802;0.20932;AZUL;1085;;0;2022;-0.7207800000000006;Texto extraído diretamente do caderno oficial.
115;CN;141545;B;12;0;;2.33494;1.44802;0.20932;AZUL;1187;;0;2022;-0.7207800000000006;Texto extraído diretamente do caderno oficial.
168;MT;10322;C;6;0;;1.53551;0.94716;0.1917;AZUL;1183;;0;2022;-0.7289599999999999;Texto extraído diretamente do caderno oficial.
168;MT;10322;C;6;0;;1.53551;0.94716;0.1917;AZUL;1075;;0;2022;-0.7289599999999999;Texto extraído diretamente do caderno oficial.
160;MT;89124;A;25;0;;1.75873;1.21541;0.12097;AZUL;1115;;0;2022;-0.7336200000000003;Texto extraído diretamente do caderno oficial.
160;MT;89124;A;25;0;;1.75873;1.21541;0.12097;AZUL;1155;;0;2022;-0.7336200000000003;Texto extraído diretamente do caderno oficial.
120;CN;117762;C;27;0;;2.47198;1.66246;0.13963;AZUL;1165;;0;2022;-0.7415700000000003;Texto extraído diretamente do caderno oficial.
120;CN;117762;C;27;0;;2.47198;1.66246;0.13963;AZUL;1125;;0;2022;-0.7415700000000003;Texto extraído diretamente do caderno oficial.
124;CN;95507;B;3;0;;1.61069;0.9877;0.20411;AZUL;1125;;0;2022;-0.76227;Texto extraído diretamente do caderno oficial.
124;CN;95507;B;3;0;;1.61069;0.9877;0.20411;AZUL;1165;;0;2022;-0.76227;Texto extraído diretamente do caderno oficial.
116;CN;86983;A;14;0;;2.88311;2.03256;0.09109;AZUL;1125;;0;2022;-0.7869100000000008;Texto extraído diretamente do caderno oficial.
116;CN;86983;A;14;0;;2.88311;2.03256;0.09109;AZUL;1165;;0;2022;-0.7869100000000008;Texto extraído diretamente do caderno oficial.
108;CN;44969;B;25;0;;3.07166;1.89127;0.25272;AZUL;1187;;0;2022;-0.7940899999999995;Texto extraído diretamente do caderno oficial.
108;CN;44969;B;25;0;;3.07166;1.89127;0.25272;AZUL;1085;;0;2022;-0.7940899999999995;Texto extraído diretamente do caderno oficial.
78;CH;88321;D;27;0;;1.72576;1.21177;0.12231;AZUL;1135;;0;2022;-0.7953400000000002;Texto extraído diretamente do caderno oficial.
78;CH;88321;D;27;0;;1.72576;1.21177;0.12231;AZUL;1095;;0;2022;-0.7953400000000002;Texto extraído diretamente do caderno oficial.
57;CH;141355;A;23;0;;2.81233;1.85756;0.17604;AZUL;1175;;0;2022;-0.8282199999999996;Texto extraído diretamente do caderno oficial.
57;CH;141355;A;23;0;;2.81233;1.85756;0.17604;AZUL;1055;;0;2022;-0.8282199999999996;Texto extraído diretamente do caderno oficial.
39;LC;54528;E;13;0;;2.90825;2.05309;0.10359;AZUL;1179;;0;2022;-0.8607200000000007;Texto extraído diretamente do caderno oficial.
39;LC;54528;E;13;0;;2.90825;2.05309;0.10359;AZUL;1065;;0;2022;-0.8607200000000007;Texto extraído diretamente do caderno oficial.
128;CN;97758;C;17;0;;1.91487;1.0638;0.30701;AZUL;1165;;0;2022;-0.8967100000000001;Texto extraído diretamente do caderno oficial.
128;CN;97758;C;17;0;;1.91487;1.0638;0.30701;AZUL;1125;;0;2022;-0.8967100000000001;Texto extraído diretamente do caderno oficial.
96;CN;81969;A;21;0;;2.00512;1.35453;0.16882;AZUL;1187;;0;2022;-0.89745;Texto extraído diretamente do caderno oficial.
96;CN;81969;A;21;0;;2.00512;1.35453;0.16882;AZUL;1085;;0;2022;-0.89745;Texto extraído diretamente do caderno oficial.
82;CH;140643;B;6;0;;2.21197;1.4236;0.21778;AZUL;1175;;0;2022;-0.9357599999999996;Texto extraído diretamente do caderno oficial.
82;CH;140643;B;6;0;;2.21197;1.4236;0.21778;AZUL;1055;;0;2022;-0.9357599999999996;Texto extraído diretamente do caderno oficial.
18;LC;67229;A;18;0;;2.64295;1.76932;0.18786;AZUL;1065;;0;2022;-0.9613599999999998;Texto extraído diretamente do caderno oficial.
18;LC;67229;A;18;0;;2.64295;1.76932;0.18786;AZUL;1179;;0;2022;-0.9613599999999998;Texto extraído diretamente do caderno oficial.
154;MT;43182;C;3;0;;2.19381;1.56693;0.1302;AZUL;1183;;0;2022;-0.9641699999999996;Texto extraído diretamente do caderno oficial.
154;MT;43182;C;3;0;;2.19381;1.56693;0.1302;AZUL;1075;;0;2022;-0.9641699999999996;Texto extraído diretamente do caderno oficial.
147;MT;15268;C;10;0;;2.06279;1.35535;0.21845;AZUL;1155;;0;2022;-1.0327200000000003;Texto extraído diretamente do caderno oficial.
147;MT;15268;C;10;0;;2.06279;1.35535;0.21845;AZUL;1115;;0;2022;-1.0327200000000003;Texto extraído diretamente do caderno oficial.
92;CN;18228;D;30;0;;1.95358;1.46498;0.11246;AZUL;1187;;0;2022;-1.05008;Texto extraído diretamente do caderno oficial.
92;CN;18228;D;30;0;;1.95358;1.46498;0.11246;AZUL;1085;;0;2022;-1.05008;Texto extraído diretamente do caderno oficial.
32;LC;44570;A;3;0;;1.04632;0.65812;0.23788;AZUL;1179;;0;2022;-1.0711200000000003;Texto extraído diretamente do caderno oficial.
32;LC;44570;A;3;0;;1.04632;0.65812;0.23788;AZUL;1065;;0;2022;-1.0711200000000003;Texto extraído diretamente do caderno oficial.
165;MT;67147;D;1;0;;1.45002;0.98124;0.20846;AZUL;1115;;0;2022;-1.0859799999999995;Texto extraído diretamente do caderno oficial.
165;MT;67147;D;1;0;;1.45002;0.98124;0.20846;AZUL;1155;;0;2022;-1.0859799999999995;Texto extraído diretamente do caderno oficial.
111;CN;43073;A;17;0;;1.48588;0.96735;0.24215;AZUL;1187;;0;2022;-1.1410399999999998;Texto extraído diretamente do caderno oficial.
111;CN;43073;A;17;0;;1.48588;0.96735;0.24215;AZUL;1085;;0;2022;-1.1410399999999998;Texto extraído diretamente do caderno oficial.
135;CN;82765;E;1;0;;0.98394;1.03388;0.00428;AZUL;1085;;0;2022;-1.1551599999999995;Texto extraído diretamente do caderno oficial.
135;CN;82765;E;1;0;;0.98394;1.03388;0.00428;AZUL;1187;;0;2022;-1.1551599999999995;Texto extraído diretamente do caderno oficial.
162;MT;111516;C;24;0;;1.82335;1.38103;0.13879;AZUL;1183;;0;2022;-1.19034;Texto extraído diretamente do caderno oficial.
162;MT;111516;C;24;0;;1.82335;1.38103;0.13879;AZUL;1075;;0;2022;-1.19034;Texto extraído diretamente do caderno oficial.
28;LC;120626;B;20;0;;0.82491;0.89707;0.03562;AZUL;1065;;0;2022;-1.2194899999999995;"*010175AZ32*
01
Transcreva a sua Redação para a Folha de Redação.
1
2
3
4
5
6
7
O
8
H
9
10 N O
U
11 Ã
12 C Ç
13 S
A
14 A
D
15 R
E
16
R
17
18 A
19 D
20
21
22
23
24
25
26
27
28
29
30
32 1° dia | Caderno 1 - AZUL - 1ª Aplicação
01"
28;LC;120626;B;20;0;;0.82491;0.89707;0.03562;AZUL;1179;;0;2022;-1.2194899999999995;"*010175AZ32*
01
Transcreva a sua Redação para a Folha de Redação.
1
2
3
4
5
6
7
O
8
H
9
10 N O
U
11 Ã
12 C Ç
13 S
A
14 A
D
15 R
E
16
R
17
18 A
19 D
20
21
22
23
24
25
26
27
28
29
30
32 1° dia | Caderno 1 - AZUL - 1ª Aplicação
01"
7;LC;111929;A;22;0;;2.15283;1.51639;0.20049;AZUL;1065;;0;2022;-1.2459600000000006;"*010175AZ32*
01
Transcreva a sua Redação para a Folha de Redação.
1
2
3
4
5
6
7
O
8
H
9
10 N O
U
11 Ã
12 C Ç
13 S
A
14 A
D
15 R
E
16
R
17
18 A
19 D
20
21
22
23
24
25
26
27
28
29
30
32 1° dia | Caderno 1 - AZUL - 1ª Aplicação
01"
7;LC;111929;A;22;0;;2.15283;1.51639;0.20049;AZUL;1179;;0;2022;-1.2459600000000006;"*010175AZ32*
01
Transcreva a sua Redação para a Folha de Redação.
1
2
3
4
5
6
7
O
8
H
9
10 N O
U
11 Ã
12 C Ç
13 S
A
14 A
D
15 R
E
16
R
17
18 A
19 D
20
21
22
23
24
25
26
27
28
29
30
32 1° dia | Caderno 1 - AZUL - 1ª Aplicação
01"
122;CN;85780;C;7;0;;2.05726;1.50523;0.16938;AZUL;1125;;0;2022;-1.2480700000000005;Texto extraído diretamente do caderno oficial.
122;CN;85780;C;7;0;;2.05726;1.50523;0.16938;AZUL;1165;;0;2022;-1.2480700000000005;Texto extraído diretamente do caderno oficial.
62;CH;140585;C;9;0;;2.18434;1.60479;0.16086;AZUL;1055;;0;2022;-1.24999;Texto extraído diretamente do caderno oficial.
62;CH;140585;C;9;0;;2.18434;1.60479;0.16086;AZUL;1175;;0;2022;-1.24999;Texto extraído diretamente do caderno oficial.
75;CH;140721;E;5;0;;0.81842;0.92559;0.02544;AZUL;1175;;0;2022;-1.26713;Texto extraído diretamente do caderno oficial.
75;CH;140721;E;5;0;;0.81842;0.92559;0.02544;AZUL;1055;;0;2022;-1.26713;Texto extraído diretamente do caderno oficial.
97;CN;141597;B;26;0;;2.13571;1.60964;0.14865;AZUL;1085;;0;2022;-1.30075;Texto extraído diretamente do caderno oficial.
97;CN;141597;B;26;0;;2.13571;1.60964;0.14865;AZUL;1187;;0;2022;-1.30075;Texto extraído diretamente do caderno oficial.
44;LC;140910;E;30;0;;2.29443;1.77465;0.11517;AZUL;1105;;0;2022;-1.3109399999999996;Texto extraído diretamente do caderno oficial.
44;LC;140910;E;30;0;;2.29443;1.77465;0.11517;AZUL;1145;;0;2022;-1.3109399999999996;Texto extraído diretamente do caderno oficial.
106;CN;82938;B;2;0;;2.0547;1.54234;0.16565;AZUL;1125;;0;2022;-1.34587;Texto extraído diretamente do caderno oficial.
106;CN;82938;B;2;0;;2.0547;1.54234;0.16565;AZUL;1165;;0;2022;-1.34587;Texto extraído diretamente do caderno oficial.
144;MT;29728;B;25;0;;1.86299;1.36218;0.19716;AZUL;1155;;0;2022;-1.3463599999999996;Texto extraído diretamente do caderno oficial.
144;MT;29728;B;25;0;;1.86299;1.36218;0.19716;AZUL;1115;;0;2022;-1.3463599999999996;Texto extraído diretamente do caderno oficial.
103;CN;17304;D;16;0;;2.11952;1.60028;0.16151;AZUL;1125;;0;2022;-1.3693499999999998;Texto extraído diretamente do caderno oficial.
103;CN;17304;D;16;0;;2.11952;1.60028;0.16151;AZUL;1165;;0;2022;-1.3693499999999998;Texto extraído diretamente do caderno oficial.
90;CH;111984;A;3;0;;1.90716;1.36087;0.22521;AZUL;1055;;0;2022;-1.39434;Texto extraído diretamente do caderno oficial.
90;CH;111984;A;3;0;;1.90716;1.36087;0.22521;AZUL;1175;;0;2022;-1.39434;Texto extraído diretamente do caderno oficial.
69;CH;82962;A;15;0;;1.7267;1.34237;0.16873;AZUL;1055;;0;2022;-1.4173600000000006;Texto extraído diretamente do caderno oficial.
69;CH;82962;A;15;0;;1.7267;1.34237;0.16873;AZUL;1175;;0;2022;-1.4173600000000006;Texto extraído diretamente do caderno oficial.
12;LC;96728;A;17;0;;0.88171;0.71092;0.22326;AZUL;1145;;0;2022;-1.48564;Texto extraído diretamente do caderno oficial.
12;LC;96728;A;17;0;;0.88171;0.71092;0.22326;AZUL;1105;;0;2022;-1.48564;Texto extraído diretamente do caderno oficial.
123;CN;87998;E;3;0;;2.14355;1.77912;0.08867;AZUL;1085;;0;2022;-1.4936100000000008;Texto extraído diretamente do caderno oficial.
123;CN;87998;E;3;0;;2.14355;1.77912;0.08867;AZUL;1187;;0;2022;-1.4936100000000008;Texto extraído diretamente do caderno oficial.
89;CH;97875;E;11;0;;0.80836;0.73522;0.18442;AZUL;1135;;0;2022;-1.51104;Texto extraído diretamente do caderno oficial.
89;CH;97875;E;11;0;;0.80836;0.73522;0.18442;AZUL;1095;;0;2022;-1.51104;Texto extraído diretamente do caderno oficial.
76;CH;140441;D;29;0;;1.76207;1.31972;0.21908;AZUL;1175;;0;2022;-1.5304199999999997;Texto extraído diretamente do caderno oficial.
76;CH;140441;D;29;0;;1.76207;1.31972;0.21908;AZUL;1055;;0;2022;-1.5304199999999997;Texto extraído diretamente do caderno oficial.
180;MT;117911;E;14;0;;2.84853;2.34093;0.04518;AZUL;1115;;0;2022;-1.551630000000001;Texto extraído diretamente do caderno oficial.
180;MT;117911;E;14;0;;2.84853;2.34093;0.04518;AZUL;1155;;0;2022;-1.551630000000001;Texto extraído diretamente do caderno oficial.
173;MT;82608;C;21;0;;1.95173;1.46978;0.21516;AZUL;1115;;0;2022;-1.5816800000000002;Texto extraído diretamente do caderno oficial.
173;MT;82608;C;21;0;;1.95173;1.46978;0.21516;AZUL;1155;;0;2022;-1.5816800000000002;Texto extraído diretamente do caderno oficial.
43;LC;43500;E;28;0;;1.44529;1.31101;0.11879;AZUL;1145;;0;2022;-1.6364;Texto extraído diretamente do caderno oficial.
43;LC;43500;E;28;0;;1.44529;1.31101;0.11879;AZUL;1105;;0;2022;-1.6364;Texto extraído diretamente do caderno oficial.
99;CN;41054;A;28;0;;1.2012;0.97602;0.22536;AZUL;1187;;0;2022;-1.6524599999999998;Texto extraído diretamente do caderno oficial.
99;CN;41054;A;28;0;;1.2012;0.97602;0.22536;AZUL;1085;;0;2022;-1.6524599999999998;Texto extraído diretamente do caderno oficial.
157;MT;111626;C;9;0;;1.90901;1.24106;0.34996;AZUL;1155;;0;2022;-1.65496;Texto extraído diretamente do caderno oficial.
157;MT;111626;C;9;0;;1.90901;1.24106;0.34996;AZUL;1115;;0;2022;-1.65496;Texto extraído diretamente do caderno oficial.
133;CN;31313;D;2;0;;1.71131;1.42364;0.1615;AZUL;1085;;0;2022;-1.6558000000000002;Texto extraído diretamente do caderno oficial.
133;CN;31313;D;2;0;;1.71131;1.42364;0.1615;AZUL;1187;;0;2022;-1.6558000000000002;Texto extraído diretamente do caderno oficial.
174;MT;96344;B;29;0;;0.9071;0.82822;0.19843;AZUL;1155;;0;2022;-1.66261;Texto extraído diretamente do caderno oficial.
174;MT;96344;B;29;0;;0.9071;0.82822;0.19843;AZUL;1115;;0;2022;-1.66261;Texto extraído diretamente do caderno oficial.
50;CH;140682;E;27;0;;1.88815;1.59325;0.13196;AZUL;1175;;0;2022;-1.66325;Texto extraído diretamente do caderno oficial.
50;CH;140682;E;27;0;;1.88815;1.59325;0.13196;AZUL;1055;;0;2022;-1.66325;Texto extraído diretamente do caderno oficial.
169;MT;39785;D;15;0;;2.09963;1.48148;0.28489;AZUL;1115;;0;2022;-1.6696300000000002;Texto extraído diretamente do caderno oficial.
169;MT;39785;D;15;0;;2.09963;1.48148;0.28489;AZUL;1155;;0;2022;-1.6696300000000002;Texto extraído diretamente do caderno oficial.
99;CN;85778;B;1;0;;1.09013;0.92247;0.21878;AZUL;1165;;0;2022;-1.68105;Texto extraído diretamente do caderno oficial.
99;CN;85778;B;1;0;;1.09013;0.92247;0.21878;AZUL;1125;;0;2022;-1.68105;Texto extraído diretamente do caderno oficial.
84;CH;96531;A;3;0;;1.93047;1.3278;0.31414;AZUL;1135;;0;2022;-1.6931600000000009;Texto extraído diretamente do caderno oficial.
84;CH;96531;A;3;0;;1.93047;1.3278;0.31414;AZUL;1095;;0;2022;-1.6931600000000009;Texto extraído diretamente do caderno oficial.
57;CH;111782;B;11;0;;2.26375;1.88337;0.11935;AZUL;1135;;0;2022;-1.71936;Texto extraído diretamente do caderno oficial.
57;CH;111782;B;11;0;;2.26375;1.88337;0.11935;AZUL;1095;;0;2022;-1.71936;Texto extraído diretamente do caderno oficial.
163;MT;32369;D;30;0;;3.12341;2.40384;0.16659;AZUL;1183;;0;2022;-1.7976500000000004;Texto extraído diretamente do caderno oficial.
163;MT;32369;D;30;0;;3.12341;2.40384;0.16659;AZUL;1075;;0;2022;-1.7976500000000004;Texto extraído diretamente do caderno oficial.
146;MT;31366;D;3;0;;2.21676;1.74238;0.20214;AZUL;1115;;0;2022;-1.8043200000000008;Texto extraído diretamente do caderno oficial.
146;MT;31366;D;3;0;;2.21676;1.74238;0.20214;AZUL;1155;;0;2022;-1.8043200000000008;Texto extraído diretamente do caderno oficial.
161;MT;28683;A;11;0;;3.13149;2.33341;0.21903;AZUL;1183;;0;2022;-1.8324000000000005;Texto extraído diretamente do caderno oficial.
161;MT;28683;A;11;0;;3.13149;2.33341;0.21903;AZUL;1075;;0;2022;-1.8324000000000005;Texto extraído diretamente do caderno oficial.
51;CH;141071;E;30;0;;1.9274;1.50522;0.24292;AZUL;1135;;0;2022;-1.8754600000000003;Texto extraído diretamente do caderno oficial.
51;CH;141071;E;30;0;;1.9274;1.50522;0.24292;AZUL;1095;;0;2022;-1.8754600000000003;Texto extraído diretamente do caderno oficial.
101;CN;31381;C;26;0;;1.75013;1.52509;0.16155;AZUL;1187;;0;2022;-1.88276;Texto extraído diretamente do caderno oficial.
101;CN;31381;C;26;0;;1.75013;1.52509;0.16155;AZUL;1085;;0;2022;-1.88276;Texto extraído diretamente do caderno oficial.
30;LC;140927;A;28;0;;1.22967;1.07562;0.23073;AZUL;1145;;0;2022;-1.92117;"*010175AZ32*
01
Transcreva a sua Redação para a Folha de Redação.
1
2
3
4
5
6
7
O
8
H
9
10 N O
U
11 Ã
12 C Ç
13 S
A
14 A
D
15 R
E
16
R
17
18 A
19 D
20
21
22
23
24
25
26
27
28
29
30
32 1° dia | Caderno 1 - AZUL - 1ª Aplicação
01"
30;LC;140927;A;28;0;;1.22967;1.07562;0.23073;AZUL;1105;;0;2022;-1.92117;"*010175AZ32*
01
Transcreva a sua Redação para a Folha de Redação.
1
2
3
4
5
6
7
O
8
H
9
10 N O
U
11 Ã
12 C Ç
13 S
A
14 A
D
15 R
E
16
R
17
18 A
19 D
20
21
22
23
24
25
26
27
28
29
30
32 1° dia | Caderno 1 - AZUL - 1ª Aplicação
01"
162;MT;49343;C;12;0;;1.24019;1.03263;0.26809;AZUL;1155;;0;2022;-1.95796;Texto extraído diretamente do caderno oficial.
162;MT;49343;C;12;0;;1.24019;1.03263;0.26809;AZUL;1115;;0;2022;-1.95796;Texto extraído diretamente do caderno oficial.
105;CN;28034;A;18;0;;1.51222;1.41874;0.14908;AZUL;1085;;0;2022;-1.97718;Texto extraído diretamente do caderno oficial.
105;CN;28034;A;18;0;;1.51222;1.41874;0.14908;AZUL;1187;;0;2022;-1.97718;Texto extraído diretamente do caderno oficial.
117;CN;83581;E;29;0;;1.84534;1.56818;0.19587;AZUL;1125;;0;2022;-1.99321;Texto extraído diretamente do caderno oficial.
117;CN;83581;E;29;0;;1.84534;1.56818;0.19587;AZUL;1165;;0;2022;-1.99321;Texto extraído diretamente do caderno oficial.
129;CN;28632;C;9;0;;1.99451;1.78678;0.12762;AZUL;1187;;0;2022;-2.00942;Texto extraído diretamente do caderno oficial.
129;CN;28632;C;9;0;;1.99451;1.78678;0.12762;AZUL;1085;;0;2022;-2.00942;Texto extraído diretamente do caderno oficial.
107;CN;63073;A;22;0;;1.80612;1.728;0.08782;AZUL;1165;;0;2022;-2.01086;Texto extraído diretamente do caderno oficial.
107;CN;63073;A;22;0;;1.80612;1.728;0.08782;AZUL;1125;;0;2022;-2.01086;Texto extraído diretamente do caderno oficial.
62;CH;118014;A;9;0;;1.5237;1.32003;0.22572;AZUL;1095;;0;2022;-2.04129;Texto extraído diretamente do caderno oficial.
62;CH;118014;A;9;0;;1.5237;1.32003;0.22572;AZUL;1135;;0;2022;-2.04129;Texto extraído diretamente do caderno oficial.
64;CH;96676;D;22;0;;1.62818;1.50116;0.16516;AZUL;1135;;0;2022;-2.07292;Texto extraído diretamente do caderno oficial.
64;CH;96676;D;22;0;;1.62818;1.50116;0.16516;AZUL;1095;;0;2022;-2.07292;Texto extraído diretamente do caderno oficial.
61;CH;140422;D;27;0;;2.10338;1.83766;0.16224;AZUL;1095;;0;2022;-2.1174200000000005;Texto extraído diretamente do caderno oficial.
61;CH;140422;D;27;0;;2.10338;1.83766;0.16224;AZUL;1135;;0;2022;-2.1174200000000005;Texto extraído diretamente do caderno oficial.
74;CH;118110;C;6;0;;2.22329;1.79851;0.25237;AZUL;1175;;0;2022;-2.2108;Texto extraído diretamente do caderno oficial.
74;CH;118110;C;6;0;;2.22329;1.79851;0.25237;AZUL;1055;;0;2022;-2.2108;Texto extraído diretamente do caderno oficial.
152;MT;85460;A;26;0;;1.91919;1.73435;0.17145;AZUL;1155;;0;2022;-2.2219200000000003;Texto extraído diretamente do caderno oficial.
152;MT;85460;A;26;0;;1.91919;1.73435;0.17145;AZUL;1115;;0;2022;-2.2219200000000003;Texto extraído diretamente do caderno oficial.
161;MT;63318;D;1;0;;1.62143;1.56727;0.15547;AZUL;1115;;0;2022;-2.2363;Texto extraído diretamente do caderno oficial.
161;MT;63318;D;1;0;;1.62143;1.56727;0.15547;AZUL;1155;;0;2022;-2.2363;Texto extraído diretamente do caderno oficial.
138;MT;111455;C;27;0;;1.40876;1.40259;0.16936;AZUL;1155;;0;2022;-2.23705;Texto extraído diretamente do caderno oficial.
138;MT;111455;C;27;0;;1.40876;1.40259;0.16936;AZUL;1115;;0;2022;-2.23705;Texto extraído diretamente do caderno oficial.
168;MT;29906;C;8;0;;2.27407;1.97371;0.1809;AZUL;1115;;0;2022;-2.27749;Texto extraído diretamente do caderno oficial.
168;MT;29906;C;8;0;;2.27407;1.97371;0.1809;AZUL;1155;;0;2022;-2.27749;Texto extraído diretamente do caderno oficial.
124;CN;141547;B;10;0;;1.90673;1.4644;0.34041;AZUL;1187;;0;2022;-2.28179;Texto extraído diretamente do caderno oficial.
124;CN;141547;B;10;0;;1.90673;1.4644;0.34041;AZUL;1085;;0;2022;-2.28179;Texto extraído diretamente do caderno oficial.
24;LC;15110;C;13;0;;2.27301;1.94727;0.20869;AZUL;1145;;0;2022;-2.33924;"*010175AZ32*
01
Transcreva a sua Redação para a Folha de Redação.
1
2
3
4
5
6
7
O
8
H
9
10 N O
U
11 Ã
12 C Ç
13 S
A
14 A
D
15 R
E
16
R
17
18 A
19 D
20
21
22
23
24
25
26
27
28
29
30
32 1° dia | Caderno 1 - AZUL - 1ª Aplicação
01"
24;LC;15110;C;13;0;;2.27301;1.94727;0.20869;AZUL;1105;;0;2022;-2.33924;"*010175AZ32*
01
Transcreva a sua Redação para a Folha de Redação.
1
2
3
4
5
6
7
O
8
H
9
10 N O
U
11 Ã
12 C Ç
13 S
A
14 A
D
15 R
E
16
R
17
18 A
19 D
20
21
22
23
24
25
26
27
28
29
30
32 1° dia | Caderno 1 - AZUL - 1ª Aplicação
01"
29;LC;111954;D;15;0;;0.78612;1.19878;0.06459;AZUL;1065;;0;2022;-2.34705;"*010175AZ32*
01
Transcreva a sua Redação para a Folha de Redação.
1
2
3
4
5
6
7
O
8
H
9
10 N O
U
11 Ã
12 C Ç
13 S
A
14 A
D
15 R
E
16
R
17
18 A
19 D
20
21
22
23
24
25
26
27
28
29
30
32 1° dia | Caderno 1 - AZUL - 1ª Aplicação
01"
29;LC;111954;D;15;0;;0.78612;1.19878;0.06459;AZUL;1179;;0;2022;-2.34705;"*010175AZ32*
01
Transcreva a sua Redação para a Folha de Redação.
1
2
3
4
5
6
7
O
8
H
9
10 N O
U
11 Ã
12 C Ç
13 S
A
14 A
D
15 R
E
16
R
17
18 A
19 D
20
21
22
23
24
25
26
27
28
29
30
32 1° dia | Caderno 1 - AZUL - 1ª Aplicação
01"
46;CH;140506;D;26;0;;0.98121;1.34897;0.06218;AZUL;1175;;0;2022;-2.395390000000001;Texto extraído diretamente do caderno oficial.
46;CH;140506;D;26;0;;0.98121;1.34897;0.06218;AZUL;1055;;0;2022;-2.395390000000001;Texto extraído diretamente do caderno oficial.
97;CN;63515;A;18;0;;1.99626;2.00022;0.0793;AZUL;1125;;0;2022;-2.40464;Texto extraído diretamente do caderno oficial.
97;CN;63515;A;18;0;;1.99626;2.00022;0.0793;AZUL;1165;;0;2022;-2.40464;Texto extraído diretamente do caderno oficial.
148;MT;61248;D;15;0;;2.61757;2.2515;0.1851;AZUL;1183;;0;2022;-2.44486;Texto extraído diretamente do caderno oficial.
148;MT;61248;D;15;0;;2.61757;2.2515;0.1851;AZUL;1075;;0;2022;-2.44486;Texto extraído diretamente do caderno oficial.
108;CN;60204;B;24;0;;1.72568;1.5572;0.24579;AZUL;1165;;0;2022;-2.44919;Texto extraído diretamente do caderno oficial.
108;CN;60204;B;24;0;;1.72568;1.5572;0.24579;AZUL;1125;;0;2022;-2.44919;Texto extraído diretamente do caderno oficial.
174;MT;14797;D;8;0;;2.93886;2.57768;0.12028;AZUL;1075;;0;2022;-2.45672;Texto extraído diretamente do caderno oficial.
174;MT;14797;D;8;0;;2.93886;2.57768;0.12028;AZUL;1183;;0;2022;-2.45672;Texto extraído diretamente do caderno oficial.
156;MT;117943;D;20;0;;1.61276;1.67219;0.13355;AZUL;1155;;0;2022;-2.4588;Texto extraído diretamente do caderno oficial.
156;MT;117943;D;20;0;;1.61276;1.67219;0.13355;AZUL;1115;;0;2022;-2.4588;Texto extraído diretamente do caderno oficial.
98;CN;141725;E;29;0;;1.82114;1.93167;0.06674;AZUL;1187;;0;2022;-2.4864299999999995;Texto extraído diretamente do caderno oficial.
98;CN;141725;E;29;0;;1.82114;1.93167;0.06674;AZUL;1085;;0;2022;-2.4864299999999995;Texto extraído diretamente do caderno oficial.
153;MT;86466;C;14;0;;2.96283;2.44795;0.21497;AZUL;1075;;0;2022;-2.49304;Texto extraído diretamente do caderno oficial.
153;MT;86466;C;14;0;;2.96283;2.44795;0.21497;AZUL;1183;;0;2022;-2.49304;Texto extraído diretamente do caderno oficial.
81;CH;84166;C;15;0;;1.69897;1.58407;0.24098;AZUL;1135;;0;2022;-2.55917;Texto extraído diretamente do caderno oficial.
81;CH;84166;C;15;0;;1.69897;1.58407;0.24098;AZUL;1095;;0;2022;-2.55917;Texto extraído diretamente do caderno oficial.
149;MT;111738;B;27;0;;2.64614;2.2135;0.24887;AZUL;1183;;0;2022;-2.59257;Texto extraído diretamente do caderno oficial.
149;MT;111738;B;27;0;;2.64614;2.2135;0.24887;AZUL;1075;;0;2022;-2.59257;Texto extraído diretamente do caderno oficial.
16;LC;141427;E;3;0;;2.40522;2.28139;0.1137;AZUL;1065;;0;2022;-2.6022300000000005;"*010175AZ32*
01
Transcreva a sua Redação para a Folha de Redação.
1
2
3
4
5
6
7
O
8
H
9
10 N O
U
11 Ã
12 C Ç
13 S
A
14 A
D
15 R
E
16
R
17
18 A
19 D
20
21
22
23
24
25
26
27
28
29
30
32 1° dia | Caderno 1 - AZUL - 1ª Aplicação
01"
16;LC;141427;E;3;0;;2.40522;2.28139;0.1137;AZUL;1179;;0;2022;-2.6022300000000005;"*010175AZ32*
01
Transcreva a sua Redação para a Folha de Redação.
1
2
3
4
5
6
7
O
8
H
9
10 N O
U
11 Ã
12 C Ç
13 S
A
14 A
D
15 R
E
16
R
17
18 A
19 D
20
21
22
23
24
25
26
27
28
29
30
32 1° dia | Caderno 1 - AZUL - 1ª Aplicação
01"
93;CN;111668;B;23;0;;1.98964;1.87763;0.19415;AZUL;1187;;0;2022;-2.62436;Texto extraído diretamente do caderno oficial.
93;CN;111668;B;23;0;;1.98964;1.87763;0.19415;AZUL;1085;;0;2022;-2.62436;Texto extraído diretamente do caderno oficial.
119;CN;64099;D;20;0;;2.20036;1.93466;0.24483;AZUL;1125;;0;2022;-2.62741;Texto extraído diretamente do caderno oficial.
119;CN;64099;D;20;0;;2.20036;1.93466;0.24483;AZUL;1165;;0;2022;-2.62741;Texto extraído diretamente do caderno oficial.
21;LC;81903;B;24;0;;1.07924;1.37408;0.15431;AZUL;1145;;0;2022;-2.73531;"*010175AZ32*
01
Transcreva a sua Redação para a Folha de Redação.
1
2
3
4
5
6
7
O
8
H
9
10 N O
U
11 Ã
12 C Ç
13 S
A
14 A
D
15 R
E
16
R
17
18 A
19 D
20
21
22
23
24
25
26
27
28
29
30
32 1° dia | Caderno 1 - AZUL - 1ª Aplicação
01"
21;LC;81903;B;24;0;;1.07924;1.37408;0.15431;AZUL;1105;;0;2022;-2.73531;"*010175AZ32*
01
Transcreva a sua Redação para a Folha de Redação.
1
2
3
4
5
6
7
O
8
H
9
10 N O
U
11 Ã
12 C Ç
13 S
A
14 A
D
15 R
E
16
R
17
18 A
19 D
20
21
22
23
24
25
26
27
28
29
30
32 1° dia | Caderno 1 - AZUL - 1ª Aplicação
01"
5;LC;23049;B;8;0;;1.29853;1.4394;0.20504;AZUL;1105;1.0;0;2022;-2.74634;"*010175AZ32*
01
Transcreva a sua Redação para a Folha de Redação.
1
2
3
4
5
6
7
O
8
H
9
10 N O
U
11 Ã
12 C Ç
13 S
A
14 A
D
15 R
E
16
R
17
18 A
19 D
20
21
22
23
24
25
26
27
28
29
30
32 1° dia | Caderno 1 - AZUL - 1ª Aplicação
01"
5;LC;23049;B;8;0;;1.29853;1.4394;0.20504;AZUL;1145;1.0;0;2022;-2.74634;"*010175AZ32*
01
Transcreva a sua Redação para a Folha de Redação.
1
2
3
4
5
6
7
O
8
H
9
10 N O
U
11 Ã
12 C Ç
13 S
A
14 A
D
15 R
E
16
R
17
18 A
19 D
20
21
22
23
24
25
26
27
28
29
30
32 1° dia | Caderno 1 - AZUL - 1ª Aplicação
01"
117;CN;97761;C;17;0;;0.8924;1.01697;0.29789;AZUL;1187;;0;2022;-2.75556;Texto extraído diretamente do caderno oficial.
117;CN;97761;C;17;0;;0.8924;1.01697;0.29789;AZUL;1085;;0;2022;-2.75556;Texto extraído diretamente do caderno oficial.
153;MT;7271;D;20;0;;1.2767;1.28813;0.28918;AZUL;1115;;0;2022;-2.7568900000000003;Texto extraído diretamente do caderno oficial.
153;MT;7271;D;20;0;;1.2767;1.28813;0.28918;AZUL;1155;;0;2022;-2.7568900000000003;Texto extraído diretamente do caderno oficial.
158;MT;53461;C;23;0;;2.67778;2.3731;0.20523;AZUL;1075;;0;2022;-2.78989;Texto extraído diretamente do caderno oficial.
158;MT;53461;C;23;0;;2.67778;2.3731;0.20523;AZUL;1183;;0;2022;-2.78989;Texto extraído diretamente do caderno oficial.
37;LC;140928;E;2;0;;1.58387;1.60565;0.22876;AZUL;1145;;0;2022;-2.7930100000000007;Texto extraído diretamente do caderno oficial.
37;LC;140928;E;2;0;;1.58387;1.60565;0.22876;AZUL;1105;;0;2022;-2.7930100000000007;Texto extraído diretamente do caderno oficial.
17;LC;141773;C;16;0;;2.40119;2.2165;0.19393;AZUL;1145;;0;2022;-2.816769999999999;"*010175AZ32*
01
Transcreva a sua Redação para a Folha de Redação.
1
2
3
4
5
6
7
O
8
H
9
10 N O
U
11 Ã
12 C Ç
13 S
A
14 A
D
15 R
E
16
R
17
18 A
19 D
20
21
22
23
24
25
26
27
28
29
30
32 1° dia | Caderno 1 - AZUL - 1ª Aplicação
01"
17;LC;141773;C;16;0;;2.40119;2.2165;0.19393;AZUL;1105;;0;2022;-2.816769999999999;"*010175AZ32*
01
Transcreva a sua Redação para a Folha de Redação.
1
2
3
4
5
6
7
O
8
H
9
10 N O
U
11 Ã
12 C Ç
13 S
A
14 A
D
15 R
E
16
R
17
18 A
19 D
20
21
22
23
24
25
26
27
28
29
30
32 1° dia | Caderno 1 - AZUL - 1ª Aplicação
01"
172;MT;25236;A;11;0;;1.77991;1.86878;0.15662;AZUL;1115;;0;2022;-2.82962;Texto extraído diretamente do caderno oficial.
172;MT;25236;A;11;0;;1.77991;1.86878;0.15662;AZUL;1155;;0;2022;-2.82962;Texto extraído diretamente do caderno oficial.
175;MT;96409;D;5;0;;1.80528;1.85524;0.17764;AZUL;1155;;0;2022;-2.84336;Texto extraído diretamente do caderno oficial.
175;MT;96409;D;5;0;;1.80528;1.85524;0.17764;AZUL;1115;;0;2022;-2.84336;Texto extraído diretamente do caderno oficial.
69;CH;27016;C;26;0;;1.9882;1.93009;0.21279;AZUL;1095;;0;2022;-2.8778200000000007;Texto extraído diretamente do caderno oficial.
69;CH;27016;C;26;0;;1.9882;1.93009;0.21279;AZUL;1135;;0;2022;-2.8778200000000007;Texto extraído diretamente do caderno oficial.
23;LC;9716;E;16;0;;0.9036;1.48142;0.05685;AZUL;1179;;0;2022;-2.92131;"*010175AZ32*
01
Transcreva a sua Redação para a Folha de Redação.
1
2
3
4
5
6
7
O
8
H
9
10 N O
U
11 Ã
12 C Ç
13 S
A
14 A
D
15 R
E
16
R
17
18 A
19 D
20
21
22
23
24
25
26
27
28
29
30
32 1° dia | Caderno 1 - AZUL - 1ª Aplicação
01"
23;LC;9716;E;16;0;;0.9036;1.48142;0.05685;AZUL;1065;;0;2022;-2.92131;"*010175AZ32*
01
Transcreva a sua Redação para a Folha de Redação.
1
2
3
4
5
6
7
O
8
H
9
10 N O
U
11 Ã
12 C Ç
13 S
A
14 A
D
15 R
E
16
R
17
18 A
19 D
20
21
22
23
24
25
26
27
28
29
30
32 1° dia | Caderno 1 - AZUL - 1ª Aplicação
01"
17;LC;141464;B;4;0;;0.94658;1.25172;0.21415;AZUL;1179;;0;2022;-2.9327500000000004;"*010175AZ32*
01
Transcreva a sua Redação para a Folha de Redação.
1
2
3
4
5
6
7
O
8
H
9
10 N O
U
11 Ã
12 C Ç
13 S
A
14 A
D
15 R
E
16
R
17
18 A
19 D
20
21
22
23
24
25
26
27
28
29
30
32 1° dia | Caderno 1 - AZUL - 1ª Aplicação
01"
17;LC;141464;B;4;0;;0.94658;1.25172;0.21415;AZUL;1065;;0;2022;-2.9327500000000004;"*010175AZ32*
01
Transcreva a sua Redação para a Folha de Redação.
1
2
3
4
5
6
7
O
8
H
9
10 N O
U
11 Ã
12 C Ç
13 S
A
14 A
D
15 R
E
16
R
17
18 A
19 D
20
21
22
23
24
25
26
27
28
29
30
32 1° dia | Caderno 1 - AZUL - 1ª Aplicação
01"
110;CN;84525;A;8;0;;2.68089;2.60936;0.09883;AZUL;1165;;0;2022;-2.96045;Texto extraído diretamente do caderno oficial.
110;CN;84525;A;8;0;;2.68089;2.60936;0.09883;AZUL;1125;;0;2022;-2.96045;Texto extraído diretamente do caderno oficial.
26;LC;120173;C;24;0;;1.15516;1.40213;0.21567;AZUL;1145;;0;2022;-2.9744200000000007;"*010175AZ32*
01
Transcreva a sua Redação para a Folha de Redação.
1
2
3
4
5
6
7
O
8
H
9
10 N O
U
11 Ã
12 C Ç
13 S
A
14 A
D
15 R
E
16
R
17
18 A
19 D
20
21
22
23
24
25
26
27
28
29
30
32 1° dia | Caderno 1 - AZUL - 1ª Aplicação
01"
26;LC;120173;C;24;0;;1.15516;1.40213;0.21567;AZUL;1105;;0;2022;-2.9744200000000007;"*010175AZ32*
01
Transcreva a sua Redação para a Folha de Redação.
1
2
3
4
5
6
7
O
8
H
9
10 N O
U
11 Ã
12 C Ç
13 S
A
14 A
D
15 R
E
16
R
17
18 A
19 D
20
21
22
23
24
25
26
27
28
29
30
32 1° dia | Caderno 1 - AZUL - 1ª Aplicação
01"
53;CH;140431;B;14;0;;1.84867;1.82987;0.24446;AZUL;1135;;0;2022;-3.014570000000001;Texto extraído diretamente do caderno oficial.
53;CH;140431;B;14;0;;1.84867;1.82987;0.24446;AZUL;1095;;0;2022;-3.014570000000001;Texto extraído diretamente do caderno oficial.
115;CN;126522;E;1;0;;2.69504;2.52871;0.16617;AZUL;1165;;0;2022;-3.0268999999999986;Texto extraído diretamente do caderno oficial.
115;CN;126522;E;1;0;;2.69504;2.52871;0.16617;AZUL;1125;;0;2022;-3.0268999999999986;Texto extraído diretamente do caderno oficial.
140;MT;39361;B;4;0;;1.45585;1.79365;0.1174;AZUL;1155;;0;2022;-3.0562500000000004;Texto extraído diretamente do caderno oficial.
140;MT;39361;B;4;0;;1.45585;1.79365;0.1174;AZUL;1115;;0;2022;-3.0562500000000004;Texto extraído diretamente do caderno oficial.
166;MT;31516;A;20;0;;1.50662;1.77699;0.15235;AZUL;1075;;0;2022;-3.0794800000000007;Texto extraído diretamente do caderno oficial.
166;MT;31516;A;20;0;;1.50662;1.77699;0.15235;AZUL;1183;;0;2022;-3.0794800000000007;Texto extraído diretamente do caderno oficial.
114;CN;7771;D;9;0;;1.65804;1.70127;0.26083;AZUL;1125;;0;2022;-3.09188;Texto extraído diretamente do caderno oficial.
114;CN;7771;D;9;0;;1.65804;1.70127;0.26083;AZUL;1165;;0;2022;-3.09188;Texto extraído diretamente do caderno oficial.
76;CH;38284;D;13;0;;1.12991;1.47834;0.18572;AZUL;1095;;0;2022;-3.1038;Texto extraído diretamente do caderno oficial.
76;CH;38284;D;13;0;;1.12991;1.47834;0.18572;AZUL;1135;;0;2022;-3.1038;Texto extraído diretamente do caderno oficial.
88;CH;96516;E;2;0;;1.96743;2.20588;0.08863;AZUL;1055;;0;2022;-3.12593;Texto extraído diretamente do caderno oficial.
88;CH;96516;E;2;0;;1.96743;2.20588;0.08863;AZUL;1175;;0;2022;-3.12593;Texto extraído diretamente do caderno oficial.
50;CH;97671;B;25;0;;1.64294;1.66613;0.28317;AZUL;1095;;0;2022;-3.1283600000000003;Texto extraído diretamente do caderno oficial.
50;CH;97671;B;25;0;;1.64294;1.66613;0.28317;AZUL;1135;;0;2022;-3.1283600000000003;Texto extraído diretamente do caderno oficial.
91;CN;141574;A;27;0;;0.69982;1.45358;0.03441;AZUL;1085;;0;2022;-3.13315;Texto extraído diretamente do caderno oficial.
91;CN;141574;A;27;0;;0.69982;1.45358;0.03441;AZUL;1187;;0;2022;-3.13315;Texto extraído diretamente do caderno oficial.
32;LC;82254;C;23;0;;1.7817;2.05191;0.123;AZUL;1145;;0;2022;-3.20733;Texto extraído diretamente do caderno oficial.
32;LC;82254;C;23;0;;1.7817;2.05191;0.123;AZUL;1105;;0;2022;-3.20733;Texto extraído diretamente do caderno oficial.
146;MT;95509;E;21;0;;2.27997;2.41531;0.11329;AZUL;1183;;0;2022;-3.25244;Texto extraído diretamente do caderno oficial.
146;MT;95509;E;21;0;;2.27997;2.41531;0.11329;AZUL;1075;;0;2022;-3.25244;Texto extraído diretamente do caderno oficial.
136;MT;97590;E;25;0;;2.33252;2.40899;0.14217;AZUL;1075;;0;2022;-3.27278;Texto extraído diretamente do caderno oficial.
136;MT;97590;E;25;0;;2.33252;2.40899;0.14217;AZUL;1183;;0;2022;-3.27278;Texto extraído diretamente do caderno oficial.
151;MT;30053;C;17;0;;1.73381;2.02109;0.14967;AZUL;1075;;0;2022;-3.344;Texto extraído diretamente do caderno oficial.
151;MT;30053;C;17;0;;1.73381;2.02109;0.14967;AZUL;1183;;0;2022;-3.344;Texto extraído diretamente do caderno oficial.
94;CN;111694;A;27;0;;2.07884;2.23408;0.17191;AZUL;1187;;0;2022;-3.40411;Texto extraído diretamente do caderno oficial.
94;CN;111694;A;27;0;;2.07884;2.23408;0.17191;AZUL;1085;;0;2022;-3.40411;Texto extraído diretamente do caderno oficial.
105;CN;54319;A;6;0;;1.93662;2.02347;0.24871;AZUL;1165;;0;2022;-3.4407200000000007;Texto extraído diretamente do caderno oficial.
105;CN;54319;A;6;0;;1.93662;2.02347;0.24871;AZUL;1125;;0;2022;-3.4407200000000007;Texto extraído diretamente do caderno oficial.
126;CN;68675;B;24;0;;0.85017;1.33141;0.23031;AZUL;1125;;0;2022;-3.44544;Texto extraído diretamente do caderno oficial.
126;CN;68675;B;24;0;;0.85017;1.33141;0.23031;AZUL;1165;;0;2022;-3.44544;Texto extraído diretamente do caderno oficial.
149;MT;125995;A;23;0;;2.06832;2.14397;0.23203;AZUL;1155;;0;2022;-3.45542;Texto extraído diretamente do caderno oficial.
149;MT;125995;A;23;0;;2.06832;2.14397;0.23203;AZUL;1115;;0;2022;-3.45542;Texto extraído diretamente do caderno oficial.
45;LC;112067;A;9;0;;0.97358;1.32174;0.31253;AZUL;1105;;0;2022;-3.580709999999999;Texto extraído diretamente do caderno oficial.
45;LC;112067;A;9;0;;0.97358;1.32174;0.31253;AZUL;1145;;0;2022;-3.580709999999999;Texto extraído diretamente do caderno oficial.
118;CN;111481;B;5;0;;2.3075;2.50088;0.14404;AZUL;1125;;0;2022;-3.60784;Texto extraído diretamente do caderno oficial.
118;CN;111481;B;5;0;;2.3075;2.50088;0.14404;AZUL;1165;;0;2022;-3.60784;Texto extraído diretamente do caderno oficial.
165;MT;82581;A;10;0;;1.90672;2.301;0.10655;AZUL;1183;;0;2022;-3.6223100000000006;Texto extraído diretamente do caderno oficial.
165;MT;82581;A;10;0;;1.90672;2.301;0.10655;AZUL;1075;;0;2022;-3.6223100000000006;Texto extraído diretamente do caderno oficial.
111;CN;89498;C;5;0;;2.1205;2.22819;0.24515;AZUL;1125;;0;2022;-3.669320000000001;Texto extraído diretamente do caderno oficial.
111;CN;89498;C;5;0;;2.1205;2.22819;0.24515;AZUL;1165;;0;2022;-3.669320000000001;Texto extraído diretamente do caderno oficial.
84;CH;111893;C;3;0;;0.56617;1.5801;0.03472;AZUL;1175;;0;2022;-3.78156;Texto extraído diretamente do caderno oficial.
84;CH;111893;C;3;0;;0.56617;1.5801;0.03472;AZUL;1055;;0;2022;-3.78156;Texto extraído diretamente do caderno oficial.
134;CN;54377;A;28;0;;1.80497;2.09437;0.22201;AZUL;1125;;0;2022;-3.783220000000001;Texto extraído diretamente do caderno oficial.
134;CN;54377;A;28;0;;1.80497;2.09437;0.22201;AZUL;1165;;0;2022;-3.783220000000001;Texto extraído diretamente do caderno oficial.
109;CN;41146;D;12;0;;1.74235;2.13331;0.17611;AZUL;1125;;0;2022;-3.7957799999999993;Texto extraído diretamente do caderno oficial.
109;CN;41146;D;12;0;;1.74235;2.13331;0.17611;AZUL;1165;;0;2022;-3.7957799999999993;Texto extraído diretamente do caderno oficial.
101;CN;23093;E;7;0;;1.8571;2.11084;0.23629;AZUL;1125;;0;2022;-3.799770000000001;Texto extraído diretamente do caderno oficial.
101;CN;23093;E;7;0;;1.8571;2.11084;0.23629;AZUL;1165;;0;2022;-3.799770000000001;Texto extraído diretamente do caderno oficial.
151;MT;39894;B;24;0;;1.63915;2.13806;0.1433;AZUL;1155;;0;2022;-3.85238;Texto extraído diretamente do caderno oficial.
151;MT;39894;B;24;0;;1.63915;2.13806;0.1433;AZUL;1115;;0;2022;-3.85238;Texto extraído diretamente do caderno oficial.
136;MT;83220;B;19;0;;2.11507;2.27835;0.25095;AZUL;1155;;0;2022;-3.859660000000001;Texto extraído diretamente do caderno oficial.
136;MT;83220;B;19;0;;2.11507;2.27835;0.25095;AZUL;1115;;0;2022;-3.859660000000001;Texto extraído diretamente do caderno oficial.
180;MT;10409;E;6;0;;1.66982;2.03629;0.24595;AZUL;1183;;0;2022;-3.99898;Texto extraído diretamente do caderno oficial.
180;MT;10409;E;6;0;;1.66982;2.03629;0.24595;AZUL;1075;;0;2022;-3.99898;Texto extraído diretamente do caderno oficial.
113;CN;32497;D;27;0;;1.63721;2.01009;0.25279;AZUL;1165;;0;2022;-4.0198;Texto extraído diretamente do caderno oficial.
113;CN;32497;D;27;0;;1.63721;2.01009;0.25279;AZUL;1125;;0;2022;-4.0198;Texto extraído diretamente do caderno oficial.
41;LC;32503;B;11;0;;1.31365;1.72186;0.30482;AZUL;1105;;0;2022;-4.06238;Texto extraído diretamente do caderno oficial.
41;LC;32503;B;11;0;;1.31365;1.72186;0.30482;AZUL;1145;;0;2022;-4.06238;Texto extraído diretamente do caderno oficial.
143;MT;54142;C;29;0;;1.38186;1.79048;0.30088;AZUL;1155;;0;2022;-4.112119999999999;Texto extraído diretamente do caderno oficial.
143;MT;54142;C;29;0;;1.38186;1.79048;0.30088;AZUL;1115;;0;2022;-4.112119999999999;Texto extraído diretamente do caderno oficial.
100;CN;90130;B;20;0;;1.73494;2.08841;0.27619;AZUL;1085;;0;2022;-4.176300000000001;Texto extraído diretamente do caderno oficial.
100;CN;90130;B;20;0;;1.73494;2.08841;0.27619;AZUL;1187;;0;2022;-4.176300000000001;Texto extraído diretamente do caderno oficial.
159;MT;85013;B;2;0;;2.17147;2.5423;0.1841;AZUL;1075;;0;2022;-4.204460000000001;Texto extraído diretamente do caderno oficial.
159;MT;85013;B;2;0;;2.17147;2.5423;0.1841;AZUL;1183;;0;2022;-4.204460000000001;Texto extraído diretamente do caderno oficial.
104;CN;60566;C;6;0;;0.98753;1.67417;0.23708;AZUL;1125;;0;2022;-4.232849999999999;Texto extraído diretamente do caderno oficial.
104;CN;60566;C;6;0;;0.98753;1.67417;0.23708;AZUL;1165;;0;2022;-4.232849999999999;Texto extraído diretamente do caderno oficial.
144;MT;75829;C;1;0;;1.18017;1.92189;0.16856;AZUL;1075;;0;2022;-4.24813;Texto extraído diretamente do caderno oficial.
144;MT;75829;C;1;0;;1.18017;1.92189;0.16856;AZUL;1183;;0;2022;-4.24813;Texto extraído diretamente do caderno oficial.
135;CN;126550;A;10;0;;1.30415;2.05027;0.15354;AZUL;1165;;0;2022;-4.31021;Texto extraído diretamente do caderno oficial.
135;CN;126550;A;10;0;;1.30415;2.05027;0.15354;AZUL;1125;;0;2022;-4.31021;Texto extraído diretamente do caderno oficial.
163;MT;44399;B;17;0;;1.32878;2.04688;0.18028;AZUL;1155;;0;2022;-4.384479999999999;Texto extraído diretamente do caderno oficial.
163;MT;44399;B;17;0;;1.32878;2.04688;0.18028;AZUL;1115;;0;2022;-4.384479999999999;Texto extraído diretamente do caderno oficial.
137;MT;117756;D;13;0;;0.95677;1.84466;0.15387;AZUL;1115;;0;2022;-4.38979;Texto extraído diretamente do caderno oficial.
137;MT;117756;D;13;0;;0.95677;1.84466;0.15387;AZUL;1155;;0;2022;-4.38979;Texto extraído diretamente do caderno oficial.
35;LC;140898;C;1;0;;1.69478;2.32558;0.16355;AZUL;1179;;0;2022;-4.404929999999999;Texto extraído diretamente do caderno oficial.
35;LC;140898;C;1;0;;1.69478;2.32558;0.16355;AZUL;1065;;0;2022;-4.404929999999999;Texto extraído diretamente do caderno oficial.
16;LC;140865;D;16;0;;1.77675;2.19281;0.27828;AZUL;1105;;0;2022;-4.416330000000001;"*010175AZ32*
01
Transcreva a sua Redação para a Folha de Redação.
1
2
3
4
5
6
7
O
8
H
9
10 N O
U
11 Ã
12 C Ç
13 S
A
14 A
D
15 R
E
16
R
17
18 A
19 D
20
21
22
23
24
25
26
27
28
29
30
32 1° dia | Caderno 1 - AZUL - 1ª Aplicação
01"
16;LC;140865;D;16;0;;1.77675;2.19281;0.27828;AZUL;1145;;0;2022;-4.416330000000001;"*010175AZ32*
01
Transcreva a sua Redação para a Folha de Redação.
1
2
3
4
5
6
7
O
8
H
9
10 N O
U
11 Ã
12 C Ç
13 S
A
14 A
D
15 R
E
16
R
17
18 A
19 D
20
21
22
23
24
25
26
27
28
29
30
32 1° dia | Caderno 1 - AZUL - 1ª Aplicação
01"
106;CN;97915;C;24;0;;2.39896;2.76588;0.1897;AZUL;1085;;0;2022;-4.448220000000001;Texto extraído diretamente do caderno oficial.
106;CN;97915;C;24;0;;2.39896;2.76588;0.1897;AZUL;1187;;0;2022;-4.448220000000001;Texto extraído diretamente do caderno oficial.
23;LC;29491;A;14;0;;1.7113;2.25131;0.23917;AZUL;1145;;0;2022;-4.52718;"*010175AZ32*
01
Transcreva a sua Redação para a Folha de Redação.
1
2
3
4
5
6
7
O
8
H
9
10 N O
U
11 Ã
12 C Ç
13 S
A
14 A
D
15 R
E
16
R
17
18 A
19 D
20
21
22
23
24
25
26
27
28
29
30
32 1° dia | Caderno 1 - AZUL - 1ª Aplicação
01"
23;LC;29491;A;14;0;;1.7113;2.25131;0.23917;AZUL;1105;;0;2022;-4.52718;"*010175AZ32*
01
Transcreva a sua Redação para a Folha de Redação.
1
2
3
4
5
6
7
O
8
H
9
10 N O
U
11 Ã
12 C Ç
13 S
A
14 A
D
15 R
E
16
R
17
18 A
19 D
20
21
22
23
24
25
26
27
28
29
30
32 1° dia | Caderno 1 - AZUL - 1ª Aplicação
01"
166;MT;111600;B;22;0;;2.09459;2.57697;0.20322;AZUL;1155;;0;2022;-4.55783;Texto extraído diretamente do caderno oficial.
166;MT;111600;B;22;0;;2.09459;2.57697;0.20322;AZUL;1115;;0;2022;-4.55783;Texto extraído diretamente do caderno oficial.
46;CH;96017;A;13;0;;1.18506;2.00777;0.19176;AZUL;1135;;0;2022;-4.61199;Texto extraído diretamente do caderno oficial.
46;CH;96017;A;13;0;;1.18506;2.00777;0.19176;AZUL;1095;;0;2022;-4.61199;Texto extraído diretamente do caderno oficial.
8;LC;118120;A;23;0;;1.53331;2.16698;0.23705;AZUL;1179;;0;2022;-4.61957;"*010175AZ32*
01
Transcreva a sua Redação para a Folha de Redação.
1
2
3
4
5
6
7
O
8
H
9
10 N O
U
11 Ã
12 C Ç
13 S
A
14 A
D
15 R
E
16
R
17
18 A
19 D
20
21
22
23
24
25
26
27
28
29
30
32 1° dia | Caderno 1 - AZUL - 1ª Aplicação
01"
8;LC;118120;A;23;0;;1.53331;2.16698;0.23705;AZUL;1065;;0;2022;-4.61957;"*010175AZ32*
01
Transcreva a sua Redação para a Folha de Redação.
1
2
3
4
5
6
7
O
8
H
9
10 N O
U
11 Ã
12 C Ç
13 S
A
14 A
D
15 R
E
16
R
17
18 A
19 D
20
21
22
23
24
25
26
27
28
29
30
32 1° dia | Caderno 1 - AZUL - 1ª Aplicação
01"
139;MT;43039;D;3;0;;1.29609;2.26288;0.10236;AZUL;1115;;0;2022;-4.70826;Texto extraído diretamente do caderno oficial.
139;MT;43039;D;3;0;;1.29609;2.26288;0.10236;AZUL;1155;;0;2022;-4.70826;Texto extraído diretamente do caderno oficial.
85;CH;97710;C;2;0;;2.30268;2.77269;0.20734;AZUL;1135;;0;2022;-4.749409999999998;Texto extraído diretamente do caderno oficial.
85;CH;97710;C;2;0;;2.30268;2.77269;0.20734;AZUL;1095;;0;2022;-4.749409999999998;Texto extraído diretamente do caderno oficial.
171;MT;42959;C;19;0;;1.8075;2.52222;0.20343;AZUL;1155;;0;2022;-4.96881;Texto extraído diretamente do caderno oficial.
171;MT;42959;C;19;0;;1.8075;2.52222;0.20343;AZUL;1115;;0;2022;-4.96881;Texto extraído diretamente do caderno oficial.
159;MT;38589;E;9;0;;1.15253;2.11616;0.19102;AZUL;1115;;0;2022;-4.998519999999999;Texto extraído diretamente do caderno oficial.
159;MT;38589;E;9;0;;1.15253;2.11616;0.19102;AZUL;1155;;0;2022;-4.998519999999999;Texto extraído diretamente do caderno oficial.
158;MT;86839;C;14;0;;2.24079;2.67761;0.29635;AZUL;1115;;0;2022;-5.033;Texto extraído diretamente do caderno oficial.
158;MT;86839;C;14;0;;2.24079;2.67761;0.29635;AZUL;1155;;0;2022;-5.033;Texto extraído diretamente do caderno oficial.
154;MT;126044;B;18;0;;2.31188;2.74165;0.29997;AZUL;1115;;0;2022;-5.10104;Texto extraído diretamente do caderno oficial.
154;MT;126044;B;18;0;;2.31188;2.74165;0.29997;AZUL;1155;;0;2022;-5.10104;Texto extraído diretamente do caderno oficial.
155;MT;63862;D;2;0;;1.25949;2.10425;0.26204;AZUL;1155;;0;2022;-5.10397;Texto extraído diretamente do caderno oficial.
155;MT;63862;D;2;0;;1.25949;2.10425;0.26204;AZUL;1115;;0;2022;-5.10397;Texto extraído diretamente do caderno oficial.
55;CH;140631;B;28;0;;1.57605;2.33974;0.25072;AZUL;1175;;0;2022;-5.12072;Texto extraído diretamente do caderno oficial.
55;CH;140631;B;28;0;;1.57605;2.33974;0.25072;AZUL;1055;;0;2022;-5.12072;Texto extraído diretamente do caderno oficial.
54;CH;125706;E;25;0;;0.5628;2.08511;0.00958;AZUL;1175;;0;2022;-5.177629999999999;Texto extraído diretamente do caderno oficial.
54;CH;125706;E;25;0;;0.5628;2.08511;0.00958;AZUL;1055;;0;2022;-5.177629999999999;Texto extraído diretamente do caderno oficial.
142;MT;86499;B;5;0;;2.93676;3.33565;0.21207;AZUL;1183;;0;2022;-5.19378;Texto extraído diretamente do caderno oficial.
142;MT;86499;B;5;0;;2.93676;3.33565;0.21207;AZUL;1075;;0;2022;-5.19378;Texto extraído diretamente do caderno oficial.
121;CN;37769;B;14;0;;1.78429;2.50062;0.27071;AZUL;1085;;0;2022;-5.286830000000001;Texto extraído diretamente do caderno oficial.
121;CN;37769;B;14;0;;1.78429;2.50062;0.27071;AZUL;1187;;0;2022;-5.286830000000001;Texto extraído diretamente do caderno oficial.
66;CH;140914;C;14;0;;0.85459;2.13235;0.12367;AZUL;1175;;0;2022;-5.30622;Texto extraído diretamente do caderno oficial.
66;CH;140914;C;14;0;;0.85459;2.13235;0.12367;AZUL;1055;;0;2022;-5.30622;Texto extraído diretamente do caderno oficial.
3;LC;76318;C;8;0;;0.56882;1.97791;0.12768;AZUL;1179;1.0;0;2022;-5.43449;"*010175AZ32*
01
Transcreva a sua Redação para a Folha de Redação.
1
2
3
4
5
6
7
O
8
H
9
10 N O
U
11 Ã
12 C Ç
13 S
A
14 A
D
15 R
E
16
R
17
18 A
19 D
20
21
22
23
24
25
26
27
28
29
30
32 1° dia | Caderno 1 - AZUL - 1ª Aplicação
01"
3;LC;76318;C;8;0;;0.56882;1.97791;0.12768;AZUL;1065;1.0;0;2022;-5.43449;"*010175AZ32*
01
Transcreva a sua Redação para a Folha de Redação.
1
2
3
4
5
6
7
O
8
H
9
10 N O
U
11 Ã
12 C Ç
13 S
A
14 A
D
15 R
E
16
R
17
18 A
19 D
20
21
22
23
24
25
26
27
28
29
30
32 1° dia | Caderno 1 - AZUL - 1ª Aplicação
01"
155;MT;47309;B;2;0;;0.92146;2.16924;0.15718;AZUL;1075;;0;2022;-5.450699999999999;Texto extraído diretamente do caderno oficial.
155;MT;47309;B;2;0;;0.92146;2.16924;0.15718;AZUL;1183;;0;2022;-5.450699999999999;Texto extraído diretamente do caderno oficial.
150;MT;31126;C;8;0;;2.18251;2.79773;0.30348;AZUL;1115;;0;2022;-5.5455700000000006;Texto extraído diretamente do caderno oficial.
150;MT;31126;C;8;0;;2.18251;2.79773;0.30348;AZUL;1155;;0;2022;-5.5455700000000006;Texto extraído diretamente do caderno oficial.
145;MT;25818;D;13;0;;1.92625;2.91184;0.15444;AZUL;1155;;0;2022;-5.655220000000001;Texto extraído diretamente do caderno oficial.
145;MT;25818;D;13;0;;1.92625;2.91184;0.15444;AZUL;1115;;0;2022;-5.655220000000001;Texto extraído diretamente do caderno oficial.
178;MT;111606;B;14;0;;1.59493;2.42518;0.33069;AZUL;1115;;0;2022;-5.739129999999999;Texto extraído diretamente do caderno oficial.
178;MT;111606;B;14;0;;1.59493;2.42518;0.33069;AZUL;1155;;0;2022;-5.739129999999999;Texto extraído diretamente do caderno oficial.
139;MT;117973;A;11;0;;1.87291;2.86025;0.18347;AZUL;1075;;0;2022;-5.75228;Texto extraído diretamente do caderno oficial.
139;MT;117973;A;11;0;;1.87291;2.86025;0.18347;AZUL;1183;;0;2022;-5.75228;Texto extraído diretamente do caderno oficial.
63;CH;112145;B;11;0;;0.47387;2.25057;0.00901;AZUL;1055;;0;2022;-5.849020000000001;Texto extraído diretamente do caderno oficial.
63;CH;112145;B;11;0;;0.47387;2.25057;0.00901;AZUL;1175;;0;2022;-5.849020000000001;Texto extraído diretamente do caderno oficial.
138;MT;30493;D;27;0;;0.80375;2.27556;0.12859;AZUL;1183;;0;2022;-5.86213;Texto extraído diretamente do caderno oficial.
138;MT;30493;D;27;0;;0.80375;2.27556;0.12859;AZUL;1075;;0;2022;-5.86213;Texto extraído diretamente do caderno oficial.
75;CH;26266;B;6;0;;1.21623;2.32907;0.27728;AZUL;1095;;0;2022;-5.941150000000001;Texto extraído diretamente do caderno oficial.
75;CH;26266;B;6;0;;1.21623;2.32907;0.27728;AZUL;1135;;0;2022;-5.941150000000001;Texto extraído diretamente do caderno oficial.
150;MT;85343;D;22;0;;2.13479;3.22198;0.12748;AZUL;1075;;0;2022;-6.033759999999999;Texto extraído diretamente do caderno oficial.
150;MT;85343;D;22;0;;2.13479;3.22198;0.12748;AZUL;1183;;0;2022;-6.033759999999999;Texto extraído diretamente do caderno oficial.
156;MT;63646;C;7;0;;0.79395;2.40685;0.1129;AZUL;1075;;0;2022;-6.197149999999999;Texto extraído diretamente do caderno oficial.
156;MT;63646;C;7;0;;0.79395;2.40685;0.1129;AZUL;1183;;0;2022;-6.197149999999999;Texto extraído diretamente do caderno oficial.
143;MT;5961;D;7;0;;0.9032;2.45135;0.1617;AZUL;1075;;0;2022;-6.356150000000001;Texto extraído diretamente do caderno oficial.
143;MT;5961;D;7;0;;0.9032;2.45135;0.1617;AZUL;1183;;0;2022;-6.356150000000001;Texto extraído diretamente do caderno oficial.
116;CN;78377;B;6;0;;0.60239;2.40137;0.12017;AZUL;1187;;0;2022;-6.600180000000001;Texto extraído diretamente do caderno oficial.
116;CN;78377;B;6;0;;0.60239;2.40137;0.12017;AZUL;1085;;0;2022;-6.600180000000001;Texto extraído diretamente do caderno oficial.
160;MT;8364;A;6;0;;0.89111;2.43206;0.25086;AZUL;1075;;0;2022;-6.76826;Texto extraído diretamente do caderno oficial.
160;MT;8364;A;6;0;;0.89111;2.43206;0.25086;AZUL;1183;;0;2022;-6.76826;Texto extraído diretamente do caderno oficial.
148;MT;29346;B;16;0;;1.37022;2.85626;0.18873;AZUL;1155;;0;2022;-6.771990000000001;Texto extraído diretamente do caderno oficial.
148;MT;29346;B;16;0;;1.37022;2.85626;0.18873;AZUL;1115;;0;2022;-6.771990000000001;Texto extraído diretamente do caderno oficial.
145;MT;117651;E;18;0;;0.51115;2.58401;0.0088;AZUL;1183;;0;2022;-6.77373;Texto extraído diretamente do caderno oficial.
145;MT;117651;E;18;0;;0.51115;2.58401;0.0088;AZUL;1075;;0;2022;-6.77373;Texto extraído diretamente do caderno oficial.
126;CN;83901;B;8;0;;0.40583;2.51676;0.00918;AZUL;1187;;0;2022;-6.7845200000000006;Texto extraído diretamente do caderno oficial.
126;CN;83901;B;8;0;;0.40583;2.51676;0.00918;AZUL;1085;;0;2022;-6.7845200000000006;Texto extraído diretamente do caderno oficial.
48;CH;84498;B;16;0;;1.75403;2.88546;0.32846;AZUL;1135;;0;2022;-6.79062;Texto extraído diretamente do caderno oficial.
48;CH;84498;B;16;0;;1.75403;2.88546;0.32846;AZUL;1095;;0;2022;-6.79062;Texto extraído diretamente do caderno oficial.
102;CN;141731;E;29;0;;1.52512;3.19204;0.11283;AZUL;1085;;0;2022;-7.090029999999999;Texto extraído diretamente do caderno oficial.
102;CN;141731;E;29;0;;1.52512;3.19204;0.11283;AZUL;1187;;0;2022;-7.090029999999999;Texto extraído diretamente do caderno oficial.
172;MT;117742;B;13;0;;0.65574;2.58862;0.1651;AZUL;1183;;0;2022;-7.27988;Texto extraído diretamente do caderno oficial.
172;MT;117742;B;13;0;;0.65574;2.58862;0.1651;AZUL;1075;;0;2022;-7.27988;Texto extraído diretamente do caderno oficial.
14;LC;8731;C;10;0;;0.69899;2.567;0.224;AZUL;1105;;0;2022;-7.42302;Texto extraído diretamente do caderno oficial.
14;LC;8731;C;10;0;;0.69899;2.567;0.224;AZUL;1145;;0;2022;-7.42302;Texto extraído diretamente do caderno oficial.
142;MT;15978;E;28;0;;1.28609;2.98952;0.20663;AZUL;1155;;0;2022;-7.429530000000001;Texto extraído diretamente do caderno oficial.
142;MT;15978;E;28;0;;1.28609;2.98952;0.20663;AZUL;1115;;0;2022;-7.429530000000001;Texto extraído diretamente do caderno oficial.
140;MT;10500;B;3;0;;1.57712;3.30111;0.16855;AZUL;1183;;0;2022;-7.59184;Texto extraído diretamente do caderno oficial.
140;MT;10500;B;3;0;;1.57712;3.30111;0.16855;AZUL;1075;;0;2022;-7.59184;Texto extraído diretamente do caderno oficial.
152;MT;85228;C;18;0;;2.1343;3.73781;0.24053;AZUL;1183;;0;2022;-8.14748;Texto extraído diretamente do caderno oficial.
152;MT;85228;C;18;0;;2.1343;3.73781;0.24053;AZUL;1075;;0;2022;-8.14748;Texto extraído diretamente do caderno oficial.
147;MT;117820;C;17;0;;0.48694;4.48651;0.14739;AZUL;1075;;0;2022;-13.222600000000002;Texto extraído diretamente do caderno oficial.
147;MT;117820;C;17;0;;0.48694;4.48651;0.14739;AZUL;1183;;0;2022;-13.222600000000002;Texto extraído diretamente do caderno oficial.
137;MT;86840;C;28;0;;0.24441;4.65334;0.03228;AZUL;1183;;0;2022;-13.6326;Texto extraído diretamente do caderno oficial.
137;MT;86840;C;28;0;;0.24441;4.65334;0.03228;AZUL;1075;;0;2022;-13.6326;Texto extraído diretamente do caderno oficial.
176;MT;117886;D;9;0;;0.4443;6.27505;0.1251;AZUL;1183;;0;2022;-18.56205;Texto extraído diretamente do caderno oficial.
176;MT;117886;D;9;0;;0.4443;6.27505;0.1251;AZUL;1075;;0;2022;-18.56205;Texto extraído diretamente do caderno oficial.
