CO_POSICAO;SG_AREA;CO_ITEM;TX_GABARITO;CO_HABILIDADE;IN_ITEM_ABAN;TX_MOTIVO_ABAN;NU_PARAM_A;NU_PARAM_B;NU_PARAM_C;TX_COR;CO_PROVA;TP_LINGUA;IN_ITEM_ADAPTADO;NU_ANO;SCORE_ESCUDO;TX_ENUNCIADO
44;LC;40390;A;22;0;;2.71986;-1.03297;0.01557;AZUL;1201;;0;2023;8.460780000000002;Enunciado da Questão 44 (Consulte o Caderno Azul Oficial)
44;LC;140835;B;20;0;;3.6215;-0.18111;0.18705;AZUL;1241;;0;2023;6.8510800000000005;Enunciado da Questão 44 (Consulte o Caderno Azul Oficial)
44;LC;140835;B;20;0;;3.6215;-0.18111;0.18705;AZUL;1281;;0;2023;6.8510800000000005;Enunciado da Questão 44 (Consulte o Caderno Azul Oficial)
53;CH;141375;A;30;0;;3.59519;-0.11366;0.18978;AZUL;1271;;0;2023;6.58246;Enunciado da Questão 53 (Consulte o Caderno Azul Oficial)
53;CH;141375;A;30;0;;3.59519;-0.11366;0.18978;AZUL;1231;;0;2023;6.58246;Enunciado da Questão 53 (Consulte o Caderno Azul Oficial)
92;CN;83378;B;3;0;;1.92829;-1.14947;0.20133;AZUL;1221;;0;2023;6.29834;Enunciado da Questão 92 (Consulte o Caderno Azul Oficial)
66;CH;140166;A;15;0;;2.42214;-0.62019;0.09595;AZUL;1191;;0;2023;6.2251;"66 QUESTÃO 68
TEXTO I O masseiro, a mulher, e quatro filhos, dormindo numa
tapera de quatro paredes de caixão, coberta de zinco.
Como é horrivel ver um filho comer e perguntar: “Tem
A água do mangue, na maré cheia, ia dentro de casa.
mais?” Esta palavra “tem mais” fica oscilando dentro do
Os maruins de noite encalombavam o corpo dos meninos.
cerebro de uma mãe que olha as panela e não tem mais.
O mangue tinha ocasião que fedia, e os urubus faziam
JESUS, C. M. Quarto de despejo: diário de uma favelada. São Paulo: Ática, 2014.
ponto por ali atrás dos petiscos. Perto da rua lavavam
TEXTO II
couro de boi, pele de bode para o curtume de um espanhol.
A experiência de ver os filhos com fome na década
Morria peixe envenenado, e quando a maré secava, os
de 1950, descrita por Carolina, é vivida no Brasil de 2021
urubus enchiam o papo, ciscavam a lama, passeando
por uma moradora de Petrolândia, em Pernambuco. “Eu
banzeiros pelas biqueiras dos mocambos no Recife.
trabalhava de ajudante de cabeleireira, mas a moça que
RÊGO, J. L. O moleque Ricardo. Rio de Janeiro: J. Olympio, 1966 (adaptado).
tinha o salão fechou. Eu vinha me sustentando com o
A aglomeração urbana representada no texto resulta em
auxílio que tinha, mas agora eu não fui contemplada. Às
vezes as pessoas me ajudam com alimentos para os meus AA conservação do meio rural.
filhos. De vez em quando, eu acho algum bico para fazer, BB crescimento da vegetação ciliar.
mas é muito raro. Tem dias que não tenho nem o leite da CC inter"
81;CH;140157;E;12;0;;3.11132;-0.20743;0.2064;AZUL;1271;;0;2023;5.81293;"81 QUESTÃO 83
A economia das ilegalidades se reestruturou com o Diversos são os fatores causadores da degradação
desenvolvimento da sociedade capitalista. A ilegalidade dos do solo, atuando de forma direta ou indireta, mas quase
bens foi separada da ilegalidade dos direitos. Divisão que sempre a grande maioria das terras degradadas inicia esse
corresponde a uma oposição de classes, pois, de um lado, a processo com o desmatamento, que pode ser seguido
ilegalidade mais acessível às classes populares será a dos por diversas formas de ocupação desordenada, como:
bens — transferência violenta das propriedades; de outro, corte de taludes para a construção de casas, rodovias e
à burguesia, então, se reservará a ilegalidade dos direitos: ferrovias, agricultura, com uso da queimada, vários tipos de
a possibilidade de desviar seus próprios regulamentos mineração, irrigação excessiva, crescimento desordenado
e suas próprias leis; e essa grande redistribuição das das cidades, superpastoreio, uso do solo para diversos
ilegalidades se traduzirá até por uma especialização dos tipos de despejos industriais e domésticos, sem tratamento
circuitos judiciários; para as ilegalidades de bens — para da área que recebe esses despejos; enfim, de uma forma
o roubo — os tribunais ordinários e os castigos; para ou de outra, os solos tornam-se degradados, sendo muitas
as ilegalidades de direitos — fraudes, evasões fiscais, vezes difícil, ou quase impossível, a sua recuperação.
operações comerciais irregu"
81;CH;140157;E;12;0;;3.11132;-0.20743;0.2064;AZUL;1231;;0;2023;5.81293;"81 QUESTÃO 83
A economia das ilegalidades se reestruturou com o Diversos são os fatores causadores da degradação
desenvolvimento da sociedade capitalista. A ilegalidade dos do solo, atuando de forma direta ou indireta, mas quase
bens foi separada da ilegalidade dos direitos. Divisão que sempre a grande maioria das terras degradadas inicia esse
corresponde a uma oposição de classes, pois, de um lado, a processo com o desmatamento, que pode ser seguido
ilegalidade mais acessível às classes populares será a dos por diversas formas de ocupação desordenada, como:
bens — transferência violenta das propriedades; de outro, corte de taludes para a construção de casas, rodovias e
à burguesia, então, se reservará a ilegalidade dos direitos: ferrovias, agricultura, com uso da queimada, vários tipos de
a possibilidade de desviar seus próprios regulamentos mineração, irrigação excessiva, crescimento desordenado
e suas próprias leis; e essa grande redistribuição das das cidades, superpastoreio, uso do solo para diversos
ilegalidades se traduzirá até por uma especialização dos tipos de despejos industriais e domésticos, sem tratamento
circuitos judiciários; para as ilegalidades de bens — para da área que recebe esses despejos; enfim, de uma forma
o roubo — os tribunais ordinários e os castigos; para ou de outra, os solos tornam-se degradados, sendo muitas
as ilegalidades de direitos — fraudes, evasões fiscais, vezes difícil, ou quase impossível, a sua recuperação.
operações comerciais irregu"
124;CN;11309;C;8;0;;1.62855;-1.00049;0.09528;AZUL;1301;;0;2023;5.782170000000001;Enunciado da Questão 124 (Consulte o Caderno Azul Oficial)
124;CN;11309;C;8;0;;1.62855;-1.00049;0.09528;AZUL;1261;;0;2023;5.782170000000001;Enunciado da Questão 124 (Consulte o Caderno Azul Oficial)
39;LC;140852;C;3;0;;2.66578;-0.42751;0.19271;AZUL;1241;;0;2023;5.65054;"39 QUESTÃO 41
A petição on-line criada por um cidadão paulista “Ganhei 25 medalhas em mundiais, sete em Jogos
surtiu efeito: casado há três anos com seu companheiro, Olímpicos, e sou uma sobrevivente de abuso sexual.”
ele pedia a alteração da definição de “casamento” no Foi assim que Simone Biles se apresentou ao comitê do
tradicional dicionário Michaelis em português. Na definição Senado norte-americano que investiga as supostas falhas
anterior, casamento aparecia como “união legítima entre do FBI no caso Larry Nassar. Biles e outras três atletas,
homem e mulher” e “união legal entre homem e mulher, vítimas dos abusos do ex-médico da equipe de ginástica
para constituir família”.
feminina dos EUA, exigiram que os agentes da investigação
O novo verbete não traz em nenhum momento as sejam processados por falta de ação prévia contra Nassar,
palavras homem ou mulher — agora a definição de agora preso. Biles esclareceu que culpa Larry Nassar
casamento se refere a “pessoas”. e “todo o sistema que o permitiu e o perpetrou”, acusando
Para o diretor de comunicação do site onde a petição foi a Federação de Ginástica e o Comitê Olímpico dos Estados
publicada, a iniciativa mostra a “eficiência da mobilização”.
Unidos de saberem “muito antes” que ela havia sofrido
“Em dois dias, mudou-se uma definição que permanecia
abusos. A melhor ginasta do mundo é um ícone. Nos Jogos
a mesma há décadas”, afirma. E conclui: “A plataforma
Olímpicos de Tóquio, uma lesão psicológica a impediu de
serve par"
39;LC;140852;C;3;0;;2.66578;-0.42751;0.19271;AZUL;1281;;0;2023;5.65054;"39 QUESTÃO 41
A petição on-line criada por um cidadão paulista “Ganhei 25 medalhas em mundiais, sete em Jogos
surtiu efeito: casado há três anos com seu companheiro, Olímpicos, e sou uma sobrevivente de abuso sexual.”
ele pedia a alteração da definição de “casamento” no Foi assim que Simone Biles se apresentou ao comitê do
tradicional dicionário Michaelis em português. Na definição Senado norte-americano que investiga as supostas falhas
anterior, casamento aparecia como “união legítima entre do FBI no caso Larry Nassar. Biles e outras três atletas,
homem e mulher” e “união legal entre homem e mulher, vítimas dos abusos do ex-médico da equipe de ginástica
para constituir família”.
feminina dos EUA, exigiram que os agentes da investigação
O novo verbete não traz em nenhum momento as sejam processados por falta de ação prévia contra Nassar,
palavras homem ou mulher — agora a definição de agora preso. Biles esclareceu que culpa Larry Nassar
casamento se refere a “pessoas”. e “todo o sistema que o permitiu e o perpetrou”, acusando
Para o diretor de comunicação do site onde a petição foi a Federação de Ginástica e o Comitê Olímpico dos Estados
publicada, a iniciativa mostra a “eficiência da mobilização”.
Unidos de saberem “muito antes” que ela havia sofrido
“Em dois dias, mudou-se uma definição que permanecia
abusos. A melhor ginasta do mundo é um ícone. Nos Jogos
a mesma há décadas”, afirma. E conclui: “A plataforma
Olímpicos de Tóquio, uma lesão psicológica a impediu de
serve par"
55;CH;140548;C;29;0;;3.00594;-0.06348;0.20314;AZUL;1231;;0;2023;5.18662;Enunciado da Questão 55 (Consulte o Caderno Azul Oficial)
55;CH;140548;C;29;0;;3.00594;-0.06348;0.20314;AZUL;1271;;0;2023;5.18662;Enunciado da Questão 55 (Consulte o Caderno Azul Oficial)
63;CH;140528;A;18;0;;3.7616;0.50306;0.17834;AZUL;1271;;0;2023;5.12232;Enunciado da Questão 63 (Consulte o Caderno Azul Oficial)
63;CH;140528;A;18;0;;3.7616;0.50306;0.17834;AZUL;1231;;0;2023;5.12232;Enunciado da Questão 63 (Consulte o Caderno Azul Oficial)
89;CH;141142;D;30;0;;3.20901;-0.05645;0.29486;AZUL;1191;;0;2023;5.11307;Enunciado da Questão 89 (Consulte o Caderno Azul Oficial)
75;CH;141383;C;10;0;;1.74142;-0.55783;0.01877;AZUL;1191;;0;2023;5.062480000000001;"75AZ24*
QUESTÃO 62 QUESTÃO 64
Enormes alto-falantes sul-coreanos instalados na Txai Suruí, liderança da Juventude Indígena,
fronteira com o Norte costumavam transmitir desde profere seu discurso na abertura da COP-26
canções em estilo K-pop (como é chamado o pop “O clima está esquentando, os animais estão
sul-coreano) até boletins climáticos e noticiário crítico ao desaparecendo, os rios estão morrendo e nossas
vizinho comunista. O Norte costuma praticar atividade plantações não florescem como no passado. A Terra está
semelhante, transmitindo por seus alto-falantes discursos falando: ela nos diz que não temos mais tempo.”
críticos a Seul e aliados. Durante os anos 1980, o governo VICK, M. Quais são as conquistas do movimento indígena na COP-26.
sul-coreano construiu um mastro de 97 metros de altura Disponível em: www.nexojornal.com.br. Acesso em: 10 nov. 2021 (adaptado).
para hastear sua bandeira no povoado de Daesong-dong, O discurso da líder indígena explicita um problema global
relacionado ao(à)
na fronteira com o Norte. O Norte respondeu com a
construção de um mastro ainda mais alto (160 m) na AA manejo tradicional.
cidade fronteiriça de Gijung-dong. “Essas demonstrações BB reciclagem residual.
são uma válvula de escape competitiva e importante entre CC consumo consciente.
os dois lados, fora de um possível conflito militar”, diz o DD exploração predatória.
analista Ankit Panda.
EE reaproveitamento energético.
TAN, Y. Disputa de mastros e alto-falantes com K-pop: as peque"
61;CH;141116;C;15;0;;3.91893;0.65977;0.17428;AZUL;1231;;0;2023;4.98715;Enunciado da Questão 61 (Consulte o Caderno Azul Oficial)
61;CH;141116;C;15;0;;3.91893;0.65977;0.17428;AZUL;1271;;0;2023;4.98715;Enunciado da Questão 61 (Consulte o Caderno Azul Oficial)
61;CH;140440;E;16;0;;2.59177;-0.2033;0.17587;AZUL;1191;;0;2023;4.91409;Enunciado da Questão 61 (Consulte o Caderno Azul Oficial)
88;CH;141044;C;2;0;;3.33701;0.2793;0.20318;AZUL;1271;;0;2023;4.820219999999999;Enunciado da Questão 88 (Consulte o Caderno Azul Oficial)
88;CH;141044;C;2;0;;3.33701;0.2793;0.20318;AZUL;1231;;0;2023;4.820219999999999;Enunciado da Questão 88 (Consulte o Caderno Azul Oficial)
86;CH;141022;E;25;0;;3.83368;0.79149;0.11063;AZUL;1191;;0;2023;4.739739999999999;Enunciado da Questão 86 (Consulte o Caderno Azul Oficial)
63;CH;141363;B;11;0;;3.81637;0.70936;0.15459;AZUL;1191;;0;2023;4.7317100000000005;Enunciado da Questão 63 (Consulte o Caderno Azul Oficial)
22;LC;140847;C;20;0;;3.15133;0.25141;0.1738;AZUL;1201;;0;2023;4.679430000000001;"22 nov. 2021 (adaptado).
DD associação entre o lema olímpico e a cooperatividade. O texto de Agualusa tematiza o preconceito em relação
ao português brasileiro. Com base no trecho citado pelo
EE vinculação entre o lema olímpico e os eventos atléticos.
autor, infere-se que esse preconceito se deve
QUESTÃO 07 AA à dificuldade de consolidação da literatura brasileira
em outros países.
Mais iluminada que outras
BB aos diferentes graus de instrução formal entre os
Tenho dois seios, estas duas coxas, duas mãos que me falantes de língua portuguesa.
são muito úteis, olhos escuros, estas duas sobrancelhas que CC à existência de uma língua ideal que alguns falantes
preencho com maquiagem comprada por dezenove e noventa lusitanos creem ser a falada em Portugal.
e orelhas que não aceitam bijuterias. Este corpo é um corpo
DD ao intercâmbio cultural que ocorre entre os povos dos
faminto, dentado, cruel, capaz e violento. Movo os braços
diferentes países de língua portuguesa.
e multidões correm desesperadas. Caminho no escuro com
EE à distância territorial entre os falantes do português
o rosto para baixo, pois cada parte isolada de mim tem sua
que vivem em Portugal e no Brasil.
própria vida e não quero domá-las. Animal da caatinga. Forte
demais. Engolidora de espadas e espinhos.
Dizem e eu ouvi, mas depois também li, que o estado
do Ceará aboliu a escravidão quatro anos antes do restante
do país. Todos aqueles corpos que eram trazidos com
seus dedos contados, seus calcanhares prontos e seu"
97;CN;78962;C;26;0;;3.54791;0.5346;0.18023;AZUL;1261;;0;2023;4.59087;"97 metros de altura Disponível em: www.nexojornal.com.br. Acesso em: 10 nov. 2021 (adaptado).
para hastear sua bandeira no povoado de Daesong-dong, O discurso da líder indígena explicita um problema global
relacionado ao(à)
na fronteira com o Norte. O Norte respondeu com a
construção de um mastro ainda mais alto (160 m) na AA manejo tradicional.
cidade fronteiriça de Gijung-dong. “Essas demonstrações BB reciclagem residual.
são uma válvula de escape competitiva e importante entre CC consumo consciente.
os dois lados, fora de um possível conflito militar”, diz o DD exploração predatória.
analista Ankit Panda.
EE reaproveitamento energético.
TAN, Y. Disputa de mastros e alto-falantes com K-pop: as pequenas picuinhas do conflito
entre as Coreias. Disponível em: www.bbc.com. Acesso em: 7 nov. 2021 (adaptado). QUESTÃO 65
Os atos de competição citados têm suas origens
históricas vinculadas a um contexto de
AA domínio cultural-identitário de atores sociais.
BB disputas étnico-raciais de povos tradicionais.
CC divergências político-ideológicas de agentes estatais.
DD imposição econômico-financeira de empresas
privadas.
EE protestos ecológico-sustentáveis de entidades
ambientais.
QUESTÃO 63
Seda, madeiras aromáticas e têxteis, obras de arte,
Nas reportagens publicadas sobre a inauguração do
lã, cristais e muitas, muitas peças de porcelana chegaram
Museu de Arte de São Paulo, em 1947, quando ele ainda
ao Brasil ao longo dos séculos XVII e XVIII. A opulência
ocupava um edifício na rua S"
97;CN;78962;C;26;0;;3.54791;0.5346;0.18023;AZUL;1301;;0;2023;4.59087;"97 metros de altura Disponível em: www.nexojornal.com.br. Acesso em: 10 nov. 2021 (adaptado).
para hastear sua bandeira no povoado de Daesong-dong, O discurso da líder indígena explicita um problema global
relacionado ao(à)
na fronteira com o Norte. O Norte respondeu com a
construção de um mastro ainda mais alto (160 m) na AA manejo tradicional.
cidade fronteiriça de Gijung-dong. “Essas demonstrações BB reciclagem residual.
são uma válvula de escape competitiva e importante entre CC consumo consciente.
os dois lados, fora de um possível conflito militar”, diz o DD exploração predatória.
analista Ankit Panda.
EE reaproveitamento energético.
TAN, Y. Disputa de mastros e alto-falantes com K-pop: as pequenas picuinhas do conflito
entre as Coreias. Disponível em: www.bbc.com. Acesso em: 7 nov. 2021 (adaptado). QUESTÃO 65
Os atos de competição citados têm suas origens
históricas vinculadas a um contexto de
AA domínio cultural-identitário de atores sociais.
BB disputas étnico-raciais de povos tradicionais.
CC divergências político-ideológicas de agentes estatais.
DD imposição econômico-financeira de empresas
privadas.
EE protestos ecológico-sustentáveis de entidades
ambientais.
QUESTÃO 63
Seda, madeiras aromáticas e têxteis, obras de arte,
Nas reportagens publicadas sobre a inauguração do
lã, cristais e muitas, muitas peças de porcelana chegaram
Museu de Arte de São Paulo, em 1947, quando ele ainda
ao Brasil ao longo dos séculos XVII e XVIII. A opulência
ocupava um edifício na rua S"
65;CH;141104;A;13;0;;3.50089;0.56073;0.15911;AZUL;1191;;0;2023;4.524039999999999;Enunciado da Questão 65 (Consulte o Caderno Azul Oficial)
82;CH;125684;B;16;0;;3.5628;0.50483;0.22204;AZUL;1191;;0;2023;4.50091;Enunciado da Questão 82 (Consulte o Caderno Azul Oficial)
1;LC;140718;E;8;0;;2.73373;0.00161;0.19391;AZUL;1241;1.0;0;2023;4.49308;"1 DIA
01
EXAME NACIONAL DO ENSINO MÉDIO
PROVA DE LINGUAGENS, CÓDIGOS E SUAS TECNOLOGIAS E REDAÇÃO
PROVA DE CIÊNCIAS HUMANAS E SUAS TECNOLOGIAS
CADERNO
1
AZUL
ATENÇÃO: transcreva no espaço apropriado do seu CARTÃO-RESPOSTA,
com sua caligrafia usual, considerando as letras maiúsculas e minúsculas, a seguinte frase:
Você é do tamanho do seu sonho
LEIA ATENTAMENTE AS INSTRUÇÕES SEGUINTES:
1. E ste CADERNO DE QUESTÕES contém 90 questões numeradas de 01 a 90 e a Proposta de Redação,
dispostas da seguinte maneira:
a) questões de número 01 a 45, relativas à área de Linguagens, Códigos e suas Tecnologias;
b) Proposta de Redação;
c) questões de número 46 a 90, relativas à área de Ciências Humanas e suas Tecnologias.
ATENÇÃO: as questões de 01 a 05 são relativas à língua estrangeira. Você deverá responder apenas
às questões relativas à língua estrangeira (inglês ou espanhol) escolhida no ato de sua inscrição.
2. Confira se a quantidade e a ordem das questões do seu CADERNO DE QUESTÕES estão de acordo
com as instruções anteriores. Caso o caderno esteja incompleto, tenha defeito ou apresente qualquer
divergência, comunique ao aplicador da sala para que ele tome as providências cabíveis.
3. P ara cada uma das questões objetivas, são apresentadas 5 opções. Apenas uma responde
corretamente à questão.
4. O tempo disponível para estas provas é de cinco horas e trinta minutos.
5. Reserve tempo suficiente para preencher o CARTÃO-RESPOSTA e a FOLHA DE REDAÇÃO.
6. O s rascunhos e as marcações assi"
1;LC;140718;E;8;0;;2.73373;0.00161;0.19391;AZUL;1281;1.0;0;2023;4.49308;"1 DIA
01
EXAME NACIONAL DO ENSINO MÉDIO
PROVA DE LINGUAGENS, CÓDIGOS E SUAS TECNOLOGIAS E REDAÇÃO
PROVA DE CIÊNCIAS HUMANAS E SUAS TECNOLOGIAS
CADERNO
1
AZUL
ATENÇÃO: transcreva no espaço apropriado do seu CARTÃO-RESPOSTA,
com sua caligrafia usual, considerando as letras maiúsculas e minúsculas, a seguinte frase:
Você é do tamanho do seu sonho
LEIA ATENTAMENTE AS INSTRUÇÕES SEGUINTES:
1. E ste CADERNO DE QUESTÕES contém 90 questões numeradas de 01 a 90 e a Proposta de Redação,
dispostas da seguinte maneira:
a) questões de número 01 a 45, relativas à área de Linguagens, Códigos e suas Tecnologias;
b) Proposta de Redação;
c) questões de número 46 a 90, relativas à área de Ciências Humanas e suas Tecnologias.
ATENÇÃO: as questões de 01 a 05 são relativas à língua estrangeira. Você deverá responder apenas
às questões relativas à língua estrangeira (inglês ou espanhol) escolhida no ato de sua inscrição.
2. Confira se a quantidade e a ordem das questões do seu CADERNO DE QUESTÕES estão de acordo
com as instruções anteriores. Caso o caderno esteja incompleto, tenha defeito ou apresente qualquer
divergência, comunique ao aplicador da sala para que ele tome as providências cabíveis.
3. P ara cada uma das questões objetivas, são apresentadas 5 opções. Apenas uma responde
corretamente à questão.
4. O tempo disponível para estas provas é de cinco horas e trinta minutos.
5. Reserve tempo suficiente para preencher o CARTÃO-RESPOSTA e a FOLHA DE REDAÇÃO.
6. O s rascunhos e as marcações assi"
30;LC;140885;A;15;0;;3.32492;0.4163;0.18782;AZUL;1201;;0;2023;4.4618400000000005;"30 minutos
que antecedem o término das provas.
0 1
1 Dia 1 Dia
1°Capa 4°Capa
Azul 1 1 Azul
Amarelo 2 2 Amarelo
Branco 3 3 Branco
Rosa 4 4 Rosa
Ledor 9 9 Ledor
Libras 10 10 Libras
2 Dia 2 Dia
1°Capa 4°Capa
Libras 12 12 Libras
Ledor 11 11 Ledor
Rosa 8 8 Rosa
Azul 7 7 Azul
Cinza 6 6 Cinza
Amarelo 5 5 Amarelo
*010175AZ1*
BBiigguurrrriillhhooss..iinndddd 11 1144//0066//22002222 1177::1122::0066"
130;CN;126604;D;12;0;;3.09202;0.32873;0.1577;AZUL;1221;;0;2023;4.409350000000001;Enunciado da Questão 130 (Consulte o Caderno Azul Oficial)
82;CH;141007;A;5;0;;2.36915;-0.20871;0.19363;AZUL;1231;;0;2023;4.39628;Enunciado da Questão 82 (Consulte o Caderno Azul Oficial)
82;CH;141007;A;5;0;;2.36915;-0.20871;0.19363;AZUL;1271;;0;2023;4.39628;Enunciado da Questão 82 (Consulte o Caderno Azul Oficial)
35;LC;141243;A;11;0;;2.00614;-0.27647;0.09754;AZUL;1201;;0;2023;4.35399;"35 QUESTÃO 37
A indústria do esporte eletrônico é um mercado que O uso das redes sociais como forma de ampliar
está crescendo em um ritmo mais rápido do que a economia universos foi uma descoberta recente para o artista Wolney
mundial. Sua popularidade cresceu muito e no Brasil não é Fernandes, que começou a criar quando o ambiente em
diferente. De acordo com os dados de uma pesquisa, mais de Goiás era mais árido em relação às artes visuais. “Hoje, ser
64% dos brasileiros que jogam videogame já ouviram falar de diferente é uma potência e quem sabe o que quer com
esporte eletrônico. No entanto, o que chama a atenção é o a própria arte encontra espaço”, diz. As colagens artísticas
crescimento superior a 10% do público praticante comparado do goiano aparecem em capas de obras literárias pelo
ao ano anterior, que subiu de 44,7% para 55,4%. Trata-se Brasil e exterior.
de um percentual expressivo, já que o Brasil está no top 3
Disponível em: https://opopular.com.br. Acesso em: 15 nov. 2021 (adaptado).
dentre os países que têm maior número de espectadores de
O artista goiano Wolney Fernandes busca expor seu
esporte eletrônico do mundo. Comparado ao ano anterior,
trabalho por meio de plataformas virtuais com o objetivo de
em 2020, o Brasil teve um marco de crescimento de 20%
na audiência. Mundo afora, a árdua dedicação de grandes AA dar suporte à técnica de colagem em Artes Visuais,
gamers contribuiu para o reconhecimento do Comitê Olímpico contornando dificuldades práticas.
Internac"
120;CN;47231;C;5;0;;5.9367;2.33396;0.11437;AZUL;1221;;0;2023;4.299670000000001;"120 anos depois, o lema tem sua primeira alteração
antologiados queixam-se do desdém com que um grande
para ressaltar a solidariedade e incluir a palavra “juntos”:
número de portugueses acolhe o português brasileiro.
mais rápido, mais alto, mais forte — juntos. A mudança
É uma queixa frequente.
foi aprovada por unanimidade pelos membros do COI
“Aqui em Portugal eles dizem / — eles dizem — / que
e celebrada pelo presidente da entidade.
nosso português é errado, que nós não falamos português”,
Disponível em: https://ge.globo.com. Acesso em: 10 nov. 2021 (adaptado).
escreve a poetisa paulista Maria Giulia Pinheiro, para
De acordo com o texto, a alteração do lema olímpico teve
concluir: “Se a sua linguagem, a lusitana, / ainda conserva
como objetivo a
a palavra da opressão / ela não é a mais bonita do mundo./
AA unificação do lema anterior ao atual.
Ela é uma das mais violentas”.
BB aproximação entre o lema olímpico e o COI.
AGUALUSA, J. E. Disponível em: https://oglobo.globo.com.
CC junção do lema olímpico com os princípios esportivos. Acesso em: 22 nov. 2021 (adaptado).
DD associação entre o lema olímpico e a cooperatividade. O texto de Agualusa tematiza o preconceito em relação
ao português brasileiro. Com base no trecho citado pelo
EE vinculação entre o lema olímpico e os eventos atléticos.
autor, infere-se que esse preconceito se deve
QUESTÃO 07 AA à dificuldade de consolidação da literatura brasileira
em outros países.
Mais iluminada que outras
BB aos diferentes graus de in"
24;LC;140857;E;21;0;;1.2615;-0.59214;0.01135;AZUL;1201;;0;2023;4.24267;"24 maio 2023 (adaptado).
economias inteiras ficariam estagnados. Em todo o mundo,
TEXTO IV
o trabalho de cuidado não remunerado e mal pago é
desproporcionalmente assumido por mulheres e meninas
em situação de pobreza, especialmente por aquelas
que pertencem a grupos que, além da discriminação de
gênero, sofrem preconceito em decorrência de sua raça,
etnia, nacionalidade e sexualidade. As mulheres são
responsáveis por mais de três quartos do cuidado não
DESAFIOS
remunerado e compõem dois terços da força de trabalho
DESAFIOS
envolvida em atividades de cuidado remuneradas. DESAFIOS
DO CUIDADO
Documento informativo – Tempo de Cuidar. Disponível em: DDOO C CUUIIDDAADDOO
https://www.oxfam.org.br. Acesso em: 18 de jul. de 2023 (adaptado).
Aumenta o número de pessoas
TEXTO II AuAmumenetnat ao o n núúmmeerroo ddee ppeessssooaass
que demandam serviços
quqeu de edmemananddaamm s seerrvviiççooss de
Média de horas dedicadas pelas pessoas de 14 anos asdd see is a t asê ssnis csiti sêa tn, ê ocnibac r, i iog aba ,r n oigd baonri dg oos a ndo
paooíssse p psa aíasí esresep ase rane psreaenrp sseaenrussar
ou mais de idade aos afazeres domésticos e/ou sis sst eee uum ss a s ssis id tse etme a amt s e an dse ç ã ado tee ; n açtãeon; ção;
no Brasil, protagonismo
às tarefas de cuidado de pessoas, por sexo no c n B o o n r a t B in sr u ial, a s p f i a rl,o m pt i a l r i go a o r tangisomnois mo
cocnotinntuian ufaam failimariliar
Brasil - 2019
Covid-19: a complexidade
da distribuição das vacinas;"
42;LC;141802;E;10;0;;2.59779;-0.03089;0.21017;AZUL;1201;;0;2023;4.237399999999999;Enunciado da Questão 42 (Consulte o Caderno Azul Oficial)
68;CH;118063;C;26;0;;2.59313;0.08088;0.14645;AZUL;1191;;0;2023;4.2113700000000005;Enunciado da Questão 68 (Consulte o Caderno Azul Oficial)
54;CH;141387;B;25;0;;2.50523;-0.04116;0.18539;AZUL;1231;;0;2023;4.20699;Enunciado da Questão 54 (Consulte o Caderno Azul Oficial)
54;CH;141387;B;25;0;;2.50523;-0.04116;0.18539;AZUL;1271;;0;2023;4.20699;Enunciado da Questão 54 (Consulte o Caderno Azul Oficial)
87;CH;140468;B;7;0;;3.81176;0.7442;0.24129;AZUL;1191;;0;2023;4.18447;Enunciado da Questão 87 (Consulte o Caderno Azul Oficial)
83;CH;141354;B;3;0;;1.93619;-0.42999;0.19883;AZUL;1271;;0;2023;4.1682;Enunciado da Questão 83 (Consulte o Caderno Azul Oficial)
83;CH;141354;B;3;0;;1.93619;-0.42999;0.19883;AZUL;1231;;0;2023;4.1682;Enunciado da Questão 83 (Consulte o Caderno Azul Oficial)
10;LC;111887;E;29;0;;3.04416;0.33951;0.1833;AZUL;1201;;0;2023;4.15329;"10 10 Libras
2 Dia 2 Dia
1°Capa 4°Capa
Libras 12 12 Libras
Ledor 11 11 Ledor
Rosa 8 8 Rosa
Azul 7 7 Azul
Cinza 6 6 Cinza
Amarelo 5 5 Amarelo
*010175AZ1*
BBiigguurrrriillhhooss..iinndddd 11 1144//0066//22002222 1177::1122::0066"
128;CN;40724;C;2;0;;1.87231;-0.45616;0.19791;AZUL;1221;;0;2023;4.123549999999999;Enunciado da Questão 128 (Consulte o Caderno Azul Oficial)
1;LC;140765;A;6;0;;3.17668;0.44857;0.18727;AZUL;1201;1.0;0;2023;4.0713;"1 DIA
01
EXAME NACIONAL DO ENSINO MÉDIO
PROVA DE LINGUAGENS, CÓDIGOS E SUAS TECNOLOGIAS E REDAÇÃO
PROVA DE CIÊNCIAS HUMANAS E SUAS TECNOLOGIAS
CADERNO
1
AZUL
ATENÇÃO: transcreva no espaço apropriado do seu CARTÃO-RESPOSTA,
com sua caligrafia usual, considerando as letras maiúsculas e minúsculas, a seguinte frase:
Você é do tamanho do seu sonho
LEIA ATENTAMENTE AS INSTRUÇÕES SEGUINTES:
1. E ste CADERNO DE QUESTÕES contém 90 questões numeradas de 01 a 90 e a Proposta de Redação,
dispostas da seguinte maneira:
a) questões de número 01 a 45, relativas à área de Linguagens, Códigos e suas Tecnologias;
b) Proposta de Redação;
c) questões de número 46 a 90, relativas à área de Ciências Humanas e suas Tecnologias.
ATENÇÃO: as questões de 01 a 05 são relativas à língua estrangeira. Você deverá responder apenas
às questões relativas à língua estrangeira (inglês ou espanhol) escolhida no ato de sua inscrição.
2. Confira se a quantidade e a ordem das questões do seu CADERNO DE QUESTÕES estão de acordo
com as instruções anteriores. Caso o caderno esteja incompleto, tenha defeito ou apresente qualquer
divergência, comunique ao aplicador da sala para que ele tome as providências cabíveis.
3. P ara cada uma das questões objetivas, são apresentadas 5 opções. Apenas uma responde
corretamente à questão.
4. O tempo disponível para estas provas é de cinco horas e trinta minutos.
5. Reserve tempo suficiente para preencher o CARTÃO-RESPOSTA e a FOLHA DE REDAÇÃO.
6. O s rascunhos e as marcações assi"
58;CH;140376;A;2;0;;2.8641;0.24521;0.19053;AZUL;1191;;0;2023;4.03992;"58 O processo social relatado indica a formação de uma
etiqueta que tem como princípio a
A Cavalgada de Sant’Ana é uma expressão da devoção
dos vaqueiros à padroeira de Caicó (RN). Nas décadas de AA distinção das classes sociais.
1950 a 1970, esse evento, então denominado Cavalaria, BB valorização de hábitos de higiene.
era celebrado pelas pessoas que residiam na zona rural CC exaltação da cultura mediterrânea.
do município de Caicó. Essas pessoas usavam os animais
DD consagração de tradições medievais.
(jegues, mulas e cavalos) como único meio de transporte,
sobretudo para se dirigirem à cidade nos dias de feiras, EE disseminação de produtos manufaturados.
trazendo seus produtos para comercializarem. Estando em
QUESTÃO 60
Caicó no período da Festa de Sant’Ana, esses agricultores
se organizavam em cavalgada até o pátio da Catedral de Negar o pedido por dinheiro indispensável para
Sant’Ana para louvar a santa e receber bênção para seus necessidades pessoais ou comprar bens usando o nome
animais. Por volta da década de 1970, com a chegada do da pessoa sem o consentimento dela. Ameaçar o corte
automóvel à zona rural do município, essa expressão cultural de recursos dependendo de atitudes pessoais, esconder
foi extinta. O meio de transporte utilizando os animais passou documentos ou trocar senhas do banco sem avisar.
a ser substituído por carros, sobretudo caminhonetes e Ou, ainda, proibir a pessoa de trabalhar ou destruir seus
caminhões, que transportavam os camponeses para a pe"
51;CH;140576;B;21;0;;1.33537;-0.77276;0.19854;AZUL;1231;;0;2023;3.99632;"51 existem mais de cem picos, que contam com altitudes bem
maiores que 7 000 m. O Everest, considerado o ponto mais
Escrito durante a Primeira Guerra Mundial, o seguinte
alto da Terra, tem nada menos que 8 848 m de altitude, e
trecho faz parte da carta enviada pelo secretário do exterior
continua crescendo, aproximadamente, 0,8 mm a cada ano.
britânico, Sir Arthur James Balfour, ao banqueiro Lord
Disponível em: https://meioambiente.culturamix.com. Acesso em: 12 nov. 2021 (adaptado).
Rotschild, presidente da Liga Sionista, em 2 de novembro
Qual dinâmica natural é responsável pelo fenômeno
de 1917, a carta ficou conhecida como Declaração Balfour:
apresentado?
“O governo de Sua Majestade vê com aprovação o
AA Derrame de lava vulcânica.
estabelecimento na Palestina de um lar nacional para
BB Encontro de placas tectônicas.
o povo judeu, e fará todos os esforços para facilitar tal
objetivo. Nada será feito que possa prejudicar os direitos CC Ação do intemperismo químico.
civis e religiosos das comunidades não judaicas na DD Sedimentação de erosão eólica.
Palestina.” EE Derretimento de geleiras glaciais.
GATTAZ, A. A Guerra da Palestina. São Paulo: Usina do Livro, 2002 (adaptado).
QUESTÃO 54
A análise do resultado do processo em questão revela que
Eu poderia concluir que a raiva é um pensamento, que
ogoverno inglês foi incapaz de garantir seu objetivo de
estar com raiva é pensar que alguém é detestável, e que
AA promover o bem-estar social.
esse pensamento, como todos os outros — as"
51;CH;140576;B;21;0;;1.33537;-0.77276;0.19854;AZUL;1271;;0;2023;3.99632;"51 existem mais de cem picos, que contam com altitudes bem
maiores que 7 000 m. O Everest, considerado o ponto mais
Escrito durante a Primeira Guerra Mundial, o seguinte
alto da Terra, tem nada menos que 8 848 m de altitude, e
trecho faz parte da carta enviada pelo secretário do exterior
continua crescendo, aproximadamente, 0,8 mm a cada ano.
britânico, Sir Arthur James Balfour, ao banqueiro Lord
Disponível em: https://meioambiente.culturamix.com. Acesso em: 12 nov. 2021 (adaptado).
Rotschild, presidente da Liga Sionista, em 2 de novembro
Qual dinâmica natural é responsável pelo fenômeno
de 1917, a carta ficou conhecida como Declaração Balfour:
apresentado?
“O governo de Sua Majestade vê com aprovação o
AA Derrame de lava vulcânica.
estabelecimento na Palestina de um lar nacional para
BB Encontro de placas tectônicas.
o povo judeu, e fará todos os esforços para facilitar tal
objetivo. Nada será feito que possa prejudicar os direitos CC Ação do intemperismo químico.
civis e religiosos das comunidades não judaicas na DD Sedimentação de erosão eólica.
Palestina.” EE Derretimento de geleiras glaciais.
GATTAZ, A. A Guerra da Palestina. São Paulo: Usina do Livro, 2002 (adaptado).
QUESTÃO 54
A análise do resultado do processo em questão revela que
Eu poderia concluir que a raiva é um pensamento, que
ogoverno inglês foi incapaz de garantir seu objetivo de
estar com raiva é pensar que alguém é detestável, e que
AA promover o bem-estar social.
esse pensamento, como todos os outros — as"
80;CH;141122;D;11;0;;2.6472;0.15404;0.18491;AZUL;1271;;0;2023;3.907730000000001;Enunciado da Questão 80 (Consulte o Caderno Azul Oficial)
80;CH;141122;D;11;0;;2.6472;0.15404;0.18491;AZUL;1231;;0;2023;3.907730000000001;Enunciado da Questão 80 (Consulte o Caderno Azul Oficial)
100;CN;111665;C;20;0;;3.83841;1.04691;0.14482;AZUL;1221;;0;2023;3.81199;"100 mil BB questionar o temor sobre o futuro da linguagem.
habitantes, a maioria deles jovens. CC descrever a relação entre sociedade e linguagem.
O Atlas revela ainda que um negro tem quase 2,7 DD apresentar as consequências do esfacelamento da
vezes mais chance de ser morto do que um branco, o que linguagem.
justifica o movimento de resistência crescente no Brasil.
EE criticar o obstáculo promovido pelos usos especializados
MENDONÇA, F. Disponível em: www.cartacapital.com.br.
Acesso em: 22 nov. 2021 (adaptado). da linguagem.
O uso de citação e de dados estatísticos nesse texto tem QUESTÃO 21
o objetivo de
Um grupo de pesquisadores da Universidade Federal
AA ressaltar a importância da poesia para denunciar a
do Ceará desenvolveu um dicionário para traduzir sintomas
morte de negros, que cresce a cada dia.
de doenças da linguagem popular para os termos médicos.
BB destacar o crescimento exponencial da temática do
Defruço, chanha e piloura, por exemplo, podem ser termos
preconceito na produção literária no Brasil.
conhecidos para muitos, mas, durante uma consulta médica,
CC demonstrar o incremento no quantitativo de expressões o desconhecimento pode significar um diagnóstico errado.
artísticas na discussão de problemas sociais.
“Isso é um registro histórico e pode ser muito útil para
DD evidenciar argumentos que reforçam a ideia de que os estudos dessas comunidades, na abordagem médica delas.
negros são vítimas em potencial da violência. É de certa forma pioneiro no Brasil e, s"
8;LC;14727;D;16;0;;2.1034;-0.07713;0.12881;AZUL;1281;;0;2023;3.794140000000001;"8. Q uando terminar as provas, acene para chamar o aplicador e entregue este CADERNO DE QUESTÕES
e o CARTÃO-RESPOSTA/FOLHA DE REDAÇÃO.
9. V ocê poderá deixar o local de prova somente após decorridas duas horas do início da aplicação e
poderá levar seu CADERNO DE QUESTÕES ao deixar em definitivo a sala de prova nos 30 minutos
que antecedem o término das provas.
0 1
1 Dia 1 Dia
1°Capa 4°Capa
Azul 1 1 Azul
Amarelo 2 2 Amarelo
Branco 3 3 Branco
Rosa 4 4 Rosa
Ledor 9 9 Ledor
Libras 10 10 Libras
2 Dia 2 Dia
1°Capa 4°Capa
Libras 12 12 Libras
Ledor 11 11 Ledor
Rosa 8 8 Rosa
Azul 7 7 Azul
Cinza 6 6 Cinza
Amarelo 5 5 Amarelo
*010175AZ1*
BBiigguurrrriillhhooss..iinndddd 11 1144//0066//22002222 1177::1122::0066"
8;LC;14727;D;16;0;;2.1034;-0.07713;0.12881;AZUL;1241;;0;2023;3.794140000000001;"8. Q uando terminar as provas, acene para chamar o aplicador e entregue este CADERNO DE QUESTÕES
e o CARTÃO-RESPOSTA/FOLHA DE REDAÇÃO.
9. V ocê poderá deixar o local de prova somente após decorridas duas horas do início da aplicação e
poderá levar seu CADERNO DE QUESTÕES ao deixar em definitivo a sala de prova nos 30 minutos
que antecedem o término das provas.
0 1
1 Dia 1 Dia
1°Capa 4°Capa
Azul 1 1 Azul
Amarelo 2 2 Amarelo
Branco 3 3 Branco
Rosa 4 4 Rosa
Ledor 9 9 Ledor
Libras 10 10 Libras
2 Dia 2 Dia
1°Capa 4°Capa
Libras 12 12 Libras
Ledor 11 11 Ledor
Rosa 8 8 Rosa
Azul 7 7 Azul
Cinza 6 6 Cinza
Amarelo 5 5 Amarelo
*010175AZ1*
BBiigguurrrriillhhooss..iinndddd 11 1144//0066//22002222 1177::1122::0066"
93;CN;117887;E;12;0;;2.73097;0.32923;0.13662;AZUL;1221;;0;2023;3.791150000000001;Enunciado da Questão 93 (Consulte o Caderno Azul Oficial)
79;CH;141422;A;13;0;;2.48797;0.09997;0.18327;AZUL;1271;;0;2023;3.75968;Enunciado da Questão 79 (Consulte o Caderno Azul Oficial)
79;CH;141422;A;13;0;;2.48797;0.09997;0.18327;AZUL;1231;;0;2023;3.75968;Enunciado da Questão 79 (Consulte o Caderno Azul Oficial)
98;CN;86347;B;28;0;;3.97355;1.19295;0.12256;AZUL;1221;;0;2023;3.75545;Enunciado da Questão 98 (Consulte o Caderno Azul Oficial)
38;LC;141214;A;13;0;;2.36405;0.00914;0.19662;AZUL;1201;;0;2023;3.71758;Enunciado da Questão 38 (Consulte o Caderno Azul Oficial)
17;LC;120115;D;27;0;;3.23823;0.59679;0.20038;AZUL;1201;;0;2023;3.68419;"175AZ32*
01
1 Dia 1 Dia
1°Capa 4°Capa
Transcreva a sua Redação para a Folha de Redação.
Azul 1 1 Azul
Amarelo 2 2 Amarelo
Branco 3 1 3 Branco
Rosa 4 2 4 Rosa
3
Ledor 9 9 Ledor
Libras 10 4 10 Libras
5
6
7
8
O
9
H
10
N O
11
U
12 Ã
C
13 Ç
S
14 A
A
15 D
16 R
E
17
R
18
A
19
D
20
21
22
23
24
2 Dia 2 Dia
1°Capa 25 4°Capa
Libras 12 26 12 Libras
Ledor 11 11 Ledor
27
28
Rosa 8 8 Rosa
Azul 7 29 7 Azul
Cinza 6 6 Cinza
30
Amarelo 5 5 Amarelo
32 –1º DIA • CADERNO 1 • AZUL–
01
BBiigguurrrriillhhooss..iinndddd 11 1144//0066//22002222 1177::1122::0066"
109;CN;117929;E;19;0;;3.66348;0.70045;0.30851;AZUL;1261;;0;2023;3.6830599999999993;Enunciado da Questão 109 (Consulte o Caderno Azul Oficial)
109;CN;117929;E;19;0;;3.66348;0.70045;0.30851;AZUL;1301;;0;2023;3.6830599999999993;Enunciado da Questão 109 (Consulte o Caderno Azul Oficial)
146;MT;53460;C;26;0;;2.93674;0.49751;0.15129;AZUL;1291;;0;2023;3.6245;Enunciado da Questão 146 (Consulte o Caderno Azul Oficial)
146;MT;53460;C;26;0;;2.93674;0.49751;0.15129;AZUL;1251;;0;2023;3.6245;Enunciado da Questão 146 (Consulte o Caderno Azul Oficial)
52;CH;140951;D;22;0;;2.63908;0.27834;0.17545;AZUL;1231;;0;2023;3.56589;Enunciado da Questão 52 (Consulte o Caderno Azul Oficial)
52;CH;140951;D;22;0;;2.63908;0.27834;0.17545;AZUL;1271;;0;2023;3.56589;Enunciado da Questão 52 (Consulte o Caderno Azul Oficial)
76;CH;140534;D;6;0;;2.79594;0.44013;0.15523;AZUL;1191;;0;2023;3.49534;Enunciado da Questão 76 (Consulte o Caderno Azul Oficial)
57;CH;141066;C;16;0;;2.69465;0.38977;0.1655;AZUL;1231;;0;2023;3.39249;Enunciado da Questão 57 (Consulte o Caderno Azul Oficial)
57;CH;141066;C;16;0;;2.69465;0.38977;0.1655;AZUL;1271;;0;2023;3.39249;Enunciado da Questão 57 (Consulte o Caderno Azul Oficial)
16;LC;140918;A;26;0;;2.96562;0.57507;0.16642;AZUL;1201;;0;2023;3.37393;"16 dez. 2017.
–LC • 1º DIA • CADERNO 1 • AZUL– 7"
17;LC;140926;D;26;0;;1.95105;-0.13372;0.19557;AZUL;1241;;0;2023;3.32541;"175AZ32*
01
1 Dia 1 Dia
1°Capa 4°Capa
Transcreva a sua Redação para a Folha de Redação.
Azul 1 1 Azul
Amarelo 2 2 Amarelo
Branco 3 1 3 Branco
Rosa 4 2 4 Rosa
3
Ledor 9 9 Ledor
Libras 10 4 10 Libras
5
6
7
8
O
9
H
10
N O
11
U
12 Ã
C
13 Ç
S
14 A
A
15 D
16 R
E
17
R
18
A
19
D
20
21
22
23
24
2 Dia 2 Dia
1°Capa 25 4°Capa
Libras 12 26 12 Libras
Ledor 11 11 Ledor
27
28
Rosa 8 8 Rosa
Azul 7 29 7 Azul
Cinza 6 6 Cinza
30
Amarelo 5 5 Amarelo
32 –1º DIA • CADERNO 1 • AZUL–
01
BBiigguurrrriillhhooss..iinndddd 11 1144//0066//22002222 1177::1122::0066"
17;LC;140926;D;26;0;;1.95105;-0.13372;0.19557;AZUL;1281;;0;2023;3.32541;"175AZ32*
01
1 Dia 1 Dia
1°Capa 4°Capa
Transcreva a sua Redação para a Folha de Redação.
Azul 1 1 Azul
Amarelo 2 2 Amarelo
Branco 3 1 3 Branco
Rosa 4 2 4 Rosa
3
Ledor 9 9 Ledor
Libras 10 4 10 Libras
5
6
7
8
O
9
H
10
N O
11
U
12 Ã
C
13 Ç
S
14 A
A
15 D
16 R
E
17
R
18
A
19
D
20
21
22
23
24
2 Dia 2 Dia
1°Capa 25 4°Capa
Libras 12 26 12 Libras
Ledor 11 11 Ledor
27
28
Rosa 8 8 Rosa
Azul 7 29 7 Azul
Cinza 6 6 Cinza
30
Amarelo 5 5 Amarelo
32 –1º DIA • CADERNO 1 • AZUL–
01
BBiigguurrrriillhhooss..iinndddd 11 1144//0066//22002222 1177::1122::0066"
11;LC;118301;D;23;0;;0.95292;-0.47764;0.00564;AZUL;1201;;0;2023;3.31056;"11 11 Ledor
Rosa 8 8 Rosa
Azul 7 7 Azul
Cinza 6 6 Cinza
Amarelo 5 5 Amarelo
*010175AZ1*
BBiigguurrrriillhhooss..iinndddd 11 1144//0066//22002222 1177::1122::0066"
21;LC;140942;D;25;0;;2.53674;0.2806;0.1843;AZUL;1201;;0;2023;3.31018;"21 (adaptado).
ainda, principalmente os velhos. Era uma cantiga alegre.
Luandi, além de cantar, acompanhava o ritmo batendo com A representação da mulher apresentada no Texto I pode
as palmas das mãos em um atabaque imaginário. Estava ser explicada pelo Texto II no que diz respeito à(às)
de regresso à terra. Voltava em casa. Chegava cantando,
AA censura a formas de expressão femininas.
dançando a doce e vitoriosa cantiga de regressar.
BB ausência da figura feminina na vida pública.
EVARISTO, C. Ponciá Vicêncio. Rio de Janeiro: Pallas, 2018.
CC construções imaginárias cristalizadas na sociedade.
A leitura do texto permite reconhecer a “cantiga de voltar”
como patrimônio linguístico que DD limitações inerentes às figuras femininas e masculinas.
AA representa a memória de uma língua africana extinta. EE dificuldade na atribuição de papéis masculinos e
BB exalta a rotina executada por jovens afrodescendentes. femininos.
CC preserva a ancestralidade africana por meio da
QUESTÃO 24
tradição oral.
DD resgata a musicalidade africana por meio de palavras #JuntasSomosMaisFortes
inteligíveis. Disque 180 A Defensoria não para!
EE remonta à tristeza dos negros mais velhos com
saudade da África.
QUESTÃO 23
Em tempos de isolamento
TEXTO I
social por conta da pandemia de
Zapeei os canais, como há dezenas de anos faço, e pá:
covid-19, a Defensoria Pública
parei num que exibia um episódio daquela velha família do alerta para o aumento da
futuro, Os Jetsons. violência contra a mulher!
Nesse epi"
33;LC;141475;A;22;0;;3.31899;0.8809;0.16091;AZUL;1241;;0;2023;3.19073;"33 anos
da mulher vítima de violência.
no desenho, poderia ser o que foram as minhas bisavós?
CC evidenciar o trabalho da Defensoria Pública em relação
O futuro, naquele desenho, se esqueceu de ser melhor
ao problema do abuso contra a mulher.
nas relações entre as pessoas. Aliás... tão parecido com a vida.
Fiquei de cara, como dizemos aqui, ou como dizíamos DD alertar a sociedade sobre o aumento da violência
na minha adolescência, pobre adolescência, aprendendo, contra a mulher em decorrência do coronavírus.
sem querer e sem muita defesa, um futuro tão besta quanto EE incentivar o público feminino a denunciar crimes
o passado. de violência contra a mulher durante o período de
RIBEIRO, A. E. Disponível em: www.rascunho.com br. Acesso em: 21 out. 2021 (adaptado). isolamento.
12 –LC • 1º DIA • CADERNO 1 • AZUL–"
33;LC;141475;A;22;0;;3.31899;0.8809;0.16091;AZUL;1281;;0;2023;3.19073;"33 anos
da mulher vítima de violência.
no desenho, poderia ser o que foram as minhas bisavós?
CC evidenciar o trabalho da Defensoria Pública em relação
O futuro, naquele desenho, se esqueceu de ser melhor
ao problema do abuso contra a mulher.
nas relações entre as pessoas. Aliás... tão parecido com a vida.
Fiquei de cara, como dizemos aqui, ou como dizíamos DD alertar a sociedade sobre o aumento da violência
na minha adolescência, pobre adolescência, aprendendo, contra a mulher em decorrência do coronavírus.
sem querer e sem muita defesa, um futuro tão besta quanto EE incentivar o público feminino a denunciar crimes
o passado. de violência contra a mulher durante o período de
RIBEIRO, A. E. Disponível em: www.rascunho.com br. Acesso em: 21 out. 2021 (adaptado). isolamento.
12 –LC • 1º DIA • CADERNO 1 • AZUL–"
49;CH;140489;C;27;0;;2.44955;0.28832;0.1725;AZUL;1271;;0;2023;3.17164;Enunciado da Questão 49 (Consulte o Caderno Azul Oficial)
49;CH;140489;C;27;0;;2.44955;0.28832;0.1725;AZUL;1231;;0;2023;3.17164;Enunciado da Questão 49 (Consulte o Caderno Azul Oficial)
62;CH;141118;C;7;0;;2.58516;0.39346;0.17772;AZUL;1191;;0;2023;3.1013400000000004;"62 QUESTÃO 64
Enormes alto-falantes sul-coreanos instalados na Txai Suruí, liderança da Juventude Indígena,
fronteira com o Norte costumavam transmitir desde profere seu discurso na abertura da COP-26
canções em estilo K-pop (como é chamado o pop “O clima está esquentando, os animais estão
sul-coreano) até boletins climáticos e noticiário crítico ao desaparecendo, os rios estão morrendo e nossas
vizinho comunista. O Norte costuma praticar atividade plantações não florescem como no passado. A Terra está
semelhante, transmitindo por seus alto-falantes discursos falando: ela nos diz que não temos mais tempo.”
críticos a Seul e aliados. Durante os anos 1980, o governo VICK, M. Quais são as conquistas do movimento indígena na COP-26.
sul-coreano construiu um mastro de 97 metros de altura Disponível em: www.nexojornal.com.br. Acesso em: 10 nov. 2021 (adaptado).
para hastear sua bandeira no povoado de Daesong-dong, O discurso da líder indígena explicita um problema global
relacionado ao(à)
na fronteira com o Norte. O Norte respondeu com a
construção de um mastro ainda mais alto (160 m) na AA manejo tradicional.
cidade fronteiriça de Gijung-dong. “Essas demonstrações BB reciclagem residual.
são uma válvula de escape competitiva e importante entre CC consumo consciente.
os dois lados, fora de um possível conflito militar”, diz o DD exploração predatória.
analista Ankit Panda.
EE reaproveitamento energético.
TAN, Y. Disputa de mastros e alto-falantes com K-pop: as pequenas picuinhas do"
15;LC;118195;B;30;0;;1.67063;-0.06011;0.08734;AZUL;1201;;0;2023;3.08489;"15 nov. 2021 (adaptado).
dentre os países que têm maior número de espectadores de
O artista goiano Wolney Fernandes busca expor seu
esporte eletrônico do mundo. Comparado ao ano anterior,
trabalho por meio de plataformas virtuais com o objetivo de
em 2020, o Brasil teve um marco de crescimento de 20%
na audiência. Mundo afora, a árdua dedicação de grandes AA dar suporte à técnica de colagem em Artes Visuais,
gamers contribuiu para o reconhecimento do Comitê Olímpico contornando dificuldades práticas.
Internacional, aliado a outras cinco federações esportivas BB aproximar-se da estética visual própria da editoração
e suas desenvolvedoras de jogos, que direcionaram um de obras artísticas, como capas de livros.
olhar mais atento ao assunto, permitindo dar o primeiro CC oferecer uma vitrine internacional para sua produção
passo para concretizar, pela primeira vez na história dos artística, a fim de dar mais visibilidade a suas obras.
jogos eletrônicos, um evento olímpico oficial. DD enfatizar o caráter original e inovador de suas criações
Disponível em: https://chicoterra.com. Acesso em: 19 nov. 2021 (adaptado). artísticas, diferenciando-se das artes tradicionais.
O contexto em que o esporte eletrônico é apresentado no EE trazer um sentido tecnológico às suas colagens, uma
texto demonstra o(a) vez que as imagens artísticas são recorrentes nas
redes sociais.
AA condição favorável à expansão dessa modalidade.
BB promoção dessa prática por jogadores profissionais. QUESTÃO 38
CC impu"
174;MT;126039;E;6;0;;1.55327;-0.28917;0.18185;AZUL;1211;;0;2023;3.0648;Enunciado da Questão 174 (Consulte o Caderno Azul Oficial)
97;CN;84041;A;3;0;;3.68114;1.27129;0.1;AZUL;1221;;0;2023;3.04841;"97 metros de altura Disponível em: www.nexojornal.com.br. Acesso em: 10 nov. 2021 (adaptado).
para hastear sua bandeira no povoado de Daesong-dong, O discurso da líder indígena explicita um problema global
relacionado ao(à)
na fronteira com o Norte. O Norte respondeu com a
construção de um mastro ainda mais alto (160 m) na AA manejo tradicional.
cidade fronteiriça de Gijung-dong. “Essas demonstrações BB reciclagem residual.
são uma válvula de escape competitiva e importante entre CC consumo consciente.
os dois lados, fora de um possível conflito militar”, diz o DD exploração predatória.
analista Ankit Panda.
EE reaproveitamento energético.
TAN, Y. Disputa de mastros e alto-falantes com K-pop: as pequenas picuinhas do conflito
entre as Coreias. Disponível em: www.bbc.com. Acesso em: 7 nov. 2021 (adaptado). QUESTÃO 65
Os atos de competição citados têm suas origens
históricas vinculadas a um contexto de
AA domínio cultural-identitário de atores sociais.
BB disputas étnico-raciais de povos tradicionais.
CC divergências político-ideológicas de agentes estatais.
DD imposição econômico-financeira de empresas
privadas.
EE protestos ecológico-sustentáveis de entidades
ambientais.
QUESTÃO 63
Seda, madeiras aromáticas e têxteis, obras de arte,
Nas reportagens publicadas sobre a inauguração do
lã, cristais e muitas, muitas peças de porcelana chegaram
Museu de Arte de São Paulo, em 1947, quando ele ainda
ao Brasil ao longo dos séculos XVII e XVIII. A opulência
ocupava um edifício na rua S"
67;CH;140611;A;19;0;;1.72609;-0.17378;0.1911;AZUL;1271;;0;2023;3.01802;"67 depois que o Talibã assumiu o controle de sua cidade
e milhares de criminosos condenados foram libertados
No sul da Bahia, desde o século XVIII, tem-se
da prisão, as ameaças de morte começaram. O país
registros de um tipo de sistema agroflorestal. Até hoje,
sempre foi considerado um dos lugares mais difíceis e
esse sistema é característica marcante da paisagem
perigosos do mundo para as mulheres. De acordo com
da região, conhecido como cabruca, que consiste no
estudos de organizações não governamentais, cerca de
cultivo do cacau à sombra do dossel da floresta nativa.
87% das mulheres e meninas serão vítimas de abuso
Esse sistema de cultivo do cacau (graças à tolerância
durante a vida.
da espécie à sombra) é considerado amigável para a
Disponível em: https://g1.globo.com. Acesso em: 12 out. 2021 (adaptado).
vida silvestre, pois apresenta superioridade em termos
O texto evidencia situação representativa de
de conservação da biodiversidade quando comparado
com outras plantações tropicais (monoculturas de dendê, AA afronta às estruturas sociais.
seringa ou café), agricultura ou pastagens. BB desprezo aos valores religiosos.
SOLLBERG, I.; SCHIAVETTI, A.; MORAES, M. E. B. Manejo agrícola no CC transgressão às normas morais.
Refúgio de Vida Silvestre de Una: agroflorestas como uma perspectiva
de conservação. Revista Árvore, n. 2, 2014 (adaptado). DD desrespeito à dignidade humana.
A prática produtiva apresentada é um exemplo de EE oposição aos princípios hierárquicos.
AA difusão "
67;CH;140611;A;19;0;;1.72609;-0.17378;0.1911;AZUL;1231;;0;2023;3.01802;"67 depois que o Talibã assumiu o controle de sua cidade
e milhares de criminosos condenados foram libertados
No sul da Bahia, desde o século XVIII, tem-se
da prisão, as ameaças de morte começaram. O país
registros de um tipo de sistema agroflorestal. Até hoje,
sempre foi considerado um dos lugares mais difíceis e
esse sistema é característica marcante da paisagem
perigosos do mundo para as mulheres. De acordo com
da região, conhecido como cabruca, que consiste no
estudos de organizações não governamentais, cerca de
cultivo do cacau à sombra do dossel da floresta nativa.
87% das mulheres e meninas serão vítimas de abuso
Esse sistema de cultivo do cacau (graças à tolerância
durante a vida.
da espécie à sombra) é considerado amigável para a
Disponível em: https://g1.globo.com. Acesso em: 12 out. 2021 (adaptado).
vida silvestre, pois apresenta superioridade em termos
O texto evidencia situação representativa de
de conservação da biodiversidade quando comparado
com outras plantações tropicais (monoculturas de dendê, AA afronta às estruturas sociais.
seringa ou café), agricultura ou pastagens. BB desprezo aos valores religiosos.
SOLLBERG, I.; SCHIAVETTI, A.; MORAES, M. E. B. Manejo agrícola no CC transgressão às normas morais.
Refúgio de Vida Silvestre de Una: agroflorestas como uma perspectiva
de conservação. Revista Árvore, n. 2, 2014 (adaptado). DD desrespeito à dignidade humana.
A prática produtiva apresentada é um exemplo de EE oposição aos princípios hierárquicos.
AA difusão "
64;CH;140544;C;6;0;;3.93201;1.29457;0.20117;AZUL;1271;;0;2023;2.9744600000000005;Enunciado da Questão 64 (Consulte o Caderno Azul Oficial)
64;CH;140544;C;6;0;;3.93201;1.29457;0.20117;AZUL;1231;;0;2023;2.9744600000000005;Enunciado da Questão 64 (Consulte o Caderno Azul Oficial)
34;LC;141405;C;4;0;;1.30934;-0.45847;0.20553;AZUL;1281;;0;2023;2.96644;Enunciado da Questão 34 (Consulte o Caderno Azul Oficial)
34;LC;141405;C;4;0;;1.30934;-0.45847;0.20553;AZUL;1241;;0;2023;2.96644;Enunciado da Questão 34 (Consulte o Caderno Azul Oficial)
40;LC;141231;D;9;0;;1.59315;-0.23802;0.19091;AZUL;1281;;0;2023;2.94581;Enunciado da Questão 40 (Consulte o Caderno Azul Oficial)
40;LC;141231;D;9;0;;1.59315;-0.23802;0.19091;AZUL;1241;;0;2023;2.94581;Enunciado da Questão 40 (Consulte o Caderno Azul Oficial)
41;LC;141204;B;10;0;;1.81453;-0.08926;0.19896;AZUL;1201;;0;2023;2.90204;Enunciado da Questão 41 (Consulte o Caderno Azul Oficial)
99;CN;14364;E;22;0;;1.30204;-0.26232;0.10055;AZUL;1261;;0;2023;2.8882900000000005;Enunciado da Questão 99 (Consulte o Caderno Azul Oficial)
99;CN;14364;E;22;0;;1.30204;-0.26232;0.10055;AZUL;1301;;0;2023;2.8882900000000005;Enunciado da Questão 99 (Consulte o Caderno Azul Oficial)
78;CH;141028;D;10;0;;2.27674;0.22219;0.20185;AZUL;1231;;0;2023;2.877660000000001;"78 SARTRE, J.-P. O ser e o nada: ensaio de ontologia fenomenológica.
Petrópolis: Vozes, 1997 (adaptado).
Os movimentos da agricultura urbana no Rio de
A postura determinista adotada pelo personagem
Janeiro vêm crescendo nos últimos vinte anos, tanto
Gerineldo contrasta com a ideia existencialista contida
por meio de reproduções de modelos de vida antigos,
no pensamento filosófico de Sartre porque
vinculados ao resgate dos próprios costumes, como — e
AA evidencia a manifestação do inconsciente.
cada vez mais — são revelados hábitos inventivos nos
quais moradores urbanos de diferentes classes sociais, BB nega a possibilidade de transcendência.
sem nenhuma referência anterior com o campo, passam a CC contraria o conhecimento difuso.
se dedicar a essas atividades. Ao possibilitar o acesso ao
DD sustenta a fugacidade da vida.
plantio e, consequentemente, à alimentação, permite-se
EE refuta a evolução biológica.
uma nova relação com o que se come, reduzindo o
percurso da cadeia produtiva e aproximando produtores
QUESTÃO 80
de consumidores, pois ambos se confundem nas
experiências de agricultura urbana. O Golpe Militar de 1964 foi implacável no combate
PORTILHO, M.; RODRIGUES, C. G. O.; FERNANDEZ, A. C. F. Cultivando relações no ao que restava das Ligas Camponesas, generalizadas na
arranjo local da Penha: a mobilização de mulheres a partir das práticas de agricultura década anterior. No entanto, em relação aos sindicatos,
urbana na favela. Cidades, Comunidades e Territórios, n. 42, "
78;CH;141028;D;10;0;;2.27674;0.22219;0.20185;AZUL;1271;;0;2023;2.877660000000001;"78 SARTRE, J.-P. O ser e o nada: ensaio de ontologia fenomenológica.
Petrópolis: Vozes, 1997 (adaptado).
Os movimentos da agricultura urbana no Rio de
A postura determinista adotada pelo personagem
Janeiro vêm crescendo nos últimos vinte anos, tanto
Gerineldo contrasta com a ideia existencialista contida
por meio de reproduções de modelos de vida antigos,
no pensamento filosófico de Sartre porque
vinculados ao resgate dos próprios costumes, como — e
AA evidencia a manifestação do inconsciente.
cada vez mais — são revelados hábitos inventivos nos
quais moradores urbanos de diferentes classes sociais, BB nega a possibilidade de transcendência.
sem nenhuma referência anterior com o campo, passam a CC contraria o conhecimento difuso.
se dedicar a essas atividades. Ao possibilitar o acesso ao
DD sustenta a fugacidade da vida.
plantio e, consequentemente, à alimentação, permite-se
EE refuta a evolução biológica.
uma nova relação com o que se come, reduzindo o
percurso da cadeia produtiva e aproximando produtores
QUESTÃO 80
de consumidores, pois ambos se confundem nas
experiências de agricultura urbana. O Golpe Militar de 1964 foi implacável no combate
PORTILHO, M.; RODRIGUES, C. G. O.; FERNANDEZ, A. C. F. Cultivando relações no ao que restava das Ligas Camponesas, generalizadas na
arranjo local da Penha: a mobilização de mulheres a partir das práticas de agricultura década anterior. No entanto, em relação aos sindicatos,
urbana na favela. Cidades, Comunidades e Territórios, n. 42, "
3;LC;141715;E;8;0;;2.65505;0.51608;0.18619;AZUL;1201;1.0;0;2023;2.8309100000000003;"3. P ara cada uma das questões objetivas, são apresentadas 5 opções. Apenas uma responde
corretamente à questão.
4. O tempo disponível para estas provas é de cinco horas e trinta minutos.
5. Reserve tempo suficiente para preencher o CARTÃO-RESPOSTA e a FOLHA DE REDAÇÃO.
6. O s rascunhos e as marcações assinaladas no CADERNO DE QUESTÕES não serão considerados na
avaliação.
7. Somente serão corrigidas as redações transcritas na FOLHA DE REDAÇÃO.
8. Q uando terminar as provas, acene para chamar o aplicador e entregue este CADERNO DE QUESTÕES
e o CARTÃO-RESPOSTA/FOLHA DE REDAÇÃO.
9. V ocê poderá deixar o local de prova somente após decorridas duas horas do início da aplicação e
poderá levar seu CADERNO DE QUESTÕES ao deixar em definitivo a sala de prova nos 30 minutos
que antecedem o término das provas.
0 1
1 Dia 1 Dia
1°Capa 4°Capa
Azul 1 1 Azul
Amarelo 2 2 Amarelo
Branco 3 3 Branco
Rosa 4 4 Rosa
Ledor 9 9 Ledor
Libras 10 10 Libras
2 Dia 2 Dia
1°Capa 4°Capa
Libras 12 12 Libras
Ledor 11 11 Ledor
Rosa 8 8 Rosa
Azul 7 7 Azul
Cinza 6 6 Cinza
Amarelo 5 5 Amarelo
*010175AZ1*
BBiigguurrrriillhhooss..iinndddd 11 1144//0066//22002222 1177::1122::0066"
49;CH;140581;E;8;0;;2.88883;0.67105;0.18912;AZUL;1191;;0;2023;2.81891;Enunciado da Questão 49 (Consulte o Caderno Azul Oficial)
47;CH;141345;E;26;0;;1.64714;-0.15918;0.19597;AZUL;1271;;0;2023;2.79197;"47 TEXTO II
Felizes tempos eram esses! As moças iam à missa de Dentre as províncias da Região Oeste, Xinjiang se
madrugada. De dia ninguém as via e se alguma, em dia destaca ao receber mais de 1,7 milhão de migrantes entre
de festa, queria passear com a avó ou a tia, havia de ir de 2000 e 2010. O principal motivo desse fluxo migratório
é que o governo fornece subsídios à população visando
cadeirinhas. Bem razão têm os nossos velhos de chorar
aumentar a proporção de chineses da etnia Han em
por esses tempos, em que as filhas não sabiam escrever,
relação à população local de etnias turca e muçulmana.
e por isso não mandavam nem recebiam bilhetinhos.
ALVES, F.; TOYOSHIMA, S. Disparidade socioeconômica e fluxo migratório chinês:
Novo Correio de Modas, 1853, apud DONEGÁ, A. L. Publicar ficção em
interpretação de eventos contemporâneos segundo os clássicos do desenvolvimento.
meados do século XIX: um estudo das revistas femininas editadas
Revista de Economia Contemporânea, n. 1, jan.-abr. 2017 (adaptado).
pelos irmãos Laemmert. Campinas: Unicamp, 2013 (adaptado).
Na perspectiva do autor, as tradições e os costumes A política demográfica para a província mencionada
sociofamiliares sofreram alterações, no século XIX, nos textos é parte da seguinte ação estratégica do
decorrentes de quais fatores? governo chinês:
AA Hábitos de leitura e mobilidade regional. AA Promover a ocupação rural.
BB Circulação de impressos e trânsito religioso. BB Favorecer a liberdade religiosa.
CC Valorização"
47;CH;141345;E;26;0;;1.64714;-0.15918;0.19597;AZUL;1231;;0;2023;2.79197;"47 TEXTO II
Felizes tempos eram esses! As moças iam à missa de Dentre as províncias da Região Oeste, Xinjiang se
madrugada. De dia ninguém as via e se alguma, em dia destaca ao receber mais de 1,7 milhão de migrantes entre
de festa, queria passear com a avó ou a tia, havia de ir de 2000 e 2010. O principal motivo desse fluxo migratório
é que o governo fornece subsídios à população visando
cadeirinhas. Bem razão têm os nossos velhos de chorar
aumentar a proporção de chineses da etnia Han em
por esses tempos, em que as filhas não sabiam escrever,
relação à população local de etnias turca e muçulmana.
e por isso não mandavam nem recebiam bilhetinhos.
ALVES, F.; TOYOSHIMA, S. Disparidade socioeconômica e fluxo migratório chinês:
Novo Correio de Modas, 1853, apud DONEGÁ, A. L. Publicar ficção em
interpretação de eventos contemporâneos segundo os clássicos do desenvolvimento.
meados do século XIX: um estudo das revistas femininas editadas
Revista de Economia Contemporânea, n. 1, jan.-abr. 2017 (adaptado).
pelos irmãos Laemmert. Campinas: Unicamp, 2013 (adaptado).
Na perspectiva do autor, as tradições e os costumes A política demográfica para a província mencionada
sociofamiliares sofreram alterações, no século XIX, nos textos é parte da seguinte ação estratégica do
decorrentes de quais fatores? governo chinês:
AA Hábitos de leitura e mobilidade regional. AA Promover a ocupação rural.
BB Circulação de impressos e trânsito religioso. BB Favorecer a liberdade religiosa.
CC Valorização"
115;CN;41122;C;15;0;;2.94887;0.69942;0.20571;AZUL;1301;;0;2023;2.7709299999999994;Enunciado da Questão 115 (Consulte o Caderno Azul Oficial)
115;CN;41122;C;15;0;;2.94887;0.69942;0.20571;AZUL;1261;;0;2023;2.7709299999999994;Enunciado da Questão 115 (Consulte o Caderno Azul Oficial)
2;LC;140565;D;5;0;;2.78457;0.65111;0.16995;AZUL;1281;1.0;0;2023;2.7660600000000004;"2. Confira se a quantidade e a ordem das questões do seu CADERNO DE QUESTÕES estão de acordo
com as instruções anteriores. Caso o caderno esteja incompleto, tenha defeito ou apresente qualquer
divergência, comunique ao aplicador da sala para que ele tome as providências cabíveis.
3. P ara cada uma das questões objetivas, são apresentadas 5 opções. Apenas uma responde
corretamente à questão.
4. O tempo disponível para estas provas é de cinco horas e trinta minutos.
5. Reserve tempo suficiente para preencher o CARTÃO-RESPOSTA e a FOLHA DE REDAÇÃO.
6. O s rascunhos e as marcações assinaladas no CADERNO DE QUESTÕES não serão considerados na
avaliação.
7. Somente serão corrigidas as redações transcritas na FOLHA DE REDAÇÃO.
8. Q uando terminar as provas, acene para chamar o aplicador e entregue este CADERNO DE QUESTÕES
e o CARTÃO-RESPOSTA/FOLHA DE REDAÇÃO.
9. V ocê poderá deixar o local de prova somente após decorridas duas horas do início da aplicação e
poderá levar seu CADERNO DE QUESTÕES ao deixar em definitivo a sala de prova nos 30 minutos
que antecedem o término das provas.
0 1
1 Dia 1 Dia
1°Capa 4°Capa
Azul 1 1 Azul
Amarelo 2 2 Amarelo
Branco 3 3 Branco
Rosa 4 4 Rosa
Ledor 9 9 Ledor
Libras 10 10 Libras
2 Dia 2 Dia
1°Capa 4°Capa
Libras 12 12 Libras
Ledor 11 11 Ledor
Rosa 8 8 Rosa
Azul 7 7 Azul
Cinza 6 6 Cinza
Amarelo 5 5 Amarelo
*010175AZ1*
BBiigguurrrriillhhooss..iinndddd 11 1144//0066//22002222 1177::1122::0066"
2;LC;140565;D;5;0;;2.78457;0.65111;0.16995;AZUL;1241;1.0;0;2023;2.7660600000000004;"2. Confira se a quantidade e a ordem das questões do seu CADERNO DE QUESTÕES estão de acordo
com as instruções anteriores. Caso o caderno esteja incompleto, tenha defeito ou apresente qualquer
divergência, comunique ao aplicador da sala para que ele tome as providências cabíveis.
3. P ara cada uma das questões objetivas, são apresentadas 5 opções. Apenas uma responde
corretamente à questão.
4. O tempo disponível para estas provas é de cinco horas e trinta minutos.
5. Reserve tempo suficiente para preencher o CARTÃO-RESPOSTA e a FOLHA DE REDAÇÃO.
6. O s rascunhos e as marcações assinaladas no CADERNO DE QUESTÕES não serão considerados na
avaliação.
7. Somente serão corrigidas as redações transcritas na FOLHA DE REDAÇÃO.
8. Q uando terminar as provas, acene para chamar o aplicador e entregue este CADERNO DE QUESTÕES
e o CARTÃO-RESPOSTA/FOLHA DE REDAÇÃO.
9. V ocê poderá deixar o local de prova somente após decorridas duas horas do início da aplicação e
poderá levar seu CADERNO DE QUESTÕES ao deixar em definitivo a sala de prova nos 30 minutos
que antecedem o término das provas.
0 1
1 Dia 1 Dia
1°Capa 4°Capa
Azul 1 1 Azul
Amarelo 2 2 Amarelo
Branco 3 3 Branco
Rosa 4 4 Rosa
Ledor 9 9 Ledor
Libras 10 10 Libras
2 Dia 2 Dia
1°Capa 4°Capa
Libras 12 12 Libras
Ledor 11 11 Ledor
Rosa 8 8 Rosa
Azul 7 7 Azul
Cinza 6 6 Cinza
Amarelo 5 5 Amarelo
*010175AZ1*
BBiigguurrrriillhhooss..iinndddd 11 1144//0066//22002222 1177::1122::0066"
85;CH;141129;A;14;0;;2.76836;0.6298;0.17991;AZUL;1271;;0;2023;2.74777;"85 QUESTÃO 87
Produtores rurais europeus são antigos opositores TEXTO I
de um grande acordo com o Mercosul. Na visão deles, Oriunda da Romênia, Genny Gleizer aportou no Brasil
existe um nítido risco de concorrência desleal, pois, na em 1932. Assim como milhares de judeus do Leste Europeu,
Europa, é preciso seguir regras mais rígidas de produção, sua vinda para o Brasil ocorreu em um momento de ascensão
oque encarece o processo. Assim, eles não conseguiriam do antissemitismo na Europa que tornava precárias suas
competir com os preços, por exemplo, da carne brasileira vidas. O Brasil se colocava como uma possibilidade na
e teriam seus negócios ameaçados. Por outro lado, o setor busca por condições de sobrevivência e desenvolvimento.
industrial europeu se mobiliza a favor do acordo, uma
ANTÃO, A. C. C. B. Gênero, imigração e política: o caso da judia comunista Genny Gleizer
vez que as reduções de tarifas no comércio internacional no Governo Vargas (1932-1935). Rio de Janeiro: Casa de Oswaldo Cruz, 2017 (adaptado).
dariam maior acesso ao mercado sul-americano. Um TEXTO II
exemplo é o setor automotivo europeu, que prevê maior A presença judaica no Brasil foi criando aos poucos
participação e concorrência nos países do Mercosul caso certas desconfianças que se refletiram em órgãos da
oacordo siga em frente. imprensa e em círculos intelectuais e políticos. Em parte,
ROUBICEK, M. Como o risco ambiental afeta o acordo entre Mercosul e União Europeia. essa imagem negativa adviria da on"
85;CH;141129;A;14;0;;2.76836;0.6298;0.17991;AZUL;1231;;0;2023;2.74777;"85 QUESTÃO 87
Produtores rurais europeus são antigos opositores TEXTO I
de um grande acordo com o Mercosul. Na visão deles, Oriunda da Romênia, Genny Gleizer aportou no Brasil
existe um nítido risco de concorrência desleal, pois, na em 1932. Assim como milhares de judeus do Leste Europeu,
Europa, é preciso seguir regras mais rígidas de produção, sua vinda para o Brasil ocorreu em um momento de ascensão
oque encarece o processo. Assim, eles não conseguiriam do antissemitismo na Europa que tornava precárias suas
competir com os preços, por exemplo, da carne brasileira vidas. O Brasil se colocava como uma possibilidade na
e teriam seus negócios ameaçados. Por outro lado, o setor busca por condições de sobrevivência e desenvolvimento.
industrial europeu se mobiliza a favor do acordo, uma
ANTÃO, A. C. C. B. Gênero, imigração e política: o caso da judia comunista Genny Gleizer
vez que as reduções de tarifas no comércio internacional no Governo Vargas (1932-1935). Rio de Janeiro: Casa de Oswaldo Cruz, 2017 (adaptado).
dariam maior acesso ao mercado sul-americano. Um TEXTO II
exemplo é o setor automotivo europeu, que prevê maior A presença judaica no Brasil foi criando aos poucos
participação e concorrência nos países do Mercosul caso certas desconfianças que se refletiram em órgãos da
oacordo siga em frente. imprensa e em círculos intelectuais e políticos. Em parte,
ROUBICEK, M. Como o risco ambiental afeta o acordo entre Mercosul e União Europeia. essa imagem negativa adviria da on"
30;LC;140921;B;29;0;;1.98881;0.13165;0.16935;AZUL;1281;;0;2023;2.73592;"30 minutos
que antecedem o término das provas.
0 1
1 Dia 1 Dia
1°Capa 4°Capa
Azul 1 1 Azul
Amarelo 2 2 Amarelo
Branco 3 3 Branco
Rosa 4 4 Rosa
Ledor 9 9 Ledor
Libras 10 10 Libras
2 Dia 2 Dia
1°Capa 4°Capa
Libras 12 12 Libras
Ledor 11 11 Ledor
Rosa 8 8 Rosa
Azul 7 7 Azul
Cinza 6 6 Cinza
Amarelo 5 5 Amarelo
*010175AZ1*
BBiigguurrrriillhhooss..iinndddd 11 1144//0066//22002222 1177::1122::0066"
30;LC;140921;B;29;0;;1.98881;0.13165;0.16935;AZUL;1241;;0;2023;2.73592;"30 minutos
que antecedem o término das provas.
0 1
1 Dia 1 Dia
1°Capa 4°Capa
Azul 1 1 Azul
Amarelo 2 2 Amarelo
Branco 3 3 Branco
Rosa 4 4 Rosa
Ledor 9 9 Ledor
Libras 10 10 Libras
2 Dia 2 Dia
1°Capa 4°Capa
Libras 12 12 Libras
Ledor 11 11 Ledor
Rosa 8 8 Rosa
Azul 7 7 Azul
Cinza 6 6 Cinza
Amarelo 5 5 Amarelo
*010175AZ1*
BBiigguurrrriillhhooss..iinndddd 11 1144//0066//22002222 1177::1122::0066"
13;LC;95315;E;9;0;;1.63827;-0.0426;0.13773;AZUL;1241;;0;2023;2.71569;"13 nov. 2021 (adaptado).
A manifestação do Marabaixo se constituiu em expressão
O movimento rap dos povos originários do Brasil revela o(a)
de arte e cultura, exercendo função de
AA ressignificar episódios dramáticos em novas práticas AA fusão de manifestações artísticas urbanas
contemporâneas com a cultura indígena.
culturais.
BB adaptar coreografias como imitação dos movimentos BB contraposição das temáticas socioambientais
indígenas às questões urbanas.
do mar.
CC lembrar dos mortos no passado escravista como forma CC rejeição da indústria radiofônica às músicas indígenas.
de lamento. DD distanciamento da realidade social indígena.
DD perpetuar uma narrativa de apagamento dos fatos EE estímulo ao estudo da poesia indígena.
históricos traumáticos.
EE ritualizar a passagem de atos fúnebres nas produções
coletivas com espírito festivo.
16 –LC • 1º DIA • CADERNO 1 • AZUL–"
13;LC;95315;E;9;0;;1.63827;-0.0426;0.13773;AZUL;1281;;0;2023;2.71569;"13 nov. 2021 (adaptado).
A manifestação do Marabaixo se constituiu em expressão
O movimento rap dos povos originários do Brasil revela o(a)
de arte e cultura, exercendo função de
AA ressignificar episódios dramáticos em novas práticas AA fusão de manifestações artísticas urbanas
contemporâneas com a cultura indígena.
culturais.
BB adaptar coreografias como imitação dos movimentos BB contraposição das temáticas socioambientais
indígenas às questões urbanas.
do mar.
CC lembrar dos mortos no passado escravista como forma CC rejeição da indústria radiofônica às músicas indígenas.
de lamento. DD distanciamento da realidade social indígena.
DD perpetuar uma narrativa de apagamento dos fatos EE estímulo ao estudo da poesia indígena.
históricos traumáticos.
EE ritualizar a passagem de atos fúnebres nas produções
coletivas com espírito festivo.
16 –LC • 1º DIA • CADERNO 1 • AZUL–"
162;MT;125965;C;10;0;;2.47907;0.45055;0.17829;AZUL;1291;;0;2023;2.71504;Enunciado da Questão 162 (Consulte o Caderno Azul Oficial)
162;MT;125965;C;10;0;;2.47907;0.45055;0.17829;AZUL;1251;;0;2023;2.71504;Enunciado da Questão 162 (Consulte o Caderno Azul Oficial)
5;LC;15035;A;6;0;;1.77757;-0.01459;0.17756;AZUL;1201;1.0;0;2023;2.71111;"5, relativas à área de Linguagens, Códigos e suas Tecnologias;
b) Proposta de Redação;
c) questões de número 46 a 90, relativas à área de Ciências Humanas e suas Tecnologias.
ATENÇÃO: as questões de 01 a 05 são relativas à língua estrangeira. Você deverá responder apenas
às questões relativas à língua estrangeira (inglês ou espanhol) escolhida no ato de sua inscrição.
2. Confira se a quantidade e a ordem das questões do seu CADERNO DE QUESTÕES estão de acordo
com as instruções anteriores. Caso o caderno esteja incompleto, tenha defeito ou apresente qualquer
divergência, comunique ao aplicador da sala para que ele tome as providências cabíveis.
3. P ara cada uma das questões objetivas, são apresentadas 5 opções. Apenas uma responde
corretamente à questão.
4. O tempo disponível para estas provas é de cinco horas e trinta minutos.
5. Reserve tempo suficiente para preencher o CARTÃO-RESPOSTA e a FOLHA DE REDAÇÃO.
6. O s rascunhos e as marcações assinaladas no CADERNO DE QUESTÕES não serão considerados na
avaliação.
7. Somente serão corrigidas as redações transcritas na FOLHA DE REDAÇÃO.
8. Q uando terminar as provas, acene para chamar o aplicador e entregue este CADERNO DE QUESTÕES
e o CARTÃO-RESPOSTA/FOLHA DE REDAÇÃO.
9. V ocê poderá deixar o local de prova somente após decorridas duas horas do início da aplicação e
poderá levar seu CADERNO DE QUESTÕES ao deixar em definitivo a sala de prova nos 30 minutos
que antecedem o término das provas.
0 1
1 Dia 1 Dia
1°Capa 4°Capa
Azul 1 "
96;CN;63155;D;26;0;;3.97972;1.34607;0.24211;AZUL;1221;;0;2023;2.7106799999999995;Enunciado da Questão 96 (Consulte o Caderno Azul Oficial)
56;CH;140426;E;28;0;;2.81419;0.63293;0.20398;AZUL;1231;;0;2023;2.70969;Enunciado da Questão 56 (Consulte o Caderno Azul Oficial)
56;CH;140426;E;28;0;;2.81419;0.63293;0.20398;AZUL;1271;;0;2023;2.70969;Enunciado da Questão 56 (Consulte o Caderno Azul Oficial)
48;CH;140184;B;23;0;;2.24911;0.26187;0.21039;AZUL;1271;;0;2023;2.66066;Enunciado da Questão 48 (Consulte o Caderno Azul Oficial)
48;CH;140184;B;23;0;;2.24911;0.26187;0.21039;AZUL;1231;;0;2023;2.66066;Enunciado da Questão 48 (Consulte o Caderno Azul Oficial)
70;CH;95744;C;15;0;;2.88236;0.7685;0.1722;AZUL;1191;;0;2023;2.5982199999999995;"70 QUESTÃO 72
No cemitério, a sociedade religiosa encarregada do TEXTO I
funeral, aterrorizada, apressou a cerimônia de tal forma que Por hora, apenas os mais abastados poderão sonhar
a mãe de Herzog perdeu o momento em que o caixão do em viajar ao espaço, seja por um foguete ou por um avião
filho começou a ser coberto pela terra. Quatro jornalistas híbrido, mas toda a população global poderá sentir os
que estavam presos no DOI chegaram para assistir ao efeitos dessas viagens e avanços tecnológicos. Para uma
sepultamento. Um se afastara, chorando. Dizia: Eles matam, aventura dessas, as empresas tiveram que criar novas
eles matam! Não pergunte nada. Não podemos dizer tecnologias que podem, em algum momento, voltar para a
nada. Eles matam mesmo. Falava-se baixo. Ouviram-se sociedade. A câmera fotográfica, hoje comum no mundo,
dois curtos discursos. O primeiro, da atriz Ruth Escobar: antes foi uma invenção para ser usada em telescópios, e
Até quando vamos suportar tanta violência? Até quando otitânio, usado até na medicina, foi desenvolvido para a
vamos continuar enterrando nossos mortos em silêncio? construção de foguetes.
No segundo, Audálio Dantas recitou o Navio negreiro, de ORLANDO, G. Corrida espacial dos bilionários pode trazer vantagens para todos.
Disponível em: https://noticias.r7.com. Acesso em: 5 nov. 2021 (adaptado).
Castro Alves: Senhor Deus dos desgraçados / Dizei-me
Vós, Senhor Deus / Se é mentira, se é verdade, / Tanto TEXTO II
horror perante os céus. BILIONÁRIO"
112;CN;11543;E;12;0;;1.97133;0.18515;0.1645;AZUL;1261;;0;2023;2.56471;Enunciado da Questão 112 (Consulte o Caderno Azul Oficial)
112;CN;11543;E;12;0;;1.97133;0.18515;0.1645;AZUL;1301;;0;2023;2.56471;Enunciado da Questão 112 (Consulte o Caderno Azul Oficial)
172;MT;14812;D;20;0;;1.56944;-0.00093;0.11987;AZUL;1291;;0;2023;2.54232;Enunciado da Questão 172 (Consulte o Caderno Azul Oficial)
172;MT;14812;D;20;0;;1.56944;-0.00093;0.11987;AZUL;1251;;0;2023;2.54232;Enunciado da Questão 172 (Consulte o Caderno Azul Oficial)
168;MT;82009;D;2;0;;1.97365;0.14531;0.19547;AZUL;1251;;0;2023;2.53402;Enunciado da Questão 168 (Consulte o Caderno Azul Oficial)
168;MT;82009;D;2;0;;1.97365;0.14531;0.19547;AZUL;1291;;0;2023;2.53402;Enunciado da Questão 168 (Consulte o Caderno Azul Oficial)
106;CN;141723;C;11;0;;2.6872;0.69491;0.15317;AZUL;1221;;0;2023;2.52382;Enunciado da Questão 106 (Consulte o Caderno Azul Oficial)
50;CH;140588;B;28;0;;2.21675;0.28898;0.20874;AZUL;1231;;0;2023;2.5228600000000005;"50 TEXTO II
Paulo Freire construiu uma pedagogia da esperança.
Superar a história da escravidão como principal marca
Na sua concepção, a história não é algo pronto e acabado.
da trajetória do negro no país tem sido uma tônica daqueles
As estruturas de opressão e as desigualdades, apesar
que se dedicam a pesquisar as heranças de origem afro
de serem naturalizadas, são sócio e historicamente
à cultura brasileira. A esse esforço de reconstrução
construídas. Daí a importância de os educandos tomarem
da própria história do país, alia-se agora a criação da
consciência da sua realidade para, assim, transformá-la.
plataforma digital Ancestralidades. “A história do negro
DEMARCHI, J. L. Paulo Freire. Disponível em: https://diplomatique.org.br.
no Brasil vai continuar sendo contada, e cada passo que Acesso em: 6 out. 2021 (adaptado).
a gente dá para trás é um passo que a gente avança”, diz Com base no conceito de ética pedagógica presente nos
Márcio Black, idealizador da plataforma, sobre o estudo textos, os educandos tornam-se responsáveis pela
de figuras ainda encobertas pela perspectiva histórica AA participação sociopolítica.
imposta pelos colonizadores da América. BB definição estético-cultural.
FIORATI, G. Projeto joga luz sobre negros e revê perspectiva histórica. CC competição econômica local.
Disponível em: www1.folha.uol.com.br. Acesso em: 10 nov. 2021 (adaptado).
DD manutenção do sistema escolar.
Em relação ao conhecimento sobre a formação cultural
EE capacitação de mobilida"
50;CH;140588;B;28;0;;2.21675;0.28898;0.20874;AZUL;1271;;0;2023;2.5228600000000005;"50 TEXTO II
Paulo Freire construiu uma pedagogia da esperança.
Superar a história da escravidão como principal marca
Na sua concepção, a história não é algo pronto e acabado.
da trajetória do negro no país tem sido uma tônica daqueles
As estruturas de opressão e as desigualdades, apesar
que se dedicam a pesquisar as heranças de origem afro
de serem naturalizadas, são sócio e historicamente
à cultura brasileira. A esse esforço de reconstrução
construídas. Daí a importância de os educandos tomarem
da própria história do país, alia-se agora a criação da
consciência da sua realidade para, assim, transformá-la.
plataforma digital Ancestralidades. “A história do negro
DEMARCHI, J. L. Paulo Freire. Disponível em: https://diplomatique.org.br.
no Brasil vai continuar sendo contada, e cada passo que Acesso em: 6 out. 2021 (adaptado).
a gente dá para trás é um passo que a gente avança”, diz Com base no conceito de ética pedagógica presente nos
Márcio Black, idealizador da plataforma, sobre o estudo textos, os educandos tornam-se responsáveis pela
de figuras ainda encobertas pela perspectiva histórica AA participação sociopolítica.
imposta pelos colonizadores da América. BB definição estético-cultural.
FIORATI, G. Projeto joga luz sobre negros e revê perspectiva histórica. CC competição econômica local.
Disponível em: www1.folha.uol.com.br. Acesso em: 10 nov. 2021 (adaptado).
DD manutenção do sistema escolar.
Em relação ao conhecimento sobre a formação cultural
EE capacitação de mobilida"
59;CH;48747;A;3;0;;1.70103;0.11476;0.11185;AZUL;1191;;0;2023;2.49853;"59 funciona com um pozinho mágico. Ela funciona por meio
de trabalhadores que treinam algoritmos incansavelmente
Do século XVI em diante, pelo menos nas classes
até que eles automatizem seus próprios trabalhos.
mais altas, o garfo passou a ser usado como utensílio
A Inteligência Artificial (IA) da economia freelancer está vindo atrás de você.
para comer, chegando através da Itália primeiramente à Disponível em: https://mittechreview.com.br. Acesso em: 6 out. 2021 (adaptado).
França e, em seguida, à Inglaterra e à Alemanha, depois
O texto critica a mudança tecnológica em razão da
de ter servido, durante algum tempo, apenas para retirar
seguinte consequência:
alimentos sólidos da travessa. Henrique III introduziu-o
AA Diversificação da função.
na França, trazendo-o provavelmente de Veneza. Seus
cortesãos não foram pouco ridicularizados por essa BB Mobilidade da população.
maneira “afetada” de comer e, no princípio, não eram CC Autonomia do empregado.
muito hábeis no uso do utensílio: pelo menos se dizia DD Concentração da produção.
que metade da comida caía do garfo no caminho do prato
EE Invisibilidade do profissional.
à boca. Em data tão recente como o século XVII, o garfo
era ainda basicamente artigo de luxo, geralmente feito de
prata ou ouro.
ELIAS, N. O processo civilizador: uma história dos costumes.
Rio de Janeiro: Zahar, 1994.
–CH • 1º DIA • CADERNO 1 • AZUL– 23"
36;LC;141005;B;1;0;;1.75502;-0.00715;0.20829;AZUL;1241;;0;2023;2.4900400000000005;"36 brasileiros desse gênero musical. O Brô MCs conseguiu
influenciar outros a fazerem rap e a lutarem pelas causas
O Marabaixo é uma expressão artístico-cultural
indígenas. Um dos nomes do movimento, Kunumí MC,
formada nas tradições e na identificação cultural entre as
é um jovem de 16 anos, da aldeia Krukutu, em São Paulo.
comunidades negras do Amapá. O nome remonta às mortes
O adolescente enxerga o rap como uma cultura da defesa
de escravizados em navios negreiros que eram jogados na
e começou a fazer rimas quando percebeu que a poesia,
água. Em sua homenagem, hinos de lamento eram cantados
pela qual sempre se interessou, podia virar música.
mar abaixo, mar acima. Posteriormente, o Marabaixo se
Nas letras que cria, inspiradas tanto pelo rap quanto pelos
integrou à vivência das comunidades negras em um ciclo
ritmos indígenas, tenta incluir sempre assuntos aos quais
de danças, cantorias com tambores e festas religiosas,
acha importante dar voz, principalmente, a questão da
recebendo, em 2018, o título de Patrimônio Cultural do Brasil.
demarcação de terras.
Disponível em: http://portal.iphan.gov.br. Acesso em: 15 nov. 2021 (adaptado).
Disponível em: www.correiobraziliense.com.br. Acesso em: 13 nov. 2021 (adaptado).
A manifestação do Marabaixo se constituiu em expressão
O movimento rap dos povos originários do Brasil revela o(a)
de arte e cultura, exercendo função de
AA ressignificar episódios dramáticos em novas práticas AA fusão de manifestações artísticas urbanas
contemporân"
36;LC;141005;B;1;0;;1.75502;-0.00715;0.20829;AZUL;1281;;0;2023;2.4900400000000005;"36 brasileiros desse gênero musical. O Brô MCs conseguiu
influenciar outros a fazerem rap e a lutarem pelas causas
O Marabaixo é uma expressão artístico-cultural
indígenas. Um dos nomes do movimento, Kunumí MC,
formada nas tradições e na identificação cultural entre as
é um jovem de 16 anos, da aldeia Krukutu, em São Paulo.
comunidades negras do Amapá. O nome remonta às mortes
O adolescente enxerga o rap como uma cultura da defesa
de escravizados em navios negreiros que eram jogados na
e começou a fazer rimas quando percebeu que a poesia,
água. Em sua homenagem, hinos de lamento eram cantados
pela qual sempre se interessou, podia virar música.
mar abaixo, mar acima. Posteriormente, o Marabaixo se
Nas letras que cria, inspiradas tanto pelo rap quanto pelos
integrou à vivência das comunidades negras em um ciclo
ritmos indígenas, tenta incluir sempre assuntos aos quais
de danças, cantorias com tambores e festas religiosas,
acha importante dar voz, principalmente, a questão da
recebendo, em 2018, o título de Patrimônio Cultural do Brasil.
demarcação de terras.
Disponível em: http://portal.iphan.gov.br. Acesso em: 15 nov. 2021 (adaptado).
Disponível em: www.correiobraziliense.com.br. Acesso em: 13 nov. 2021 (adaptado).
A manifestação do Marabaixo se constituiu em expressão
O movimento rap dos povos originários do Brasil revela o(a)
de arte e cultura, exercendo função de
AA ressignificar episódios dramáticos em novas práticas AA fusão de manifestações artísticas urbanas
contemporân"
169;MT;53181;B;26;0;;2.23246;0.40894;0.15192;AZUL;1291;;0;2023;2.4785000000000004;Enunciado da Questão 169 (Consulte o Caderno Azul Oficial)
169;MT;53181;B;26;0;;2.23246;0.40894;0.15192;AZUL;1251;;0;2023;2.4785000000000004;Enunciado da Questão 169 (Consulte o Caderno Azul Oficial)
76;CH;140180;A;11;0;;2.54102;0.57876;0.1767;AZUL;1271;;0;2023;2.46226;Enunciado da Questão 76 (Consulte o Caderno Azul Oficial)
76;CH;140180;A;11;0;;2.54102;0.57876;0.1767;AZUL;1231;;0;2023;2.46226;Enunciado da Questão 76 (Consulte o Caderno Azul Oficial)
90;CH;140539;E;7;0;;2.09613;0.22557;0.2149;AZUL;1231;;0;2023;2.44105;"90 questões numeradas de 01 a 90 e a Proposta de Redação,
dispostas da seguinte maneira:
a) questões de número 01 a 45, relativas à área de Linguagens, Códigos e suas Tecnologias;
b) Proposta de Redação;
c) questões de número 46 a 90, relativas à área de Ciências Humanas e suas Tecnologias.
ATENÇÃO: as questões de 01 a 05 são relativas à língua estrangeira. Você deverá responder apenas
às questões relativas à língua estrangeira (inglês ou espanhol) escolhida no ato de sua inscrição.
2. Confira se a quantidade e a ordem das questões do seu CADERNO DE QUESTÕES estão de acordo
com as instruções anteriores. Caso o caderno esteja incompleto, tenha defeito ou apresente qualquer
divergência, comunique ao aplicador da sala para que ele tome as providências cabíveis.
3. P ara cada uma das questões objetivas, são apresentadas 5 opções. Apenas uma responde
corretamente à questão.
4. O tempo disponível para estas provas é de cinco horas e trinta minutos.
5. Reserve tempo suficiente para preencher o CARTÃO-RESPOSTA e a FOLHA DE REDAÇÃO.
6. O s rascunhos e as marcações assinaladas no CADERNO DE QUESTÕES não serão considerados na
avaliação.
7. Somente serão corrigidas as redações transcritas na FOLHA DE REDAÇÃO.
8. Q uando terminar as provas, acene para chamar o aplicador e entregue este CADERNO DE QUESTÕES
e o CARTÃO-RESPOSTA/FOLHA DE REDAÇÃO.
9. V ocê poderá deixar o local de prova somente após decorridas duas horas do início da aplicação e
poderá levar seu CADERNO DE QUESTÕES ao deixar e"
90;CH;140539;E;7;0;;2.09613;0.22557;0.2149;AZUL;1271;;0;2023;2.44105;"90 questões numeradas de 01 a 90 e a Proposta de Redação,
dispostas da seguinte maneira:
a) questões de número 01 a 45, relativas à área de Linguagens, Códigos e suas Tecnologias;
b) Proposta de Redação;
c) questões de número 46 a 90, relativas à área de Ciências Humanas e suas Tecnologias.
ATENÇÃO: as questões de 01 a 05 são relativas à língua estrangeira. Você deverá responder apenas
às questões relativas à língua estrangeira (inglês ou espanhol) escolhida no ato de sua inscrição.
2. Confira se a quantidade e a ordem das questões do seu CADERNO DE QUESTÕES estão de acordo
com as instruções anteriores. Caso o caderno esteja incompleto, tenha defeito ou apresente qualquer
divergência, comunique ao aplicador da sala para que ele tome as providências cabíveis.
3. P ara cada uma das questões objetivas, são apresentadas 5 opções. Apenas uma responde
corretamente à questão.
4. O tempo disponível para estas provas é de cinco horas e trinta minutos.
5. Reserve tempo suficiente para preencher o CARTÃO-RESPOSTA e a FOLHA DE REDAÇÃO.
6. O s rascunhos e as marcações assinaladas no CADERNO DE QUESTÕES não serão considerados na
avaliação.
7. Somente serão corrigidas as redações transcritas na FOLHA DE REDAÇÃO.
8. Q uando terminar as provas, acene para chamar o aplicador e entregue este CADERNO DE QUESTÕES
e o CARTÃO-RESPOSTA/FOLHA DE REDAÇÃO.
9. V ocê poderá deixar o local de prova somente após decorridas duas horas do início da aplicação e
poderá levar seu CADERNO DE QUESTÕES ao deixar e"
45;LC;140806;D;16;0;;2.24767;0.37674;0.18584;AZUL;1241;;0;2023;2.4359199999999994;Enunciado da Questão 45 (Consulte o Caderno Azul Oficial)
45;LC;140806;D;16;0;;2.24767;0.37674;0.18584;AZUL;1281;;0;2023;2.4359199999999994;Enunciado da Questão 45 (Consulte o Caderno Azul Oficial)
48;CH;140453;A;17;0;;3.06915;0.94872;0.17725;AZUL;1191;;0;2023;2.40589;Enunciado da Questão 48 (Consulte o Caderno Azul Oficial)
137;MT;31650;C;27;0;;3.33563;1.08025;0.20912;AZUL;1211;;0;2023;2.3849100000000005;Enunciado da Questão 137 (Consulte o Caderno Azul Oficial)
42;LC;7238;E;18;0;;1.89;0.197;0.172;AZUL;1281;;0;2023;2.329;Enunciado da Questão 42 (Consulte o Caderno Azul Oficial)
42;LC;7238;E;18;0;;1.89;0.197;0.172;AZUL;1241;;0;2023;2.329;Enunciado da Questão 42 (Consulte o Caderno Azul Oficial)
162;MT;27119;D;19;0;;2.99818;0.86032;0.22079;AZUL;1211;;0;2023;2.31145;Enunciado da Questão 162 (Consulte o Caderno Azul Oficial)
28;LC;141448;C;19;0;;0.99432;-0.13224;0.02226;AZUL;1201;;0;2023;2.27406;"28
Rosa 8 8 Rosa
Azul 7 29 7 Azul
Cinza 6 6 Cinza
30
Amarelo 5 5 Amarelo
32 –1º DIA • CADERNO 1 • AZUL–
01
BBiigguurrrriillhhooss..iinndddd 11 1144//0066//22002222 1177::1122::0066"
153;MT;14774;E;18;0;;1.641;0.045;0.175;AZUL;1291;;0;2023;2.272;Enunciado da Questão 153 (Consulte o Caderno Azul Oficial)
153;MT;14774;E;18;0;;1.641;0.045;0.175;AZUL;1251;;0;2023;2.272;Enunciado da Questão 153 (Consulte o Caderno Azul Oficial)
23;LC;140844;D;18;0;;1.35625;-0.20143;0.209;AZUL;1241;;0;2023;2.27179;"23 nov. 2021 (fragmento).
a gargantas humanas.
A função emotiva presente no poema cumpre o propósito
BILAC, O. Disponível em: www.escritas.org. Acesso em: 29 out. 2021. do eu lírico de
Publicado em 1902, o texto de Olavo Bilac enfatiza as AA revelar as desilusões amorosas.
mazelas da escravidão no Brasil ao BB refletir sobre a censura à sua voz.
AA descrever de modo impessoal as consequências da
CC expressar a dificuldade de comunicação.
exploração racial sobre as gerações futuras.
BB contrapor a infância privilegiada das crianças da época DD ressaltar a existência de pressões externas.
à infância violentada das crianças escravizadas. EE manifestar as dores do processo de criação.
CC antecipar o futuro apagamento das marcas da
escravidão no contexto social.
DD criticar a atenuação da violência contra os povos
escravizados nas memórias retratadas pelos museus.
EE imaginar a reação de indiferença de seus
contemporâneos com os escravizados libertos.
–LC • 1º DIA • CADERNO 1 • AZUL– 13"
23;LC;140844;D;18;0;;1.35625;-0.20143;0.209;AZUL;1281;;0;2023;2.27179;"23 nov. 2021 (fragmento).
a gargantas humanas.
A função emotiva presente no poema cumpre o propósito
BILAC, O. Disponível em: www.escritas.org. Acesso em: 29 out. 2021. do eu lírico de
Publicado em 1902, o texto de Olavo Bilac enfatiza as AA revelar as desilusões amorosas.
mazelas da escravidão no Brasil ao BB refletir sobre a censura à sua voz.
AA descrever de modo impessoal as consequências da
CC expressar a dificuldade de comunicação.
exploração racial sobre as gerações futuras.
BB contrapor a infância privilegiada das crianças da época DD ressaltar a existência de pressões externas.
à infância violentada das crianças escravizadas. EE manifestar as dores do processo de criação.
CC antecipar o futuro apagamento das marcas da
escravidão no contexto social.
DD criticar a atenuação da violência contra os povos
escravizados nas memórias retratadas pelos museus.
EE imaginar a reação de indiferença de seus
contemporâneos com os escravizados libertos.
–LC • 1º DIA • CADERNO 1 • AZUL– 13"
50;CH;141106;E;5;0;;3.29734;1.19128;0.15604;AZUL;1191;;0;2023;2.240640000000001;"50 TEXTO II
Paulo Freire construiu uma pedagogia da esperança.
Superar a história da escravidão como principal marca
Na sua concepção, a história não é algo pronto e acabado.
da trajetória do negro no país tem sido uma tônica daqueles
As estruturas de opressão e as desigualdades, apesar
que se dedicam a pesquisar as heranças de origem afro
de serem naturalizadas, são sócio e historicamente
à cultura brasileira. A esse esforço de reconstrução
construídas. Daí a importância de os educandos tomarem
da própria história do país, alia-se agora a criação da
consciência da sua realidade para, assim, transformá-la.
plataforma digital Ancestralidades. “A história do negro
DEMARCHI, J. L. Paulo Freire. Disponível em: https://diplomatique.org.br.
no Brasil vai continuar sendo contada, e cada passo que Acesso em: 6 out. 2021 (adaptado).
a gente dá para trás é um passo que a gente avança”, diz Com base no conceito de ética pedagógica presente nos
Márcio Black, idealizador da plataforma, sobre o estudo textos, os educandos tornam-se responsáveis pela
de figuras ainda encobertas pela perspectiva histórica AA participação sociopolítica.
imposta pelos colonizadores da América. BB definição estético-cultural.
FIORATI, G. Projeto joga luz sobre negros e revê perspectiva histórica. CC competição econômica local.
Disponível em: www1.folha.uol.com.br. Acesso em: 10 nov. 2021 (adaptado).
DD manutenção do sistema escolar.
Em relação ao conhecimento sobre a formação cultural
EE capacitação de mobilida"
57;CH;125719;E;23;0;;2.53325;0.6643;0.17011;AZUL;1191;;0;2023;2.22305;Enunciado da Questão 57 (Consulte o Caderno Azul Oficial)
19;LC;141474;D;23;0;;1.63551;0.00891;0.2048;AZUL;1201;;0;2023;2.22029;"19 O que acontece então quando a palavra é destruída
e, com ela, a linguagem?
“São tantas formas de matar um preto
Durante séculos, em diferentes sociedades e
Que para alguns sua morte é justificada
línguas, é importante lembrar, a linguagem serviu
Devia tá fazendo coisa errada
— e ainda serve — para manter privilégios de grupos de
Se não era bandido, um dia ia ser
poder e deixar todos os outros de fora. Quem entende
Por ser PRETO sua morte é defendida
linguagem de advogados, juízes e promotores, linguagem
O PRETO sempre merece morrer”.
de médicos, linguagem de burocratas, linguagem de
A estrofe acima é do poeta e educador social Baticum cientistas? A maior parte da população foi submetida à
Proletário, que atua na periferia de Fortaleza, no Ceará, violência de propositalmente ser impedida de compreender
preparando jovens — em quase sua totalidade negros
a linguagem daqueles que determinam seus destinos.
— para enfrentar as dificuldades impostas pelo racismo
Se o princípio é o verbo, o fim pode ser o silenciamento.
estrutural no país.
Mesmo que ele seja cheio de gritos entre aqueles que já não
É a partir da arte que Baticum consegue envolver
têm linguagem comum para compreender uns aos outros.
a juventude em um projeto de fortalecimento dessa
BRUM, E. Disponível em: https://brasil.elpais.com. Acesso em: 5 nov. 2021.
população ao promover batalhas de rimas, slams e saraus
com temáticas que discutem os problemas sociais. Não por Nesse texto, a estratégia usada para convencer o "
123;CN;54804;E;24;0;;3.7763;1.61245;0.10238;AZUL;1221;;0;2023;2.2033500000000004;Enunciado da Questão 123 (Consulte o Caderno Azul Oficial)
132;CN;126541;C;1;0;;3.08461;0.93344;0.24287;AZUL;1261;;0;2023;2.15455;Enunciado da Questão 132 (Consulte o Caderno Azul Oficial)
132;CN;126541;C;1;0;;3.08461;0.93344;0.24287;AZUL;1301;;0;2023;2.15455;Enunciado da Questão 132 (Consulte o Caderno Azul Oficial)
89;CH;140536;B;2;0;;1.85938;0.20017;0.19319;AZUL;1231;;0;2023;2.1523000000000003;Enunciado da Questão 89 (Consulte o Caderno Azul Oficial)
89;CH;140536;B;2;0;;1.85938;0.20017;0.19319;AZUL;1271;;0;2023;2.1523000000000003;Enunciado da Questão 89 (Consulte o Caderno Azul Oficial)
8;LC;141443;C;27;0;;2.20477;0.52119;0.1393;AZUL;1201;;0;2023;2.1494699999999995;"8. Q uando terminar as provas, acene para chamar o aplicador e entregue este CADERNO DE QUESTÕES
e o CARTÃO-RESPOSTA/FOLHA DE REDAÇÃO.
9. V ocê poderá deixar o local de prova somente após decorridas duas horas do início da aplicação e
poderá levar seu CADERNO DE QUESTÕES ao deixar em definitivo a sala de prova nos 30 minutos
que antecedem o término das provas.
0 1
1 Dia 1 Dia
1°Capa 4°Capa
Azul 1 1 Azul
Amarelo 2 2 Amarelo
Branco 3 3 Branco
Rosa 4 4 Rosa
Ledor 9 9 Ledor
Libras 10 10 Libras
2 Dia 2 Dia
1°Capa 4°Capa
Libras 12 12 Libras
Ledor 11 11 Ledor
Rosa 8 8 Rosa
Azul 7 7 Azul
Cinza 6 6 Cinza
Amarelo 5 5 Amarelo
*010175AZ1*
BBiigguurrrriillhhooss..iinndddd 11 1144//0066//22002222 1177::1122::0066"
32;LC;140878;D;28;0;;2.15451;0.45326;0.16205;AZUL;1241;;0;2023;2.1389900000000006;"32 Quase cinquenta obras de Lasar Segall foram confiscadas
pelo regime totalitário alemão na primeira metade do
O sol começa a descer por trás da vegetação da Ilha
século XX, entre elas a obra Eternos caminhantes,
da Restinga, na outra margem do rio Paraíba, colorindo
considerada degenerada por
o céu de amarelo, laranja e lilás. Então se ouvem as
AA representar uma estética tida como inconveniente para
primeiras notas do Bolero, do compositor francês Maurice
oideário político vigente.
Ravel, executadas pelo saxofonista Jurandy. É assim o
BB manifestar um posicionamento político-cultural
pôr do sol da praia do Jacaré, em Cabedelo (Grande João
concebido por grupos de oposição.
Pessoa). Depois do Bolero, Jurandy toca Asa branca,
CC expressar a cultura artística por meio da representação
de Luiz Gonzaga, e Meu sublime torrão, de Genival
parcial do corpo humano.
Macedo, espécie de hino não oficial da Paraíba.
DD apresentar uma composição que antecipa o imaginário
PINHEIRO, A. Sol se põe embalado pelo Bolero de Ravel. Disponível em:
artístico germânico.
http://tools.folha.com.br. Acesso em: 16 set. 2012 (adaptado).
EE estimular discussões sobre o papel da arte na
A interpretação musical de Jurandy do Sax, codinome
construção coletiva de cultura.
de José Jurandy Félix, apresenta um repertório
caracterizado pela
QUESTÃO 34
AA inter-relação de referenciais estéticos aparentemente
TEXTO I
distanciados.
BB valorização de músicas que revelam mensagens Logo no início de Gira, um grupo de "
32;LC;140878;D;28;0;;2.15451;0.45326;0.16205;AZUL;1281;;0;2023;2.1389900000000006;"32 Quase cinquenta obras de Lasar Segall foram confiscadas
pelo regime totalitário alemão na primeira metade do
O sol começa a descer por trás da vegetação da Ilha
século XX, entre elas a obra Eternos caminhantes,
da Restinga, na outra margem do rio Paraíba, colorindo
considerada degenerada por
o céu de amarelo, laranja e lilás. Então se ouvem as
AA representar uma estética tida como inconveniente para
primeiras notas do Bolero, do compositor francês Maurice
oideário político vigente.
Ravel, executadas pelo saxofonista Jurandy. É assim o
BB manifestar um posicionamento político-cultural
pôr do sol da praia do Jacaré, em Cabedelo (Grande João
concebido por grupos de oposição.
Pessoa). Depois do Bolero, Jurandy toca Asa branca,
CC expressar a cultura artística por meio da representação
de Luiz Gonzaga, e Meu sublime torrão, de Genival
parcial do corpo humano.
Macedo, espécie de hino não oficial da Paraíba.
DD apresentar uma composição que antecipa o imaginário
PINHEIRO, A. Sol se põe embalado pelo Bolero de Ravel. Disponível em:
artístico germânico.
http://tools.folha.com.br. Acesso em: 16 set. 2012 (adaptado).
EE estimular discussões sobre o papel da arte na
A interpretação musical de Jurandy do Sax, codinome
construção coletiva de cultura.
de José Jurandy Félix, apresenta um repertório
caracterizado pela
QUESTÃO 34
AA inter-relação de referenciais estéticos aparentemente
TEXTO I
distanciados.
BB valorização de músicas que revelam mensagens Logo no início de Gira, um grupo de "
135;CN;26042;D;19;0;;3.9865;1.63479;0.19026;AZUL;1221;;0;2023;2.11733;Enunciado da Questão 135 (Consulte o Caderno Azul Oficial)
91;CN;84422;D;4;0;;1.25458;0.14732;0.00556;AZUL;1221;;0;2023;2.0394;Enunciado da Questão 91 (Consulte o Caderno Azul Oficial)
133;CN;43890;E;27;0;;3.63689;1.43988;0.1836;AZUL;1221;;0;2023;2.0361400000000005;Enunciado da Questão 133 (Consulte o Caderno Azul Oficial)
108;CN;96496;B;17;0;;3.65573;1.2408;0.31288;AZUL;1301;;0;2023;2.024660000000001;Enunciado da Questão 108 (Consulte o Caderno Azul Oficial)
108;CN;96496;B;17;0;;3.65573;1.2408;0.31288;AZUL;1261;;0;2023;2.024660000000001;Enunciado da Questão 108 (Consulte o Caderno Azul Oficial)
15;LC;141467;E;22;0;;2.80475;0.9347;0.17052;AZUL;1281;;0;2023;1.9528;"15 nov. 2021 (adaptado).
dentre os países que têm maior número de espectadores de
O artista goiano Wolney Fernandes busca expor seu
esporte eletrônico do mundo. Comparado ao ano anterior,
trabalho por meio de plataformas virtuais com o objetivo de
em 2020, o Brasil teve um marco de crescimento de 20%
na audiência. Mundo afora, a árdua dedicação de grandes AA dar suporte à técnica de colagem em Artes Visuais,
gamers contribuiu para o reconhecimento do Comitê Olímpico contornando dificuldades práticas.
Internacional, aliado a outras cinco federações esportivas BB aproximar-se da estética visual própria da editoração
e suas desenvolvedoras de jogos, que direcionaram um de obras artísticas, como capas de livros.
olhar mais atento ao assunto, permitindo dar o primeiro CC oferecer uma vitrine internacional para sua produção
passo para concretizar, pela primeira vez na história dos artística, a fim de dar mais visibilidade a suas obras.
jogos eletrônicos, um evento olímpico oficial. DD enfatizar o caráter original e inovador de suas criações
Disponível em: https://chicoterra.com. Acesso em: 19 nov. 2021 (adaptado). artísticas, diferenciando-se das artes tradicionais.
O contexto em que o esporte eletrônico é apresentado no EE trazer um sentido tecnológico às suas colagens, uma
texto demonstra o(a) vez que as imagens artísticas são recorrentes nas
redes sociais.
AA condição favorável à expansão dessa modalidade.
BB promoção dessa prática por jogadores profissionais. QUESTÃO 38
CC impu"
15;LC;141467;E;22;0;;2.80475;0.9347;0.17052;AZUL;1241;;0;2023;1.9528;"15 nov. 2021 (adaptado).
dentre os países que têm maior número de espectadores de
O artista goiano Wolney Fernandes busca expor seu
esporte eletrônico do mundo. Comparado ao ano anterior,
trabalho por meio de plataformas virtuais com o objetivo de
em 2020, o Brasil teve um marco de crescimento de 20%
na audiência. Mundo afora, a árdua dedicação de grandes AA dar suporte à técnica de colagem em Artes Visuais,
gamers contribuiu para o reconhecimento do Comitê Olímpico contornando dificuldades práticas.
Internacional, aliado a outras cinco federações esportivas BB aproximar-se da estética visual própria da editoração
e suas desenvolvedoras de jogos, que direcionaram um de obras artísticas, como capas de livros.
olhar mais atento ao assunto, permitindo dar o primeiro CC oferecer uma vitrine internacional para sua produção
passo para concretizar, pela primeira vez na história dos artística, a fim de dar mais visibilidade a suas obras.
jogos eletrônicos, um evento olímpico oficial. DD enfatizar o caráter original e inovador de suas criações
Disponível em: https://chicoterra.com. Acesso em: 19 nov. 2021 (adaptado). artísticas, diferenciando-se das artes tradicionais.
O contexto em que o esporte eletrônico é apresentado no EE trazer um sentido tecnológico às suas colagens, uma
texto demonstra o(a) vez que as imagens artísticas são recorrentes nas
redes sociais.
AA condição favorável à expansão dessa modalidade.
BB promoção dessa prática por jogadores profissionais. QUESTÃO 38
CC impu"
127;CN;85789;C;7;0;;3.69143;1.47336;0.20493;AZUL;1261;;0;2023;1.93813;Enunciado da Questão 127 (Consulte o Caderno Azul Oficial)
127;CN;85789;C;7;0;;3.69143;1.47336;0.20493;AZUL;1301;;0;2023;1.93813;Enunciado da Questão 127 (Consulte o Caderno Azul Oficial)
108;CN;117823;D;6;0;;3.78075;1.77929;0.05731;AZUL;1221;;0;2023;1.937079999999999;Enunciado da Questão 108 (Consulte o Caderno Azul Oficial)
47;CH;125687;D;9;0;;2.40144;0.606;0.21265;AZUL;1191;;0;2023;1.92163;"47 TEXTO II
Felizes tempos eram esses! As moças iam à missa de Dentre as províncias da Região Oeste, Xinjiang se
madrugada. De dia ninguém as via e se alguma, em dia destaca ao receber mais de 1,7 milhão de migrantes entre
de festa, queria passear com a avó ou a tia, havia de ir de 2000 e 2010. O principal motivo desse fluxo migratório
é que o governo fornece subsídios à população visando
cadeirinhas. Bem razão têm os nossos velhos de chorar
aumentar a proporção de chineses da etnia Han em
por esses tempos, em que as filhas não sabiam escrever,
relação à população local de etnias turca e muçulmana.
e por isso não mandavam nem recebiam bilhetinhos.
ALVES, F.; TOYOSHIMA, S. Disparidade socioeconômica e fluxo migratório chinês:
Novo Correio de Modas, 1853, apud DONEGÁ, A. L. Publicar ficção em
interpretação de eventos contemporâneos segundo os clássicos do desenvolvimento.
meados do século XIX: um estudo das revistas femininas editadas
Revista de Economia Contemporânea, n. 1, jan.-abr. 2017 (adaptado).
pelos irmãos Laemmert. Campinas: Unicamp, 2013 (adaptado).
Na perspectiva do autor, as tradições e os costumes A política demográfica para a província mencionada
sociofamiliares sofreram alterações, no século XIX, nos textos é parte da seguinte ação estratégica do
decorrentes de quais fatores? governo chinês:
AA Hábitos de leitura e mobilidade regional. AA Promover a ocupação rural.
BB Circulação de impressos e trânsito religioso. BB Favorecer a liberdade religiosa.
CC Valorização"
117;CN;97670;D;10;0;;1.79447;0.29152;0.16547;AZUL;1261;;0;2023;1.88703;Enunciado da Questão 117 (Consulte o Caderno Azul Oficial)
117;CN;97670;D;10;0;;1.79447;0.29152;0.16547;AZUL;1301;;0;2023;1.88703;Enunciado da Questão 117 (Consulte o Caderno Azul Oficial)
53;CH;141131;B;26;0;;2.78931;0.82081;0.25733;AZUL;1191;;0;2023;1.8295399999999995;Enunciado da Questão 53 (Consulte o Caderno Azul Oficial)
78;CH;140430;A;27;0;;3.07524;1.19358;0.14876;AZUL;1191;;0;2023;1.82594;"78 SARTRE, J.-P. O ser e o nada: ensaio de ontologia fenomenológica.
Petrópolis: Vozes, 1997 (adaptado).
Os movimentos da agricultura urbana no Rio de
A postura determinista adotada pelo personagem
Janeiro vêm crescendo nos últimos vinte anos, tanto
Gerineldo contrasta com a ideia existencialista contida
por meio de reproduções de modelos de vida antigos,
no pensamento filosófico de Sartre porque
vinculados ao resgate dos próprios costumes, como — e
AA evidencia a manifestação do inconsciente.
cada vez mais — são revelados hábitos inventivos nos
quais moradores urbanos de diferentes classes sociais, BB nega a possibilidade de transcendência.
sem nenhuma referência anterior com o campo, passam a CC contraria o conhecimento difuso.
se dedicar a essas atividades. Ao possibilitar o acesso ao
DD sustenta a fugacidade da vida.
plantio e, consequentemente, à alimentação, permite-se
EE refuta a evolução biológica.
uma nova relação com o que se come, reduzindo o
percurso da cadeia produtiva e aproximando produtores
QUESTÃO 80
de consumidores, pois ambos se confundem nas
experiências de agricultura urbana. O Golpe Militar de 1964 foi implacável no combate
PORTILHO, M.; RODRIGUES, C. G. O.; FERNANDEZ, A. C. F. Cultivando relações no ao que restava das Ligas Camponesas, generalizadas na
arranjo local da Penha: a mobilização de mulheres a partir das práticas de agricultura década anterior. No entanto, em relação aos sindicatos,
urbana na favela. Cidades, Comunidades e Territórios, n. 42, "
46;CH;140612;C;6;0;;1.82461;0.19307;0.25114;AZUL;1191;;0;2023;1.81431;"46 a 90, relativas à área de Ciências Humanas e suas Tecnologias.
ATENÇÃO: as questões de 01 a 05 são relativas à língua estrangeira. Você deverá responder apenas
às questões relativas à língua estrangeira (inglês ou espanhol) escolhida no ato de sua inscrição.
2. Confira se a quantidade e a ordem das questões do seu CADERNO DE QUESTÕES estão de acordo
com as instruções anteriores. Caso o caderno esteja incompleto, tenha defeito ou apresente qualquer
divergência, comunique ao aplicador da sala para que ele tome as providências cabíveis.
3. P ara cada uma das questões objetivas, são apresentadas 5 opções. Apenas uma responde
corretamente à questão.
4. O tempo disponível para estas provas é de cinco horas e trinta minutos.
5. Reserve tempo suficiente para preencher o CARTÃO-RESPOSTA e a FOLHA DE REDAÇÃO.
6. O s rascunhos e as marcações assinaladas no CADERNO DE QUESTÕES não serão considerados na
avaliação.
7. Somente serão corrigidas as redações transcritas na FOLHA DE REDAÇÃO.
8. Q uando terminar as provas, acene para chamar o aplicador e entregue este CADERNO DE QUESTÕES
e o CARTÃO-RESPOSTA/FOLHA DE REDAÇÃO.
9. V ocê poderá deixar o local de prova somente após decorridas duas horas do início da aplicação e
poderá levar seu CADERNO DE QUESTÕES ao deixar em definitivo a sala de prova nos 30 minutos
que antecedem o término das provas.
0 1
1 Dia 1 Dia
1°Capa 4°Capa
Azul 1 1 Azul
Amarelo 2 2 Amarelo
Branco 3 3 Branco
Rosa 4 4 Rosa
Ledor 9 9 Ledor
Libras 10 10 Libras
2 Dia 2 Dia
1°"
77;CH;141070;E;8;0;;1.69043;0.2202;0.19072;AZUL;1271;;0;2023;1.76666;"77 QUESTÃO 79
Havia já muito tempo que a Europa desfrutava os TEXTO I
benefícios da vacina e arrancava à morte milhares de
Gerineldo dorme porque já está conformado com o
inocentes, condenados a serem vítimas do terrível flagelo
seu mundo. Porque já sabe tudo o que lhe pode acontecer
das bexigas, e o governo de Portugal nunca se lembrara de
após haver submetido todos os objetos que o rodeiam a um
transmitir ao Brasil a mais útil das descobertas humanas,
minucioso inventário de possibilidades. Seu apartamento,
quando aliás nenhum país mais do que ele carecia deste
mais que um apartamento, é uma teoria de sorte e de azar.
salutar invento ou se atendesse às vantagens da população
Melhor que ninguém, Gerineldo conhece o coeficiente
ou ao perdimento de imensas somas na mortandade
da dilatação de suas janelas e mantém marcado no
contínua de escravos, que este flagelo devorava. O certo
termômetro, com uma linha vermelha, o ponto em que
é que mais ocupado de seu ouro que de seus habitantes,
se quebrarão os vidros, despedaçados em estilhaços
Portugal, como em outros muitos casos, esperou que o
de morte. Sabe que os arquitetos e os engenheiros já
Brasil por seu próprio impulso remediasse a este mal.
previram tudo, menos o que nunca já aconteceu.
PEREIRA, J. C. 12 jan. 1828 apud LOPES, M. B.; POLITO, R. Para uma história
da vacina no Brasil: um manuscrito inédito de Norberto e Macedo. História, MÁRQUEZ, G. G. O pessimista. In: Textos do Caribe. Rio de Janeiro: Record, 1981.
Ciências, Sa"
77;CH;141070;E;8;0;;1.69043;0.2202;0.19072;AZUL;1231;;0;2023;1.76666;"77 QUESTÃO 79
Havia já muito tempo que a Europa desfrutava os TEXTO I
benefícios da vacina e arrancava à morte milhares de
Gerineldo dorme porque já está conformado com o
inocentes, condenados a serem vítimas do terrível flagelo
seu mundo. Porque já sabe tudo o que lhe pode acontecer
das bexigas, e o governo de Portugal nunca se lembrara de
após haver submetido todos os objetos que o rodeiam a um
transmitir ao Brasil a mais útil das descobertas humanas,
minucioso inventário de possibilidades. Seu apartamento,
quando aliás nenhum país mais do que ele carecia deste
mais que um apartamento, é uma teoria de sorte e de azar.
salutar invento ou se atendesse às vantagens da população
Melhor que ninguém, Gerineldo conhece o coeficiente
ou ao perdimento de imensas somas na mortandade
da dilatação de suas janelas e mantém marcado no
contínua de escravos, que este flagelo devorava. O certo
termômetro, com uma linha vermelha, o ponto em que
é que mais ocupado de seu ouro que de seus habitantes,
se quebrarão os vidros, despedaçados em estilhaços
Portugal, como em outros muitos casos, esperou que o
de morte. Sabe que os arquitetos e os engenheiros já
Brasil por seu próprio impulso remediasse a este mal.
previram tudo, menos o que nunca já aconteceu.
PEREIRA, J. C. 12 jan. 1828 apud LOPES, M. B.; POLITO, R. Para uma história
da vacina no Brasil: um manuscrito inédito de Norberto e Macedo. História, MÁRQUEZ, G. G. O pessimista. In: Textos do Caribe. Rio de Janeiro: Record, 1981.
Ciências, Sa"
149;MT;125884;E;11;0;;3.44278;1.55674;0.09149;AZUL;1211;;0;2023;1.7578899999999993;Enunciado da Questão 149 (Consulte o Caderno Azul Oficial)
67;CH;140499;B;30;0;;1.53812;0.12887;0.18969;AZUL;1191;;0;2023;1.7411799999999995;"67 depois que o Talibã assumiu o controle de sua cidade
e milhares de criminosos condenados foram libertados
No sul da Bahia, desde o século XVIII, tem-se
da prisão, as ameaças de morte começaram. O país
registros de um tipo de sistema agroflorestal. Até hoje,
sempre foi considerado um dos lugares mais difíceis e
esse sistema é característica marcante da paisagem
perigosos do mundo para as mulheres. De acordo com
da região, conhecido como cabruca, que consiste no
estudos de organizações não governamentais, cerca de
cultivo do cacau à sombra do dossel da floresta nativa.
87% das mulheres e meninas serão vítimas de abuso
Esse sistema de cultivo do cacau (graças à tolerância
durante a vida.
da espécie à sombra) é considerado amigável para a
Disponível em: https://g1.globo.com. Acesso em: 12 out. 2021 (adaptado).
vida silvestre, pois apresenta superioridade em termos
O texto evidencia situação representativa de
de conservação da biodiversidade quando comparado
com outras plantações tropicais (monoculturas de dendê, AA afronta às estruturas sociais.
seringa ou café), agricultura ou pastagens. BB desprezo aos valores religiosos.
SOLLBERG, I.; SCHIAVETTI, A.; MORAES, M. E. B. Manejo agrícola no CC transgressão às normas morais.
Refúgio de Vida Silvestre de Una: agroflorestas como uma perspectiva
de conservação. Revista Árvore, n. 2, 2014 (adaptado). DD desrespeito à dignidade humana.
A prática produtiva apresentada é um exemplo de EE oposição aos princípios hierárquicos.
AA difusão "
85;CH;140476;D;14;0;;2.98259;1.04358;0.22825;AZUL;1191;;0;2023;1.6931900000000002;"85 QUESTÃO 87
Produtores rurais europeus são antigos opositores TEXTO I
de um grande acordo com o Mercosul. Na visão deles, Oriunda da Romênia, Genny Gleizer aportou no Brasil
existe um nítido risco de concorrência desleal, pois, na em 1932. Assim como milhares de judeus do Leste Europeu,
Europa, é preciso seguir regras mais rígidas de produção, sua vinda para o Brasil ocorreu em um momento de ascensão
oque encarece o processo. Assim, eles não conseguiriam do antissemitismo na Europa que tornava precárias suas
competir com os preços, por exemplo, da carne brasileira vidas. O Brasil se colocava como uma possibilidade na
e teriam seus negócios ameaçados. Por outro lado, o setor busca por condições de sobrevivência e desenvolvimento.
industrial europeu se mobiliza a favor do acordo, uma
ANTÃO, A. C. C. B. Gênero, imigração e política: o caso da judia comunista Genny Gleizer
vez que as reduções de tarifas no comércio internacional no Governo Vargas (1932-1935). Rio de Janeiro: Casa de Oswaldo Cruz, 2017 (adaptado).
dariam maior acesso ao mercado sul-americano. Um TEXTO II
exemplo é o setor automotivo europeu, que prevê maior A presença judaica no Brasil foi criando aos poucos
participação e concorrência nos países do Mercosul caso certas desconfianças que se refletiram em órgãos da
oacordo siga em frente. imprensa e em círculos intelectuais e políticos. Em parte,
ROUBICEK, M. Como o risco ambiental afeta o acordo entre Mercosul e União Europeia. essa imagem negativa adviria da on"
25;LC;14918;C;26;0;;2.15783;0.63045;0.14759;AZUL;1281;;0;2023;1.68636;"25 out. 2021.
Ao retratar o ambiente de trabalho em um escritório, esse
LAVIERA, T. Benedición: The Complete Poetry of Tato Laviera.
Houston: Arte Público Press, 2014 (fragmento). cartum tem por objetivo
Nesse poema de Tato Laviera, o eu lírico destaca uma AA criticar um padrão de vestimenta.
AA convergência linguístico-cultural. BB destacar a falta de diversidade.
BB característica histórico-cultural. CC indicar um modo de interação.
CC tendência estilístico-literária. DD elogiar um modelo de organização.
DD discriminação cultural. EE salientar o espírito de cooperação.
EE censura musical.
–LC • 1º DIA • CADERNO 1 • AZUL– 3"
25;LC;14918;C;26;0;;2.15783;0.63045;0.14759;AZUL;1241;;0;2023;1.68636;"25 out. 2021.
Ao retratar o ambiente de trabalho em um escritório, esse
LAVIERA, T. Benedición: The Complete Poetry of Tato Laviera.
Houston: Arte Público Press, 2014 (fragmento). cartum tem por objetivo
Nesse poema de Tato Laviera, o eu lírico destaca uma AA criticar um padrão de vestimenta.
AA convergência linguístico-cultural. BB destacar a falta de diversidade.
BB característica histórico-cultural. CC indicar um modo de interação.
CC tendência estilístico-literária. DD elogiar um modelo de organização.
DD discriminação cultural. EE salientar o espírito de cooperação.
EE censura musical.
–LC • 1º DIA • CADERNO 1 • AZUL– 3"
155;MT;13725;D;12;0;;3.5851;1.4869;0.21903;AZUL;1211;;0;2023;1.6143500000000002;Enunciado da Questão 155 (Consulte o Caderno Azul Oficial)
129;CN;60332;E;10;0;;3.39558;1.60649;0.08851;AZUL;1221;;0;2023;1.5291399999999995;Enunciado da Questão 129 (Consulte o Caderno Azul Oficial)
83;CH;140815;C;28;0;;1.15078;0.24134;0.01092;AZUL;1191;;0;2023;1.52294;Enunciado da Questão 83 (Consulte o Caderno Azul Oficial)
6;LC;118144;C;23;0;;2.43295;0.90091;0.13239;AZUL;1241;;0;2023;1.50122;"6 a 90, relativas à área de Ciências Humanas e suas Tecnologias.
ATENÇÃO: as questões de 01 a 05 são relativas à língua estrangeira. Você deverá responder apenas
às questões relativas à língua estrangeira (inglês ou espanhol) escolhida no ato de sua inscrição.
2. Confira se a quantidade e a ordem das questões do seu CADERNO DE QUESTÕES estão de acordo
com as instruções anteriores. Caso o caderno esteja incompleto, tenha defeito ou apresente qualquer
divergência, comunique ao aplicador da sala para que ele tome as providências cabíveis.
3. P ara cada uma das questões objetivas, são apresentadas 5 opções. Apenas uma responde
corretamente à questão.
4. O tempo disponível para estas provas é de cinco horas e trinta minutos.
5. Reserve tempo suficiente para preencher o CARTÃO-RESPOSTA e a FOLHA DE REDAÇÃO.
6. O s rascunhos e as marcações assinaladas no CADERNO DE QUESTÕES não serão considerados na
avaliação.
7. Somente serão corrigidas as redações transcritas na FOLHA DE REDAÇÃO.
8. Q uando terminar as provas, acene para chamar o aplicador e entregue este CADERNO DE QUESTÕES
e o CARTÃO-RESPOSTA/FOLHA DE REDAÇÃO.
9. V ocê poderá deixar o local de prova somente após decorridas duas horas do início da aplicação e
poderá levar seu CADERNO DE QUESTÕES ao deixar em definitivo a sala de prova nos 30 minutos
que antecedem o término das provas.
0 1
1 Dia 1 Dia
1°Capa 4°Capa
Azul 1 1 Azul
Amarelo 2 2 Amarelo
Branco 3 3 Branco
Rosa 4 4 Rosa
Ledor 9 9 Ledor
Libras 10 10 Libras
2 Dia 2 Dia
1°C"
6;LC;118144;C;23;0;;2.43295;0.90091;0.13239;AZUL;1281;;0;2023;1.50122;"6 a 90, relativas à área de Ciências Humanas e suas Tecnologias.
ATENÇÃO: as questões de 01 a 05 são relativas à língua estrangeira. Você deverá responder apenas
às questões relativas à língua estrangeira (inglês ou espanhol) escolhida no ato de sua inscrição.
2. Confira se a quantidade e a ordem das questões do seu CADERNO DE QUESTÕES estão de acordo
com as instruções anteriores. Caso o caderno esteja incompleto, tenha defeito ou apresente qualquer
divergência, comunique ao aplicador da sala para que ele tome as providências cabíveis.
3. P ara cada uma das questões objetivas, são apresentadas 5 opções. Apenas uma responde
corretamente à questão.
4. O tempo disponível para estas provas é de cinco horas e trinta minutos.
5. Reserve tempo suficiente para preencher o CARTÃO-RESPOSTA e a FOLHA DE REDAÇÃO.
6. O s rascunhos e as marcações assinaladas no CADERNO DE QUESTÕES não serão considerados na
avaliação.
7. Somente serão corrigidas as redações transcritas na FOLHA DE REDAÇÃO.
8. Q uando terminar as provas, acene para chamar o aplicador e entregue este CADERNO DE QUESTÕES
e o CARTÃO-RESPOSTA/FOLHA DE REDAÇÃO.
9. V ocê poderá deixar o local de prova somente após decorridas duas horas do início da aplicação e
poderá levar seu CADERNO DE QUESTÕES ao deixar em definitivo a sala de prova nos 30 minutos
que antecedem o término das provas.
0 1
1 Dia 1 Dia
1°Capa 4°Capa
Azul 1 1 Azul
Amarelo 2 2 Amarelo
Branco 3 3 Branco
Rosa 4 4 Rosa
Ledor 9 9 Ledor
Libras 10 10 Libras
2 Dia 2 Dia
1°C"
60;CH;141049;D;22;0;;1.40431;0.08591;0.21032;AZUL;1191;;0;2023;1.4992899999999998;"60 anos ou mais, negros, pessoas
hormônio que aumenta a massa muscular, esteja abaixo de
com autoavaliação de saúde ruim ou muito ruim, com renda
10 nanomols por litro por pelo menos 12 meses.
familiar de até quatro salários mínimos por pessoa, pessoas
Disponível em: https://revistagalileu.globo.com. Acesso em: 18 nov. 2021 (adaptado).
No texto, os limites do potencial inclusivo do esporte são que desconhecem programas públicos de PC/AF e residentes
dados pela em áreas sem locais públicos para a prática.
AA dificuldade de conseguir bons resultados esportivos. KNUTH, A. G.; ANTUNES, P. C. Saúde e Sociedade, n. 2, 2021 (adaptado).
BB dependência de características biológicas padronizadas. O fator central que impacta a realização de práticas
CC inexistência de uma categoria para pessoas corporais/atividades físicas no tempo de lazer no Brasil é a
transgênero. AA diferença entre homens e mulheres.
DD necessidade de afastamento temporário das BB inexistência de políticas públicas.
competições. CC diversidade de faixa etária.
EE impossibilidade de uso controlado de substâncias DD variação de condição étnica.
exógenas. EE desigualdade entre classes sociais.
–LC • 1º DIA • CADERNO 1 • AZUL– 17"
111;CN;97133;E;18;0;;2.64554;0.91215;0.21322;AZUL;1301;;0;2023;1.48853;Enunciado da Questão 111 (Consulte o Caderno Azul Oficial)
111;CN;97133;E;18;0;;2.64554;0.91215;0.21322;AZUL;1261;;0;2023;1.48853;Enunciado da Questão 111 (Consulte o Caderno Azul Oficial)
27;LC;140870;A;24;0;;1.89752;0.42059;0.21091;AZUL;1281;;0;2023;1.47872;"27
rehlum
rop
sohliF
*010175AZ27*
Taxa de fecundidade no Brasil
De 1960 a 2020,
número de filhos baixa de
6,3 para 1,5
7
6,3
6 5,8
5
4,1
4
3 2,8
2,4
2 1,8
1,5 1,5 1,5 1,5
1
0
1960 1970 19801990200020102020203020402050
Décadas
Disponível em: www.insper.edu.br. Acesso em: 27 set. 2021 (adaptado).
Qual fator foi determinante para a mudança do indicador
apresentado no gráfico?
AA Flexibilização legal da prática de aborto.
BB Envelhecimento da população brasileira.
CC Crescimento dos casos de gravidez precoce.
DD Participação feminina no mercado de trabalho.
EE Diminuição dos benefícios na licença-maternidade."
27;LC;140870;A;24;0;;1.89752;0.42059;0.21091;AZUL;1241;;0;2023;1.47872;"27
rehlum
rop
sohliF
*010175AZ27*
Taxa de fecundidade no Brasil
De 1960 a 2020,
número de filhos baixa de
6,3 para 1,5
7
6,3
6 5,8
5
4,1
4
3 2,8
2,4
2 1,8
1,5 1,5 1,5 1,5
1
0
1960 1970 19801990200020102020203020402050
Décadas
Disponível em: www.insper.edu.br. Acesso em: 27 set. 2021 (adaptado).
Qual fator foi determinante para a mudança do indicador
apresentado no gráfico?
AA Flexibilização legal da prática de aborto.
BB Envelhecimento da população brasileira.
CC Crescimento dos casos de gravidez precoce.
DD Participação feminina no mercado de trabalho.
EE Diminuição dos benefícios na licença-maternidade."
140;MT;117920;A;30;0;;2.92825;1.17752;0.17261;AZUL;1291;;0;2023;1.4608899999999998;Enunciado da Questão 140 (Consulte o Caderno Azul Oficial)
140;MT;117920;A;30;0;;2.92825;1.17752;0.17261;AZUL;1251;;0;2023;1.4608899999999998;Enunciado da Questão 140 (Consulte o Caderno Azul Oficial)
156;MT;141513;A;20;0;;1.72676;0.3783;0.17229;AZUL;1211;;0;2023;1.45717;Enunciado da Questão 156 (Consulte o Caderno Azul Oficial)
55;CH;48754;A;21;0;;2.43245;0.67281;0.278;AZUL;1191;;0;2023;1.4564699999999997;Enunciado da Questão 55 (Consulte o Caderno Azul Oficial)
56;CH;141388;C;24;0;;1.83018;0.5613;0.10742;AZUL;1191;;0;2023;1.4393599999999998;Enunciado da Questão 56 (Consulte o Caderno Azul Oficial)
14;LC;140872;C;18;0;;1.31835;0.0769;0.19857;AZUL;1281;;0;2023;1.4131499999999997;"14 QUESTÃO 15
As cinzas do Museu Nacional, no Rio de Janeiro,
Dão Lalalão
consumido pelas chamas no mês de setembro de 2018,
Do povoado do Ão, ou dos sítios perto, alguém
são mais do que restos de fósseis, cerâmicas e espécimes
precisava urgente de querer vir por escutar a novela do
raros. O museu abrigava, entre mais de 20 milhões de
rádio. Ouvia-a, aprendia-a, guardava na ideia, e, retornado
peças, os esqueletos com as respostas para perguntas
ao Ão, no dia seguinte, a repetia a outros.
que ainda não haviam sido respondidas — ou sequer
Assim estavam jantando, vinham os do povoado feitas — por pesquisadores brasileiros. E o incêndio
receber a nova parte da novela do rádio. Ouvir já pode ter calado para sempre palavras e cantos indígenas
tinham ouvido tudo, de uma vez, fugia da regra: falhara ancestrais, de línguas que não existem mais no mundo.
ali no Ão, na véspera, o caminhão de um comprador
O acervo do local continha gravações de conversas,
de galinhas e ovos, seo Abrãozinho Buristém, que
cantos e rituais de dezenas de sociedades indígenas,
carregava um rádio pequeno, de pilhas, armara um fio
muitas feitas durante a década de 1960 com antigos
no arame da cerca... Mas queriam escutar outra vez,
gravadores de rolo e que ainda não haviam sido
por confirmação. — “A estória é estável de boa, mal
digitalizadas. Alguns dos registros abordavam línguas já
que acompridada: taca e não rende...” — explicava o
extintas, sem falantes originais ainda vivos. “A esperança
Zuz ao Dalberto."
14;LC;140872;C;18;0;;1.31835;0.0769;0.19857;AZUL;1241;;0;2023;1.4131499999999997;"14 QUESTÃO 15
As cinzas do Museu Nacional, no Rio de Janeiro,
Dão Lalalão
consumido pelas chamas no mês de setembro de 2018,
Do povoado do Ão, ou dos sítios perto, alguém
são mais do que restos de fósseis, cerâmicas e espécimes
precisava urgente de querer vir por escutar a novela do
raros. O museu abrigava, entre mais de 20 milhões de
rádio. Ouvia-a, aprendia-a, guardava na ideia, e, retornado
peças, os esqueletos com as respostas para perguntas
ao Ão, no dia seguinte, a repetia a outros.
que ainda não haviam sido respondidas — ou sequer
Assim estavam jantando, vinham os do povoado feitas — por pesquisadores brasileiros. E o incêndio
receber a nova parte da novela do rádio. Ouvir já pode ter calado para sempre palavras e cantos indígenas
tinham ouvido tudo, de uma vez, fugia da regra: falhara ancestrais, de línguas que não existem mais no mundo.
ali no Ão, na véspera, o caminhão de um comprador
O acervo do local continha gravações de conversas,
de galinhas e ovos, seo Abrãozinho Buristém, que
cantos e rituais de dezenas de sociedades indígenas,
carregava um rádio pequeno, de pilhas, armara um fio
muitas feitas durante a década de 1960 com antigos
no arame da cerca... Mas queriam escutar outra vez,
gravadores de rolo e que ainda não haviam sido
por confirmação. — “A estória é estável de boa, mal
digitalizadas. Alguns dos registros abordavam línguas já
que acompridada: taca e não rende...” — explicava o
extintas, sem falantes originais ainda vivos. “A esperança
Zuz ao Dalberto."
84;CH;141027;C;4;0;;1.25504;0.04005;0.20306;AZUL;1231;;0;2023;1.3746299999999998;Enunciado da Questão 84 (Consulte o Caderno Azul Oficial)
84;CH;141027;C;4;0;;1.25504;0.04005;0.20306;AZUL;1271;;0;2023;1.3746299999999998;Enunciado da Questão 84 (Consulte o Caderno Azul Oficial)
62;CH;26296;E;19;0;;1.8315;0.44019;0.19555;AZUL;1231;;0;2023;1.36468;"62 QUESTÃO 64
Enormes alto-falantes sul-coreanos instalados na Txai Suruí, liderança da Juventude Indígena,
fronteira com o Norte costumavam transmitir desde profere seu discurso na abertura da COP-26
canções em estilo K-pop (como é chamado o pop “O clima está esquentando, os animais estão
sul-coreano) até boletins climáticos e noticiário crítico ao desaparecendo, os rios estão morrendo e nossas
vizinho comunista. O Norte costuma praticar atividade plantações não florescem como no passado. A Terra está
semelhante, transmitindo por seus alto-falantes discursos falando: ela nos diz que não temos mais tempo.”
críticos a Seul e aliados. Durante os anos 1980, o governo VICK, M. Quais são as conquistas do movimento indígena na COP-26.
sul-coreano construiu um mastro de 97 metros de altura Disponível em: www.nexojornal.com.br. Acesso em: 10 nov. 2021 (adaptado).
para hastear sua bandeira no povoado de Daesong-dong, O discurso da líder indígena explicita um problema global
relacionado ao(à)
na fronteira com o Norte. O Norte respondeu com a
construção de um mastro ainda mais alto (160 m) na AA manejo tradicional.
cidade fronteiriça de Gijung-dong. “Essas demonstrações BB reciclagem residual.
são uma válvula de escape competitiva e importante entre CC consumo consciente.
os dois lados, fora de um possível conflito militar”, diz o DD exploração predatória.
analista Ankit Panda.
EE reaproveitamento energético.
TAN, Y. Disputa de mastros e alto-falantes com K-pop: as pequenas picuinhas do"
62;CH;26296;E;19;0;;1.8315;0.44019;0.19555;AZUL;1271;;0;2023;1.36468;"62 QUESTÃO 64
Enormes alto-falantes sul-coreanos instalados na Txai Suruí, liderança da Juventude Indígena,
fronteira com o Norte costumavam transmitir desde profere seu discurso na abertura da COP-26
canções em estilo K-pop (como é chamado o pop “O clima está esquentando, os animais estão
sul-coreano) até boletins climáticos e noticiário crítico ao desaparecendo, os rios estão morrendo e nossas
vizinho comunista. O Norte costuma praticar atividade plantações não florescem como no passado. A Terra está
semelhante, transmitindo por seus alto-falantes discursos falando: ela nos diz que não temos mais tempo.”
críticos a Seul e aliados. Durante os anos 1980, o governo VICK, M. Quais são as conquistas do movimento indígena na COP-26.
sul-coreano construiu um mastro de 97 metros de altura Disponível em: www.nexojornal.com.br. Acesso em: 10 nov. 2021 (adaptado).
para hastear sua bandeira no povoado de Daesong-dong, O discurso da líder indígena explicita um problema global
relacionado ao(à)
na fronteira com o Norte. O Norte respondeu com a
construção de um mastro ainda mais alto (160 m) na AA manejo tradicional.
cidade fronteiriça de Gijung-dong. “Essas demonstrações BB reciclagem residual.
são uma válvula de escape competitiva e importante entre CC consumo consciente.
os dois lados, fora de um possível conflito militar”, diz o DD exploração predatória.
analista Ankit Panda.
EE reaproveitamento energético.
TAN, Y. Disputa de mastros e alto-falantes com K-pop: as pequenas picuinhas do"
114;CN;55705;D;14;0;;1.67571;0.34061;0.19471;AZUL;1261;;0;2023;1.35604;Enunciado da Questão 114 (Consulte o Caderno Azul Oficial)
114;CN;55705;D;14;0;;1.67571;0.34061;0.19471;AZUL;1301;;0;2023;1.35604;Enunciado da Questão 114 (Consulte o Caderno Azul Oficial)
41;LC;141208;D;10;0;;2.30879;0.81162;0.16623;AZUL;1281;;0;2023;1.3515700000000002;Enunciado da Questão 41 (Consulte o Caderno Azul Oficial)
41;LC;141208;D;10;0;;2.30879;0.81162;0.16623;AZUL;1241;;0;2023;1.3515700000000002;Enunciado da Questão 41 (Consulte o Caderno Azul Oficial)
118;CN;60689;C;18;0;;3.51837;1.46881;0.26943;AZUL;1221;;0;2023;1.2831599999999996;Enunciado da Questão 118 (Consulte o Caderno Azul Oficial)
163;MT;6954;C;3;0;;2.416;0.991;0.118;AZUL;1251;;0;2023;1.269;Enunciado da Questão 163 (Consulte o Caderno Azul Oficial)
163;MT;6954;C;3;0;;2.416;0.991;0.118;AZUL;1291;;0;2023;1.269;Enunciado da Questão 163 (Consulte o Caderno Azul Oficial)
32;LC;141229;A;14;0;;2.6904;1.08302;0.17386;AZUL;1201;;0;2023;1.2624399999999998;"32 Quase cinquenta obras de Lasar Segall foram confiscadas
pelo regime totalitário alemão na primeira metade do
O sol começa a descer por trás da vegetação da Ilha
século XX, entre elas a obra Eternos caminhantes,
da Restinga, na outra margem do rio Paraíba, colorindo
considerada degenerada por
o céu de amarelo, laranja e lilás. Então se ouvem as
AA representar uma estética tida como inconveniente para
primeiras notas do Bolero, do compositor francês Maurice
oideário político vigente.
Ravel, executadas pelo saxofonista Jurandy. É assim o
BB manifestar um posicionamento político-cultural
pôr do sol da praia do Jacaré, em Cabedelo (Grande João
concebido por grupos de oposição.
Pessoa). Depois do Bolero, Jurandy toca Asa branca,
CC expressar a cultura artística por meio da representação
de Luiz Gonzaga, e Meu sublime torrão, de Genival
parcial do corpo humano.
Macedo, espécie de hino não oficial da Paraíba.
DD apresentar uma composição que antecipa o imaginário
PINHEIRO, A. Sol se põe embalado pelo Bolero de Ravel. Disponível em:
artístico germânico.
http://tools.folha.com.br. Acesso em: 16 set. 2012 (adaptado).
EE estimular discussões sobre o papel da arte na
A interpretação musical de Jurandy do Sax, codinome
construção coletiva de cultura.
de José Jurandy Félix, apresenta um repertório
caracterizado pela
QUESTÃO 34
AA inter-relação de referenciais estéticos aparentemente
TEXTO I
distanciados.
BB valorização de músicas que revelam mensagens Logo no início de Gira, um grupo de "
6;LC;141233;D;9;0;;1.74151;0.50452;0.15417;AZUL;1201;;0;2023;1.1986099999999995;"6 a 90, relativas à área de Ciências Humanas e suas Tecnologias.
ATENÇÃO: as questões de 01 a 05 são relativas à língua estrangeira. Você deverá responder apenas
às questões relativas à língua estrangeira (inglês ou espanhol) escolhida no ato de sua inscrição.
2. Confira se a quantidade e a ordem das questões do seu CADERNO DE QUESTÕES estão de acordo
com as instruções anteriores. Caso o caderno esteja incompleto, tenha defeito ou apresente qualquer
divergência, comunique ao aplicador da sala para que ele tome as providências cabíveis.
3. P ara cada uma das questões objetivas, são apresentadas 5 opções. Apenas uma responde
corretamente à questão.
4. O tempo disponível para estas provas é de cinco horas e trinta minutos.
5. Reserve tempo suficiente para preencher o CARTÃO-RESPOSTA e a FOLHA DE REDAÇÃO.
6. O s rascunhos e as marcações assinaladas no CADERNO DE QUESTÕES não serão considerados na
avaliação.
7. Somente serão corrigidas as redações transcritas na FOLHA DE REDAÇÃO.
8. Q uando terminar as provas, acene para chamar o aplicador e entregue este CADERNO DE QUESTÕES
e o CARTÃO-RESPOSTA/FOLHA DE REDAÇÃO.
9. V ocê poderá deixar o local de prova somente após decorridas duas horas do início da aplicação e
poderá levar seu CADERNO DE QUESTÕES ao deixar em definitivo a sala de prova nos 30 minutos
que antecedem o término das provas.
0 1
1 Dia 1 Dia
1°Capa 4°Capa
Azul 1 1 Azul
Amarelo 2 2 Amarelo
Branco 3 3 Branco
Rosa 4 4 Rosa
Ledor 9 9 Ledor
Libras 10 10 Libras
2 Dia 2 Dia
1°C"
40;LC;141212;B;11;0;;1.8902;0.53683;0.20416;AZUL;1201;;0;2023;1.1491100000000003;Enunciado da Questão 40 (Consulte o Caderno Azul Oficial)
58;CH;141466;C;20;0;;2.82802;0.97492;0.32247;AZUL;1271;;0;2023;1.11893;"58 O processo social relatado indica a formação de uma
etiqueta que tem como princípio a
A Cavalgada de Sant’Ana é uma expressão da devoção
dos vaqueiros à padroeira de Caicó (RN). Nas décadas de AA distinção das classes sociais.
1950 a 1970, esse evento, então denominado Cavalaria, BB valorização de hábitos de higiene.
era celebrado pelas pessoas que residiam na zona rural CC exaltação da cultura mediterrânea.
do município de Caicó. Essas pessoas usavam os animais
DD consagração de tradições medievais.
(jegues, mulas e cavalos) como único meio de transporte,
sobretudo para se dirigirem à cidade nos dias de feiras, EE disseminação de produtos manufaturados.
trazendo seus produtos para comercializarem. Estando em
QUESTÃO 60
Caicó no período da Festa de Sant’Ana, esses agricultores
se organizavam em cavalgada até o pátio da Catedral de Negar o pedido por dinheiro indispensável para
Sant’Ana para louvar a santa e receber bênção para seus necessidades pessoais ou comprar bens usando o nome
animais. Por volta da década de 1970, com a chegada do da pessoa sem o consentimento dela. Ameaçar o corte
automóvel à zona rural do município, essa expressão cultural de recursos dependendo de atitudes pessoais, esconder
foi extinta. O meio de transporte utilizando os animais passou documentos ou trocar senhas do banco sem avisar.
a ser substituído por carros, sobretudo caminhonetes e Ou, ainda, proibir a pessoa de trabalhar ou destruir seus
caminhões, que transportavam os camponeses para a pe"
58;CH;141466;C;20;0;;2.82802;0.97492;0.32247;AZUL;1231;;0;2023;1.11893;"58 O processo social relatado indica a formação de uma
etiqueta que tem como princípio a
A Cavalgada de Sant’Ana é uma expressão da devoção
dos vaqueiros à padroeira de Caicó (RN). Nas décadas de AA distinção das classes sociais.
1950 a 1970, esse evento, então denominado Cavalaria, BB valorização de hábitos de higiene.
era celebrado pelas pessoas que residiam na zona rural CC exaltação da cultura mediterrânea.
do município de Caicó. Essas pessoas usavam os animais
DD consagração de tradições medievais.
(jegues, mulas e cavalos) como único meio de transporte,
sobretudo para se dirigirem à cidade nos dias de feiras, EE disseminação de produtos manufaturados.
trazendo seus produtos para comercializarem. Estando em
QUESTÃO 60
Caicó no período da Festa de Sant’Ana, esses agricultores
se organizavam em cavalgada até o pátio da Catedral de Negar o pedido por dinheiro indispensável para
Sant’Ana para louvar a santa e receber bênção para seus necessidades pessoais ou comprar bens usando o nome
animais. Por volta da década de 1970, com a chegada do da pessoa sem o consentimento dela. Ameaçar o corte
automóvel à zona rural do município, essa expressão cultural de recursos dependendo de atitudes pessoais, esconder
foi extinta. O meio de transporte utilizando os animais passou documentos ou trocar senhas do banco sem avisar.
a ser substituído por carros, sobretudo caminhonetes e Ou, ainda, proibir a pessoa de trabalhar ou destruir seus
caminhões, que transportavam os camponeses para a pe"
125;CN;9513;B;6;0;;2.85738;1.3405;0.11903;AZUL;1301;;0;2023;1.0981100000000006;Enunciado da Questão 125 (Consulte o Caderno Azul Oficial)
125;CN;9513;B;6;0;;2.85738;1.3405;0.11903;AZUL;1261;;0;2023;1.0981100000000006;Enunciado da Questão 125 (Consulte o Caderno Azul Oficial)
95;CN;60991;D;25;0;;3.56699;1.70996;0.19228;AZUL;1301;;0;2023;1.0427000000000002;Enunciado da Questão 95 (Consulte o Caderno Azul Oficial)
95;CN;60991;D;25;0;;3.56699;1.70996;0.19228;AZUL;1261;;0;2023;1.0427000000000002;Enunciado da Questão 95 (Consulte o Caderno Azul Oficial)
4;LC;140649;B;5;0;;2.23798;0.86091;0.18548;AZUL;1201;1.0;0;2023;0.96583;"45, relativas à área de Linguagens, Códigos e suas Tecnologias;
b) Proposta de Redação;
c) questões de número 46 a 90, relativas à área de Ciências Humanas e suas Tecnologias.
ATENÇÃO: as questões de 01 a 05 são relativas à língua estrangeira. Você deverá responder apenas
às questões relativas à língua estrangeira (inglês ou espanhol) escolhida no ato de sua inscrição.
2. Confira se a quantidade e a ordem das questões do seu CADERNO DE QUESTÕES estão de acordo
com as instruções anteriores. Caso o caderno esteja incompleto, tenha defeito ou apresente qualquer
divergência, comunique ao aplicador da sala para que ele tome as providências cabíveis.
3. P ara cada uma das questões objetivas, são apresentadas 5 opções. Apenas uma responde
corretamente à questão.
4. O tempo disponível para estas provas é de cinco horas e trinta minutos.
5. Reserve tempo suficiente para preencher o CARTÃO-RESPOSTA e a FOLHA DE REDAÇÃO.
6. O s rascunhos e as marcações assinaladas no CADERNO DE QUESTÕES não serão considerados na
avaliação.
7. Somente serão corrigidas as redações transcritas na FOLHA DE REDAÇÃO.
8. Q uando terminar as provas, acene para chamar o aplicador e entregue este CADERNO DE QUESTÕES
e o CARTÃO-RESPOSTA/FOLHA DE REDAÇÃO.
9. V ocê poderá deixar o local de prova somente após decorridas duas horas do início da aplicação e
poderá levar seu CADERNO DE QUESTÕES ao deixar em definitivo a sala de prova nos 30 minutos
que antecedem o término das provas.
0 1
1 Dia 1 Dia
1°Capa 4°Capa
Azul 1"
93;CN;14425;A;30;0;;1.15501;0.25068;0.12671;AZUL;1301;;0;2023;0.9244300000000002;Enunciado da Questão 93 (Consulte o Caderno Azul Oficial)
93;CN;14425;A;30;0;;1.15501;0.25068;0.12671;AZUL;1261;;0;2023;0.9244300000000002;Enunciado da Questão 93 (Consulte o Caderno Azul Oficial)
21;LC;141215;D;12;0;;2.56885;1.16647;0.1452;AZUL;1241;;0;2023;0.91229;"21 (adaptado).
ainda, principalmente os velhos. Era uma cantiga alegre.
Luandi, além de cantar, acompanhava o ritmo batendo com A representação da mulher apresentada no Texto I pode
as palmas das mãos em um atabaque imaginário. Estava ser explicada pelo Texto II no que diz respeito à(às)
de regresso à terra. Voltava em casa. Chegava cantando,
AA censura a formas de expressão femininas.
dançando a doce e vitoriosa cantiga de regressar.
BB ausência da figura feminina na vida pública.
EVARISTO, C. Ponciá Vicêncio. Rio de Janeiro: Pallas, 2018.
CC construções imaginárias cristalizadas na sociedade.
A leitura do texto permite reconhecer a “cantiga de voltar”
como patrimônio linguístico que DD limitações inerentes às figuras femininas e masculinas.
AA representa a memória de uma língua africana extinta. EE dificuldade na atribuição de papéis masculinos e
BB exalta a rotina executada por jovens afrodescendentes. femininos.
CC preserva a ancestralidade africana por meio da
QUESTÃO 24
tradição oral.
DD resgata a musicalidade africana por meio de palavras #JuntasSomosMaisFortes
inteligíveis. Disque 180 A Defensoria não para!
EE remonta à tristeza dos negros mais velhos com
saudade da África.
QUESTÃO 23
Em tempos de isolamento
TEXTO I
social por conta da pandemia de
Zapeei os canais, como há dezenas de anos faço, e pá:
covid-19, a Defensoria Pública
parei num que exibia um episódio daquela velha família do alerta para o aumento da
futuro, Os Jetsons. violência contra a mulher!
Nesse epi"
21;LC;141215;D;12;0;;2.56885;1.16647;0.1452;AZUL;1281;;0;2023;0.91229;"21 (adaptado).
ainda, principalmente os velhos. Era uma cantiga alegre.
Luandi, além de cantar, acompanhava o ritmo batendo com A representação da mulher apresentada no Texto I pode
as palmas das mãos em um atabaque imaginário. Estava ser explicada pelo Texto II no que diz respeito à(às)
de regresso à terra. Voltava em casa. Chegava cantando,
AA censura a formas de expressão femininas.
dançando a doce e vitoriosa cantiga de regressar.
BB ausência da figura feminina na vida pública.
EVARISTO, C. Ponciá Vicêncio. Rio de Janeiro: Pallas, 2018.
CC construções imaginárias cristalizadas na sociedade.
A leitura do texto permite reconhecer a “cantiga de voltar”
como patrimônio linguístico que DD limitações inerentes às figuras femininas e masculinas.
AA representa a memória de uma língua africana extinta. EE dificuldade na atribuição de papéis masculinos e
BB exalta a rotina executada por jovens afrodescendentes. femininos.
CC preserva a ancestralidade africana por meio da
QUESTÃO 24
tradição oral.
DD resgata a musicalidade africana por meio de palavras #JuntasSomosMaisFortes
inteligíveis. Disque 180 A Defensoria não para!
EE remonta à tristeza dos negros mais velhos com
saudade da África.
QUESTÃO 23
Em tempos de isolamento
TEXTO I
social por conta da pandemia de
Zapeei os canais, como há dezenas de anos faço, e pá:
covid-19, a Defensoria Pública
parei num que exibia um episódio daquela velha família do alerta para o aumento da
futuro, Os Jetsons. violência contra a mulher!
Nesse epi"
101;CN;76380;D;21;0;;3.41659;1.65717;0.19066;AZUL;1301;;0;2023;0.9083699999999992;Enunciado da Questão 101 (Consulte o Caderno Azul Oficial)
101;CN;76380;D;21;0;;3.41659;1.65717;0.19066;AZUL;1261;;0;2023;0.9083699999999992;Enunciado da Questão 101 (Consulte o Caderno Azul Oficial)
153;MT;125935;E;17;0;;1.13247;0.13877;0.19155;AZUL;1211;;0;2023;0.8908800000000002;Enunciado da Questão 153 (Consulte o Caderno Azul Oficial)
177;MT;37312;D;4;0;;1.84465;0.56332;0.22289;AZUL;1291;;0;2023;0.8848899999999997;Enunciado da Questão 177 (Consulte o Caderno Azul Oficial)
177;MT;37312;D;4;0;;1.84465;0.56332;0.22289;AZUL;1251;;0;2023;0.8848899999999997;Enunciado da Questão 177 (Consulte o Caderno Azul Oficial)
7;LC;141283;B;14;0;;2.20125;0.82582;0.2119;AZUL;1281;;0;2023;0.86554;"7. Somente serão corrigidas as redações transcritas na FOLHA DE REDAÇÃO.
8. Q uando terminar as provas, acene para chamar o aplicador e entregue este CADERNO DE QUESTÕES
e o CARTÃO-RESPOSTA/FOLHA DE REDAÇÃO.
9. V ocê poderá deixar o local de prova somente após decorridas duas horas do início da aplicação e
poderá levar seu CADERNO DE QUESTÕES ao deixar em definitivo a sala de prova nos 30 minutos
que antecedem o término das provas.
0 1
1 Dia 1 Dia
1°Capa 4°Capa
Azul 1 1 Azul
Amarelo 2 2 Amarelo
Branco 3 3 Branco
Rosa 4 4 Rosa
Ledor 9 9 Ledor
Libras 10 10 Libras
2 Dia 2 Dia
1°Capa 4°Capa
Libras 12 12 Libras
Ledor 11 11 Ledor
Rosa 8 8 Rosa
Azul 7 7 Azul
Cinza 6 6 Cinza
Amarelo 5 5 Amarelo
*010175AZ1*
BBiigguurrrriillhhooss..iinndddd 11 1144//0066//22002222 1177::1122::0066"
7;LC;141283;B;14;0;;2.20125;0.82582;0.2119;AZUL;1241;;0;2023;0.86554;"7. Somente serão corrigidas as redações transcritas na FOLHA DE REDAÇÃO.
8. Q uando terminar as provas, acene para chamar o aplicador e entregue este CADERNO DE QUESTÕES
e o CARTÃO-RESPOSTA/FOLHA DE REDAÇÃO.
9. V ocê poderá deixar o local de prova somente após decorridas duas horas do início da aplicação e
poderá levar seu CADERNO DE QUESTÕES ao deixar em definitivo a sala de prova nos 30 minutos
que antecedem o término das provas.
0 1
1 Dia 1 Dia
1°Capa 4°Capa
Azul 1 1 Azul
Amarelo 2 2 Amarelo
Branco 3 3 Branco
Rosa 4 4 Rosa
Ledor 9 9 Ledor
Libras 10 10 Libras
2 Dia 2 Dia
1°Capa 4°Capa
Libras 12 12 Libras
Ledor 11 11 Ledor
Rosa 8 8 Rosa
Azul 7 7 Azul
Cinza 6 6 Cinza
Amarelo 5 5 Amarelo
*010175AZ1*
BBiigguurrrriillhhooss..iinndddd 11 1144//0066//22002222 1177::1122::0066"
31;LC;141450;A;2;0;;2.53799;0.9971;0.24444;AZUL;1241;;0;2023;0.8624800000000006;"31 out. 2021 (adaptado).
AA inclusão de informações no verbete.
O fato relatado na notícia chama a atenção acerca da
BB relevância social da instituição casamento.
necessidade de reflexão sobre a relação entre o esporte e
CC utilização pública da petição pelos cidadãos.
AA o desempenho atlético internacional.
DD rapidez na disseminação digital do verbete. BB a dimensão emocional dos atletas.
EE divulgação de plataformas para a criação de petição. CC os comitês olímpicos nacionais.
DD as instituições de inteligência.
QUESTÃO 40
EE as federações esportivas.
A neozelandesa Laurel Hubbard fez história nos Jogos
Olímpicos. Apesar de ter ficado de fora da disputa por QUESTÃO 42
medalhas, a levantadora de peso deixou sua marca na
O acesso às Práticas Corporais/Atividades Físicas
edição de Tóquio por ser a primeira mulher abertamente
(PC/AF) é desigual no Brasil, à semelhança de outros
transgênero a participar de uma competição olímpica.
No início da carreira, na década de 1990, a neozelandesa indicadores sociais e de saúde. Em geral, PC/AF prazerosas,
participava de disputas na categoria masculina. diversificadas, mais afeitas ao período de lazer estão
Em 2001, aos 23 anos, ela se afastou da atividade. concentradas nas populações mais abastadas. As atividades
“A pressão de tentar me encaixar em um mundo que talvez
físicas de deslocamento, trajetos a pé ou de bicicleta para
não tenha sido feito para pessoas como eu se tornou um
estudar ou trabalhar, por exemplo, são mais frequentes
f"
31;LC;141450;A;2;0;;2.53799;0.9971;0.24444;AZUL;1281;;0;2023;0.8624800000000006;"31 out. 2021 (adaptado).
AA inclusão de informações no verbete.
O fato relatado na notícia chama a atenção acerca da
BB relevância social da instituição casamento.
necessidade de reflexão sobre a relação entre o esporte e
CC utilização pública da petição pelos cidadãos.
AA o desempenho atlético internacional.
DD rapidez na disseminação digital do verbete. BB a dimensão emocional dos atletas.
EE divulgação de plataformas para a criação de petição. CC os comitês olímpicos nacionais.
DD as instituições de inteligência.
QUESTÃO 40
EE as federações esportivas.
A neozelandesa Laurel Hubbard fez história nos Jogos
Olímpicos. Apesar de ter ficado de fora da disputa por QUESTÃO 42
medalhas, a levantadora de peso deixou sua marca na
O acesso às Práticas Corporais/Atividades Físicas
edição de Tóquio por ser a primeira mulher abertamente
(PC/AF) é desigual no Brasil, à semelhança de outros
transgênero a participar de uma competição olímpica.
No início da carreira, na década de 1990, a neozelandesa indicadores sociais e de saúde. Em geral, PC/AF prazerosas,
participava de disputas na categoria masculina. diversificadas, mais afeitas ao período de lazer estão
Em 2001, aos 23 anos, ela se afastou da atividade. concentradas nas populações mais abastadas. As atividades
“A pressão de tentar me encaixar em um mundo que talvez
físicas de deslocamento, trajetos a pé ou de bicicleta para
não tenha sido feito para pessoas como eu se tornou um
estudar ou trabalhar, por exemplo, são mais frequentes
f"
60;CH;12445;A;15;0;;1.893;0.675;0.185;AZUL;1231;;0;2023;0.8359999999999996;"60 anos ou mais, negros, pessoas
hormônio que aumenta a massa muscular, esteja abaixo de
com autoavaliação de saúde ruim ou muito ruim, com renda
10 nanomols por litro por pelo menos 12 meses.
familiar de até quatro salários mínimos por pessoa, pessoas
Disponível em: https://revistagalileu.globo.com. Acesso em: 18 nov. 2021 (adaptado).
No texto, os limites do potencial inclusivo do esporte são que desconhecem programas públicos de PC/AF e residentes
dados pela em áreas sem locais públicos para a prática.
AA dificuldade de conseguir bons resultados esportivos. KNUTH, A. G.; ANTUNES, P. C. Saúde e Sociedade, n. 2, 2021 (adaptado).
BB dependência de características biológicas padronizadas. O fator central que impacta a realização de práticas
CC inexistência de uma categoria para pessoas corporais/atividades físicas no tempo de lazer no Brasil é a
transgênero. AA diferença entre homens e mulheres.
DD necessidade de afastamento temporário das BB inexistência de políticas públicas.
competições. CC diversidade de faixa etária.
EE impossibilidade de uso controlado de substâncias DD variação de condição étnica.
exógenas. EE desigualdade entre classes sociais.
–LC • 1º DIA • CADERNO 1 • AZUL– 17"
60;CH;12445;A;15;0;;1.893;0.675;0.185;AZUL;1271;;0;2023;0.8359999999999996;"60 anos ou mais, negros, pessoas
hormônio que aumenta a massa muscular, esteja abaixo de
com autoavaliação de saúde ruim ou muito ruim, com renda
10 nanomols por litro por pelo menos 12 meses.
familiar de até quatro salários mínimos por pessoa, pessoas
Disponível em: https://revistagalileu.globo.com. Acesso em: 18 nov. 2021 (adaptado).
No texto, os limites do potencial inclusivo do esporte são que desconhecem programas públicos de PC/AF e residentes
dados pela em áreas sem locais públicos para a prática.
AA dificuldade de conseguir bons resultados esportivos. KNUTH, A. G.; ANTUNES, P. C. Saúde e Sociedade, n. 2, 2021 (adaptado).
BB dependência de características biológicas padronizadas. O fator central que impacta a realização de práticas
CC inexistência de uma categoria para pessoas corporais/atividades físicas no tempo de lazer no Brasil é a
transgênero. AA diferença entre homens e mulheres.
DD necessidade de afastamento temporário das BB inexistência de políticas públicas.
competições. CC diversidade de faixa etária.
EE impossibilidade de uso controlado de substâncias DD variação de condição étnica.
exógenas. EE desigualdade entre classes sociais.
–LC • 1º DIA • CADERNO 1 • AZUL– 17"
102;CN;48641;C;24;0;;3.37503;1.55583;0.25041;AZUL;1221;;0;2023;0.8305200000000004;Enunciado da Questão 102 (Consulte o Caderno Azul Oficial)
27;LC;141814;A;18;0;;1.22374;0.19619;0.20612;AZUL;1201;;0;2023;0.8283100000000001;"27
rehlum
rop
sohliF
*010175AZ27*
Taxa de fecundidade no Brasil
De 1960 a 2020,
número de filhos baixa de
6,3 para 1,5
7
6,3
6 5,8
5
4,1
4
3 2,8
2,4
2 1,8
1,5 1,5 1,5 1,5
1
0
1960 1970 19801990200020102020203020402050
Décadas
Disponível em: www.insper.edu.br. Acesso em: 27 set. 2021 (adaptado).
Qual fator foi determinante para a mudança do indicador
apresentado no gráfico?
AA Flexibilização legal da prática de aborto.
BB Envelhecimento da população brasileira.
CC Crescimento dos casos de gravidez precoce.
DD Participação feminina no mercado de trabalho.
EE Diminuição dos benefícios na licença-maternidade."
26;LC;140848;B;19;0;;1.22583;0.23244;0.19294;AZUL;1281;;0;2023;0.78964;"26 out. 2021 (adaptado).
O filme Como estrellas en la tierra aborda o tema da
dislexia. Relacionando o cartaz do filme com a sinopse,
constata-se que o(a)
AA olhar diferenciado para com o outro gera mudanças.
BB estudante com dislexia apresenta um tom questionador.
CC abordagem para lidar com a dislexia é pautada na
disciplina.
DD contato com os pais prejudica o acompanhamento da
dislexia.
EE mudança de interesses ocorre na transição da infância
para a vida adulta.
4 –LC • 1º DIA • CADERNO 1 • AZUL–"
26;LC;140848;B;19;0;;1.22583;0.23244;0.19294;AZUL;1241;;0;2023;0.78964;"26 out. 2021 (adaptado).
O filme Como estrellas en la tierra aborda o tema da
dislexia. Relacionando o cartaz do filme com a sinopse,
constata-se que o(a)
AA olhar diferenciado para com o outro gera mudanças.
BB estudante com dislexia apresenta um tom questionador.
CC abordagem para lidar com a dislexia é pautada na
disciplina.
DD contato com os pais prejudica o acompanhamento da
dislexia.
EE mudança de interesses ocorre na transição da infância
para a vida adulta.
4 –LC • 1º DIA • CADERNO 1 • AZUL–"
16;LC;141423;E;20;0;;2.43139;0.95743;0.24644;AZUL;1241;;0;2023;0.7582899999999999;"16 dez. 2017.
–LC • 1º DIA • CADERNO 1 • AZUL– 7"
16;LC;141423;E;20;0;;2.43139;0.95743;0.24644;AZUL;1281;;0;2023;0.7582899999999999;"16 dez. 2017.
–LC • 1º DIA • CADERNO 1 • AZUL– 7"
131;CN;117631;A;18;0;;1.50761;0.49481;0.17371;AZUL;1221;;0;2023;0.6622399999999996;Enunciado da Questão 131 (Consulte o Caderno Azul Oficial)
121;CN;47317;A;4;0;;2.53442;1.21479;0.15339;AZUL;1221;;0;2023;0.6575199999999994;Enunciado da Questão 121 (Consulte o Caderno Azul Oficial)
86;CH;63858;C;4;0;;2.12258;0.82426;0.22694;AZUL;1231;;0;2023;0.63768;Enunciado da Questão 86 (Consulte o Caderno Azul Oficial)
86;CH;63858;C;4;0;;2.12258;0.82426;0.22694;AZUL;1271;;0;2023;0.63768;Enunciado da Questão 86 (Consulte o Caderno Azul Oficial)
25;LC;140880;B;16;0;;2.11251;0.83411;0.21824;AZUL;1201;;0;2023;0.6314899999999997;"25 out. 2021.
Ao retratar o ambiente de trabalho em um escritório, esse
LAVIERA, T. Benedición: The Complete Poetry of Tato Laviera.
Houston: Arte Público Press, 2014 (fragmento). cartum tem por objetivo
Nesse poema de Tato Laviera, o eu lírico destaca uma AA criticar um padrão de vestimenta.
AA convergência linguístico-cultural. BB destacar a falta de diversidade.
BB característica histórico-cultural. CC indicar um modo de interação.
CC tendência estilístico-literária. DD elogiar um modelo de organização.
DD discriminação cultural. EE salientar o espírito de cooperação.
EE censura musical.
–LC • 1º DIA • CADERNO 1 • AZUL– 3"
164;MT;96489;B;5;0;;1.95326;0.87566;0.13053;AZUL;1291;;0;2023;0.6268899999999998;Enunciado da Questão 164 (Consulte o Caderno Azul Oficial)
164;MT;96489;B;5;0;;1.95326;0.87566;0.13053;AZUL;1251;;0;2023;0.6268899999999998;Enunciado da Questão 164 (Consulte o Caderno Azul Oficial)
43;LC;140952;B;17;0;;1.20716;0.28152;0.18862;AZUL;1281;;0;2023;0.62666;"43 Essa campanha publicitária do Ministério da Saúde visa
Mestre e companheiro, disse eu que nos íamos despedir. AA divulgar um conjunto de benefícios proporcionados
Mas disse mal. A morte não extingue: transforma; não aniquila: pela amamentação.
renova; não divorcia: aproxima. Um dia supuseste “morta e BB apresentar tratamentos para infecções respiratórias
separada” a consorte dos teus sonhos e das tuas agonias, em bebês.
que te soubera “pôr um mundo inteiro no recanto” do teu CC defender o direito das mulheres de amamentar em
ninho; e, todavia, nunca ela te esteve mais presente, no íntimo público.
de ti mesmo e na expressão do teu canto, no fundo do teu ser
DD orientar sobre os exercícios para uma boa
e na face de tuas ações. Esses catorze versos inimitáveis, em
amamentação.
que o enlevo dos teus discípulos resume o valor de toda uma
EE informar sobre o aumento de anticorpos nas mães.
literatura, eram a aliança de ouro do teu segundo noivado, um
anel de outras núpcias, para a vida nova do teu renascimento
QUESTÃO 45
e da tua glorificação, com a sócia sem nódoa dos teus anos
de mocidade e madureza, da florescência e frutificação de Carta aberta à população brasileira
tua alma. Para os eleitos do mundo das ideias a miséria
está na decadência, e não na morte. A nobreza de uma nos Prezados Cidadãos e Cidadãs,
preserva das ruínas da outra. Quando eles atravessavam essa O envelhecimento populacional é um fenômeno
passagem do invisível, que os conduz à região da verdade mundial. I"
43;LC;140952;B;17;0;;1.20716;0.28152;0.18862;AZUL;1241;;0;2023;0.62666;"43 Essa campanha publicitária do Ministério da Saúde visa
Mestre e companheiro, disse eu que nos íamos despedir. AA divulgar um conjunto de benefícios proporcionados
Mas disse mal. A morte não extingue: transforma; não aniquila: pela amamentação.
renova; não divorcia: aproxima. Um dia supuseste “morta e BB apresentar tratamentos para infecções respiratórias
separada” a consorte dos teus sonhos e das tuas agonias, em bebês.
que te soubera “pôr um mundo inteiro no recanto” do teu CC defender o direito das mulheres de amamentar em
ninho; e, todavia, nunca ela te esteve mais presente, no íntimo público.
de ti mesmo e na expressão do teu canto, no fundo do teu ser
DD orientar sobre os exercícios para uma boa
e na face de tuas ações. Esses catorze versos inimitáveis, em
amamentação.
que o enlevo dos teus discípulos resume o valor de toda uma
EE informar sobre o aumento de anticorpos nas mães.
literatura, eram a aliança de ouro do teu segundo noivado, um
anel de outras núpcias, para a vida nova do teu renascimento
QUESTÃO 45
e da tua glorificação, com a sócia sem nódoa dos teus anos
de mocidade e madureza, da florescência e frutificação de Carta aberta à população brasileira
tua alma. Para os eleitos do mundo das ideias a miséria
está na decadência, e não na morte. A nobreza de uma nos Prezados Cidadãos e Cidadãs,
preserva das ruínas da outra. Quando eles atravessavam essa O envelhecimento populacional é um fenômeno
passagem do invisível, que os conduz à região da verdade mundial. I"
19;LC;140811;A;30;0;;2.03832;0.76702;0.24521;AZUL;1241;;0;2023;0.5495300000000001;"19 O que acontece então quando a palavra é destruída
e, com ela, a linguagem?
“São tantas formas de matar um preto
Durante séculos, em diferentes sociedades e
Que para alguns sua morte é justificada
línguas, é importante lembrar, a linguagem serviu
Devia tá fazendo coisa errada
— e ainda serve — para manter privilégios de grupos de
Se não era bandido, um dia ia ser
poder e deixar todos os outros de fora. Quem entende
Por ser PRETO sua morte é defendida
linguagem de advogados, juízes e promotores, linguagem
O PRETO sempre merece morrer”.
de médicos, linguagem de burocratas, linguagem de
A estrofe acima é do poeta e educador social Baticum cientistas? A maior parte da população foi submetida à
Proletário, que atua na periferia de Fortaleza, no Ceará, violência de propositalmente ser impedida de compreender
preparando jovens — em quase sua totalidade negros
a linguagem daqueles que determinam seus destinos.
— para enfrentar as dificuldades impostas pelo racismo
Se o princípio é o verbo, o fim pode ser o silenciamento.
estrutural no país.
Mesmo que ele seja cheio de gritos entre aqueles que já não
É a partir da arte que Baticum consegue envolver
têm linguagem comum para compreender uns aos outros.
a juventude em um projeto de fortalecimento dessa
BRUM, E. Disponível em: https://brasil.elpais.com. Acesso em: 5 nov. 2021.
população ao promover batalhas de rimas, slams e saraus
com temáticas que discutem os problemas sociais. Não por Nesse texto, a estratégia usada para convencer o "
19;LC;140811;A;30;0;;2.03832;0.76702;0.24521;AZUL;1281;;0;2023;0.5495300000000001;"19 O que acontece então quando a palavra é destruída
e, com ela, a linguagem?
“São tantas formas de matar um preto
Durante séculos, em diferentes sociedades e
Que para alguns sua morte é justificada
línguas, é importante lembrar, a linguagem serviu
Devia tá fazendo coisa errada
— e ainda serve — para manter privilégios de grupos de
Se não era bandido, um dia ia ser
poder e deixar todos os outros de fora. Quem entende
Por ser PRETO sua morte é defendida
linguagem de advogados, juízes e promotores, linguagem
O PRETO sempre merece morrer”.
de médicos, linguagem de burocratas, linguagem de
A estrofe acima é do poeta e educador social Baticum cientistas? A maior parte da população foi submetida à
Proletário, que atua na periferia de Fortaleza, no Ceará, violência de propositalmente ser impedida de compreender
preparando jovens — em quase sua totalidade negros
a linguagem daqueles que determinam seus destinos.
— para enfrentar as dificuldades impostas pelo racismo
Se o princípio é o verbo, o fim pode ser o silenciamento.
estrutural no país.
Mesmo que ele seja cheio de gritos entre aqueles que já não
É a partir da arte que Baticum consegue envolver
têm linguagem comum para compreender uns aos outros.
a juventude em um projeto de fortalecimento dessa
BRUM, E. Disponível em: https://brasil.elpais.com. Acesso em: 5 nov. 2021.
população ao promover batalhas de rimas, slams e saraus
com temáticas que discutem os problemas sociais. Não por Nesse texto, a estratégia usada para convencer o "
87;CH;140165;B;1;0;;1.08066;0.19929;0.20308;AZUL;1271;;0;2023;0.5480499999999999;Enunciado da Questão 87 (Consulte o Caderno Azul Oficial)
87;CH;140165;B;1;0;;1.08066;0.19929;0.20308;AZUL;1231;;0;2023;0.5480499999999999;Enunciado da Questão 87 (Consulte o Caderno Azul Oficial)
141;MT;14994;E;28;0;;2.70307;1.3682;0.16099;AZUL;1211;;0;2023;0.4965899999999993;Enunciado da Questão 141 (Consulte o Caderno Azul Oficial)
126;CN;87989;C;2;0;;2.32351;1.21005;0.10449;AZUL;1221;;0;2023;0.4944199999999999;Enunciado da Questão 126 (Consulte o Caderno Azul Oficial)
124;CN;66259;B;20;0;;2.34079;1.00185;0.23885;AZUL;1221;;0;2023;0.4817800000000007;Enunciado da Questão 124 (Consulte o Caderno Azul Oficial)
69;CH;140674;D;12;0;;1.18697;0.2661;0.22138;AZUL;1191;;0;2023;0.4687400000000001;Enunciado da Questão 69 (Consulte o Caderno Azul Oficial)
31;LC;140858;C;16;0;;2.59213;1.19798;0.23009;AZUL;1201;;0;2023;0.4398700000000002;"31 out. 2021 (adaptado).
AA inclusão de informações no verbete.
O fato relatado na notícia chama a atenção acerca da
BB relevância social da instituição casamento.
necessidade de reflexão sobre a relação entre o esporte e
CC utilização pública da petição pelos cidadãos.
AA o desempenho atlético internacional.
DD rapidez na disseminação digital do verbete. BB a dimensão emocional dos atletas.
EE divulgação de plataformas para a criação de petição. CC os comitês olímpicos nacionais.
DD as instituições de inteligência.
QUESTÃO 40
EE as federações esportivas.
A neozelandesa Laurel Hubbard fez história nos Jogos
Olímpicos. Apesar de ter ficado de fora da disputa por QUESTÃO 42
medalhas, a levantadora de peso deixou sua marca na
O acesso às Práticas Corporais/Atividades Físicas
edição de Tóquio por ser a primeira mulher abertamente
(PC/AF) é desigual no Brasil, à semelhança de outros
transgênero a participar de uma competição olímpica.
No início da carreira, na década de 1990, a neozelandesa indicadores sociais e de saúde. Em geral, PC/AF prazerosas,
participava de disputas na categoria masculina. diversificadas, mais afeitas ao período de lazer estão
Em 2001, aos 23 anos, ela se afastou da atividade. concentradas nas populações mais abastadas. As atividades
“A pressão de tentar me encaixar em um mundo que talvez
físicas de deslocamento, trajetos a pé ou de bicicleta para
não tenha sido feito para pessoas como eu se tornou um
estudar ou trabalhar, por exemplo, são mais frequentes
f"
24;LC;140909;A;27;0;;2.0402;0.915;0.1813;AZUL;1241;;0;2023;0.4288999999999999;"24 maio 2023 (adaptado).
economias inteiras ficariam estagnados. Em todo o mundo,
TEXTO IV
o trabalho de cuidado não remunerado e mal pago é
desproporcionalmente assumido por mulheres e meninas
em situação de pobreza, especialmente por aquelas
que pertencem a grupos que, além da discriminação de
gênero, sofrem preconceito em decorrência de sua raça,
etnia, nacionalidade e sexualidade. As mulheres são
responsáveis por mais de três quartos do cuidado não
DESAFIOS
remunerado e compõem dois terços da força de trabalho
DESAFIOS
envolvida em atividades de cuidado remuneradas. DESAFIOS
DO CUIDADO
Documento informativo – Tempo de Cuidar. Disponível em: DDOO C CUUIIDDAADDOO
https://www.oxfam.org.br. Acesso em: 18 de jul. de 2023 (adaptado).
Aumenta o número de pessoas
TEXTO II AuAmumenetnat ao o n núúmmeerroo ddee ppeessssooaass
que demandam serviços
quqeu de edmemananddaamm s seerrvviiççooss de
Média de horas dedicadas pelas pessoas de 14 anos asdd see is a t asê ssnis csiti sêa tn, ê ocnibac r, i iog aba ,r n oigd baonri dg oos a ndo
paooíssse p psa aíasí esresep ase rane psreaenrp sseaenrussar
ou mais de idade aos afazeres domésticos e/ou sis sst eee uum ss a s ssis id tse etme a amt s e an dse ç ã ado tee ; n açtãeon; ção;
no Brasil, protagonismo
às tarefas de cuidado de pessoas, por sexo no c n B o o n r a t B in sr u ial, a s p f i a rl,o m pt i a l r i go a o r tangisomnois mo
cocnotinntuian ufaam failimariliar
Brasil - 2019
Covid-19: a complexidade
da distribuição das vacinas;"
24;LC;140909;A;27;0;;2.0402;0.915;0.1813;AZUL;1281;;0;2023;0.4288999999999999;"24 maio 2023 (adaptado).
economias inteiras ficariam estagnados. Em todo o mundo,
TEXTO IV
o trabalho de cuidado não remunerado e mal pago é
desproporcionalmente assumido por mulheres e meninas
em situação de pobreza, especialmente por aquelas
que pertencem a grupos que, além da discriminação de
gênero, sofrem preconceito em decorrência de sua raça,
etnia, nacionalidade e sexualidade. As mulheres são
responsáveis por mais de três quartos do cuidado não
DESAFIOS
remunerado e compõem dois terços da força de trabalho
DESAFIOS
envolvida em atividades de cuidado remuneradas. DESAFIOS
DO CUIDADO
Documento informativo – Tempo de Cuidar. Disponível em: DDOO C CUUIIDDAADDOO
https://www.oxfam.org.br. Acesso em: 18 de jul. de 2023 (adaptado).
Aumenta o número de pessoas
TEXTO II AuAmumenetnat ao o n núúmmeerroo ddee ppeessssooaass
que demandam serviços
quqeu de edmemananddaamm s seerrvviiççooss de
Média de horas dedicadas pelas pessoas de 14 anos asdd see is a t asê ssnis csiti sêa tn, ê ocnibac r, i iog aba ,r n oigd baonri dg oos a ndo
paooíssse p psa aíasí esresep ase rane psreaenrp sseaenrussar
ou mais de idade aos afazeres domésticos e/ou sis sst eee uum ss a s ssis id tse etme a amt s e an dse ç ã ado tee ; n açtãeon; ção;
no Brasil, protagonismo
às tarefas de cuidado de pessoas, por sexo no c n B o o n r a t B in sr u ial, a s p f i a rl,o m pt i a l r i go a o r tangisomnois mo
cocnotinntuian ufaam failimariliar
Brasil - 2019
Covid-19: a complexidade
da distribuição das vacinas;"
102;CN;81637;D;21;0;;3.54994;1.89617;0.19877;AZUL;1261;;0;2023;0.4175199999999998;Enunciado da Questão 102 (Consulte o Caderno Azul Oficial)
102;CN;81637;D;21;0;;3.54994;1.89617;0.19877;AZUL;1301;;0;2023;0.4175199999999998;Enunciado da Questão 102 (Consulte o Caderno Azul Oficial)
135;CN;82828;A;3;0;;2.87792;1.6912;0.05316;AZUL;1301;;0;2023;0.4164400000000002;Enunciado da Questão 135 (Consulte o Caderno Azul Oficial)
135;CN;82828;A;3;0;;2.87792;1.6912;0.05316;AZUL;1261;;0;2023;0.4164400000000002;Enunciado da Questão 135 (Consulte o Caderno Azul Oficial)
167;MT;14661;C;11;0;;2.1714;0.98005;0.19773;AZUL;1251;;0;2023;0.4140000000000005;Enunciado da Questão 167 (Consulte o Caderno Azul Oficial)
167;MT;14661;C;11;0;;2.1714;0.98005;0.19773;AZUL;1291;;0;2023;0.4140000000000005;Enunciado da Questão 167 (Consulte o Caderno Azul Oficial)
180;MT;125969;C;30;0;;1.78452;0.74313;0.18879;AZUL;1211;;0;2023;0.3957000000000001;"180 A Defensoria não para!
EE remonta à tristeza dos negros mais velhos com
saudade da África.
QUESTÃO 23
Em tempos de isolamento
TEXTO I
social por conta da pandemia de
Zapeei os canais, como há dezenas de anos faço, e pá:
covid-19, a Defensoria Pública
parei num que exibia um episódio daquela velha família do alerta para o aumento da
futuro, Os Jetsons. violência contra a mulher!
Nesse episódio em particular, a Jane Jetson, esposa Não se cale! Denuncie!
do George, tratava de dirigir aquele veículo voador
Disponível em: www.defensoriapublica.mt.gov.br. Acesso em: 29 out. 2021 (adaptado).
deles. Meu queixo foi caindo à medida que as piadinhas
machistas sobre mulheres dirigirem foram se acumulando. Esse anúncio publicitário, veiculado durante o contexto
Impressionante! Que futuro careta aqueles roteiristas da pandemia de covid-19, tem por finalidade
imaginavam! Seriam incapazes de projetar algo melhor, e não AA divulgar o canal telefônico de atendimento a casos de
apenas em termos de tecnologias, robôs e carros voadores? violência contra a mulher.
Será que nossa máxima visão de futuro só atinge as coisas,
BB informar sobre a atuação de uma entidade defensora
e jamais as pessoas? Como a Jane, uma mulher de 33 anos
da mulher vítima de violência.
no desenho, poderia ser o que foram as minhas bisavós?
CC evidenciar o trabalho da Defensoria Pública em relação
O futuro, naquele desenho, se esqueceu de ser melhor
ao problema do abuso contra a mulher.
nas relações entre as pessoas. Al"
36;LC;141260;A;12;0;;1.74835;0.77042;0.16206;AZUL;1201;;0;2023;0.3751400000000002;"36 brasileiros desse gênero musical. O Brô MCs conseguiu
influenciar outros a fazerem rap e a lutarem pelas causas
O Marabaixo é uma expressão artístico-cultural
indígenas. Um dos nomes do movimento, Kunumí MC,
formada nas tradições e na identificação cultural entre as
é um jovem de 16 anos, da aldeia Krukutu, em São Paulo.
comunidades negras do Amapá. O nome remonta às mortes
O adolescente enxerga o rap como uma cultura da defesa
de escravizados em navios negreiros que eram jogados na
e começou a fazer rimas quando percebeu que a poesia,
água. Em sua homenagem, hinos de lamento eram cantados
pela qual sempre se interessou, podia virar música.
mar abaixo, mar acima. Posteriormente, o Marabaixo se
Nas letras que cria, inspiradas tanto pelo rap quanto pelos
integrou à vivência das comunidades negras em um ciclo
ritmos indígenas, tenta incluir sempre assuntos aos quais
de danças, cantorias com tambores e festas religiosas,
acha importante dar voz, principalmente, a questão da
recebendo, em 2018, o título de Patrimônio Cultural do Brasil.
demarcação de terras.
Disponível em: http://portal.iphan.gov.br. Acesso em: 15 nov. 2021 (adaptado).
Disponível em: www.correiobraziliense.com.br. Acesso em: 13 nov. 2021 (adaptado).
A manifestação do Marabaixo se constituiu em expressão
O movimento rap dos povos originários do Brasil revela o(a)
de arte e cultura, exercendo função de
AA ressignificar episódios dramáticos em novas práticas AA fusão de manifestações artísticas urbanas
contemporân"
39;LC;97007;C;4;0;;1.9592;0.91289;0.16231;AZUL;1201;;0;2023;0.3681800000000002;"39 QUESTÃO 41
A petição on-line criada por um cidadão paulista “Ganhei 25 medalhas em mundiais, sete em Jogos
surtiu efeito: casado há três anos com seu companheiro, Olímpicos, e sou uma sobrevivente de abuso sexual.”
ele pedia a alteração da definição de “casamento” no Foi assim que Simone Biles se apresentou ao comitê do
tradicional dicionário Michaelis em português. Na definição Senado norte-americano que investiga as supostas falhas
anterior, casamento aparecia como “união legítima entre do FBI no caso Larry Nassar. Biles e outras três atletas,
homem e mulher” e “união legal entre homem e mulher, vítimas dos abusos do ex-médico da equipe de ginástica
para constituir família”.
feminina dos EUA, exigiram que os agentes da investigação
O novo verbete não traz em nenhum momento as sejam processados por falta de ação prévia contra Nassar,
palavras homem ou mulher — agora a definição de agora preso. Biles esclareceu que culpa Larry Nassar
casamento se refere a “pessoas”. e “todo o sistema que o permitiu e o perpetrou”, acusando
Para o diretor de comunicação do site onde a petição foi a Federação de Ginástica e o Comitê Olímpico dos Estados
publicada, a iniciativa mostra a “eficiência da mobilização”.
Unidos de saberem “muito antes” que ela havia sofrido
“Em dois dias, mudou-se uma definição que permanecia
abusos. A melhor ginasta do mundo é um ícone. Nos Jogos
a mesma há décadas”, afirma. E conclui: “A plataforma
Olímpicos de Tóquio, uma lesão psicológica a impediu de
serve par"
64;CH;141113;D;27;0;;1.20452;0.31781;0.22687;AZUL;1191;;0;2023;0.3212600000000001;Enunciado da Questão 64 (Consulte o Caderno Azul Oficial)
105;CN;87721;E;8;0;;2.1809;1.01182;0.20267;AZUL;1221;;0;2023;0.3129900000000001;Enunciado da Questão 105 (Consulte o Caderno Azul Oficial)
75;CH;141024;D;8;0;;1.38076;0.46553;0.21175;AZUL;1231;;0;2023;0.3061800000000001;"75AZ24*
QUESTÃO 62 QUESTÃO 64
Enormes alto-falantes sul-coreanos instalados na Txai Suruí, liderança da Juventude Indígena,
fronteira com o Norte costumavam transmitir desde profere seu discurso na abertura da COP-26
canções em estilo K-pop (como é chamado o pop “O clima está esquentando, os animais estão
sul-coreano) até boletins climáticos e noticiário crítico ao desaparecendo, os rios estão morrendo e nossas
vizinho comunista. O Norte costuma praticar atividade plantações não florescem como no passado. A Terra está
semelhante, transmitindo por seus alto-falantes discursos falando: ela nos diz que não temos mais tempo.”
críticos a Seul e aliados. Durante os anos 1980, o governo VICK, M. Quais são as conquistas do movimento indígena na COP-26.
sul-coreano construiu um mastro de 97 metros de altura Disponível em: www.nexojornal.com.br. Acesso em: 10 nov. 2021 (adaptado).
para hastear sua bandeira no povoado de Daesong-dong, O discurso da líder indígena explicita um problema global
relacionado ao(à)
na fronteira com o Norte. O Norte respondeu com a
construção de um mastro ainda mais alto (160 m) na AA manejo tradicional.
cidade fronteiriça de Gijung-dong. “Essas demonstrações BB reciclagem residual.
são uma válvula de escape competitiva e importante entre CC consumo consciente.
os dois lados, fora de um possível conflito militar”, diz o DD exploração predatória.
analista Ankit Panda.
EE reaproveitamento energético.
TAN, Y. Disputa de mastros e alto-falantes com K-pop: as peque"
75;CH;141024;D;8;0;;1.38076;0.46553;0.21175;AZUL;1271;;0;2023;0.3061800000000001;"75AZ24*
QUESTÃO 62 QUESTÃO 64
Enormes alto-falantes sul-coreanos instalados na Txai Suruí, liderança da Juventude Indígena,
fronteira com o Norte costumavam transmitir desde profere seu discurso na abertura da COP-26
canções em estilo K-pop (como é chamado o pop “O clima está esquentando, os animais estão
sul-coreano) até boletins climáticos e noticiário crítico ao desaparecendo, os rios estão morrendo e nossas
vizinho comunista. O Norte costuma praticar atividade plantações não florescem como no passado. A Terra está
semelhante, transmitindo por seus alto-falantes discursos falando: ela nos diz que não temos mais tempo.”
críticos a Seul e aliados. Durante os anos 1980, o governo VICK, M. Quais são as conquistas do movimento indígena na COP-26.
sul-coreano construiu um mastro de 97 metros de altura Disponível em: www.nexojornal.com.br. Acesso em: 10 nov. 2021 (adaptado).
para hastear sua bandeira no povoado de Daesong-dong, O discurso da líder indígena explicita um problema global
relacionado ao(à)
na fronteira com o Norte. O Norte respondeu com a
construção de um mastro ainda mais alto (160 m) na AA manejo tradicional.
cidade fronteiriça de Gijung-dong. “Essas demonstrações BB reciclagem residual.
são uma válvula de escape competitiva e importante entre CC consumo consciente.
os dois lados, fora de um possível conflito militar”, diz o DD exploração predatória.
analista Ankit Panda.
EE reaproveitamento energético.
TAN, Y. Disputa de mastros e alto-falantes com K-pop: as peque"
5;LC;140566;E;7;0;;1.6142;0.66623;0.19198;AZUL;1241;1.0;0;2023;0.2698100000000002;"5, relativas à área de Linguagens, Códigos e suas Tecnologias;
b) Proposta de Redação;
c) questões de número 46 a 90, relativas à área de Ciências Humanas e suas Tecnologias.
ATENÇÃO: as questões de 01 a 05 são relativas à língua estrangeira. Você deverá responder apenas
às questões relativas à língua estrangeira (inglês ou espanhol) escolhida no ato de sua inscrição.
2. Confira se a quantidade e a ordem das questões do seu CADERNO DE QUESTÕES estão de acordo
com as instruções anteriores. Caso o caderno esteja incompleto, tenha defeito ou apresente qualquer
divergência, comunique ao aplicador da sala para que ele tome as providências cabíveis.
3. P ara cada uma das questões objetivas, são apresentadas 5 opções. Apenas uma responde
corretamente à questão.
4. O tempo disponível para estas provas é de cinco horas e trinta minutos.
5. Reserve tempo suficiente para preencher o CARTÃO-RESPOSTA e a FOLHA DE REDAÇÃO.
6. O s rascunhos e as marcações assinaladas no CADERNO DE QUESTÕES não serão considerados na
avaliação.
7. Somente serão corrigidas as redações transcritas na FOLHA DE REDAÇÃO.
8. Q uando terminar as provas, acene para chamar o aplicador e entregue este CADERNO DE QUESTÕES
e o CARTÃO-RESPOSTA/FOLHA DE REDAÇÃO.
9. V ocê poderá deixar o local de prova somente após decorridas duas horas do início da aplicação e
poderá levar seu CADERNO DE QUESTÕES ao deixar em definitivo a sala de prova nos 30 minutos
que antecedem o término das provas.
0 1
1 Dia 1 Dia
1°Capa 4°Capa
Azul 1 "
5;LC;140566;E;7;0;;1.6142;0.66623;0.19198;AZUL;1281;1.0;0;2023;0.2698100000000002;"5, relativas à área de Linguagens, Códigos e suas Tecnologias;
b) Proposta de Redação;
c) questões de número 46 a 90, relativas à área de Ciências Humanas e suas Tecnologias.
ATENÇÃO: as questões de 01 a 05 são relativas à língua estrangeira. Você deverá responder apenas
às questões relativas à língua estrangeira (inglês ou espanhol) escolhida no ato de sua inscrição.
2. Confira se a quantidade e a ordem das questões do seu CADERNO DE QUESTÕES estão de acordo
com as instruções anteriores. Caso o caderno esteja incompleto, tenha defeito ou apresente qualquer
divergência, comunique ao aplicador da sala para que ele tome as providências cabíveis.
3. P ara cada uma das questões objetivas, são apresentadas 5 opções. Apenas uma responde
corretamente à questão.
4. O tempo disponível para estas provas é de cinco horas e trinta minutos.
5. Reserve tempo suficiente para preencher o CARTÃO-RESPOSTA e a FOLHA DE REDAÇÃO.
6. O s rascunhos e as marcações assinaladas no CADERNO DE QUESTÕES não serão considerados na
avaliação.
7. Somente serão corrigidas as redações transcritas na FOLHA DE REDAÇÃO.
8. Q uando terminar as provas, acene para chamar o aplicador e entregue este CADERNO DE QUESTÕES
e o CARTÃO-RESPOSTA/FOLHA DE REDAÇÃO.
9. V ocê poderá deixar o local de prova somente após decorridas duas horas do início da aplicação e
poderá levar seu CADERNO DE QUESTÕES ao deixar em definitivo a sala de prova nos 30 minutos
que antecedem o término das provas.
0 1
1 Dia 1 Dia
1°Capa 4°Capa
Azul 1 "
179;MT;14366;C;1;0;;1.52531;0.63295;0.18496;AZUL;1211;;0;2023;0.2269699999999999;Enunciado da Questão 179 (Consulte o Caderno Azul Oficial)
160;MT;125959;B;23;0;;2.2547;1.1525;0.16991;AZUL;1251;;0;2023;0.2023499999999998;Enunciado da Questão 160 (Consulte o Caderno Azul Oficial)
160;MT;125959;B;23;0;;2.2547;1.1525;0.16991;AZUL;1291;;0;2023;0.2023499999999998;Enunciado da Questão 160 (Consulte o Caderno Azul Oficial)
91;CN;88089;C;28;0;;1.81565;0.85403;0.17723;AZUL;1261;;0;2023;0.18306;Enunciado da Questão 91 (Consulte o Caderno Azul Oficial)
91;CN;88089;C;28;0;;1.81565;0.85403;0.17723;AZUL;1301;;0;2023;0.18306;Enunciado da Questão 91 (Consulte o Caderno Azul Oficial)
169;MT;81743;D;2;0;;1.72431;0.7783;0.18886;AZUL;1211;;0;2023;0.1694199999999998;Enunciado da Questão 169 (Consulte o Caderno Azul Oficial)
151;MT;141570;B;20;0;;1.79257;0.86167;0.17314;AZUL;1211;;0;2023;0.13443;Enunciado da Questão 151 (Consulte o Caderno Azul Oficial)
157;MT;32176;B;25;0;;2.26313;1.23798;0.16267;AZUL;1211;;0;2023;-0.0010300000000003;Enunciado da Questão 157 (Consulte o Caderno Azul Oficial)
46;CH;85740;D;23;0;;1.06381;0.36024;0.20981;AZUL;1231;;0;2023;-0.00215;"46 a 90, relativas à área de Ciências Humanas e suas Tecnologias.
ATENÇÃO: as questões de 01 a 05 são relativas à língua estrangeira. Você deverá responder apenas
às questões relativas à língua estrangeira (inglês ou espanhol) escolhida no ato de sua inscrição.
2. Confira se a quantidade e a ordem das questões do seu CADERNO DE QUESTÕES estão de acordo
com as instruções anteriores. Caso o caderno esteja incompleto, tenha defeito ou apresente qualquer
divergência, comunique ao aplicador da sala para que ele tome as providências cabíveis.
3. P ara cada uma das questões objetivas, são apresentadas 5 opções. Apenas uma responde
corretamente à questão.
4. O tempo disponível para estas provas é de cinco horas e trinta minutos.
5. Reserve tempo suficiente para preencher o CARTÃO-RESPOSTA e a FOLHA DE REDAÇÃO.
6. O s rascunhos e as marcações assinaladas no CADERNO DE QUESTÕES não serão considerados na
avaliação.
7. Somente serão corrigidas as redações transcritas na FOLHA DE REDAÇÃO.
8. Q uando terminar as provas, acene para chamar o aplicador e entregue este CADERNO DE QUESTÕES
e o CARTÃO-RESPOSTA/FOLHA DE REDAÇÃO.
9. V ocê poderá deixar o local de prova somente após decorridas duas horas do início da aplicação e
poderá levar seu CADERNO DE QUESTÕES ao deixar em definitivo a sala de prova nos 30 minutos
que antecedem o término das provas.
0 1
1 Dia 1 Dia
1°Capa 4°Capa
Azul 1 1 Azul
Amarelo 2 2 Amarelo
Branco 3 3 Branco
Rosa 4 4 Rosa
Ledor 9 9 Ledor
Libras 10 10 Libras
2 Dia 2 Dia
1°"
46;CH;85740;D;23;0;;1.06381;0.36024;0.20981;AZUL;1271;;0;2023;-0.00215;"46 a 90, relativas à área de Ciências Humanas e suas Tecnologias.
ATENÇÃO: as questões de 01 a 05 são relativas à língua estrangeira. Você deverá responder apenas
às questões relativas à língua estrangeira (inglês ou espanhol) escolhida no ato de sua inscrição.
2. Confira se a quantidade e a ordem das questões do seu CADERNO DE QUESTÕES estão de acordo
com as instruções anteriores. Caso o caderno esteja incompleto, tenha defeito ou apresente qualquer
divergência, comunique ao aplicador da sala para que ele tome as providências cabíveis.
3. P ara cada uma das questões objetivas, são apresentadas 5 opções. Apenas uma responde
corretamente à questão.
4. O tempo disponível para estas provas é de cinco horas e trinta minutos.
5. Reserve tempo suficiente para preencher o CARTÃO-RESPOSTA e a FOLHA DE REDAÇÃO.
6. O s rascunhos e as marcações assinaladas no CADERNO DE QUESTÕES não serão considerados na
avaliação.
7. Somente serão corrigidas as redações transcritas na FOLHA DE REDAÇÃO.
8. Q uando terminar as provas, acene para chamar o aplicador e entregue este CADERNO DE QUESTÕES
e o CARTÃO-RESPOSTA/FOLHA DE REDAÇÃO.
9. V ocê poderá deixar o local de prova somente após decorridas duas horas do início da aplicação e
poderá levar seu CADERNO DE QUESTÕES ao deixar em definitivo a sala de prova nos 30 minutos
que antecedem o término das provas.
0 1
1 Dia 1 Dia
1°Capa 4°Capa
Azul 1 1 Azul
Amarelo 2 2 Amarelo
Branco 3 3 Branco
Rosa 4 4 Rosa
Ledor 9 9 Ledor
Libras 10 10 Libras
2 Dia 2 Dia
1°"
11;LC;7582;D;3;0;;1.14699;0.542;0.138;AZUL;1281;;0;2023;-0.0220200000000002;"11 11 Ledor
Rosa 8 8 Rosa
Azul 7 7 Azul
Cinza 6 6 Cinza
Amarelo 5 5 Amarelo
*010175AZ1*
BBiigguurrrriillhhooss..iinndddd 11 1144//0066//22002222 1177::1122::0066"
11;LC;7582;D;3;0;;1.14699;0.542;0.138;AZUL;1241;;0;2023;-0.0220200000000002;"11 11 Ledor
Rosa 8 8 Rosa
Azul 7 7 Azul
Cinza 6 6 Cinza
Amarelo 5 5 Amarelo
*010175AZ1*
BBiigguurrrriillhhooss..iinndddd 11 1144//0066//22002222 1177::1122::0066"
37;LC;36864;A;12;0;;1.14733;0.38901;0.23027;AZUL;1281;;0;2023;-0.0237200000000001;Enunciado da Questão 37 (Consulte o Caderno Azul Oficial)
37;LC;36864;A;12;0;;1.14733;0.38901;0.23027;AZUL;1241;;0;2023;-0.0237200000000001;Enunciado da Questão 37 (Consulte o Caderno Azul Oficial)
113;CN;141760;D;13;0;;2.4239;1.19043;0.26425;AZUL;1261;;0;2023;-0.04474;Enunciado da Questão 113 (Consulte o Caderno Azul Oficial)
113;CN;141760;D;13;0;;2.4239;1.19043;0.26425;AZUL;1301;;0;2023;-0.04474;Enunciado da Questão 113 (Consulte o Caderno Azul Oficial)
3;LC;140652;E;5;0;;1.55494;0.70223;0.21103;AZUL;1241;1.0;0;2023;-0.05196;"3. P ara cada uma das questões objetivas, são apresentadas 5 opções. Apenas uma responde
corretamente à questão.
4. O tempo disponível para estas provas é de cinco horas e trinta minutos.
5. Reserve tempo suficiente para preencher o CARTÃO-RESPOSTA e a FOLHA DE REDAÇÃO.
6. O s rascunhos e as marcações assinaladas no CADERNO DE QUESTÕES não serão considerados na
avaliação.
7. Somente serão corrigidas as redações transcritas na FOLHA DE REDAÇÃO.
8. Q uando terminar as provas, acene para chamar o aplicador e entregue este CADERNO DE QUESTÕES
e o CARTÃO-RESPOSTA/FOLHA DE REDAÇÃO.
9. V ocê poderá deixar o local de prova somente após decorridas duas horas do início da aplicação e
poderá levar seu CADERNO DE QUESTÕES ao deixar em definitivo a sala de prova nos 30 minutos
que antecedem o término das provas.
0 1
1 Dia 1 Dia
1°Capa 4°Capa
Azul 1 1 Azul
Amarelo 2 2 Amarelo
Branco 3 3 Branco
Rosa 4 4 Rosa
Ledor 9 9 Ledor
Libras 10 10 Libras
2 Dia 2 Dia
1°Capa 4°Capa
Libras 12 12 Libras
Ledor 11 11 Ledor
Rosa 8 8 Rosa
Azul 7 7 Azul
Cinza 6 6 Cinza
Amarelo 5 5 Amarelo
*010175AZ1*
BBiigguurrrriillhhooss..iinndddd 11 1144//0066//22002222 1177::1122::0066"
3;LC;140652;E;5;0;;1.55494;0.70223;0.21103;AZUL;1281;1.0;0;2023;-0.05196;"3. P ara cada uma das questões objetivas, são apresentadas 5 opções. Apenas uma responde
corretamente à questão.
4. O tempo disponível para estas provas é de cinco horas e trinta minutos.
5. Reserve tempo suficiente para preencher o CARTÃO-RESPOSTA e a FOLHA DE REDAÇÃO.
6. O s rascunhos e as marcações assinaladas no CADERNO DE QUESTÕES não serão considerados na
avaliação.
7. Somente serão corrigidas as redações transcritas na FOLHA DE REDAÇÃO.
8. Q uando terminar as provas, acene para chamar o aplicador e entregue este CADERNO DE QUESTÕES
e o CARTÃO-RESPOSTA/FOLHA DE REDAÇÃO.
9. V ocê poderá deixar o local de prova somente após decorridas duas horas do início da aplicação e
poderá levar seu CADERNO DE QUESTÕES ao deixar em definitivo a sala de prova nos 30 minutos
que antecedem o término das provas.
0 1
1 Dia 1 Dia
1°Capa 4°Capa
Azul 1 1 Azul
Amarelo 2 2 Amarelo
Branco 3 3 Branco
Rosa 4 4 Rosa
Ledor 9 9 Ledor
Libras 10 10 Libras
2 Dia 2 Dia
1°Capa 4°Capa
Libras 12 12 Libras
Ledor 11 11 Ledor
Rosa 8 8 Rosa
Azul 7 7 Azul
Cinza 6 6 Cinza
Amarelo 5 5 Amarelo
*010175AZ1*
BBiigguurrrriillhhooss..iinndddd 11 1144//0066//22002222 1177::1122::0066"
180;MT;111560;A;15;0;;2.34866;1.28885;0.1796;AZUL;1291;;0;2023;-0.0672299999999997;"180 A Defensoria não para!
EE remonta à tristeza dos negros mais velhos com
saudade da África.
QUESTÃO 23
Em tempos de isolamento
TEXTO I
social por conta da pandemia de
Zapeei os canais, como há dezenas de anos faço, e pá:
covid-19, a Defensoria Pública
parei num que exibia um episódio daquela velha família do alerta para o aumento da
futuro, Os Jetsons. violência contra a mulher!
Nesse episódio em particular, a Jane Jetson, esposa Não se cale! Denuncie!
do George, tratava de dirigir aquele veículo voador
Disponível em: www.defensoriapublica.mt.gov.br. Acesso em: 29 out. 2021 (adaptado).
deles. Meu queixo foi caindo à medida que as piadinhas
machistas sobre mulheres dirigirem foram se acumulando. Esse anúncio publicitário, veiculado durante o contexto
Impressionante! Que futuro careta aqueles roteiristas da pandemia de covid-19, tem por finalidade
imaginavam! Seriam incapazes de projetar algo melhor, e não AA divulgar o canal telefônico de atendimento a casos de
apenas em termos de tecnologias, robôs e carros voadores? violência contra a mulher.
Será que nossa máxima visão de futuro só atinge as coisas,
BB informar sobre a atuação de uma entidade defensora
e jamais as pessoas? Como a Jane, uma mulher de 33 anos
da mulher vítima de violência.
no desenho, poderia ser o que foram as minhas bisavós?
CC evidenciar o trabalho da Defensoria Pública em relação
O futuro, naquele desenho, se esqueceu de ser melhor
ao problema do abuso contra a mulher.
nas relações entre as pessoas. Al"
180;MT;111560;A;15;0;;2.34866;1.28885;0.1796;AZUL;1251;;0;2023;-0.0672299999999997;"180 A Defensoria não para!
EE remonta à tristeza dos negros mais velhos com
saudade da África.
QUESTÃO 23
Em tempos de isolamento
TEXTO I
social por conta da pandemia de
Zapeei os canais, como há dezenas de anos faço, e pá:
covid-19, a Defensoria Pública
parei num que exibia um episódio daquela velha família do alerta para o aumento da
futuro, Os Jetsons. violência contra a mulher!
Nesse episódio em particular, a Jane Jetson, esposa Não se cale! Denuncie!
do George, tratava de dirigir aquele veículo voador
Disponível em: www.defensoriapublica.mt.gov.br. Acesso em: 29 out. 2021 (adaptado).
deles. Meu queixo foi caindo à medida que as piadinhas
machistas sobre mulheres dirigirem foram se acumulando. Esse anúncio publicitário, veiculado durante o contexto
Impressionante! Que futuro careta aqueles roteiristas da pandemia de covid-19, tem por finalidade
imaginavam! Seriam incapazes de projetar algo melhor, e não AA divulgar o canal telefônico de atendimento a casos de
apenas em termos de tecnologias, robôs e carros voadores? violência contra a mulher.
Será que nossa máxima visão de futuro só atinge as coisas,
BB informar sobre a atuação de uma entidade defensora
e jamais as pessoas? Como a Jane, uma mulher de 33 anos
da mulher vítima de violência.
no desenho, poderia ser o que foram as minhas bisavós?
CC evidenciar o trabalho da Defensoria Pública em relação
O futuro, naquele desenho, se esqueceu de ser melhor
ao problema do abuso contra a mulher.
nas relações entre as pessoas. Al"
94;CN;40431;B;24;0;;2.92795;1.7851;0.12882;AZUL;1261;;0;2023;-0.1434999999999995;Enunciado da Questão 94 (Consulte o Caderno Azul Oficial)
94;CN;40431;B;24;0;;2.92795;1.7851;0.12882;AZUL;1301;;0;2023;-0.1434999999999995;Enunciado da Questão 94 (Consulte o Caderno Azul Oficial)
73;CH;140657;A;29;0;;1.46885;0.7104;0.193;AZUL;1191;;0;2023;-0.1585000000000003;"73 QUESTÃO 75
Os séculos XV e XVI, quando se vão desmoronando A torcida do Fluminense inicia um movimento para
as estruturas socioeconômicas da Idade Média perante mudar a letra de uma das músicas mais populares das
os novos imperativos da Época moderna, constituem um arquibancadas tricolores. Grupos pedem a remoção do
momento-chave na história florestal de toda a Europa termo “mulambo imundo”, em uma provocação direta ao
Ocidental. Abre-se, genericamente, um longo período Flamengo. Mulambo é um termo que surgiu em Angola,
de “crise florestal”, que se manifesta com acuidade nos na época da escravatura, e eles eram chamados de
países onde mais se desenvolvem as atividades industriais mulambos pelos senhores de engenho, os patrões
e comerciais. As necessidades em produtos lenhosos das fazendas.
aumentam drasticamente com o crescimento do consumo Disponível em: https://oglobo.globo.com. Acesso em: 23 nov. 2021.
nos mercados urbanos e nas regiões onde progridem a
Qual mudança no comportamento social a proposta
metalurgia e a construção naval, além da sua utilização
reportada no texto reflete?
na vida quotidiana de toda a população.
DEVY-VARETA, N. Para uma geografia histórica da floresta portuguesa. AA Rejeição de costumes elitistas.
Revista da Faculdade de Letras — Geografia, n. 1, 1986 (adaptado). BB Repulsão de condutas misóginas.
Qual acontecimento do período contribuiu diretamente
CC Condenação do preconceito racial.
para o agravamento da situação descrita?
DD Criminalização"
13;LC;140949;C;16;0;;1.43175;0.80537;0.12273;AZUL;1201;;0;2023;-0.16626;"13 nov. 2021 (adaptado).
A manifestação do Marabaixo se constituiu em expressão
O movimento rap dos povos originários do Brasil revela o(a)
de arte e cultura, exercendo função de
AA ressignificar episódios dramáticos em novas práticas AA fusão de manifestações artísticas urbanas
contemporâneas com a cultura indígena.
culturais.
BB adaptar coreografias como imitação dos movimentos BB contraposição das temáticas socioambientais
indígenas às questões urbanas.
do mar.
CC lembrar dos mortos no passado escravista como forma CC rejeição da indústria radiofônica às músicas indígenas.
de lamento. DD distanciamento da realidade social indígena.
DD perpetuar uma narrativa de apagamento dos fatos EE estímulo ao estudo da poesia indígena.
históricos traumáticos.
EE ritualizar a passagem de atos fúnebres nas produções
coletivas com espírito festivo.
16 –LC • 1º DIA • CADERNO 1 • AZUL–"
112;CN;111466;A;1;0;;3.38485;2.02004;0.18168;AZUL;1221;;0;2023;-0.1988199999999993;Enunciado da Questão 112 (Consulte o Caderno Azul Oficial)
45;LC;140920;E;3;0;;1.41999;0.67926;0.21271;AZUL;1201;;0;2023;-0.2613499999999995;Enunciado da Questão 45 (Consulte o Caderno Azul Oficial)
176;MT;40387;D;17;0;;2.22187;1.36509;0.13859;AZUL;1251;;0;2023;-0.3444799999999992;Enunciado da Questão 176 (Consulte o Caderno Azul Oficial)
176;MT;40387;D;17;0;;2.22187;1.36509;0.13859;AZUL;1291;;0;2023;-0.3444799999999992;Enunciado da Questão 176 (Consulte o Caderno Azul Oficial)
12;LC;141776;C;15;0;;1.22341;0.82185;0.06897;AZUL;1201;;0;2023;-0.3635799999999997;"12 12 Libras
Ledor 11 11 Ledor
Rosa 8 8 Rosa
Azul 7 7 Azul
Cinza 6 6 Cinza
Amarelo 5 5 Amarelo
*010175AZ1*
BBiigguurrrriillhhooss..iinndddd 11 1144//0066//22002222 1177::1122::0066"
118;CN;84984;C;11;0;;1.42963;0.8045;0.16236;AZUL;1261;;0;2023;-0.3660400000000001;Enunciado da Questão 118 (Consulte o Caderno Azul Oficial)
118;CN;84984;C;11;0;;1.42963;0.8045;0.16236;AZUL;1301;;0;2023;-0.3660400000000001;Enunciado da Questão 118 (Consulte o Caderno Azul Oficial)
173;MT;81329;D;19;0;;2.97925;1.78747;0.19488;AZUL;1291;;0;2023;-0.3783099999999997;Enunciado da Questão 173 (Consulte o Caderno Azul Oficial)
173;MT;81329;D;19;0;;2.97925;1.78747;0.19488;AZUL;1251;;0;2023;-0.3783099999999997;Enunciado da Questão 173 (Consulte o Caderno Azul Oficial)
74;CH;140214;D;9;0;;1.22847;0.57309;0.22441;AZUL;1191;;0;2023;-0.3843799999999999;Enunciado da Questão 74 (Consulte o Caderno Azul Oficial)
28;LC;141394;B;23;0;;1.70264;0.93679;0.19894;AZUL;1241;;0;2023;-0.39979;"28
Rosa 8 8 Rosa
Azul 7 29 7 Azul
Cinza 6 6 Cinza
30
Amarelo 5 5 Amarelo
32 –1º DIA • CADERNO 1 • AZUL–
01
BBiigguurrrriillhhooss..iinndddd 11 1144//0066//22002222 1177::1122::0066"
28;LC;141394;B;23;0;;1.70264;0.93679;0.19894;AZUL;1281;;0;2023;-0.39979;"28
Rosa 8 8 Rosa
Azul 7 29 7 Azul
Cinza 6 6 Cinza
30
Amarelo 5 5 Amarelo
32 –1º DIA • CADERNO 1 • AZUL–
01
BBiigguurrrriillhhooss..iinndddd 11 1144//0066//22002222 1177::1122::0066"
171;MT;84857;C;3;0;;2.39559;1.53865;0.11866;AZUL;1211;;0;2023;-0.41807;Enunciado da Questão 171 (Consulte o Caderno Azul Oficial)
20;LC;15026;D;14;0;;1.85867;0.9812;0.24537;AZUL;1241;;0;2023;-0.4531099999999999;"2018,
Do povoado do Ão, ou dos sítios perto, alguém
são mais do que restos de fósseis, cerâmicas e espécimes
precisava urgente de querer vir por escutar a novela do
raros. O museu abrigava, entre mais de 20 milhões de
rádio. Ouvia-a, aprendia-a, guardava na ideia, e, retornado
peças, os esqueletos com as respostas para perguntas
ao Ão, no dia seguinte, a repetia a outros.
que ainda não haviam sido respondidas — ou sequer
Assim estavam jantando, vinham os do povoado feitas — por pesquisadores brasileiros. E o incêndio
receber a nova parte da novela do rádio. Ouvir já pode ter calado para sempre palavras e cantos indígenas
tinham ouvido tudo, de uma vez, fugia da regra: falhara ancestrais, de línguas que não existem mais no mundo.
ali no Ão, na véspera, o caminhão de um comprador
O acervo do local continha gravações de conversas,
de galinhas e ovos, seo Abrãozinho Buristém, que
cantos e rituais de dezenas de sociedades indígenas,
carregava um rádio pequeno, de pilhas, armara um fio
muitas feitas durante a década de 1960 com antigos
no arame da cerca... Mas queriam escutar outra vez,
gravadores de rolo e que ainda não haviam sido
por confirmação. — “A estória é estável de boa, mal
digitalizadas. Alguns dos registros abordavam línguas já
que acompridada: taca e não rende...” — explicava o
extintas, sem falantes originais ainda vivos. “A esperança
Zuz ao Dalberto.
é que outras instituições tenham registros dessas línguas”,
Soropita começou a recontar o capítulo da novela. diz a li"
20;LC;15026;D;14;0;;1.85867;0.9812;0.24537;AZUL;1281;;0;2023;-0.4531099999999999;"2018,
Do povoado do Ão, ou dos sítios perto, alguém
são mais do que restos de fósseis, cerâmicas e espécimes
precisava urgente de querer vir por escutar a novela do
raros. O museu abrigava, entre mais de 20 milhões de
rádio. Ouvia-a, aprendia-a, guardava na ideia, e, retornado
peças, os esqueletos com as respostas para perguntas
ao Ão, no dia seguinte, a repetia a outros.
que ainda não haviam sido respondidas — ou sequer
Assim estavam jantando, vinham os do povoado feitas — por pesquisadores brasileiros. E o incêndio
receber a nova parte da novela do rádio. Ouvir já pode ter calado para sempre palavras e cantos indígenas
tinham ouvido tudo, de uma vez, fugia da regra: falhara ancestrais, de línguas que não existem mais no mundo.
ali no Ão, na véspera, o caminhão de um comprador
O acervo do local continha gravações de conversas,
de galinhas e ovos, seo Abrãozinho Buristém, que
cantos e rituais de dezenas de sociedades indígenas,
carregava um rádio pequeno, de pilhas, armara um fio
muitas feitas durante a década de 1960 com antigos
no arame da cerca... Mas queriam escutar outra vez,
gravadores de rolo e que ainda não haviam sido
por confirmação. — “A estória é estável de boa, mal
digitalizadas. Alguns dos registros abordavam línguas já
que acompridada: taca e não rende...” — explicava o
extintas, sem falantes originais ainda vivos. “A esperança
Zuz ao Dalberto.
é que outras instituições tenham registros dessas línguas”,
Soropita começou a recontar o capítulo da novela. diz a li"
156;MT;117601;E;10;0;;3.53513;2.27283;0.14674;AZUL;1291;;0;2023;-0.4819299999999995;Enunciado da Questão 156 (Consulte o Caderno Azul Oficial)
156;MT;117601;E;10;0;;3.53513;2.27283;0.14674;AZUL;1251;;0;2023;-0.4819299999999995;Enunciado da Questão 156 (Consulte o Caderno Azul Oficial)
110;CN;78578;B;17;0;;3.20349;1.99265;0.20277;AZUL;1221;;0;2023;-0.5848200000000001;Enunciado da Questão 110 (Consulte o Caderno Azul Oficial)
132;CN;83558;E;21;0;;1.52403;0.95966;0.15221;AZUL;1221;;0;2023;-0.5919699999999999;Enunciado da Questão 132 (Consulte o Caderno Azul Oficial)
130;CN;88570;C;4;0;;2.24692;1.39111;0.18364;AZUL;1301;;0;2023;-0.5976900000000004;Enunciado da Questão 130 (Consulte o Caderno Azul Oficial)
130;CN;88570;C;4;0;;2.24692;1.39111;0.18364;AZUL;1261;;0;2023;-0.5976900000000004;Enunciado da Questão 130 (Consulte o Caderno Azul Oficial)
38;LC;141451;E;21;0;;1.25105;0.70685;0.20051;AZUL;1241;;0;2023;-0.6209999999999998;Enunciado da Questão 38 (Consulte o Caderno Azul Oficial)
38;LC;141451;E;21;0;;1.25105;0.70685;0.20051;AZUL;1281;;0;2023;-0.6209999999999998;Enunciado da Questão 38 (Consulte o Caderno Azul Oficial)
72;CH;141046;B;20;0;;1.10013;0.36112;0.3516;AZUL;1191;;0;2023;-0.6410999999999998;Enunciado da Questão 72 (Consulte o Caderno Azul Oficial)
151;MT;125914;D;24;0;;1.7035;1.0704;0.1698;AZUL;1291;;0;2023;-0.6531999999999998;Enunciado da Questão 151 (Consulte o Caderno Azul Oficial)
151;MT;125914;D;24;0;;1.7035;1.0704;0.1698;AZUL;1251;;0;2023;-0.6531999999999998;Enunciado da Questão 151 (Consulte o Caderno Azul Oficial)
109;CN;83552;D;7;0;;2.40735;1.62185;0.13073;AZUL;1221;;0;2023;-0.7044999999999997;Enunciado da Questão 109 (Consulte o Caderno Azul Oficial)
166;MT;81946;C;26;0;;1.52639;1.16539;0.05545;AZUL;1211;;0;2023;-0.72064;Enunciado da Questão 166 (Consulte o Caderno Azul Oficial)
65;CH;87839;A;9;0;;1.98671;1.12588;0.26402;AZUL;1271;;0;2023;-0.7243199999999999;Enunciado da Questão 65 (Consulte o Caderno Azul Oficial)
65;CH;87839;A;9;0;;1.98671;1.12588;0.26402;AZUL;1231;;0;2023;-0.7243199999999999;Enunciado da Questão 65 (Consulte o Caderno Azul Oficial)
166;MT;111538;D;27;0;;1.56473;0.75949;0.32554;AZUL;1291;;0;2023;-0.77671;Enunciado da Questão 166 (Consulte o Caderno Azul Oficial)
166;MT;111538;D;27;0;;1.56473;0.75949;0.32554;AZUL;1251;;0;2023;-0.77671;Enunciado da Questão 166 (Consulte o Caderno Azul Oficial)
139;MT;126030;D;18;0;;3.85903;2.30004;0.32314;AZUL;1291;;0;2023;-0.7977599999999998;Enunciado da Questão 139 (Consulte o Caderno Azul Oficial)
139;MT;126030;D;18;0;;3.85903;2.30004;0.32314;AZUL;1251;;0;2023;-0.7977599999999998;Enunciado da Questão 139 (Consulte o Caderno Azul Oficial)
43;LC;16384;A;1;0;;1.35809;0.9065;0.15984;AZUL;1201;;0;2023;-0.80252;"43 Essa campanha publicitária do Ministério da Saúde visa
Mestre e companheiro, disse eu que nos íamos despedir. AA divulgar um conjunto de benefícios proporcionados
Mas disse mal. A morte não extingue: transforma; não aniquila: pela amamentação.
renova; não divorcia: aproxima. Um dia supuseste “morta e BB apresentar tratamentos para infecções respiratórias
separada” a consorte dos teus sonhos e das tuas agonias, em bebês.
que te soubera “pôr um mundo inteiro no recanto” do teu CC defender o direito das mulheres de amamentar em
ninho; e, todavia, nunca ela te esteve mais presente, no íntimo público.
de ti mesmo e na expressão do teu canto, no fundo do teu ser
DD orientar sobre os exercícios para uma boa
e na face de tuas ações. Esses catorze versos inimitáveis, em
amamentação.
que o enlevo dos teus discípulos resume o valor de toda uma
EE informar sobre o aumento de anticorpos nas mães.
literatura, eram a aliança de ouro do teu segundo noivado, um
anel de outras núpcias, para a vida nova do teu renascimento
QUESTÃO 45
e da tua glorificação, com a sócia sem nódoa dos teus anos
de mocidade e madureza, da florescência e frutificação de Carta aberta à população brasileira
tua alma. Para os eleitos do mundo das ideias a miséria
está na decadência, e não na morte. A nobreza de uma nos Prezados Cidadãos e Cidadãs,
preserva das ruínas da outra. Quando eles atravessavam essa O envelhecimento populacional é um fenômeno
passagem do invisível, que os conduz à região da verdade mundial. I"
117;CN;82333;A;22;0;;2.71433;1.9822;0.05932;AZUL;1221;;0;2023;-0.8145400000000003;Enunciado da Questão 117 (Consulte o Caderno Azul Oficial)
72;CH;141050;A;26;0;;2.73781;1.71743;0.23395;AZUL;1231;;0;2023;-0.8464199999999997;Enunciado da Questão 72 (Consulte o Caderno Azul Oficial)
72;CH;141050;A;26;0;;2.73781;1.71743;0.23395;AZUL;1271;;0;2023;-0.8464199999999997;Enunciado da Questão 72 (Consulte o Caderno Azul Oficial)
150;MT;28543;D;16;0;;1.5737;0.99995;0.19925;AZUL;1291;;0;2023;-0.8486999999999998;Enunciado da Questão 150 (Consulte o Caderno Azul Oficial)
150;MT;28543;D;16;0;;1.5737;0.99995;0.19925;AZUL;1251;;0;2023;-0.8486999999999998;Enunciado da Questão 150 (Consulte o Caderno Azul Oficial)
26;LC;140959;C;17;0;;3.54204;2.45238;0.11597;AZUL;1201;;0;2023;-0.8529099999999992;"26 out. 2021 (adaptado).
O filme Como estrellas en la tierra aborda o tema da
dislexia. Relacionando o cartaz do filme com a sinopse,
constata-se que o(a)
AA olhar diferenciado para com o outro gera mudanças.
BB estudante com dislexia apresenta um tom questionador.
CC abordagem para lidar com a dislexia é pautada na
disciplina.
DD contato com os pais prejudica o acompanhamento da
dislexia.
EE mudança de interesses ocorre na transição da infância
para a vida adulta.
4 –LC • 1º DIA • CADERNO 1 • AZUL–"
105;CN;117828;B;19;0;;2.80401;1.5881;0.34028;AZUL;1261;;0;2023;-0.8576800000000007;Enunciado da Questão 105 (Consulte o Caderno Azul Oficial)
105;CN;117828;B;19;0;;2.80401;1.5881;0.34028;AZUL;1301;;0;2023;-0.8576800000000007;Enunciado da Questão 105 (Consulte o Caderno Azul Oficial)
119;CN;88557;C;21;0;;2.6042;1.59379;0.26321;AZUL;1221;;0;2023;-0.8890199999999997;Enunciado da Questão 119 (Consulte o Caderno Azul Oficial)
143;MT;111446;B;5;0;;2.09757;1.52611;0.10674;AZUL;1211;;0;2023;-0.91689;Enunciado da Questão 143 (Consulte o Caderno Azul Oficial)
29;LC;14898;A;25;0;;1.62348;1.05337;0.21956;AZUL;1241;;0;2023;-1.0109499999999996;"29 out. 2021 (adaptado). [chests
Esse cartaz de campanha sugere que We carry yesterday, today and tomorrow
AA os lixões precisam de ampliação. We’re orphans of the wars forced upon us
BB o desperdício degrada o ambiente. We’re refugees of the sea rising from industrial wastes
CC os mercados doam alimentos perecíveis. And we carry our mother tongues
DD a desnutrição compromete o raciocínio. [...]
EE as residências carecem de refrigeradores. As we drift... in our rubber boats... from shore... to shore...
[to shore...
QUESTÃO 02
PING, W. Disponível em: https://poets.org. Acesso em: 1 jun. 2023 (fragmento).
No man is an island,
Ao retratar a trajetória de refugiados, o poema recorre à
Entire of itself;
imagem de viagem marítima para destacar o(a)
Every man is a piece of the continent, AA risco de choques culturais.
A part of the main. BB impacto do ensino de história.
[...] CC importância da luta ambiental.
Any man’s death diminishes me, DD existência de experiências plurais.
Because I am involved in mankind. EE necessidade de capacitação profissional.
DONNE, J. The Works of John Donne. Londres: John W. Parker, 1839 (fragmento).
Nesse poema, a expressão “No man is an island ” ressalta o(a)
AA medo da morte.
BB ideia de conexão.
CC conceito de solidão.
DD risco de devastação.
EE necessidade de empatia.
2 –LC • 1º DIA • CADERNO 1 • AZUL–"
29;LC;14898;A;25;0;;1.62348;1.05337;0.21956;AZUL;1281;;0;2023;-1.0109499999999996;"29 out. 2021 (adaptado). [chests
Esse cartaz de campanha sugere que We carry yesterday, today and tomorrow
AA os lixões precisam de ampliação. We’re orphans of the wars forced upon us
BB o desperdício degrada o ambiente. We’re refugees of the sea rising from industrial wastes
CC os mercados doam alimentos perecíveis. And we carry our mother tongues
DD a desnutrição compromete o raciocínio. [...]
EE as residências carecem de refrigeradores. As we drift... in our rubber boats... from shore... to shore...
[to shore...
QUESTÃO 02
PING, W. Disponível em: https://poets.org. Acesso em: 1 jun. 2023 (fragmento).
No man is an island,
Ao retratar a trajetória de refugiados, o poema recorre à
Entire of itself;
imagem de viagem marítima para destacar o(a)
Every man is a piece of the continent, AA risco de choques culturais.
A part of the main. BB impacto do ensino de história.
[...] CC importância da luta ambiental.
Any man’s death diminishes me, DD existência de experiências plurais.
Because I am involved in mankind. EE necessidade de capacitação profissional.
DONNE, J. The Works of John Donne. Londres: John W. Parker, 1839 (fragmento).
Nesse poema, a expressão “No man is an island ” ressalta o(a)
AA medo da morte.
BB ideia de conexão.
CC conceito de solidão.
DD risco de devastação.
EE necessidade de empatia.
2 –LC • 1º DIA • CADERNO 1 • AZUL–"
150;MT;117706;A;19;0;;2.26306;1.45121;0.23837;AZUL;1211;;0;2023;-1.0193600000000012;Enunciado da Questão 150 (Consulte o Caderno Azul Oficial)
116;CN;60037;B;9;0;;3.05374;1.81691;0.33738;AZUL;1221;;0;2023;-1.0301500000000003;Enunciado da Questão 116 (Consulte o Caderno Azul Oficial)
74;CH;140538;A;6;0;;1.33134;0.83509;0.23955;AZUL;1271;;0;2023;-1.04034;Enunciado da Questão 74 (Consulte o Caderno Azul Oficial)
74;CH;140538;A;6;0;;1.33134;0.83509;0.23955;AZUL;1231;;0;2023;-1.04034;Enunciado da Questão 74 (Consulte o Caderno Azul Oficial)
174;MT;125990;A;23;0;;2.71883;1.96573;0.12171;AZUL;1291;;0;2023;-1.06808;Enunciado da Questão 174 (Consulte o Caderno Azul Oficial)
174;MT;125990;A;23;0;;2.71883;1.96573;0.12171;AZUL;1251;;0;2023;-1.06808;Enunciado da Questão 174 (Consulte o Caderno Azul Oficial)
68;CH;141313;A;9;0;;1.73459;1.11117;0.2438;AZUL;1271;;0;2023;-1.0833299999999997;Enunciado da Questão 68 (Consulte o Caderno Azul Oficial)
68;CH;141313;A;9;0;;1.73459;1.11117;0.2438;AZUL;1231;;0;2023;-1.0833299999999997;Enunciado da Questão 68 (Consulte o Caderno Azul Oficial)
52;CH;140194;A;23;0;;1.5807;1.18538;0.13863;AZUL;1191;;0;2023;-1.0878900000000002;Enunciado da Questão 52 (Consulte o Caderno Azul Oficial)
159;MT;125977;D;23;0;;2.04085;1.27709;0.27067;AZUL;1211;;0;2023;-1.1029200000000003;Enunciado da Questão 159 (Consulte o Caderno Azul Oficial)
115;CN;117866;B;10;0;;2.33748;1.77344;0.10811;AZUL;1221;;0;2023;-1.1859100000000002;Enunciado da Questão 115 (Consulte o Caderno Azul Oficial)
128;CN;89877;E;30;0;;2.64928;1.83585;0.205;AZUL;1261;;0;2023;-1.23399;Enunciado da Questão 128 (Consulte o Caderno Azul Oficial)
128;CN;89877;E;30;0;;2.64928;1.83585;0.205;AZUL;1301;;0;2023;-1.23399;Enunciado da Questão 128 (Consulte o Caderno Azul Oficial)
34;LC;120648;C;14;0;;1.82581;1.45066;0.12254;AZUL;1201;;0;2023;-1.3130600000000003;Enunciado da Questão 34 (Consulte o Caderno Azul Oficial)
73;CH;118069;B;17;0;;1.626;1.23129;0.18301;AZUL;1271;;0;2023;-1.35692;"73 QUESTÃO 75
Os séculos XV e XVI, quando se vão desmoronando A torcida do Fluminense inicia um movimento para
as estruturas socioeconômicas da Idade Média perante mudar a letra de uma das músicas mais populares das
os novos imperativos da Época moderna, constituem um arquibancadas tricolores. Grupos pedem a remoção do
momento-chave na história florestal de toda a Europa termo “mulambo imundo”, em uma provocação direta ao
Ocidental. Abre-se, genericamente, um longo período Flamengo. Mulambo é um termo que surgiu em Angola,
de “crise florestal”, que se manifesta com acuidade nos na época da escravatura, e eles eram chamados de
países onde mais se desenvolvem as atividades industriais mulambos pelos senhores de engenho, os patrões
e comerciais. As necessidades em produtos lenhosos das fazendas.
aumentam drasticamente com o crescimento do consumo Disponível em: https://oglobo.globo.com. Acesso em: 23 nov. 2021.
nos mercados urbanos e nas regiões onde progridem a
Qual mudança no comportamento social a proposta
metalurgia e a construção naval, além da sua utilização
reportada no texto reflete?
na vida quotidiana de toda a população.
DEVY-VARETA, N. Para uma geografia histórica da floresta portuguesa. AA Rejeição de costumes elitistas.
Revista da Faculdade de Letras — Geografia, n. 1, 1986 (adaptado). BB Repulsão de condutas misóginas.
Qual acontecimento do período contribuiu diretamente
CC Condenação do preconceito racial.
para o agravamento da situação descrita?
DD Criminalização"
73;CH;118069;B;17;0;;1.626;1.23129;0.18301;AZUL;1231;;0;2023;-1.35692;"73 QUESTÃO 75
Os séculos XV e XVI, quando se vão desmoronando A torcida do Fluminense inicia um movimento para
as estruturas socioeconômicas da Idade Média perante mudar a letra de uma das músicas mais populares das
os novos imperativos da Época moderna, constituem um arquibancadas tricolores. Grupos pedem a remoção do
momento-chave na história florestal de toda a Europa termo “mulambo imundo”, em uma provocação direta ao
Ocidental. Abre-se, genericamente, um longo período Flamengo. Mulambo é um termo que surgiu em Angola,
de “crise florestal”, que se manifesta com acuidade nos na época da escravatura, e eles eram chamados de
países onde mais se desenvolvem as atividades industriais mulambos pelos senhores de engenho, os patrões
e comerciais. As necessidades em produtos lenhosos das fazendas.
aumentam drasticamente com o crescimento do consumo Disponível em: https://oglobo.globo.com. Acesso em: 23 nov. 2021.
nos mercados urbanos e nas regiões onde progridem a
Qual mudança no comportamento social a proposta
metalurgia e a construção naval, além da sua utilização
reportada no texto reflete?
na vida quotidiana de toda a população.
DEVY-VARETA, N. Para uma geografia histórica da floresta portuguesa. AA Rejeição de costumes elitistas.
Revista da Faculdade de Letras — Geografia, n. 1, 1986 (adaptado). BB Repulsão de condutas misóginas.
Qual acontecimento do período contribuiu diretamente
CC Condenação do preconceito racial.
para o agravamento da situação descrita?
DD Criminalização"
142;MT;117634;A;14;0;;3.29744;2.42208;0.14073;AZUL;1211;;0;2023;-1.37501;Enunciado da Questão 142 (Consulte o Caderno Azul Oficial)
146;MT;14410;E;4;0;;2.38237;1.88674;0.10321;AZUL;1211;;0;2023;-1.4115300000000008;Enunciado da Questão 146 (Consulte o Caderno Azul Oficial)
127;CN;97813;C;15;0;;3.04923;2.24438;0.15941;AZUL;1221;;0;2023;-1.4317300000000004;Enunciado da Questão 127 (Consulte o Caderno Azul Oficial)
176;MT;81742;E;2;0;;1.63418;1.34475;0.13956;AZUL;1211;;0;2023;-1.4636900000000002;Enunciado da Questão 176 (Consulte o Caderno Azul Oficial)
22;LC;11815;C;13;0;;1.24801;0.998;0.194;AZUL;1281;;0;2023;-1.4679799999999996;"22 nov. 2021 (adaptado).
DD associação entre o lema olímpico e a cooperatividade. O texto de Agualusa tematiza o preconceito em relação
ao português brasileiro. Com base no trecho citado pelo
EE vinculação entre o lema olímpico e os eventos atléticos.
autor, infere-se que esse preconceito se deve
QUESTÃO 07 AA à dificuldade de consolidação da literatura brasileira
em outros países.
Mais iluminada que outras
BB aos diferentes graus de instrução formal entre os
Tenho dois seios, estas duas coxas, duas mãos que me falantes de língua portuguesa.
são muito úteis, olhos escuros, estas duas sobrancelhas que CC à existência de uma língua ideal que alguns falantes
preencho com maquiagem comprada por dezenove e noventa lusitanos creem ser a falada em Portugal.
e orelhas que não aceitam bijuterias. Este corpo é um corpo
DD ao intercâmbio cultural que ocorre entre os povos dos
faminto, dentado, cruel, capaz e violento. Movo os braços
diferentes países de língua portuguesa.
e multidões correm desesperadas. Caminho no escuro com
EE à distância territorial entre os falantes do português
o rosto para baixo, pois cada parte isolada de mim tem sua
que vivem em Portugal e no Brasil.
própria vida e não quero domá-las. Animal da caatinga. Forte
demais. Engolidora de espadas e espinhos.
Dizem e eu ouvi, mas depois também li, que o estado
do Ceará aboliu a escravidão quatro anos antes do restante
do país. Todos aqueles corpos que eram trazidos com
seus dedos contados, seus calcanhares prontos e seu"
22;LC;11815;C;13;0;;1.24801;0.998;0.194;AZUL;1241;;0;2023;-1.4679799999999996;"22 nov. 2021 (adaptado).
DD associação entre o lema olímpico e a cooperatividade. O texto de Agualusa tematiza o preconceito em relação
ao português brasileiro. Com base no trecho citado pelo
EE vinculação entre o lema olímpico e os eventos atléticos.
autor, infere-se que esse preconceito se deve
QUESTÃO 07 AA à dificuldade de consolidação da literatura brasileira
em outros países.
Mais iluminada que outras
BB aos diferentes graus de instrução formal entre os
Tenho dois seios, estas duas coxas, duas mãos que me falantes de língua portuguesa.
são muito úteis, olhos escuros, estas duas sobrancelhas que CC à existência de uma língua ideal que alguns falantes
preencho com maquiagem comprada por dezenove e noventa lusitanos creem ser a falada em Portugal.
e orelhas que não aceitam bijuterias. Este corpo é um corpo
DD ao intercâmbio cultural que ocorre entre os povos dos
faminto, dentado, cruel, capaz e violento. Movo os braços
diferentes países de língua portuguesa.
e multidões correm desesperadas. Caminho no escuro com
EE à distância territorial entre os falantes do português
o rosto para baixo, pois cada parte isolada de mim tem sua
que vivem em Portugal e no Brasil.
própria vida e não quero domá-las. Animal da caatinga. Forte
demais. Engolidora de espadas e espinhos.
Dizem e eu ouvi, mas depois também li, que o estado
do Ceará aboliu a escravidão quatro anos antes do restante
do país. Todos aqueles corpos que eram trazidos com
seus dedos contados, seus calcanhares prontos e seu"
154;MT;96099;B;1;0;;2.10364;1.58069;0.19261;AZUL;1251;;0;2023;-1.49784;Enunciado da Questão 154 (Consulte o Caderno Azul Oficial)
154;MT;96099;B;1;0;;2.10364;1.58069;0.19261;AZUL;1291;;0;2023;-1.49784;Enunciado da Questão 154 (Consulte o Caderno Azul Oficial)
154;MT;126028;B;7;0;;2.33037;1.91643;0.0839;AZUL;1211;;0;2023;-1.5080500000000006;Enunciado da Questão 154 (Consulte o Caderno Azul Oficial)
178;MT;125932;B;22;0;;3.05237;2.18342;0.22043;AZUL;1291;;0;2023;-1.54767;Enunciado da Questão 178 (Consulte o Caderno Azul Oficial)
178;MT;125932;B;22;0;;3.05237;2.18342;0.22043;AZUL;1251;;0;2023;-1.54767;Enunciado da Questão 178 (Consulte o Caderno Azul Oficial)
90;CH;140571;B;4;0;;2.01758;1.4703;0.23595;AZUL;1191;;0;2023;-1.5554899999999994;"90 questões numeradas de 01 a 90 e a Proposta de Redação,
dispostas da seguinte maneira:
a) questões de número 01 a 45, relativas à área de Linguagens, Códigos e suas Tecnologias;
b) Proposta de Redação;
c) questões de número 46 a 90, relativas à área de Ciências Humanas e suas Tecnologias.
ATENÇÃO: as questões de 01 a 05 são relativas à língua estrangeira. Você deverá responder apenas
às questões relativas à língua estrangeira (inglês ou espanhol) escolhida no ato de sua inscrição.
2. Confira se a quantidade e a ordem das questões do seu CADERNO DE QUESTÕES estão de acordo
com as instruções anteriores. Caso o caderno esteja incompleto, tenha defeito ou apresente qualquer
divergência, comunique ao aplicador da sala para que ele tome as providências cabíveis.
3. P ara cada uma das questões objetivas, são apresentadas 5 opções. Apenas uma responde
corretamente à questão.
4. O tempo disponível para estas provas é de cinco horas e trinta minutos.
5. Reserve tempo suficiente para preencher o CARTÃO-RESPOSTA e a FOLHA DE REDAÇÃO.
6. O s rascunhos e as marcações assinaladas no CADERNO DE QUESTÕES não serão considerados na
avaliação.
7. Somente serão corrigidas as redações transcritas na FOLHA DE REDAÇÃO.
8. Q uando terminar as provas, acene para chamar o aplicador e entregue este CADERNO DE QUESTÕES
e o CARTÃO-RESPOSTA/FOLHA DE REDAÇÃO.
9. V ocê poderá deixar o local de prova somente após decorridas duas horas do início da aplicação e
poderá levar seu CADERNO DE QUESTÕES ao deixar e"
143;MT;87686;E;29;0;;1.94508;1.67467;0.08764;AZUL;1251;;0;2023;-1.5720500000000006;Enunciado da Questão 143 (Consulte o Caderno Azul Oficial)
143;MT;87686;E;29;0;;1.94508;1.67467;0.08764;AZUL;1291;;0;2023;-1.5720500000000006;Enunciado da Questão 143 (Consulte o Caderno Azul Oficial)
144;MT;141563;E;7;0;;2.0018;1.46283;0.23942;AZUL;1291;;0;2023;-1.5819900000000005;Enunciado da Questão 144 (Consulte o Caderno Azul Oficial)
144;MT;141563;E;7;0;;2.0018;1.46283;0.23942;AZUL;1251;;0;2023;-1.5819900000000005;Enunciado da Questão 144 (Consulte o Caderno Azul Oficial)
122;CN;126545;A;10;0;;1.75908;1.33559;0.23258;AZUL;1261;;0;2023;-1.6515100000000005;Enunciado da Questão 122 (Consulte o Caderno Azul Oficial)
122;CN;126545;A;10;0;;1.75908;1.33559;0.23258;AZUL;1301;;0;2023;-1.6515100000000005;Enunciado da Questão 122 (Consulte o Caderno Azul Oficial)
18;LC;9969;A;15;0;;1.20199;1.042;0.193;AZUL;1281;;0;2023;-1.6870200000000006;"18 jun. 2018 (adaptado).
em 2030 em todo o mundo.
A propagação sistemática de informações é um
A pressa constante, o sentimento de invencibilidade,
fenômeno recorrente na história e no desenvolvimento
a certeza de invulnerabilidade, a necessidade de poder,
das sociedades. No texto, a eficácia dessa propagação a falta de civilidade, a certeza de impunidade, a ausência
está diretamente relacionada ao(à) de solidariedade, a inexistência de compaixão e o
AA velocidade de circulação das notícias. desrespeito por si próprio são circunstâncias reais que,
não raro, concorrem para o comportamento violento no
BB nível de letramento da população marginalizada.
trânsito.
CC poder de censura por parte dos serviços públicos.
O Maio Amarelo, que preconiza a atenção pela vida,
DD legitimidade da voz dos representantes da nobreza. é uma das iniciativas nesse sentido. E é precisamente
EE diversidade dos meios disponíveis em uma época a atenção pela vida que está esquecida. Essa atenção,
por certo, requer menos pressa, mais civilidade,
histórica.
limites assegurados, consciência de vulnerabilidade,
solidariedade, compaixão e respeito por si e pelo outro.
QUESTÃO 10
Reafirmar e praticar esses princípios e valores talvez seja
Se a interferência de contas falsas em discussões um caminho mais seguro e menos violento, que garanta
políticas nas redes sociais já representava um perigo a vida e não celebre a morte.
para os sistemas democráticos, sua sofisticação e maior Disponível em: http://portaldotr"
18;LC;9969;A;15;0;;1.20199;1.042;0.193;AZUL;1241;;0;2023;-1.6870200000000006;"18 jun. 2018 (adaptado).
em 2030 em todo o mundo.
A propagação sistemática de informações é um
A pressa constante, o sentimento de invencibilidade,
fenômeno recorrente na história e no desenvolvimento
a certeza de invulnerabilidade, a necessidade de poder,
das sociedades. No texto, a eficácia dessa propagação a falta de civilidade, a certeza de impunidade, a ausência
está diretamente relacionada ao(à) de solidariedade, a inexistência de compaixão e o
AA velocidade de circulação das notícias. desrespeito por si próprio são circunstâncias reais que,
não raro, concorrem para o comportamento violento no
BB nível de letramento da população marginalizada.
trânsito.
CC poder de censura por parte dos serviços públicos.
O Maio Amarelo, que preconiza a atenção pela vida,
DD legitimidade da voz dos representantes da nobreza. é uma das iniciativas nesse sentido. E é precisamente
EE diversidade dos meios disponíveis em uma época a atenção pela vida que está esquecida. Essa atenção,
por certo, requer menos pressa, mais civilidade,
histórica.
limites assegurados, consciência de vulnerabilidade,
solidariedade, compaixão e respeito por si e pelo outro.
QUESTÃO 10
Reafirmar e praticar esses princípios e valores talvez seja
Se a interferência de contas falsas em discussões um caminho mais seguro e menos violento, que garanta
políticas nas redes sociais já representava um perigo a vida e não celebre a morte.
para os sistemas democráticos, sua sofisticação e maior Disponível em: http://portaldotr"
104;CN;60978;B;25;0;;1.85476;1.5224;0.17445;AZUL;1221;;0;2023;-1.7299299999999995;Enunciado da Questão 104 (Consulte o Caderno Azul Oficial)
165;MT;28932;E;8;0;;2.39434;1.98395;0.11508;AZUL;1211;;0;2023;-1.7385700000000002;Enunciado da Questão 165 (Consulte o Caderno Azul Oficial)
10;LC;14713;E;15;0;;1.29568;1.21007;0.14848;AZUL;1281;;0;2023;-1.78125;"10 10 Libras
2 Dia 2 Dia
1°Capa 4°Capa
Libras 12 12 Libras
Ledor 11 11 Ledor
Rosa 8 8 Rosa
Azul 7 7 Azul
Cinza 6 6 Cinza
Amarelo 5 5 Amarelo
*010175AZ1*
BBiigguurrrriillhhooss..iinndddd 11 1144//0066//22002222 1177::1122::0066"
10;LC;14713;E;15;0;;1.29568;1.21007;0.14848;AZUL;1241;;0;2023;-1.78125;"10 10 Libras
2 Dia 2 Dia
1°Capa 4°Capa
Libras 12 12 Libras
Ledor 11 11 Ledor
Rosa 8 8 Rosa
Azul 7 7 Azul
Cinza 6 6 Cinza
Amarelo 5 5 Amarelo
*010175AZ1*
BBiigguurrrriillhhooss..iinndddd 11 1144//0066//22002222 1177::1122::0066"
175;MT;85504;B;21;0;;2.21375;1.82985;0.15414;AZUL;1211;;0;2023;-1.8327499999999992;Enunciado da Questão 175 (Consulte o Caderno Azul Oficial)
88;CH;141051;A;18;0;;1.90228;1.5999;0.16847;AZUL;1191;;0;2023;-1.8374900000000007;Enunciado da Questão 88 (Consulte o Caderno Azul Oficial)
23;LC;140987;C;22;0;;1.84344;1.65132;0.12303;AZUL;1201;;0;2023;-1.88223;"23 nov. 2021 (fragmento).
a gargantas humanas.
A função emotiva presente no poema cumpre o propósito
BILAC, O. Disponível em: www.escritas.org. Acesso em: 29 out. 2021. do eu lírico de
Publicado em 1902, o texto de Olavo Bilac enfatiza as AA revelar as desilusões amorosas.
mazelas da escravidão no Brasil ao BB refletir sobre a censura à sua voz.
AA descrever de modo impessoal as consequências da
CC expressar a dificuldade de comunicação.
exploração racial sobre as gerações futuras.
BB contrapor a infância privilegiada das crianças da época DD ressaltar a existência de pressões externas.
à infância violentada das crianças escravizadas. EE manifestar as dores do processo de criação.
CC antecipar o futuro apagamento das marcas da
escravidão no contexto social.
DD criticar a atenuação da violência contra os povos
escravizados nas memórias retratadas pelos museus.
EE imaginar a reação de indiferença de seus
contemporâneos com os escravizados libertos.
–LC • 1º DIA • CADERNO 1 • AZUL– 13"
125;CN;64023;E;13;0;;1.81427;1.4199;0.25187;AZUL;1221;;0;2023;-1.89051;Enunciado da Questão 125 (Consulte o Caderno Azul Oficial)
7;LC;140884;A;17;0;;1.35926;1.14954;0.23381;AZUL;1201;;0;2023;-1.89915;"7. Somente serão corrigidas as redações transcritas na FOLHA DE REDAÇÃO.
8. Q uando terminar as provas, acene para chamar o aplicador e entregue este CADERNO DE QUESTÕES
e o CARTÃO-RESPOSTA/FOLHA DE REDAÇÃO.
9. V ocê poderá deixar o local de prova somente após decorridas duas horas do início da aplicação e
poderá levar seu CADERNO DE QUESTÕES ao deixar em definitivo a sala de prova nos 30 minutos
que antecedem o término das provas.
0 1
1 Dia 1 Dia
1°Capa 4°Capa
Azul 1 1 Azul
Amarelo 2 2 Amarelo
Branco 3 3 Branco
Rosa 4 4 Rosa
Ledor 9 9 Ledor
Libras 10 10 Libras
2 Dia 2 Dia
1°Capa 4°Capa
Libras 12 12 Libras
Ledor 11 11 Ledor
Rosa 8 8 Rosa
Azul 7 7 Azul
Cinza 6 6 Cinza
Amarelo 5 5 Amarelo
*010175AZ1*
BBiigguurrrriillhhooss..iinndddd 11 1144//0066//22002222 1177::1122::0066"
170;MT;117714;A;9;0;;2.60222;2.09304;0.17394;AZUL;1251;;0;2023;-1.9443799999999989;Enunciado da Questão 170 (Consulte o Caderno Azul Oficial)
170;MT;117714;A;9;0;;2.60222;2.09304;0.17394;AZUL;1291;;0;2023;-1.9443799999999989;Enunciado da Questão 170 (Consulte o Caderno Azul Oficial)
71;CH;141017;D;7;0;;2.01061;1.68198;0.19435;AZUL;1271;;0;2023;-1.9964700000000004;Enunciado da Questão 71 (Consulte o Caderno Azul Oficial)
71;CH;141017;D;7;0;;2.01061;1.68198;0.19435;AZUL;1231;;0;2023;-1.9964700000000004;Enunciado da Questão 71 (Consulte o Caderno Azul Oficial)
113;CN;82446;A;23;0;;2.66863;2.35839;0.05501;AZUL;1221;;0;2023;-2.0129600000000005;Enunciado da Questão 113 (Consulte o Caderno Azul Oficial)
175;MT;44095;C;8;0;;2.56873;2.03809;0.20898;AZUL;1291;;0;2023;-2.02171;Enunciado da Questão 175 (Consulte o Caderno Azul Oficial)
175;MT;44095;C;8;0;;2.56873;2.03809;0.20898;AZUL;1251;;0;2023;-2.02171;Enunciado da Questão 175 (Consulte o Caderno Azul Oficial)
37;LC;141201;C;12;0;;1.33139;1.23174;0.22153;AZUL;1201;;0;2023;-2.14009;Enunciado da Questão 37 (Consulte o Caderno Azul Oficial)
161;MT;64151;E;2;0;;2.19283;2.05125;0.07643;AZUL;1291;;0;2023;-2.150240000000001;Enunciado da Questão 161 (Consulte o Caderno Azul Oficial)
161;MT;64151;E;2;0;;2.19283;2.05125;0.07643;AZUL;1251;;0;2023;-2.150240000000001;Enunciado da Questão 161 (Consulte o Caderno Azul Oficial)
106;CN;63131;C;20;0;;3.05747;2.28881;0.29517;AZUL;1301;;0;2023;-2.2273399999999994;Enunciado da Questão 106 (Consulte o Caderno Azul Oficial)
106;CN;63131;C;20;0;;3.05747;2.28881;0.29517;AZUL;1261;;0;2023;-2.2273399999999994;Enunciado da Questão 106 (Consulte o Caderno Azul Oficial)
110;CN;13234;B;17;0;;1.03245;1.23487;0.12791;AZUL;1301;;0;2023;-2.2792599999999994;Enunciado da Questão 110 (Consulte o Caderno Azul Oficial)
110;CN;13234;B;17;0;;1.03245;1.23487;0.12791;AZUL;1261;;0;2023;-2.2792599999999994;Enunciado da Questão 110 (Consulte o Caderno Azul Oficial)
9;LC;88031;E;30;0;;1.73107;1.60103;0.19199;AZUL;1201;;0;2023;-2.3009;"90 questões numeradas de 01 a 90 e a Proposta de Redação,
dispostas da seguinte maneira:
a) questões de número 01 a 45, relativas à área de Linguagens, Códigos e suas Tecnologias;
b) Proposta de Redação;
c) questões de número 46 a 90, relativas à área de Ciências Humanas e suas Tecnologias.
ATENÇÃO: as questões de 01 a 05 são relativas à língua estrangeira. Você deverá responder apenas
às questões relativas à língua estrangeira (inglês ou espanhol) escolhida no ato de sua inscrição.
2. Confira se a quantidade e a ordem das questões do seu CADERNO DE QUESTÕES estão de acordo
com as instruções anteriores. Caso o caderno esteja incompleto, tenha defeito ou apresente qualquer
divergência, comunique ao aplicador da sala para que ele tome as providências cabíveis.
3. P ara cada uma das questões objetivas, são apresentadas 5 opções. Apenas uma responde
corretamente à questão.
4. O tempo disponível para estas provas é de cinco horas e trinta minutos.
5. Reserve tempo suficiente para preencher o CARTÃO-RESPOSTA e a FOLHA DE REDAÇÃO.
6. O s rascunhos e as marcações assinaladas no CADERNO DE QUESTÕES não serão considerados na
avaliação.
7. Somente serão corrigidas as redações transcritas na FOLHA DE REDAÇÃO.
8. Q uando terminar as provas, acene para chamar o aplicador e entregue este CADERNO DE QUESTÕES
e o CARTÃO-RESPOSTA/FOLHA DE REDAÇÃO.
9. V ocê poderá deixar o local de prova somente após decorridas duas horas do início da aplicação e
poderá levar seu CADERNO DE QUESTÕES ao deixar e"
14;LC;140899;D;29;0;;1.22127;1.21426;0.22043;AZUL;1201;;0;2023;-2.3023899999999995;"14 QUESTÃO 15
As cinzas do Museu Nacional, no Rio de Janeiro,
Dão Lalalão
consumido pelas chamas no mês de setembro de 2018,
Do povoado do Ão, ou dos sítios perto, alguém
são mais do que restos de fósseis, cerâmicas e espécimes
precisava urgente de querer vir por escutar a novela do
raros. O museu abrigava, entre mais de 20 milhões de
rádio. Ouvia-a, aprendia-a, guardava na ideia, e, retornado
peças, os esqueletos com as respostas para perguntas
ao Ão, no dia seguinte, a repetia a outros.
que ainda não haviam sido respondidas — ou sequer
Assim estavam jantando, vinham os do povoado feitas — por pesquisadores brasileiros. E o incêndio
receber a nova parte da novela do rádio. Ouvir já pode ter calado para sempre palavras e cantos indígenas
tinham ouvido tudo, de uma vez, fugia da regra: falhara ancestrais, de línguas que não existem mais no mundo.
ali no Ão, na véspera, o caminhão de um comprador
O acervo do local continha gravações de conversas,
de galinhas e ovos, seo Abrãozinho Buristém, que
cantos e rituais de dezenas de sociedades indígenas,
carregava um rádio pequeno, de pilhas, armara um fio
muitas feitas durante a década de 1960 com antigos
no arame da cerca... Mas queriam escutar outra vez,
gravadores de rolo e que ainda não haviam sido
por confirmação. — “A estória é estável de boa, mal
digitalizadas. Alguns dos registros abordavam línguas já
que acompridada: taca e não rende...” — explicava o
extintas, sem falantes originais ainda vivos. “A esperança
Zuz ao Dalberto."
4;LC;140729;C;6;0;;1.52132;1.43573;0.2144;AZUL;1241;1.0;0;2023;-2.3365500000000003;"45, relativas à área de Linguagens, Códigos e suas Tecnologias;
b) Proposta de Redação;
c) questões de número 46 a 90, relativas à área de Ciências Humanas e suas Tecnologias.
ATENÇÃO: as questões de 01 a 05 são relativas à língua estrangeira. Você deverá responder apenas
às questões relativas à língua estrangeira (inglês ou espanhol) escolhida no ato de sua inscrição.
2. Confira se a quantidade e a ordem das questões do seu CADERNO DE QUESTÕES estão de acordo
com as instruções anteriores. Caso o caderno esteja incompleto, tenha defeito ou apresente qualquer
divergência, comunique ao aplicador da sala para que ele tome as providências cabíveis.
3. P ara cada uma das questões objetivas, são apresentadas 5 opções. Apenas uma responde
corretamente à questão.
4. O tempo disponível para estas provas é de cinco horas e trinta minutos.
5. Reserve tempo suficiente para preencher o CARTÃO-RESPOSTA e a FOLHA DE REDAÇÃO.
6. O s rascunhos e as marcações assinaladas no CADERNO DE QUESTÕES não serão considerados na
avaliação.
7. Somente serão corrigidas as redações transcritas na FOLHA DE REDAÇÃO.
8. Q uando terminar as provas, acene para chamar o aplicador e entregue este CADERNO DE QUESTÕES
e o CARTÃO-RESPOSTA/FOLHA DE REDAÇÃO.
9. V ocê poderá deixar o local de prova somente após decorridas duas horas do início da aplicação e
poderá levar seu CADERNO DE QUESTÕES ao deixar em definitivo a sala de prova nos 30 minutos
que antecedem o término das provas.
0 1
1 Dia 1 Dia
1°Capa 4°Capa
Azul 1"
4;LC;140729;C;6;0;;1.52132;1.43573;0.2144;AZUL;1281;1.0;0;2023;-2.3365500000000003;"45, relativas à área de Linguagens, Códigos e suas Tecnologias;
b) Proposta de Redação;
c) questões de número 46 a 90, relativas à área de Ciências Humanas e suas Tecnologias.
ATENÇÃO: as questões de 01 a 05 são relativas à língua estrangeira. Você deverá responder apenas
às questões relativas à língua estrangeira (inglês ou espanhol) escolhida no ato de sua inscrição.
2. Confira se a quantidade e a ordem das questões do seu CADERNO DE QUESTÕES estão de acordo
com as instruções anteriores. Caso o caderno esteja incompleto, tenha defeito ou apresente qualquer
divergência, comunique ao aplicador da sala para que ele tome as providências cabíveis.
3. P ara cada uma das questões objetivas, são apresentadas 5 opções. Apenas uma responde
corretamente à questão.
4. O tempo disponível para estas provas é de cinco horas e trinta minutos.
5. Reserve tempo suficiente para preencher o CARTÃO-RESPOSTA e a FOLHA DE REDAÇÃO.
6. O s rascunhos e as marcações assinaladas no CADERNO DE QUESTÕES não serão considerados na
avaliação.
7. Somente serão corrigidas as redações transcritas na FOLHA DE REDAÇÃO.
8. Q uando terminar as provas, acene para chamar o aplicador e entregue este CADERNO DE QUESTÕES
e o CARTÃO-RESPOSTA/FOLHA DE REDAÇÃO.
9. V ocê poderá deixar o local de prova somente após decorridas duas horas do início da aplicação e
poderá levar seu CADERNO DE QUESTÕES ao deixar em definitivo a sala de prova nos 30 minutos
que antecedem o término das provas.
0 1
1 Dia 1 Dia
1°Capa 4°Capa
Azul 1"
123;CN;89675;C;9;0;;2.45026;2.11499;0.18741;AZUL;1301;;0;2023;-2.3815;Enunciado da Questão 123 (Consulte o Caderno Azul Oficial)
123;CN;89675;C;9;0;;2.45026;2.11499;0.18741;AZUL;1261;;0;2023;-2.3815;Enunciado da Questão 123 (Consulte o Caderno Azul Oficial)
137;MT;15451;D;24;0;;2.088;1.815;0.224;AZUL;1251;;0;2023;-2.389;Enunciado da Questão 137 (Consulte o Caderno Azul Oficial)
137;MT;15451;D;24;0;;2.088;1.815;0.224;AZUL;1291;;0;2023;-2.389;Enunciado da Questão 137 (Consulte o Caderno Azul Oficial)
116;CN;39162;C;16;0;;0.9516;1.07172;0.21936;AZUL;1301;;0;2023;-2.40876;Enunciado da Questão 116 (Consulte o Caderno Azul Oficial)
116;CN;39162;C;16;0;;0.9516;1.07172;0.21936;AZUL;1261;;0;2023;-2.40876;Enunciado da Questão 116 (Consulte o Caderno Azul Oficial)
170;MT;37441;D;22;0;;3.01304;2.67185;0.08455;AZUL;1211;;0;2023;-2.412220000000001;Enunciado da Questão 170 (Consulte o Caderno Azul Oficial)
173;MT;125933;B;10;0;;2.60187;2.11188;0.26394;AZUL;1211;;0;2023;-2.451600000000001;Enunciado da Questão 173 (Consulte o Caderno Azul Oficial)
92;CN;13403;B;29;0;;1.19366;1.44063;0.11523;AZUL;1301;;0;2023;-2.51072;Enunciado da Questão 92 (Consulte o Caderno Azul Oficial)
92;CN;13403;B;29;0;;1.19366;1.44063;0.11523;AZUL;1261;;0;2023;-2.51072;Enunciado da Questão 92 (Consulte o Caderno Azul Oficial)
35;LC;140866;E;17;0;;1.49999;1.57603;0.1612;AZUL;1241;;0;2023;-2.53411;"35 QUESTÃO 37
A indústria do esporte eletrônico é um mercado que O uso das redes sociais como forma de ampliar
está crescendo em um ritmo mais rápido do que a economia universos foi uma descoberta recente para o artista Wolney
mundial. Sua popularidade cresceu muito e no Brasil não é Fernandes, que começou a criar quando o ambiente em
diferente. De acordo com os dados de uma pesquisa, mais de Goiás era mais árido em relação às artes visuais. “Hoje, ser
64% dos brasileiros que jogam videogame já ouviram falar de diferente é uma potência e quem sabe o que quer com
esporte eletrônico. No entanto, o que chama a atenção é o a própria arte encontra espaço”, diz. As colagens artísticas
crescimento superior a 10% do público praticante comparado do goiano aparecem em capas de obras literárias pelo
ao ano anterior, que subiu de 44,7% para 55,4%. Trata-se Brasil e exterior.
de um percentual expressivo, já que o Brasil está no top 3
Disponível em: https://opopular.com.br. Acesso em: 15 nov. 2021 (adaptado).
dentre os países que têm maior número de espectadores de
O artista goiano Wolney Fernandes busca expor seu
esporte eletrônico do mundo. Comparado ao ano anterior,
trabalho por meio de plataformas virtuais com o objetivo de
em 2020, o Brasil teve um marco de crescimento de 20%
na audiência. Mundo afora, a árdua dedicação de grandes AA dar suporte à técnica de colagem em Artes Visuais,
gamers contribuiu para o reconhecimento do Comitê Olímpico contornando dificuldades práticas.
Internac"
35;LC;140866;E;17;0;;1.49999;1.57603;0.1612;AZUL;1281;;0;2023;-2.53411;"35 QUESTÃO 37
A indústria do esporte eletrônico é um mercado que O uso das redes sociais como forma de ampliar
está crescendo em um ritmo mais rápido do que a economia universos foi uma descoberta recente para o artista Wolney
mundial. Sua popularidade cresceu muito e no Brasil não é Fernandes, que começou a criar quando o ambiente em
diferente. De acordo com os dados de uma pesquisa, mais de Goiás era mais árido em relação às artes visuais. “Hoje, ser
64% dos brasileiros que jogam videogame já ouviram falar de diferente é uma potência e quem sabe o que quer com
esporte eletrônico. No entanto, o que chama a atenção é o a própria arte encontra espaço”, diz. As colagens artísticas
crescimento superior a 10% do público praticante comparado do goiano aparecem em capas de obras literárias pelo
ao ano anterior, que subiu de 44,7% para 55,4%. Trata-se Brasil e exterior.
de um percentual expressivo, já que o Brasil está no top 3
Disponível em: https://opopular.com.br. Acesso em: 15 nov. 2021 (adaptado).
dentre os países que têm maior número de espectadores de
O artista goiano Wolney Fernandes busca expor seu
esporte eletrônico do mundo. Comparado ao ano anterior,
trabalho por meio de plataformas virtuais com o objetivo de
em 2020, o Brasil teve um marco de crescimento de 20%
na audiência. Mundo afora, a árdua dedicação de grandes AA dar suporte à técnica de colagem em Artes Visuais,
gamers contribuiu para o reconhecimento do Comitê Olímpico contornando dificuldades práticas.
Internac"
155;MT;117594;D;14;0;;2.85622;2.39663;0.21409;AZUL;1291;;0;2023;-2.5479000000000003;Enunciado da Questão 155 (Consulte o Caderno Azul Oficial)
155;MT;117594;D;14;0;;2.85622;2.39663;0.21409;AZUL;1251;;0;2023;-2.5479000000000003;Enunciado da Questão 155 (Consulte o Caderno Azul Oficial)
138;MT;44814;E;1;0;;1.59068;1.68621;0.13542;AZUL;1251;;0;2023;-2.55437;"138 x 184 cm.
Museu Lasar Segall, IbramMinc, São Paulo, 1919. No diálogo que estabelece com religiões afro-brasileiras,
sintetizado na descrição e na imagem do espetáculo,
TEXTO II
a dança exprime uma
Em 1933, a obra Eternos caminhantes ingressou
AA crítica aos movimentos padronizados do balé clássico.
em uma das primeiras edições das exposições de Arte
BB representação contemporânea de rituais ancestrais
Degenerada, promovida por membros do partido nazista
extintos.
alemão. Nos anos seguintes, ela voltaria a ser exibida na
CC reelaboração estética erudita de práticas religiosas
mostra denominada Exposição da Vergonha, promovida
populares.
por pequenos grupos abastados. Em 1937, essa obra foi
confiscada pelo Ministério da Propaganda daquele país, na DD releitura irônica da atmosfera mística presente no culto
a entidades.
grande ação nacional-socialista contra a “Arte Degenerada”.
EE oposição entre o resgate de tradições e a efemeridade
SCHWARTZ, J. Perseguição à Arte Moderna em tempos de
guerra. São Paulo: Museu Lasar Segall, 2018 (adaptado). da vida humana.
–LC • 1º DIA • CADERNO 1 • AZUL– 15"
138;MT;44814;E;1;0;;1.59068;1.68621;0.13542;AZUL;1291;;0;2023;-2.55437;"138 x 184 cm.
Museu Lasar Segall, IbramMinc, São Paulo, 1919. No diálogo que estabelece com religiões afro-brasileiras,
sintetizado na descrição e na imagem do espetáculo,
TEXTO II
a dança exprime uma
Em 1933, a obra Eternos caminhantes ingressou
AA crítica aos movimentos padronizados do balé clássico.
em uma das primeiras edições das exposições de Arte
BB representação contemporânea de rituais ancestrais
Degenerada, promovida por membros do partido nazista
extintos.
alemão. Nos anos seguintes, ela voltaria a ser exibida na
CC reelaboração estética erudita de práticas religiosas
mostra denominada Exposição da Vergonha, promovida
populares.
por pequenos grupos abastados. Em 1937, essa obra foi
confiscada pelo Ministério da Propaganda daquele país, na DD releitura irônica da atmosfera mística presente no culto
a entidades.
grande ação nacional-socialista contra a “Arte Degenerada”.
EE oposição entre o resgate de tradições e a efemeridade
SCHWARTZ, J. Perseguição à Arte Moderna em tempos de
guerra. São Paulo: Museu Lasar Segall, 2018 (adaptado). da vida humana.
–LC • 1º DIA • CADERNO 1 • AZUL– 15"
157;MT;125975;A;6;0;;1.42997;1.57887;0.13599;AZUL;1291;;0;2023;-2.55662;Enunciado da Questão 157 (Consulte o Caderno Azul Oficial)
157;MT;125975;A;6;0;;1.42997;1.57887;0.13599;AZUL;1251;;0;2023;-2.55662;Enunciado da Questão 157 (Consulte o Caderno Azul Oficial)
126;CN;14943;A;5;0;;1.62506;1.77927;0.09398;AZUL;1261;;0;2023;-2.55759;Enunciado da Questão 126 (Consulte o Caderno Azul Oficial)
126;CN;14943;A;5;0;;1.62506;1.77927;0.09398;AZUL;1301;;0;2023;-2.55759;Enunciado da Questão 126 (Consulte o Caderno Azul Oficial)
98;CN;117924;E;27;0;;2.12814;2.10133;0.11495;AZUL;1261;;0;2023;-2.62246;Enunciado da Questão 98 (Consulte o Caderno Azul Oficial)
98;CN;117924;E;27;0;;2.12814;2.10133;0.11495;AZUL;1301;;0;2023;-2.62246;Enunciado da Questão 98 (Consulte o Caderno Azul Oficial)
51;CH;63635;C;1;0;;0.71667;1.29861;0.03594;AZUL;1191;;0;2023;-2.64219;"51 existem mais de cem picos, que contam com altitudes bem
maiores que 7 000 m. O Everest, considerado o ponto mais
Escrito durante a Primeira Guerra Mundial, o seguinte
alto da Terra, tem nada menos que 8 848 m de altitude, e
trecho faz parte da carta enviada pelo secretário do exterior
continua crescendo, aproximadamente, 0,8 mm a cada ano.
britânico, Sir Arthur James Balfour, ao banqueiro Lord
Disponível em: https://meioambiente.culturamix.com. Acesso em: 12 nov. 2021 (adaptado).
Rotschild, presidente da Liga Sionista, em 2 de novembro
Qual dinâmica natural é responsável pelo fenômeno
de 1917, a carta ficou conhecida como Declaração Balfour:
apresentado?
“O governo de Sua Majestade vê com aprovação o
AA Derrame de lava vulcânica.
estabelecimento na Palestina de um lar nacional para
BB Encontro de placas tectônicas.
o povo judeu, e fará todos os esforços para facilitar tal
objetivo. Nada será feito que possa prejudicar os direitos CC Ação do intemperismo químico.
civis e religiosos das comunidades não judaicas na DD Sedimentação de erosão eólica.
Palestina.” EE Derretimento de geleiras glaciais.
GATTAZ, A. A Guerra da Palestina. São Paulo: Usina do Livro, 2002 (adaptado).
QUESTÃO 54
A análise do resultado do processo em questão revela que
Eu poderia concluir que a raiva é um pensamento, que
ogoverno inglês foi incapaz de garantir seu objetivo de
estar com raiva é pensar que alguém é detestável, e que
AA promover o bem-estar social.
esse pensamento, como todos os outros — as"
121;CN;87842;E;9;0;;1.65903;1.58501;0.24699;AZUL;1261;;0;2023;-2.67192;Enunciado da Questão 121 (Consulte o Caderno Azul Oficial)
121;CN;87842;E;9;0;;1.65903;1.58501;0.24699;AZUL;1301;;0;2023;-2.67192;Enunciado da Questão 121 (Consulte o Caderno Azul Oficial)
131;CN;126533;A;1;0;;1.97611;1.97226;0.15173;AZUL;1261;;0;2023;-2.723209999999999;Enunciado da Questão 131 (Consulte o Caderno Azul Oficial)
131;CN;126533;A;1;0;;1.97611;1.97226;0.15173;AZUL;1301;;0;2023;-2.723209999999999;Enunciado da Questão 131 (Consulte o Caderno Azul Oficial)
12;LC;141241;B;11;0;;1.67142;1.62234;0.24018;AZUL;1281;;0;2023;-2.72508;"12 12 Libras
Ledor 11 11 Ledor
Rosa 8 8 Rosa
Azul 7 7 Azul
Cinza 6 6 Cinza
Amarelo 5 5 Amarelo
*010175AZ1*
BBiigguurrrriillhhooss..iinndddd 11 1144//0066//22002222 1177::1122::0066"
12;LC;141241;B;11;0;;1.67142;1.62234;0.24018;AZUL;1241;;0;2023;-2.72508;"12 12 Libras
Ledor 11 11 Ledor
Rosa 8 8 Rosa
Azul 7 7 Azul
Cinza 6 6 Cinza
Amarelo 5 5 Amarelo
*010175AZ1*
BBiigguurrrriillhhooss..iinndddd 11 1144//0066//22002222 1177::1122::0066"
168;MT;24523;A;28;0;;2.68656;2.50464;0.12713;AZUL;1211;;0;2023;-2.7764500000000005;Enunciado da Questão 168 (Consulte o Caderno Azul Oficial)
167;MT;27330;A;18;0;;1.94836;1.9392;0.17138;AZUL;1211;;0;2023;-2.7777800000000004;Enunciado da Questão 167 (Consulte o Caderno Azul Oficial)
152;MT;86783;B;22;0;;3.58609;3.00088;0.19242;AZUL;1211;;0;2023;-2.7925599999999995;Enunciado da Questão 152 (Consulte o Caderno Azul Oficial)
107;CN;12018;D;29;0;;1.82986;1.82071;0.19864;AZUL;1221;;0;2023;-2.79561;Enunciado da Questão 107 (Consulte o Caderno Azul Oficial)
104;CN;126559;B;18;0;;1.87573;2.07387;0.0786;AZUL;1301;;0;2023;-2.86315;Enunciado da Questão 104 (Consulte o Caderno Azul Oficial)
104;CN;126559;B;18;0;;1.87573;2.07387;0.0786;AZUL;1261;;0;2023;-2.86315;Enunciado da Questão 104 (Consulte o Caderno Azul Oficial)
33;LC;141239;A;13;0;;1.72594;1.66934;0.27058;AZUL;1201;;0;2023;-2.90904;"33 anos
da mulher vítima de violência.
no desenho, poderia ser o que foram as minhas bisavós?
CC evidenciar o trabalho da Defensoria Pública em relação
O futuro, naquele desenho, se esqueceu de ser melhor
ao problema do abuso contra a mulher.
nas relações entre as pessoas. Aliás... tão parecido com a vida.
Fiquei de cara, como dizemos aqui, ou como dizíamos DD alertar a sociedade sobre o aumento da violência
na minha adolescência, pobre adolescência, aprendendo, contra a mulher em decorrência do coronavírus.
sem querer e sem muita defesa, um futuro tão besta quanto EE incentivar o público feminino a denunciar crimes
o passado. de violência contra a mulher durante o período de
RIBEIRO, A. E. Disponível em: www.rascunho.com br. Acesso em: 21 out. 2021 (adaptado). isolamento.
12 –LC • 1º DIA • CADERNO 1 • AZUL–"
101;CN;117711;A;14;0;;2.18942;2.20856;0.13524;AZUL;1221;;0;2023;-2.923039999999999;Enunciado da Questão 101 (Consulte o Caderno Azul Oficial)
122;CN;97767;D;6;0;;1.78472;1.98863;0.10818;AZUL;1221;;0;2023;-2.9373499999999995;Enunciado da Questão 122 (Consulte o Caderno Azul Oficial)
134;CN;85436;E;29;0;;1.56816;1.75342;0.18632;AZUL;1221;;0;2023;-3.05554;Enunciado da Questão 134 (Consulte o Caderno Azul Oficial)
69;CH;140153;D;1;0;;2.45957;2.43937;0.13227;AZUL;1271;;0;2023;-3.0603199999999995;Enunciado da Questão 69 (Consulte o Caderno Azul Oficial)
69;CH;140153;D;1;0;;2.45957;2.43937;0.13227;AZUL;1231;;0;2023;-3.0603199999999995;Enunciado da Questão 69 (Consulte o Caderno Azul Oficial)
179;MT;44285;E;8;0;;2.94723;2.87386;0.06733;AZUL;1251;;0;2023;-3.0637700000000003;Enunciado da Questão 179 (Consulte o Caderno Azul Oficial)
179;MT;44285;E;8;0;;2.94723;2.87386;0.06733;AZUL;1291;;0;2023;-3.0637700000000003;Enunciado da Questão 179 (Consulte o Caderno Azul Oficial)
103;CN;82754;D;16;0;;1.76985;1.97126;0.14344;AZUL;1221;;0;2023;-3.09128;Enunciado da Questão 103 (Consulte o Caderno Azul Oficial)
163;MT;125902;A;6;0;;2.40824;2.57722;0.04513;AZUL;1211;;0;2023;-3.14083;Enunciado da Questão 163 (Consulte o Caderno Azul Oficial)
79;CH;140592;B;11;0;;1.80595;1.97568;0.17809;AZUL;1191;;0;2023;-3.20559;Enunciado da Questão 79 (Consulte o Caderno Azul Oficial)
99;CN;89769;D;30;0;;2.21757;2.35841;0.11592;AZUL;1221;;0;2023;-3.219690000000001;Enunciado da Questão 99 (Consulte o Caderno Azul Oficial)
120;CN;89506;E;8;0;;1.59807;2.0059;0.08163;AZUL;1261;;0;2023;-3.2297099999999994;"120 anos depois, o lema tem sua primeira alteração
antologiados queixam-se do desdém com que um grande
para ressaltar a solidariedade e incluir a palavra “juntos”:
número de portugueses acolhe o português brasileiro.
mais rápido, mais alto, mais forte — juntos. A mudança
É uma queixa frequente.
foi aprovada por unanimidade pelos membros do COI
“Aqui em Portugal eles dizem / — eles dizem — / que
e celebrada pelo presidente da entidade.
nosso português é errado, que nós não falamos português”,
Disponível em: https://ge.globo.com. Acesso em: 10 nov. 2021 (adaptado).
escreve a poetisa paulista Maria Giulia Pinheiro, para
De acordo com o texto, a alteração do lema olímpico teve
concluir: “Se a sua linguagem, a lusitana, / ainda conserva
como objetivo a
a palavra da opressão / ela não é a mais bonita do mundo./
AA unificação do lema anterior ao atual.
Ela é uma das mais violentas”.
BB aproximação entre o lema olímpico e o COI.
AGUALUSA, J. E. Disponível em: https://oglobo.globo.com.
CC junção do lema olímpico com os princípios esportivos. Acesso em: 22 nov. 2021 (adaptado).
DD associação entre o lema olímpico e a cooperatividade. O texto de Agualusa tematiza o preconceito em relação
ao português brasileiro. Com base no trecho citado pelo
EE vinculação entre o lema olímpico e os eventos atléticos.
autor, infere-se que esse preconceito se deve
QUESTÃO 07 AA à dificuldade de consolidação da literatura brasileira
em outros países.
Mais iluminada que outras
BB aos diferentes graus de in"
120;CN;89506;E;8;0;;1.59807;2.0059;0.08163;AZUL;1301;;0;2023;-3.2297099999999994;"120 anos depois, o lema tem sua primeira alteração
antologiados queixam-se do desdém com que um grande
para ressaltar a solidariedade e incluir a palavra “juntos”:
número de portugueses acolhe o português brasileiro.
mais rápido, mais alto, mais forte — juntos. A mudança
É uma queixa frequente.
foi aprovada por unanimidade pelos membros do COI
“Aqui em Portugal eles dizem / — eles dizem — / que
e celebrada pelo presidente da entidade.
nosso português é errado, que nós não falamos português”,
Disponível em: https://ge.globo.com. Acesso em: 10 nov. 2021 (adaptado).
escreve a poetisa paulista Maria Giulia Pinheiro, para
De acordo com o texto, a alteração do lema olímpico teve
concluir: “Se a sua linguagem, a lusitana, / ainda conserva
como objetivo a
a palavra da opressão / ela não é a mais bonita do mundo./
AA unificação do lema anterior ao atual.
Ela é uma das mais violentas”.
BB aproximação entre o lema olímpico e o COI.
AGUALUSA, J. E. Disponível em: https://oglobo.globo.com.
CC junção do lema olímpico com os princípios esportivos. Acesso em: 22 nov. 2021 (adaptado).
DD associação entre o lema olímpico e a cooperatividade. O texto de Agualusa tematiza o preconceito em relação
ao português brasileiro. Com base no trecho citado pelo
EE vinculação entre o lema olímpico e os eventos atléticos.
autor, infere-se que esse preconceito se deve
QUESTÃO 07 AA à dificuldade de consolidação da literatura brasileira
em outros países.
Mais iluminada que outras
BB aos diferentes graus de in"
80;CH;28657;A;22;0;;1.04981;1.40616;0.22588;AZUL;1191;;0;2023;-3.2482600000000006;Enunciado da Questão 80 (Consulte o Caderno Azul Oficial)
29;LC;140944;E;15;0;;1.74817;1.91976;0.19926;AZUL;1201;;0;2023;-3.2592399999999992;"29 out. 2021 (adaptado). [chests
Esse cartaz de campanha sugere que We carry yesterday, today and tomorrow
AA os lixões precisam de ampliação. We’re orphans of the wars forced upon us
BB o desperdício degrada o ambiente. We’re refugees of the sea rising from industrial wastes
CC os mercados doam alimentos perecíveis. And we carry our mother tongues
DD a desnutrição compromete o raciocínio. [...]
EE as residências carecem de refrigeradores. As we drift... in our rubber boats... from shore... to shore...
[to shore...
QUESTÃO 02
PING, W. Disponível em: https://poets.org. Acesso em: 1 jun. 2023 (fragmento).
No man is an island,
Ao retratar a trajetória de refugiados, o poema recorre à
Entire of itself;
imagem de viagem marítima para destacar o(a)
Every man is a piece of the continent, AA risco de choques culturais.
A part of the main. BB impacto do ensino de história.
[...] CC importância da luta ambiental.
Any man’s death diminishes me, DD existência de experiências plurais.
Because I am involved in mankind. EE necessidade de capacitação profissional.
DONNE, J. The Works of John Donne. Londres: John W. Parker, 1839 (fragmento).
Nesse poema, a expressão “No man is an island ” ressalta o(a)
AA medo da morte.
BB ideia de conexão.
CC conceito de solidão.
DD risco de devastação.
EE necessidade de empatia.
2 –LC • 1º DIA • CADERNO 1 • AZUL–"
144;MT;39385;C;12;0;;2.28918;2.23364;0.23391;AZUL;1211;;0;2023;-3.29211;Enunciado da Questão 144 (Consulte o Caderno Azul Oficial)
177;MT;14389;A;15;0;;0.96035;1.52433;0.14823;AZUL;1211;;0;2023;-3.39344;Enunciado da Questão 177 (Consulte o Caderno Azul Oficial)
103;CN;111492;D;22;0;;1.98795;2.27444;0.11215;AZUL;1261;;0;2023;-3.408169999999999;Enunciado da Questão 103 (Consulte o Caderno Azul Oficial)
103;CN;111492;D;22;0;;1.98795;2.27444;0.11215;AZUL;1301;;0;2023;-3.408169999999999;Enunciado da Questão 103 (Consulte o Caderno Azul Oficial)
148;MT;141566;C;9;0;;2.25456;2.26979;0.24366;AZUL;1211;;0;2023;-3.5185499999999994;Enunciado da Questão 148 (Consulte o Caderno Azul Oficial)
70;CH;96984;C;14;0;;1.16096;1.65456;0.1754;AZUL;1231;;0;2023;-3.5187600000000003;"70 QUESTÃO 72
No cemitério, a sociedade religiosa encarregada do TEXTO I
funeral, aterrorizada, apressou a cerimônia de tal forma que Por hora, apenas os mais abastados poderão sonhar
a mãe de Herzog perdeu o momento em que o caixão do em viajar ao espaço, seja por um foguete ou por um avião
filho começou a ser coberto pela terra. Quatro jornalistas híbrido, mas toda a população global poderá sentir os
que estavam presos no DOI chegaram para assistir ao efeitos dessas viagens e avanços tecnológicos. Para uma
sepultamento. Um se afastara, chorando. Dizia: Eles matam, aventura dessas, as empresas tiveram que criar novas
eles matam! Não pergunte nada. Não podemos dizer tecnologias que podem, em algum momento, voltar para a
nada. Eles matam mesmo. Falava-se baixo. Ouviram-se sociedade. A câmera fotográfica, hoje comum no mundo,
dois curtos discursos. O primeiro, da atriz Ruth Escobar: antes foi uma invenção para ser usada em telescópios, e
Até quando vamos suportar tanta violência? Até quando otitânio, usado até na medicina, foi desenvolvido para a
vamos continuar enterrando nossos mortos em silêncio? construção de foguetes.
No segundo, Audálio Dantas recitou o Navio negreiro, de ORLANDO, G. Corrida espacial dos bilionários pode trazer vantagens para todos.
Disponível em: https://noticias.r7.com. Acesso em: 5 nov. 2021 (adaptado).
Castro Alves: Senhor Deus dos desgraçados / Dizei-me
Vós, Senhor Deus / Se é mentira, se é verdade, / Tanto TEXTO II
horror perante os céus. BILIONÁRIO"
70;CH;96984;C;14;0;;1.16096;1.65456;0.1754;AZUL;1271;;0;2023;-3.5187600000000003;"70 QUESTÃO 72
No cemitério, a sociedade religiosa encarregada do TEXTO I
funeral, aterrorizada, apressou a cerimônia de tal forma que Por hora, apenas os mais abastados poderão sonhar
a mãe de Herzog perdeu o momento em que o caixão do em viajar ao espaço, seja por um foguete ou por um avião
filho começou a ser coberto pela terra. Quatro jornalistas híbrido, mas toda a população global poderá sentir os
que estavam presos no DOI chegaram para assistir ao efeitos dessas viagens e avanços tecnológicos. Para uma
sepultamento. Um se afastara, chorando. Dizia: Eles matam, aventura dessas, as empresas tiveram que criar novas
eles matam! Não pergunte nada. Não podemos dizer tecnologias que podem, em algum momento, voltar para a
nada. Eles matam mesmo. Falava-se baixo. Ouviram-se sociedade. A câmera fotográfica, hoje comum no mundo,
dois curtos discursos. O primeiro, da atriz Ruth Escobar: antes foi uma invenção para ser usada em telescópios, e
Até quando vamos suportar tanta violência? Até quando otitânio, usado até na medicina, foi desenvolvido para a
vamos continuar enterrando nossos mortos em silêncio? construção de foguetes.
No segundo, Audálio Dantas recitou o Navio negreiro, de ORLANDO, G. Corrida espacial dos bilionários pode trazer vantagens para todos.
Disponível em: https://noticias.r7.com. Acesso em: 5 nov. 2021 (adaptado).
Castro Alves: Senhor Deus dos desgraçados / Dizei-me
Vós, Senhor Deus / Se é mentira, se é verdade, / Tanto TEXTO II
horror perante os céus. BILIONÁRIO"
9;LC;141406;D;29;0;;2.58466;2.6116;0.171;AZUL;1241;;0;2023;-3.5204800000000005;"90 questões numeradas de 01 a 90 e a Proposta de Redação,
dispostas da seguinte maneira:
a) questões de número 01 a 45, relativas à área de Linguagens, Códigos e suas Tecnologias;
b) Proposta de Redação;
c) questões de número 46 a 90, relativas à área de Ciências Humanas e suas Tecnologias.
ATENÇÃO: as questões de 01 a 05 são relativas à língua estrangeira. Você deverá responder apenas
às questões relativas à língua estrangeira (inglês ou espanhol) escolhida no ato de sua inscrição.
2. Confira se a quantidade e a ordem das questões do seu CADERNO DE QUESTÕES estão de acordo
com as instruções anteriores. Caso o caderno esteja incompleto, tenha defeito ou apresente qualquer
divergência, comunique ao aplicador da sala para que ele tome as providências cabíveis.
3. P ara cada uma das questões objetivas, são apresentadas 5 opções. Apenas uma responde
corretamente à questão.
4. O tempo disponível para estas provas é de cinco horas e trinta minutos.
5. Reserve tempo suficiente para preencher o CARTÃO-RESPOSTA e a FOLHA DE REDAÇÃO.
6. O s rascunhos e as marcações assinaladas no CADERNO DE QUESTÕES não serão considerados na
avaliação.
7. Somente serão corrigidas as redações transcritas na FOLHA DE REDAÇÃO.
8. Q uando terminar as provas, acene para chamar o aplicador e entregue este CADERNO DE QUESTÕES
e o CARTÃO-RESPOSTA/FOLHA DE REDAÇÃO.
9. V ocê poderá deixar o local de prova somente após decorridas duas horas do início da aplicação e
poderá levar seu CADERNO DE QUESTÕES ao deixar e"
9;LC;141406;D;29;0;;2.58466;2.6116;0.171;AZUL;1281;;0;2023;-3.5204800000000005;"90 questões numeradas de 01 a 90 e a Proposta de Redação,
dispostas da seguinte maneira:
a) questões de número 01 a 45, relativas à área de Linguagens, Códigos e suas Tecnologias;
b) Proposta de Redação;
c) questões de número 46 a 90, relativas à área de Ciências Humanas e suas Tecnologias.
ATENÇÃO: as questões de 01 a 05 são relativas à língua estrangeira. Você deverá responder apenas
às questões relativas à língua estrangeira (inglês ou espanhol) escolhida no ato de sua inscrição.
2. Confira se a quantidade e a ordem das questões do seu CADERNO DE QUESTÕES estão de acordo
com as instruções anteriores. Caso o caderno esteja incompleto, tenha defeito ou apresente qualquer
divergência, comunique ao aplicador da sala para que ele tome as providências cabíveis.
3. P ara cada uma das questões objetivas, são apresentadas 5 opções. Apenas uma responde
corretamente à questão.
4. O tempo disponível para estas provas é de cinco horas e trinta minutos.
5. Reserve tempo suficiente para preencher o CARTÃO-RESPOSTA e a FOLHA DE REDAÇÃO.
6. O s rascunhos e as marcações assinaladas no CADERNO DE QUESTÕES não serão considerados na
avaliação.
7. Somente serão corrigidas as redações transcritas na FOLHA DE REDAÇÃO.
8. Q uando terminar as provas, acene para chamar o aplicador e entregue este CADERNO DE QUESTÕES
e o CARTÃO-RESPOSTA/FOLHA DE REDAÇÃO.
9. V ocê poderá deixar o local de prova somente após decorridas duas horas do início da aplicação e
poderá levar seu CADERNO DE QUESTÕES ao deixar e"
140;MT;98278;E;27;0;;1.71891;2.19574;0.08744;AZUL;1211;;0;2023;-3.5866;Enunciado da Questão 140 (Consulte o Caderno Azul Oficial)
66;CH;87223;B;3;0;;2.00691;2.05587;0.29477;AZUL;1231;;0;2023;-3.62764;"66 QUESTÃO 68
TEXTO I O masseiro, a mulher, e quatro filhos, dormindo numa
tapera de quatro paredes de caixão, coberta de zinco.
Como é horrivel ver um filho comer e perguntar: “Tem
A água do mangue, na maré cheia, ia dentro de casa.
mais?” Esta palavra “tem mais” fica oscilando dentro do
Os maruins de noite encalombavam o corpo dos meninos.
cerebro de uma mãe que olha as panela e não tem mais.
O mangue tinha ocasião que fedia, e os urubus faziam
JESUS, C. M. Quarto de despejo: diário de uma favelada. São Paulo: Ática, 2014.
ponto por ali atrás dos petiscos. Perto da rua lavavam
TEXTO II
couro de boi, pele de bode para o curtume de um espanhol.
A experiência de ver os filhos com fome na década
Morria peixe envenenado, e quando a maré secava, os
de 1950, descrita por Carolina, é vivida no Brasil de 2021
urubus enchiam o papo, ciscavam a lama, passeando
por uma moradora de Petrolândia, em Pernambuco. “Eu
banzeiros pelas biqueiras dos mocambos no Recife.
trabalhava de ajudante de cabeleireira, mas a moça que
RÊGO, J. L. O moleque Ricardo. Rio de Janeiro: J. Olympio, 1966 (adaptado).
tinha o salão fechou. Eu vinha me sustentando com o
A aglomeração urbana representada no texto resulta em
auxílio que tinha, mas agora eu não fui contemplada. Às
vezes as pessoas me ajudam com alimentos para os meus AA conservação do meio rural.
filhos. De vez em quando, eu acho algum bico para fazer, BB crescimento da vegetação ciliar.
mas é muito raro. Tem dias que não tenho nem o leite da CC inter"
66;CH;87223;B;3;0;;2.00691;2.05587;0.29477;AZUL;1271;;0;2023;-3.62764;"66 QUESTÃO 68
TEXTO I O masseiro, a mulher, e quatro filhos, dormindo numa
tapera de quatro paredes de caixão, coberta de zinco.
Como é horrivel ver um filho comer e perguntar: “Tem
A água do mangue, na maré cheia, ia dentro de casa.
mais?” Esta palavra “tem mais” fica oscilando dentro do
Os maruins de noite encalombavam o corpo dos meninos.
cerebro de uma mãe que olha as panela e não tem mais.
O mangue tinha ocasião que fedia, e os urubus faziam
JESUS, C. M. Quarto de despejo: diário de uma favelada. São Paulo: Ática, 2014.
ponto por ali atrás dos petiscos. Perto da rua lavavam
TEXTO II
couro de boi, pele de bode para o curtume de um espanhol.
A experiência de ver os filhos com fome na década
Morria peixe envenenado, e quando a maré secava, os
de 1950, descrita por Carolina, é vivida no Brasil de 2021
urubus enchiam o papo, ciscavam a lama, passeando
por uma moradora de Petrolândia, em Pernambuco. “Eu
banzeiros pelas biqueiras dos mocambos no Recife.
trabalhava de ajudante de cabeleireira, mas a moça que
RÊGO, J. L. O moleque Ricardo. Rio de Janeiro: J. Olympio, 1966 (adaptado).
tinha o salão fechou. Eu vinha me sustentando com o
A aglomeração urbana representada no texto resulta em
auxílio que tinha, mas agora eu não fui contemplada. Às
vezes as pessoas me ajudam com alimentos para os meus AA conservação do meio rural.
filhos. De vez em quando, eu acho algum bico para fazer, BB crescimento da vegetação ciliar.
mas é muito raro. Tem dias que não tenho nem o leite da CC inter"
139;MT;141567;D;24;0;;1.18793;1.75696;0.15183;AZUL;1211;;0;2023;-3.65417;Enunciado da Questão 139 (Consulte o Caderno Azul Oficial)
114;CN;97149;A;17;0;;0.99037;1.55817;0.20321;AZUL;1221;;0;2023;-3.70982;Enunciado da Questão 114 (Consulte o Caderno Azul Oficial)
18;LC;140905;B;28;0;;2.28551;2.41311;0.221;AZUL;1201;;0;2023;-3.773310000000001;"18 jun. 2018 (adaptado).
em 2030 em todo o mundo.
A propagação sistemática de informações é um
A pressa constante, o sentimento de invencibilidade,
fenômeno recorrente na história e no desenvolvimento
a certeza de invulnerabilidade, a necessidade de poder,
das sociedades. No texto, a eficácia dessa propagação a falta de civilidade, a certeza de impunidade, a ausência
está diretamente relacionada ao(à) de solidariedade, a inexistência de compaixão e o
AA velocidade de circulação das notícias. desrespeito por si próprio são circunstâncias reais que,
não raro, concorrem para o comportamento violento no
BB nível de letramento da população marginalizada.
trânsito.
CC poder de censura por parte dos serviços públicos.
O Maio Amarelo, que preconiza a atenção pela vida,
DD legitimidade da voz dos representantes da nobreza. é uma das iniciativas nesse sentido. E é precisamente
EE diversidade dos meios disponíveis em uma época a atenção pela vida que está esquecida. Essa atenção,
por certo, requer menos pressa, mais civilidade,
histórica.
limites assegurados, consciência de vulnerabilidade,
solidariedade, compaixão e respeito por si e pelo outro.
QUESTÃO 10
Reafirmar e praticar esses princípios e valores talvez seja
Se a interferência de contas falsas em discussões um caminho mais seguro e menos violento, que garanta
políticas nas redes sociais já representava um perigo a vida e não celebre a morte.
para os sistemas democráticos, sua sofisticação e maior Disponível em: http://portaldotr"
160;MT;141540;A;29;0;;2.11162;2.38012;0.17296;AZUL;1211;;0;2023;-3.78192;Enunciado da Questão 160 (Consulte o Caderno Azul Oficial)
178;MT;111754;B;15;0;;2.95569;2.84307;0.24511;AZUL;1211;;0;2023;-3.843379999999999;Enunciado da Questão 178 (Consulte o Caderno Azul Oficial)
84;CH;141123;D;3;0;;0.76651;1.69321;0.09277;AZUL;1191;;0;2023;-4.01046;Enunciado da Questão 84 (Consulte o Caderno Azul Oficial)
107;CN;63407;C;20;0;;1.67788;1.97964;0.28897;AZUL;1261;;0;2023;-4.02801;Enunciado da Questão 107 (Consulte o Caderno Azul Oficial)
107;CN;63407;C;20;0;;1.67788;1.97964;0.28897;AZUL;1301;;0;2023;-4.02801;Enunciado da Questão 107 (Consulte o Caderno Azul Oficial)
96;CN;14398;B;26;0;;1.10698;1.7492;0.20057;AZUL;1261;;0;2023;-4.036490000000001;Enunciado da Questão 96 (Consulte o Caderno Azul Oficial)
96;CN;14398;B;26;0;;1.10698;1.7492;0.20057;AZUL;1301;;0;2023;-4.036490000000001;Enunciado da Questão 96 (Consulte o Caderno Azul Oficial)
119;CN;111662;D;12;0;;2.43262;2.4702;0.29927;AZUL;1301;;0;2023;-4.04171;Enunciado da Questão 119 (Consulte o Caderno Azul Oficial)
119;CN;111662;D;12;0;;2.43262;2.4702;0.29927;AZUL;1261;;0;2023;-4.04171;Enunciado da Questão 119 (Consulte o Caderno Azul Oficial)
136;MT;55880;B;28;0;;1.83744;2.4295;0.10941;AZUL;1251;;0;2023;-4.16067;Enunciado da Questão 136 (Consulte o Caderno Azul Oficial)
136;MT;55880;B;28;0;;1.83744;2.4295;0.10941;AZUL;1291;;0;2023;-4.16067;Enunciado da Questão 136 (Consulte o Caderno Azul Oficial)
77;CH;140543;E;8;0;;0.81816;1.56049;0.23382;AZUL;1191;;0;2023;-4.21425;"77 QUESTÃO 79
Havia já muito tempo que a Europa desfrutava os TEXTO I
benefícios da vacina e arrancava à morte milhares de
Gerineldo dorme porque já está conformado com o
inocentes, condenados a serem vítimas do terrível flagelo
seu mundo. Porque já sabe tudo o que lhe pode acontecer
das bexigas, e o governo de Portugal nunca se lembrara de
após haver submetido todos os objetos que o rodeiam a um
transmitir ao Brasil a mais útil das descobertas humanas,
minucioso inventário de possibilidades. Seu apartamento,
quando aliás nenhum país mais do que ele carecia deste
mais que um apartamento, é uma teoria de sorte e de azar.
salutar invento ou se atendesse às vantagens da população
Melhor que ninguém, Gerineldo conhece o coeficiente
ou ao perdimento de imensas somas na mortandade
da dilatação de suas janelas e mantém marcado no
contínua de escravos, que este flagelo devorava. O certo
termômetro, com uma linha vermelha, o ponto em que
é que mais ocupado de seu ouro que de seus habitantes,
se quebrarão os vidros, despedaçados em estilhaços
Portugal, como em outros muitos casos, esperou que o
de morte. Sabe que os arquitetos e os engenheiros já
Brasil por seu próprio impulso remediasse a este mal.
previram tudo, menos o que nunca já aconteceu.
PEREIRA, J. C. 12 jan. 1828 apud LOPES, M. B.; POLITO, R. Para uma história
da vacina no Brasil: um manuscrito inédito de Norberto e Macedo. História, MÁRQUEZ, G. G. O pessimista. In: Textos do Caribe. Rio de Janeiro: Record, 1981.
Ciências, Sa"
147;MT;16795;D;16;0;;1.05676;1.98507;0.08392;AZUL;1211;;0;2023;-4.261289999999999;Enunciado da Questão 147 (Consulte o Caderno Azul Oficial)
172;MT;125888;C;13;0;;2.2107;2.37234;0.31768;AZUL;1211;;0;2023;-4.28402;Enunciado da Questão 172 (Consulte o Caderno Azul Oficial)
71;CH;140819;A;19;0;;0.93259;1.90011;0.09391;AZUL;1191;;0;2023;-4.3047;Enunciado da Questão 71 (Consulte o Caderno Azul Oficial)
2;LC;141707;A;7;0;;1.24572;1.98521;0.17301;AZUL;1201;1.0;0;2023;-4.32924;"2. Confira se a quantidade e a ordem das questões do seu CADERNO DE QUESTÕES estão de acordo
com as instruções anteriores. Caso o caderno esteja incompleto, tenha defeito ou apresente qualquer
divergência, comunique ao aplicador da sala para que ele tome as providências cabíveis.
3. P ara cada uma das questões objetivas, são apresentadas 5 opções. Apenas uma responde
corretamente à questão.
4. O tempo disponível para estas provas é de cinco horas e trinta minutos.
5. Reserve tempo suficiente para preencher o CARTÃO-RESPOSTA e a FOLHA DE REDAÇÃO.
6. O s rascunhos e as marcações assinaladas no CADERNO DE QUESTÕES não serão considerados na
avaliação.
7. Somente serão corrigidas as redações transcritas na FOLHA DE REDAÇÃO.
8. Q uando terminar as provas, acene para chamar o aplicador e entregue este CADERNO DE QUESTÕES
e o CARTÃO-RESPOSTA/FOLHA DE REDAÇÃO.
9. V ocê poderá deixar o local de prova somente após decorridas duas horas do início da aplicação e
poderá levar seu CADERNO DE QUESTÕES ao deixar em definitivo a sala de prova nos 30 minutos
que antecedem o término das provas.
0 1
1 Dia 1 Dia
1°Capa 4°Capa
Azul 1 1 Azul
Amarelo 2 2 Amarelo
Branco 3 3 Branco
Rosa 4 4 Rosa
Ledor 9 9 Ledor
Libras 10 10 Libras
2 Dia 2 Dia
1°Capa 4°Capa
Libras 12 12 Libras
Ledor 11 11 Ledor
Rosa 8 8 Rosa
Azul 7 7 Azul
Cinza 6 6 Cinza
Amarelo 5 5 Amarelo
*010175AZ1*
BBiigguurrrriillhhooss..iinndddd 11 1144//0066//22002222 1177::1122::0066"
81;CH;141350;A;12;0;;1.97882;2.37904;0.24518;AZUL;1191;;0;2023;-4.405379999999999;"81 QUESTÃO 83
A economia das ilegalidades se reestruturou com o Diversos são os fatores causadores da degradação
desenvolvimento da sociedade capitalista. A ilegalidade dos do solo, atuando de forma direta ou indireta, mas quase
bens foi separada da ilegalidade dos direitos. Divisão que sempre a grande maioria das terras degradadas inicia esse
corresponde a uma oposição de classes, pois, de um lado, a processo com o desmatamento, que pode ser seguido
ilegalidade mais acessível às classes populares será a dos por diversas formas de ocupação desordenada, como:
bens — transferência violenta das propriedades; de outro, corte de taludes para a construção de casas, rodovias e
à burguesia, então, se reservará a ilegalidade dos direitos: ferrovias, agricultura, com uso da queimada, vários tipos de
a possibilidade de desviar seus próprios regulamentos mineração, irrigação excessiva, crescimento desordenado
e suas próprias leis; e essa grande redistribuição das das cidades, superpastoreio, uso do solo para diversos
ilegalidades se traduzirá até por uma especialização dos tipos de despejos industriais e domésticos, sem tratamento
circuitos judiciários; para as ilegalidades de bens — para da área que recebe esses despejos; enfim, de uma forma
o roubo — os tribunais ordinários e os castigos; para ou de outra, os solos tornam-se degradados, sendo muitas
as ilegalidades de direitos — fraudes, evasões fiscais, vezes difícil, ou quase impossível, a sua recuperação.
operações comerciais irregu"
136;MT;48324;B;8;0;;2.09451;2.44818;0.25838;AZUL;1211;;0;2023;-4.447419999999999;Enunciado da Questão 136 (Consulte o Caderno Azul Oficial)
171;MT;117727;A;11;0;;2.49104;3.01094;0.08231;AZUL;1251;;0;2023;-4.462290000000001;Enunciado da Questão 171 (Consulte o Caderno Azul Oficial)
171;MT;117727;A;11;0;;2.49104;3.01094;0.08231;AZUL;1291;;0;2023;-4.462290000000001;Enunciado da Questão 171 (Consulte o Caderno Azul Oficial)
20;LC;140869;E;24;0;;1.15309;1.88931;0.22049;AZUL;1201;;0;2023;-4.4642;"2018,
Do povoado do Ão, ou dos sítios perto, alguém
são mais do que restos de fósseis, cerâmicas e espécimes
precisava urgente de querer vir por escutar a novela do
raros. O museu abrigava, entre mais de 20 milhões de
rádio. Ouvia-a, aprendia-a, guardava na ideia, e, retornado
peças, os esqueletos com as respostas para perguntas
ao Ão, no dia seguinte, a repetia a outros.
que ainda não haviam sido respondidas — ou sequer
Assim estavam jantando, vinham os do povoado feitas — por pesquisadores brasileiros. E o incêndio
receber a nova parte da novela do rádio. Ouvir já pode ter calado para sempre palavras e cantos indígenas
tinham ouvido tudo, de uma vez, fugia da regra: falhara ancestrais, de línguas que não existem mais no mundo.
ali no Ão, na véspera, o caminhão de um comprador
O acervo do local continha gravações de conversas,
de galinhas e ovos, seo Abrãozinho Buristém, que
cantos e rituais de dezenas de sociedades indígenas,
carregava um rádio pequeno, de pilhas, armara um fio
muitas feitas durante a década de 1960 com antigos
no arame da cerca... Mas queriam escutar outra vez,
gravadores de rolo e que ainda não haviam sido
por confirmação. — “A estória é estável de boa, mal
digitalizadas. Alguns dos registros abordavam línguas já
que acompridada: taca e não rende...” — explicava o
extintas, sem falantes originais ainda vivos. “A esperança
Zuz ao Dalberto.
é que outras instituições tenham registros dessas línguas”,
Soropita começou a recontar o capítulo da novela. diz a li"
59;CH;141021;B;24;0;;2.15539;2.47587;0.28708;AZUL;1231;;0;2023;-4.55223;"59 funciona com um pozinho mágico. Ela funciona por meio
de trabalhadores que treinam algoritmos incansavelmente
Do século XVI em diante, pelo menos nas classes
até que eles automatizem seus próprios trabalhos.
mais altas, o garfo passou a ser usado como utensílio
A Inteligência Artificial (IA) da economia freelancer está vindo atrás de você.
para comer, chegando através da Itália primeiramente à Disponível em: https://mittechreview.com.br. Acesso em: 6 out. 2021 (adaptado).
França e, em seguida, à Inglaterra e à Alemanha, depois
O texto critica a mudança tecnológica em razão da
de ter servido, durante algum tempo, apenas para retirar
seguinte consequência:
alimentos sólidos da travessa. Henrique III introduziu-o
AA Diversificação da função.
na França, trazendo-o provavelmente de Veneza. Seus
cortesãos não foram pouco ridicularizados por essa BB Mobilidade da população.
maneira “afetada” de comer e, no princípio, não eram CC Autonomia do empregado.
muito hábeis no uso do utensílio: pelo menos se dizia DD Concentração da produção.
que metade da comida caía do garfo no caminho do prato
EE Invisibilidade do profissional.
à boca. Em data tão recente como o século XVII, o garfo
era ainda basicamente artigo de luxo, geralmente feito de
prata ou ouro.
ELIAS, N. O processo civilizador: uma história dos costumes.
Rio de Janeiro: Zahar, 1994.
–CH • 1º DIA • CADERNO 1 • AZUL– 23"
59;CH;141021;B;24;0;;2.15539;2.47587;0.28708;AZUL;1271;;0;2023;-4.55223;"59 funciona com um pozinho mágico. Ela funciona por meio
de trabalhadores que treinam algoritmos incansavelmente
Do século XVI em diante, pelo menos nas classes
até que eles automatizem seus próprios trabalhos.
mais altas, o garfo passou a ser usado como utensílio
A Inteligência Artificial (IA) da economia freelancer está vindo atrás de você.
para comer, chegando através da Itália primeiramente à Disponível em: https://mittechreview.com.br. Acesso em: 6 out. 2021 (adaptado).
França e, em seguida, à Inglaterra e à Alemanha, depois
O texto critica a mudança tecnológica em razão da
de ter servido, durante algum tempo, apenas para retirar
seguinte consequência:
alimentos sólidos da travessa. Henrique III introduziu-o
AA Diversificação da função.
na França, trazendo-o provavelmente de Veneza. Seus
cortesãos não foram pouco ridicularizados por essa BB Mobilidade da população.
maneira “afetada” de comer e, no princípio, não eram CC Autonomia do empregado.
muito hábeis no uso do utensílio: pelo menos se dizia DD Concentração da produção.
que metade da comida caía do garfo no caminho do prato
EE Invisibilidade do profissional.
à boca. Em data tão recente como o século XVII, o garfo
era ainda basicamente artigo de luxo, geralmente feito de
prata ou ouro.
ELIAS, N. O processo civilizador: uma história dos costumes.
Rio de Janeiro: Zahar, 1994.
–CH • 1º DIA • CADERNO 1 • AZUL– 23"
145;MT;125929;B;9;0;;1.58702;2.1908;0.24232;AZUL;1211;;0;2023;-4.60996;Enunciado da Questão 145 (Consulte o Caderno Azul Oficial)
141;MT;117730;A;30;0;;2.16697;2.85932;0.07989;AZUL;1291;;0;2023;-4.643469999999999;Enunciado da Questão 141 (Consulte o Caderno Azul Oficial)
141;MT;117730;A;30;0;;2.16697;2.85932;0.07989;AZUL;1251;;0;2023;-4.643469999999999;Enunciado da Questão 141 (Consulte o Caderno Azul Oficial)
111;CN;54162;C;1;0;;0.82835;2.06704;0.0603;AZUL;1221;;0;2023;-4.84592;Enunciado da Questão 111 (Consulte o Caderno Azul Oficial)
142;MT;82327;B;21;0;;2.37767;2.75304;0.28057;AZUL;1251;;0;2023;-4.906629999999999;Enunciado da Questão 142 (Consulte o Caderno Azul Oficial)
142;MT;82327;B;21;0;;2.37767;2.75304;0.28057;AZUL;1291;;0;2023;-4.906629999999999;Enunciado da Questão 142 (Consulte o Caderno Azul Oficial)
145;MT;38236;B;25;0;;1.75186;2.53912;0.16611;AZUL;1291;;0;2023;-4.94419;Enunciado da Questão 145 (Consulte o Caderno Azul Oficial)
145;MT;38236;B;25;0;;1.75186;2.53912;0.16611;AZUL;1251;;0;2023;-4.94419;Enunciado da Questão 145 (Consulte o Caderno Azul Oficial)
129;CN;141738;A;4;0;;2.03842;2.62635;0.23027;AZUL;1261;;0;2023;-4.95356;Enunciado da Questão 129 (Consulte o Caderno Azul Oficial)
129;CN;141738;A;4;0;;2.03842;2.62635;0.23027;AZUL;1301;;0;2023;-4.95356;Enunciado da Questão 129 (Consulte o Caderno Azul Oficial)
134;CN;10473;D;2;0;;1.71706;2.31394;0.30327;AZUL;1261;;0;2023;-5.02405;Enunciado da Questão 134 (Consulte o Caderno Azul Oficial)
134;CN;10473;D;2;0;;1.71706;2.31394;0.30327;AZUL;1301;;0;2023;-5.02405;Enunciado da Questão 134 (Consulte o Caderno Azul Oficial)
152;MT;14434;C;4;0;;1.22381;2.26427;0.1642;AZUL;1251;;0;2023;-5.166189999999999;Enunciado da Questão 152 (Consulte o Caderno Azul Oficial)
152;MT;14434;C;4;0;;1.22381;2.26427;0.1642;AZUL;1291;;0;2023;-5.166189999999999;Enunciado da Questão 152 (Consulte o Caderno Azul Oficial)
147;MT;14618;C;9;0;;1.13695;2.25067;0.14845;AZUL;1291;;0;2023;-5.220360000000001;Enunciado da Questão 147 (Consulte o Caderno Azul Oficial)
147;MT;14618;C;9;0;;1.13695;2.25067;0.14845;AZUL;1251;;0;2023;-5.220360000000001;Enunciado da Questão 147 (Consulte o Caderno Azul Oficial)
165;MT;77364;E;3;0;;2.32172;3.22024;0.06466;AZUL;1251;;0;2023;-5.340579999999999;Enunciado da Questão 165 (Consulte o Caderno Azul Oficial)
165;MT;77364;E;3;0;;2.32172;3.22024;0.06466;AZUL;1291;;0;2023;-5.340579999999999;Enunciado da Questão 165 (Consulte o Caderno Azul Oficial)
133;CN;111713;C;2;0;;1.29931;2.22016;0.2704;AZUL;1301;;0;2023;-5.41386;Enunciado da Questão 133 (Consulte o Caderno Azul Oficial)
133;CN;111713;C;2;0;;1.29931;2.22016;0.2704;AZUL;1261;;0;2023;-5.41386;Enunciado da Questão 133 (Consulte o Caderno Azul Oficial)
95;CN;48492;B;28;0;;1.03631;2.13278;0.24911;AZUL;1221;;0;2023;-5.571269999999998;Enunciado da Questão 95 (Consulte o Caderno Azul Oficial)
158;MT;117633;D;5;0;;1.37105;2.55621;0.17151;AZUL;1211;;0;2023;-5.784079999999999;Enunciado da Questão 158 (Consulte o Caderno Azul Oficial)
100;CN;117840;A;23;0;;1.30209;2.54323;0.15444;AZUL;1301;;0;2023;-5.79771;"100 mil BB questionar o temor sobre o futuro da linguagem.
habitantes, a maioria deles jovens. CC descrever a relação entre sociedade e linguagem.
O Atlas revela ainda que um negro tem quase 2,7 DD apresentar as consequências do esfacelamento da
vezes mais chance de ser morto do que um branco, o que linguagem.
justifica o movimento de resistência crescente no Brasil.
EE criticar o obstáculo promovido pelos usos especializados
MENDONÇA, F. Disponível em: www.cartacapital.com.br.
Acesso em: 22 nov. 2021 (adaptado). da linguagem.
O uso de citação e de dados estatísticos nesse texto tem QUESTÃO 21
o objetivo de
Um grupo de pesquisadores da Universidade Federal
AA ressaltar a importância da poesia para denunciar a
do Ceará desenvolveu um dicionário para traduzir sintomas
morte de negros, que cresce a cada dia.
de doenças da linguagem popular para os termos médicos.
BB destacar o crescimento exponencial da temática do
Defruço, chanha e piloura, por exemplo, podem ser termos
preconceito na produção literária no Brasil.
conhecidos para muitos, mas, durante uma consulta médica,
CC demonstrar o incremento no quantitativo de expressões o desconhecimento pode significar um diagnóstico errado.
artísticas na discussão de problemas sociais.
“Isso é um registro histórico e pode ser muito útil para
DD evidenciar argumentos que reforçam a ideia de que os estudos dessas comunidades, na abordagem médica delas.
negros são vítimas em potencial da violência. É de certa forma pioneiro no Brasil e, s"
100;CN;117840;A;23;0;;1.30209;2.54323;0.15444;AZUL;1261;;0;2023;-5.79771;"100 mil BB questionar o temor sobre o futuro da linguagem.
habitantes, a maioria deles jovens. CC descrever a relação entre sociedade e linguagem.
O Atlas revela ainda que um negro tem quase 2,7 DD apresentar as consequências do esfacelamento da
vezes mais chance de ser morto do que um branco, o que linguagem.
justifica o movimento de resistência crescente no Brasil.
EE criticar o obstáculo promovido pelos usos especializados
MENDONÇA, F. Disponível em: www.cartacapital.com.br.
Acesso em: 22 nov. 2021 (adaptado). da linguagem.
O uso de citação e de dados estatísticos nesse texto tem QUESTÃO 21
o objetivo de
Um grupo de pesquisadores da Universidade Federal
AA ressaltar a importância da poesia para denunciar a
do Ceará desenvolveu um dicionário para traduzir sintomas
morte de negros, que cresce a cada dia.
de doenças da linguagem popular para os termos médicos.
BB destacar o crescimento exponencial da temática do
Defruço, chanha e piloura, por exemplo, podem ser termos
preconceito na produção literária no Brasil.
conhecidos para muitos, mas, durante uma consulta médica,
CC demonstrar o incremento no quantitativo de expressões o desconhecimento pode significar um diagnóstico errado.
artísticas na discussão de problemas sociais.
“Isso é um registro histórico e pode ser muito útil para
DD evidenciar argumentos que reforçam a ideia de que os estudos dessas comunidades, na abordagem médica delas.
negros são vítimas em potencial da violência. É de certa forma pioneiro no Brasil e, s"
158;MT;125936;E;13;0;;1.74431;2.97759;0.09777;AZUL;1251;;0;2023;-5.933000000000002;Enunciado da Questão 158 (Consulte o Caderno Azul Oficial)
158;MT;125936;E;13;0;;1.74431;2.97759;0.09777;AZUL;1291;;0;2023;-5.933000000000002;Enunciado da Questão 158 (Consulte o Caderno Azul Oficial)
94;CN;66330;A;7;0;;1.0858;2.67412;0.10118;AZUL;1221;;0;2023;-6.35666;Enunciado da Questão 94 (Consulte o Caderno Azul Oficial)
159;MT;26888;C;12;0;;1.83542;2.96824;0.30697;AZUL;1291;;0;2023;-6.7687300000000015;Enunciado da Questão 159 (Consulte o Caderno Azul Oficial)
159;MT;26888;C;12;0;;1.83542;2.96824;0.30697;AZUL;1251;;0;2023;-6.7687300000000015;Enunciado da Questão 159 (Consulte o Caderno Azul Oficial)
148;MT;117596;B;5;0;;1.88551;3.17516;0.20307;AZUL;1291;;0;2023;-6.76981;Enunciado da Questão 148 (Consulte o Caderno Azul Oficial)
148;MT;117596;B;5;0;;1.88551;3.17516;0.20307;AZUL;1251;;0;2023;-6.76981;Enunciado da Questão 148 (Consulte o Caderno Azul Oficial)
54;CH;141136;A;1;0;;1.22125;2.63782;0.30445;AZUL;1191;;0;2023;-6.993210000000001;Enunciado da Questão 54 (Consulte o Caderno Azul Oficial)
138;MT;141582;C;30;0;;1.46956;2.91942;0.24283;AZUL;1211;;0;2023;-7.03329;"138 x 184 cm.
Museu Lasar Segall, IbramMinc, São Paulo, 1919. No diálogo que estabelece com religiões afro-brasileiras,
sintetizado na descrição e na imagem do espetáculo,
TEXTO II
a dança exprime uma
Em 1933, a obra Eternos caminhantes ingressou
AA crítica aos movimentos padronizados do balé clássico.
em uma das primeiras edições das exposições de Arte
BB representação contemporânea de rituais ancestrais
Degenerada, promovida por membros do partido nazista
extintos.
alemão. Nos anos seguintes, ela voltaria a ser exibida na
CC reelaboração estética erudita de práticas religiosas
mostra denominada Exposição da Vergonha, promovida
populares.
por pequenos grupos abastados. Em 1937, essa obra foi
confiscada pelo Ministério da Propaganda daquele país, na DD releitura irônica da atmosfera mística presente no culto
a entidades.
grande ação nacional-socialista contra a “Arte Degenerada”.
EE oposição entre o resgate de tradições e a efemeridade
SCHWARTZ, J. Perseguição à Arte Moderna em tempos de
guerra. São Paulo: Museu Lasar Segall, 2018 (adaptado). da vida humana.
–LC • 1º DIA • CADERNO 1 • AZUL– 15"
149;MT;125956;A;29;0;;1.21177;3.11314;0.10322;AZUL;1291;;0;2023;-7.43198;Enunciado da Questão 149 (Consulte o Caderno Azul Oficial)
149;MT;125956;A;29;0;;1.21177;3.11314;0.10322;AZUL;1251;;0;2023;-7.43198;Enunciado da Questão 149 (Consulte o Caderno Azul Oficial)
