CO_POSICAO;SG_AREA;CO_ITEM;TX_GABARITO;CO_HABILIDADE;IN_ITEM_ABAN;TX_MOTIVO_ABAN;NU_PARAM_A;NU_PARAM_B;NU_PARAM_C;TX_COR;CO_PROVA;TP_LINGUA;IN_ITEM_ADAPTADO;NU_ANO;SCORE_ESCUDO;TX_ENUNCIADO
110;CN;86674;C;7;0;;7.35128;1.31937;0.12629;AZUL;1569;;0;2025;10.113;Questão 110 - Texto extraído da Prova Oficial.
123;CN;95477;E;21;0;;6.51954;1.22565;0.22084;AZUL;1569;;0;2025;8.25793;Questão 123 - Texto extraído da Prova Oficial.
26;LC;44047;B;26;0;;2.89699;-0.59642;0.02425;AZUL;1459;;0;2025;7.46199;"
26
27
28
29
30
ENEM2025ENEM2025ENEM2025ENEM2025ENEM2025ENEM2025ENEM2025ENEM2025ENEM2025ENEM2025ENEM2025ENEM2025ENEM2025ENEN2025ENEM2025ENEM2025ENEM2025ENEM2025ENEM2025ENEM2025ENEM2025ENEM2025ENEM2025ENEM2025ENEM2025ENEM2025ENEM2025ENEM2025ENEM2025ENEM2025ENEM2025ENEM2025ENEM2025ENEM2025ENEM2025ENEM2025ENEM2025ENEM2025ENEM2025ENEM2025ENEM2025ENEM2025ENEM2025ENEM2025ENEM2025
LINGUAGENS, CÓDIGOS E SUAS TECNOLOGIAS E REDAÇÃO | 1º DIA | CADERNO 1 | AZUL 21
001100117755AAZZ..iinnddbb 2211 2233//0077//22002255 1122::3322::2255
--- PAG 22 ---
*010175AZ22*
ENEM2025ENEM2025ENEM2025ENEM2025ENEM2025ENEM2025ENEM2025ENEM2025ENEM2025ENEM2025ENEM2025ENEM2025ENEM2025ENEN2025ENEM2025ENEM2025ENEM2025ENEM2025ENEM2025ENEM2025ENEM2025ENEM2025ENEM2025ENEM2025ENEM2025ENEM2025ENEM2025ENEM2025ENEM2025ENEM2025ENEM2025ENEM2025ENEM2025ENEM2025ENEM2025ENEM2025ENEM2025ENEM2025ENEM2025ENEM2025ENEM2025ENEM2025ENEM2025ENEM2025ENEM2025
CIÊNCIAS HUMANAS E SUAS TECNOLOGIAS
Questões de 46 a 90
QUESTãO 46
Macedônia do Norte
Acordo entra em vigor e país muda oficialmente de nome
Entrou em vigor, em 2019, o acordo que determina a mudança de nome da Macedônia para Macedônia do Norte. A troca
põe fim — ao menos por enquant"
132;CN;89102;B;3;0;;3.08165;-0.52331;0.20046;AZUL;1511;;0;2025;6.73093;Questão 132 - Texto extraído da Prova Oficial.
13;LC;153400;E;27;0;;4.6087;0.80546;0.10579;AZUL;1459;;0;2025;6.272069999999999;Questão 13 - Texto extraído da Prova Oficial.
57;CH;125802;D;2;0;;3.84407;0.17934;0.18899;AZUL;1520;;0;2025;6.205169999999999;Questão 57 - Texto extraído da Prova Oficial.
31;LC;150463;E;28;0;;3.21925;-0.07485;0.18798;AZUL;1549;;0;2025;5.72315;Questão 31 - Texto extraído da Prova Oficial.
38;LC;43532;B;18;0;;4.75417;0.97598;0.1838;AZUL;1459;;0;2025;5.661400000000001;Questão 38 - Texto extraído da Prova Oficial.
10;LC;150669;D;23;0;;3.30481;0.06964;0.18337;AZUL;1549;;0;2025;5.48385;"
10
N
11 O
U
12 ã
C
13 Ç
S
14 A A
15 R D
16 E
R
17
18 A
19 D
20
21
22
23
24
25
26
27
28
29
30
ENEM2025ENEM2025ENEM2025ENEM2025ENEM2025ENEM2025ENEM2025ENEM2025ENEM2025ENEM2025ENEM2025ENEM2025ENEM2025ENEN2025ENEM2025ENEM2025ENEM2025ENEM2025ENEM2025ENEM2025ENEM2025ENEM2025ENEM2025ENEM2025ENEM2025ENEM2025ENEM2025ENEM2025ENEM2025ENEM2025ENEM2025ENEM2025ENEM2025ENEM2025ENEM2025ENEM2025ENEM2025ENEM2025ENEM2025ENEM2025ENEM2025ENEM2025ENEM2025ENEM2025ENEM2025
LINGUAGENS, CÓDIGOS E SUAS TECNOLOGIAS E REDAÇÃO | 1º DIA | CADERNO 1 | AZUL 21
001100117755AAZZ..iinnddbb 2211 2233//0077//22002255 1122::3322::2255
--- PAG 22 ---
*010175AZ22*
ENEM2025ENEM2025ENEM2025ENEM2025ENEM2025ENEM2025ENEM2025ENEM2025ENEM2025ENEM2025ENEM2025ENEM2025ENEM2025ENEN2025ENEM2025ENEM2025ENEM2025ENEM2025ENEM2025ENEM2025ENEM2025ENEM2025ENEM2025ENEM2025ENEM2025ENEM2025ENEM2025ENEM2025ENEM2025ENEM2025ENEM2025ENEM2025ENEM2025ENEM2025ENEM2025ENEM2025ENEM2025ENEM2025ENEM2025ENEM2025ENEM2025ENEM2025ENEM2025ENEM2025ENEM2025
CIÊNCIAS HUMANAS E SUAS TECNOLOGIAS
Questões de 46 a 90
QUESTãO 46
Macedônia do Norte
Acordo entra em vigor e país muda oficialmente de nome
Entrou em vigor, em 2019, o acordo que determina a mudança de nom"
127;CN;95445;C;8;0;;4.85792;1.12172;0.19432;AZUL;1483;;0;2025;5.37908;Questão 127 - Texto extraído da Prova Oficial.
125;CN;84790;C;13;0;;5.335;1.44617;0.19475;AZUL;1569;;0;2025;5.357740000000001;Questão 125 - Texto extraído da Prova Oficial.
32;LC;157592;C;2;0;;2.66969;-0.32364;0.20056;AZUL;1549;;0;2025;5.3075;Questão 32 - Texto extraído da Prova Oficial.
41;LC;140956;A;18;0;;3.29782;0.10946;0.195;AZUL;1529;;0;2025;5.292260000000001;Questão 41 - Texto extraído da Prova Oficial.
98;CN;97320;D;10;0;;2.99967;-0.11059;0.20992;AZUL;1483;;0;2025;5.28151;Questão 98 - Texto extraído da Prova Oficial.
75;CH;89670;C;11;0;;3.79063;0.48844;0.18077;AZUL;1520;;0;2025;5.21209;Questão 75 - Texto extraído da Prova Oficial.
45;LC;150590;B;20;0;;3.65075;0.35563;0.20786;AZUL;1529;;0;2025;5.19531;Questão 45 - Texto extraído da Prova Oficial.
140;MT;84973;A;1;0;;1.49527;-1.06503;0.20081;AZUL;1559;;0;2025;5.18158;Questão 140 - Texto extraído da Prova Oficial.
60;CH;140520;D;13;0;;3.17328;0.05966;0.20042;AZUL;1539;;0;2025;5.1654800000000005;Questão 60 - Texto extraído da Prova Oficial.
15;LC;158737;B;10;0;;2.43058;-0.42803;0.20568;AZUL;1549;;0;2025;5.11685;Questão 15 - Texto extraído da Prova Oficial.
38;LC;150664;C;24;0;;3.99038;0.67847;0.18382;AZUL;1549;;0;2025;5.026249999999999;Questão 38 - Texto extraído da Prova Oficial.
23;LC;150623;E;19;0;;3.44598;0.4296;0.12383;AZUL;1549;;0;2025;4.98401;"
23
24
25
26
27
28
29
30
ENEM2025ENEM2025ENEM2025ENEM2025ENEM2025ENEM2025ENEM2025ENEM2025ENEM2025ENEM2025ENEM2025ENEM2025ENEM2025ENEN2025ENEM2025ENEM2025ENEM2025ENEM2025ENEM2025ENEM2025ENEM2025ENEM2025ENEM2025ENEM2025ENEM2025ENEM2025ENEM2025ENEM2025ENEM2025ENEM2025ENEM2025ENEM2025ENEM2025ENEM2025ENEM2025ENEM2025ENEM2025ENEM2025ENEM2025ENEM2025ENEM2025ENEM2025ENEM2025ENEM2025ENEM2025
LINGUAGENS, CÓDIGOS E SUAS TECNOLOGIAS E REDAÇÃO | 1º DIA | CADERNO 1 | AZUL 21
001100117755AAZZ..iinnddbb 2211 2233//0077//22002255 1122::3322::2255
--- PAG 22 ---
*010175AZ22*
ENEM2025ENEM2025ENEM2025ENEM2025ENEM2025ENEM2025ENEM2025ENEM2025ENEM2025ENEM2025ENEM2025ENEM2025ENEM2025ENEN2025ENEM2025ENEM2025ENEM2025ENEM2025ENEM2025ENEM2025ENEM2025ENEM2025ENEM2025ENEM2025ENEM2025ENEM2025ENEM2025ENEM2025ENEM2025ENEM2025ENEM2025ENEM2025ENEM2025ENEM2025ENEM2025ENEM2025ENEM2025ENEM2025ENEM2025ENEM2025ENEM2025ENEM2025ENEM2025ENEM2025ENEM2025
CIÊNCIAS HUMANAS E SUAS TECNOLOGIAS
Questões de 46 a 90
QUESTãO 46
Macedônia do Norte
Acordo entra em vigor e país muda oficialmente de nome
Entrou em vigor, em 2019, o acordo que determina a mudança de nome da Macedônia para Macedônia do Norte. A troca
põe fim — ao menos po"
28;LC;150671;E;30;0;;3.52562;0.36201;0.19772;AZUL;1529;;0;2025;4.97661;"
28
29
30
ENEM2025ENEM2025ENEM2025ENEM2025ENEM2025ENEM2025ENEM2025ENEM2025ENEM2025ENEM2025ENEM2025ENEM2025ENEM2025ENEN2025ENEM2025ENEM2025ENEM2025ENEM2025ENEM2025ENEM2025ENEM2025ENEM2025ENEM2025ENEM2025ENEM2025ENEM2025ENEM2025ENEM2025ENEM2025ENEM2025ENEM2025ENEM2025ENEM2025ENEM2025ENEM2025ENEM2025ENEM2025ENEM2025ENEM2025ENEM2025ENEM2025ENEM2025ENEM2025ENEM2025ENEM2025
LINGUAGENS, CÓDIGOS E SUAS TECNOLOGIAS E REDAÇÃO | 1º DIA | CADERNO 1 | AZUL 21
001100117755AAZZ..iinnddbb 2211 2233//0077//22002255 1122::3322::2255
--- PAG 22 ---
*010175AZ22*
ENEM2025ENEM2025ENEM2025ENEM2025ENEM2025ENEM2025ENEM2025ENEM2025ENEM2025ENEM2025ENEM2025ENEM2025ENEM2025ENEN2025ENEM2025ENEM2025ENEM2025ENEM2025ENEM2025ENEM2025ENEM2025ENEM2025ENEM2025ENEM2025ENEM2025ENEM2025ENEM2025ENEM2025ENEM2025ENEM2025ENEM2025ENEM2025ENEM2025ENEM2025ENEM2025ENEM2025ENEM2025ENEM2025ENEM2025ENEM2025ENEM2025ENEM2025ENEM2025ENEM2025ENEM2025
CIÊNCIAS HUMANAS E SUAS TECNOLOGIAS
Questões de 46 a 90
QUESTãO 46
Macedônia do Norte
Acordo entra em vigor e país muda oficialmente de nome
Entrou em vigor, em 2019, o acordo que determina a mudança de nome da Macedônia para Macedônia do Norte. A troca
põe fim — ao menos por enquanto — no"
36;LC;150461;B;30;0;;3.26405;0.26494;0.18701;AZUL;1549;;0;2025;4.79823;Questão 36 - Texto extraído da Prova Oficial.
96;CN;87024;D;30;0;;0.8074;-1.34661;0.19312;AZUL;1511;;0;2025;4.68903;Questão 96 - Texto extraído da Prova Oficial.
2;LC;153860;C;6;0;;2.56146;-0.14622;0.20191;AZUL;1549;1.0;0;2025;4.552029999999999;"
2
3
4
5
6
7
8
O
9
H
10
N
11 O
U
12 ã
C
13 Ç
S
14 A A
15 R D
16 E
R
17
18 A
19 D
20
21
22
23
24
25
26
27
28
29
30
ENEM2025ENEM2025ENEM2025ENEM2025ENEM2025ENEM2025ENEM2025ENEM2025ENEM2025ENEM2025ENEM2025ENEM2025ENEM2025ENEN2025ENEM2025ENEM2025ENEM2025ENEM2025ENEM2025ENEM2025ENEM2025ENEM2025ENEM2025ENEM2025ENEM2025ENEM2025ENEM2025ENEM2025ENEM2025ENEM2025ENEM2025ENEM2025ENEM2025ENEM2025ENEM2025ENEM2025ENEM2025ENEM2025ENEM2025ENEM2025ENEM2025ENEM2025ENEM2025ENEM2025ENEM2025
LINGUAGENS, CÓDIGOS E SUAS TECNOLOGIAS E REDAÇÃO | 1º DIA | CADERNO 1 | AZUL 21
001100117755AAZZ..iinnddbb 2211 2233//0077//22002255 1122::3322::2255
--- PAG 22 ---
*010175AZ22*
ENEM2025ENEM2025ENEM2025ENEM2025ENEM2025ENEM2025ENEM2025ENEM2025ENEM2025ENEM2025ENEM2025ENEM2025ENEM2025ENEN2025ENEM2025ENEM2025ENEM2025ENEM2025ENEM2025ENEM2025ENEM2025ENEM2025ENEM2025ENEM2025ENEM2025ENEM2025ENEM2025ENEM2025ENEM2025ENEM2025ENEM2025ENEM2025ENEM2025ENEM2025ENEM2025ENEM2025ENEM2025ENEM2025ENEM2025ENEM2025ENEM2025ENEM2025ENEM2025ENEM2025ENEM2025
CIÊNCIAS HUMANAS E SUAS TECNOLOGIAS
Questões de 46 a 90
QUESTãO 46
Macedônia do Norte
Acordo entra em vigor e país muda oficialmente de nome
Entrou em vigor, em 2019, o acordo que determ"
27;LC;118196;A;9;0;;2.40377;-0.0414;0.08365;AZUL;1459;;0;2025;4.513490000000001;"
27
28
29
30
ENEM2025ENEM2025ENEM2025ENEM2025ENEM2025ENEM2025ENEM2025ENEM2025ENEM2025ENEM2025ENEM2025ENEM2025ENEM2025ENEN2025ENEM2025ENEM2025ENEM2025ENEM2025ENEM2025ENEM2025ENEM2025ENEM2025ENEM2025ENEM2025ENEM2025ENEM2025ENEM2025ENEM2025ENEM2025ENEM2025ENEM2025ENEM2025ENEM2025ENEM2025ENEM2025ENEM2025ENEM2025ENEM2025ENEM2025ENEM2025ENEM2025ENEM2025ENEM2025ENEM2025ENEM2025
LINGUAGENS, CÓDIGOS E SUAS TECNOLOGIAS E REDAÇÃO | 1º DIA | CADERNO 1 | AZUL 21
001100117755AAZZ..iinnddbb 2211 2233//0077//22002255 1122::3322::2255
--- PAG 22 ---
*010175AZ22*
ENEM2025ENEM2025ENEM2025ENEM2025ENEM2025ENEM2025ENEM2025ENEM2025ENEM2025ENEM2025ENEM2025ENEM2025ENEM2025ENEN2025ENEM2025ENEM2025ENEM2025ENEM2025ENEM2025ENEM2025ENEM2025ENEM2025ENEM2025ENEM2025ENEM2025ENEM2025ENEM2025ENEM2025ENEM2025ENEM2025ENEM2025ENEM2025ENEM2025ENEM2025ENEM2025ENEM2025ENEM2025ENEM2025ENEM2025ENEM2025ENEM2025ENEM2025ENEM2025ENEM2025ENEM2025
CIÊNCIAS HUMANAS E SUAS TECNOLOGIAS
Questões de 46 a 90
QUESTãO 46
Macedônia do Norte
Acordo entra em vigor e país muda oficialmente de nome
Entrou em vigor, em 2019, o acordo que determina a mudança de nome da Macedônia para Macedônia do Norte. A troca
põe fim — ao menos por enquanto —"
56;CH;149784;C;27;0;;3.39468;0.43866;0.21726;AZUL;1447;;0;2025;4.387080000000001;Questão 56 - Texto extraído da Prova Oficial.
22;LC;158757;B;12;0;;2.96488;0.28395;0.14322;AZUL;1459;;0;2025;4.36181;"
22
23
24
25
26
27
28
29
30
ENEM2025ENEM2025ENEM2025ENEM2025ENEM2025ENEM2025ENEM2025ENEM2025ENEM2025ENEM2025ENEM2025ENEM2025ENEM2025ENEN2025ENEM2025ENEM2025ENEM2025ENEM2025ENEM2025ENEM2025ENEM2025ENEM2025ENEM2025ENEM2025ENEM2025ENEM2025ENEM2025ENEM2025ENEM2025ENEM2025ENEM2025ENEM2025ENEM2025ENEM2025ENEM2025ENEM2025ENEM2025ENEM2025ENEM2025ENEM2025ENEM2025ENEM2025ENEM2025ENEM2025ENEM2025
LINGUAGENS, CÓDIGOS E SUAS TECNOLOGIAS E REDAÇÃO | 1º DIA | CADERNO 1 | AZUL 21
001100117755AAZZ..iinnddbb 2211 2233//0077//22002255 1122::3322::2255
--- PAG 22 ---
*010175AZ22*
ENEM2025ENEM2025ENEM2025ENEM2025ENEM2025ENEM2025ENEM2025ENEM2025ENEM2025ENEM2025ENEM2025ENEM2025ENEM2025ENEN2025ENEM2025ENEM2025ENEM2025ENEM2025ENEM2025ENEM2025ENEM2025ENEM2025ENEM2025ENEM2025ENEM2025ENEM2025ENEM2025ENEM2025ENEM2025ENEM2025ENEM2025ENEM2025ENEM2025ENEM2025ENEM2025ENEM2025ENEM2025ENEM2025ENEM2025ENEM2025ENEM2025ENEM2025ENEM2025ENEM2025ENEM2025
CIÊNCIAS HUMANAS E SUAS TECNOLOGIAS
Questões de 46 a 90
QUESTãO 46
Macedônia do Norte
Acordo entra em vigor e país muda oficialmente de nome
Entrou em vigor, em 2019, o acordo que determina a mudança de nome da Macedônia para Macedônia do Norte. A troca
põe fim — ao menos"
93;CN;26621;A;30;0;;2.25053;-0.28084;0.20082;AZUL;1569;;0;2025;4.339479999999999;Questão 93 - Texto extraído da Prova Oficial.
71;CH;141042;A;3;0;;2.02579;-0.34303;0.18238;AZUL;1539;;0;2025;4.16877;Questão 71 - Texto extraído da Prova Oficial.
73;CH;96978;A;15;0;;3.38036;0.39077;0.295;AZUL;1447;;0;2025;4.11341;Questão 73 - Texto extraído da Prova Oficial.
50;CH;112055;E;8;0;;2.66223;0.0819;0.19308;AZUL;1539;;0;2025;4.11336;Questão 50 - Texto extraído da Prova Oficial.
95;CN;87166;C;16;0;;2.29232;-0.11735;0.16688;AZUL;1511;;0;2025;4.10229;Questão 95 - Texto extraído da Prova Oficial.
18;LC;154020;A;9;0;;2.44218;-0.02849;0.19639;AZUL;1459;;0;2025;3.98788;"Questão 18 Questão 20
Com 20 anos de experiência no futebol de alto rendimento, A característica fundamental no aprendizado das práticas
Marina, ex-jogadora da seleção brasileira de futebol, salienta que, rituais nos candomblés é o processo iniciático e participante.
por trás do espetáculo apresentado nas mídias, com mensagens de Durante o período de reclusão em terreiros ou rocas, o iniciado
motivação e superação, o esporte não é tão inclusivo assim. “É esta
passa por uma série de ritos esotéricos (banhos rituais, raspagem
análise que devemos fazer: aqueles atletas que estão ali estão
da cabeça etc.), ao mesmo tempo em que começa a adquirir
trazendo uma alta performance a partir dos seus limites”, explica.
um complexo código de símbolos materiais (substâncias, folhas,
Para a profissional, é preciso analisar com cautela “a ideia romântica
frutos, raízes etc.) e de gestos associados a um repertório
que a mídia passa para os telespectadores”. A realidade é muito
linguístico específico das cerimônias que se desenrolam nos
mais dura do que as imagens espetaculosas que principalmente
contextos sagrados em geral e em cada terreiro em particular.
a televisão busca transmitir para a audiên"
6;LC;157751;E;4;0;;2.91253;0.48859;0.10089;AZUL;1459;;0;2025;3.85484;"
6
7
8
O
9
H
10
N
11 O
U
12 ã
C
13 Ç
S
14 A A
15 R D
16 E
R
17
18 A
19 D
20
21
22
23
24
25
26
27
28
29
30
ENEM2025ENEM2025ENEM2025ENEM2025ENEM2025ENEM2025ENEM2025ENEM2025ENEM2025ENEM2025ENEM2025ENEM2025ENEM2025ENEN2025ENEM2025ENEM2025ENEM2025ENEM2025ENEM2025ENEM2025ENEM2025ENEM2025ENEM2025ENEM2025ENEM2025ENEM2025ENEM2025ENEM2025ENEM2025ENEM2025ENEM2025ENEM2025ENEM2025ENEM2025ENEM2025ENEM2025ENEM2025ENEM2025ENEM2025ENEM2025ENEM2025ENEM2025ENEM2025ENEM2025ENEM2025
LINGUAGENS, CÓDIGOS E SUAS TECNOLOGIAS E REDAÇÃO | 1º DIA | CADERNO 1 | AZUL 21
001100117755AAZZ..iinnddbb 2211 2233//0077//22002255 1122::3322::2255
--- PAG 22 ---
*010175AZ22*
ENEM2025ENEM2025ENEM2025ENEM2025ENEM2025ENEM2025ENEM2025ENEM2025ENEM2025ENEM2025ENEM2025ENEM2025ENEM2025ENEN2025ENEM2025ENEM2025ENEM2025ENEM2025ENEM2025ENEM2025ENEM2025ENEM2025ENEM2025ENEM2025ENEM2025ENEM2025ENEM2025ENEM2025ENEM2025ENEM2025ENEM2025ENEM2025ENEM2025ENEM2025ENEM2025ENEM2025ENEM2025ENEM2025ENEM2025ENEM2025ENEM2025ENEM2025ENEM2025ENEM2025ENEM2025
CIÊNCIAS HUMANAS E SUAS TECNOLOGIAS
Questões de 46 a 90
QUESTãO 46
Macedônia do Norte
Acordo entra em vigor e país muda oficialmente de nome
Entrou em vigor, em 2019, o acordo que determina a mu"
39;LC;152784;C;30;0;;2.93851;0.36901;0.18829;AZUL;1459;;0;2025;3.82854;Questão 39 - Texto extraído da Prova Oficial.
26;LC;157600;A;9;0;;2.01183;-0.26127;0.19642;AZUL;1529;;0;2025;3.82537;"
26
27
28
29
30
ENEM2025ENEM2025ENEM2025ENEM2025ENEM2025ENEM2025ENEM2025ENEM2025ENEM2025ENEM2025ENEM2025ENEM2025ENEM2025ENEN2025ENEM2025ENEM2025ENEM2025ENEM2025ENEM2025ENEM2025ENEM2025ENEM2025ENEM2025ENEM2025ENEM2025ENEM2025ENEM2025ENEM2025ENEM2025ENEM2025ENEM2025ENEM2025ENEM2025ENEM2025ENEM2025ENEM2025ENEM2025ENEM2025ENEM2025ENEM2025ENEM2025ENEM2025ENEM2025ENEM2025ENEM2025
LINGUAGENS, CÓDIGOS E SUAS TECNOLOGIAS E REDAÇÃO | 1º DIA | CADERNO 1 | AZUL 21
001100117755AAZZ..iinnddbb 2211 2233//0077//22002255 1122::3322::2255
--- PAG 22 ---
*010175AZ22*
ENEM2025ENEM2025ENEM2025ENEM2025ENEM2025ENEM2025ENEM2025ENEM2025ENEM2025ENEM2025ENEM2025ENEM2025ENEM2025ENEN2025ENEM2025ENEM2025ENEM2025ENEM2025ENEM2025ENEM2025ENEM2025ENEM2025ENEM2025ENEM2025ENEM2025ENEM2025ENEM2025ENEM2025ENEM2025ENEM2025ENEM2025ENEM2025ENEM2025ENEM2025ENEM2025ENEM2025ENEM2025ENEM2025ENEM2025ENEM2025ENEM2025ENEM2025ENEM2025ENEM2025ENEM2025
CIÊNCIAS HUMANAS E SUAS TECNOLOGIAS
Questões de 46 a 90
QUESTãO 46
Macedônia do Norte
Acordo entra em vigor e país muda oficialmente de nome
Entrou em vigor, em 2019, o acordo que determina a mudança de nome da Macedônia para Macedônia do Norte. A troca
põe fim — ao menos por enquant"
131;CN;111572;E;4;0;;1.94293;-0.27473;0.18667;AZUL;1511;;0;2025;3.7767;Questão 131 - Texto extraído da Prova Oficial.
87;CH;140486;A;22;0;;2.54795;0.10575;0.2134;AZUL;1539;;0;2025;3.711650000000001;Questão 87 - Texto extraído da Prova Oficial.
27;LC;157632;A;12;0;;3.41081;0.75671;0.173;AZUL;1529;;0;2025;3.68649;"
27
28
29
30
ENEM2025ENEM2025ENEM2025ENEM2025ENEM2025ENEM2025ENEM2025ENEM2025ENEM2025ENEM2025ENEM2025ENEM2025ENEM2025ENEN2025ENEM2025ENEM2025ENEM2025ENEM2025ENEM2025ENEM2025ENEM2025ENEM2025ENEM2025ENEM2025ENEM2025ENEM2025ENEM2025ENEM2025ENEM2025ENEM2025ENEM2025ENEM2025ENEM2025ENEM2025ENEM2025ENEM2025ENEM2025ENEM2025ENEM2025ENEM2025ENEM2025ENEM2025ENEM2025ENEM2025ENEM2025
LINGUAGENS, CÓDIGOS E SUAS TECNOLOGIAS E REDAÇÃO | 1º DIA | CADERNO 1 | AZUL 21
001100117755AAZZ..iinnddbb 2211 2233//0077//22002255 1122::3322::2255
--- PAG 22 ---
*010175AZ22*
ENEM2025ENEM2025ENEM2025ENEM2025ENEM2025ENEM2025ENEM2025ENEM2025ENEM2025ENEM2025ENEM2025ENEM2025ENEM2025ENEN2025ENEM2025ENEM2025ENEM2025ENEM2025ENEM2025ENEM2025ENEM2025ENEM2025ENEM2025ENEM2025ENEM2025ENEM2025ENEM2025ENEM2025ENEM2025ENEM2025ENEM2025ENEM2025ENEM2025ENEM2025ENEM2025ENEM2025ENEM2025ENEM2025ENEM2025ENEM2025ENEM2025ENEM2025ENEM2025ENEM2025ENEM2025
CIÊNCIAS HUMANAS E SUAS TECNOLOGIAS
Questões de 46 a 90
QUESTãO 46
Macedônia do Norte
Acordo entra em vigor e país muda oficialmente de nome
Entrou em vigor, em 2019, o acordo que determina a mudança de nome da Macedônia para Macedônia do Norte. A troca
põe fim — ao menos por enquanto —"
54;CH;140428;E;8;0;;2.89147;0.38165;0.19431;AZUL;1447;;0;2025;3.66644;Questão 54 - Texto extraído da Prova Oficial.
71;CH;83900;A;5;0;;2.84871;0.31801;0.21545;AZUL;1447;;0;2025;3.66614;Questão 71 - Texto extraído da Prova Oficial.
5;LC;140610;E;6;0;;3.12124;0.55256;0.1889;AZUL;1529;1.0;0;2025;3.6403;"
5
6
7
8
O
9
H
10
N
11 O
U
12 ã
C
13 Ç
S
14 A A
15 R D
16 E
R
17
18 A
19 D
20
21
22
23
24
25
26
27
28
29
30
ENEM2025ENEM2025ENEM2025ENEM2025ENEM2025ENEM2025ENEM2025ENEM2025ENEM2025ENEM2025ENEM2025ENEM2025ENEM2025ENEN2025ENEM2025ENEM2025ENEM2025ENEM2025ENEM2025ENEM2025ENEM2025ENEM2025ENEM2025ENEM2025ENEM2025ENEM2025ENEM2025ENEM2025ENEM2025ENEM2025ENEM2025ENEM2025ENEM2025ENEM2025ENEM2025ENEM2025ENEM2025ENEM2025ENEM2025ENEM2025ENEM2025ENEM2025ENEM2025ENEM2025ENEM2025
LINGUAGENS, CÓDIGOS E SUAS TECNOLOGIAS E REDAÇÃO | 1º DIA | CADERNO 1 | AZUL 21
001100117755AAZZ..iinnddbb 2211 2233//0077//22002255 1122::3322::2255
--- PAG 22 ---
*010175AZ22*
ENEM2025ENEM2025ENEM2025ENEM2025ENEM2025ENEM2025ENEM2025ENEM2025ENEM2025ENEM2025ENEM2025ENEM2025ENEM2025ENEN2025ENEM2025ENEM2025ENEM2025ENEM2025ENEM2025ENEM2025ENEM2025ENEM2025ENEM2025ENEM2025ENEM2025ENEM2025ENEM2025ENEM2025ENEM2025ENEM2025ENEM2025ENEM2025ENEM2025ENEM2025ENEM2025ENEM2025ENEM2025ENEM2025ENEM2025ENEM2025ENEM2025ENEM2025ENEM2025ENEM2025ENEM2025
CIÊNCIAS HUMANAS E SUAS TECNOLOGIAS
Questões de 46 a 90
QUESTãO 46
Macedônia do Norte
Acordo entra em vigor e país muda oficialmente de nome
Entrou em vigor, em 2019, o acordo que determina a "
19;LC;157619;E;10;0;;1.82096;-0.29844;0.19586;AZUL;1459;;0;2025;3.5579399999999994;"Questão 19
fui bom de matemática fraco no inglês eu que nunca gostei de
No predomínio das mulheres pretas brasileiras nos Jogos
química geografia e português o que é que eu faço agora hein
Olímpicos de 2024, uma coisa chamou a atenção no pódio: elas
mãe não sei. [...]
valorizam a parte psicológica. As duas medalhistas de ouro, a
O meu medo é a vida piorar e eu não conseguir arranjar
judoca Beatriz Souza e a ginasta Rebeca Andrade, ressaltam, em
emprego nem de faxineiro nem de porteiro nem de ajudante
várias entrevistas, a importância da saúde mental. Em uma dessas
de pedreiro e o pessoal dizer que o governo já fez o que pôde
entrevistas, Rebeca sinaliza: “Acho que não é só sobre vencer a
já pôde o que fez já deu a sua cota de participação hein mãe
Simone, é sobre vencer a mim mesma. A minha briga está na
não sei.
minha cabeça, não está com outras pessoas. Para conseguir fazer
as minhas apresentações, preciso controlar a minha cabeça, o meu O meu medo é que mesmo com diploma debaixo do braço
corpo, e essa é a briga”. Na mesma linha, a skatista Rayssa Leal andando por aí desiludido e desempregado o policial me olhe
exalta a necessidade da terapia, e a Seleção Brasileira de Futebol de"
68;CH;149824;E;6;0;;3.19948;0.61346;0.2005;AZUL;1447;;0;2025;3.5560799999999992;Questão 68 - Texto extraído da Prova Oficial.
139;MT;125891;A;10;0;;1.58863;-0.44317;0.2049;AZUL;1502;;0;2025;3.48227;Questão 139 - Texto extraído da Prova Oficial.
84;CH;141054;A;11;0;;3.14285;0.59797;0.2077;AZUL;1520;;0;2025;3.45329;Questão 84 - Texto extraído da Prova Oficial.
131;CN;37786;D;16;0;;1.06422;-0.79205;0.21147;AZUL;1569;;0;2025;3.4472400000000003;Questão 131 - Texto extraído da Prova Oficial.
10;LC;157775;E;22;0;;3.6719;1.0849;0.13842;AZUL;1459;;0;2025;3.397;"
10
N
11 O
U
12 ã
C
13 Ç
S
14 A A
15 R D
16 E
R
17
18 A
19 D
20
21
22
23
24
25
26
27
28
29
30
ENEM2025ENEM2025ENEM2025ENEM2025ENEM2025ENEM2025ENEM2025ENEM2025ENEM2025ENEM2025ENEM2025ENEM2025ENEM2025ENEN2025ENEM2025ENEM2025ENEM2025ENEM2025ENEM2025ENEM2025ENEM2025ENEM2025ENEM2025ENEM2025ENEM2025ENEM2025ENEM2025ENEM2025ENEM2025ENEM2025ENEM2025ENEM2025ENEM2025ENEM2025ENEM2025ENEM2025ENEM2025ENEM2025ENEM2025ENEM2025ENEM2025ENEM2025ENEM2025ENEM2025ENEM2025
LINGUAGENS, CÓDIGOS E SUAS TECNOLOGIAS E REDAÇÃO | 1º DIA | CADERNO 1 | AZUL 21
001100117755AAZZ..iinnddbb 2211 2233//0077//22002255 1122::3322::2255
--- PAG 22 ---
*010175AZ22*
ENEM2025ENEM2025ENEM2025ENEM2025ENEM2025ENEM2025ENEM2025ENEM2025ENEM2025ENEM2025ENEM2025ENEM2025ENEM2025ENEN2025ENEM2025ENEM2025ENEM2025ENEM2025ENEM2025ENEM2025ENEM2025ENEM2025ENEM2025ENEM2025ENEM2025ENEM2025ENEM2025ENEM2025ENEM2025ENEM2025ENEM2025ENEM2025ENEM2025ENEM2025ENEM2025ENEM2025ENEM2025ENEM2025ENEM2025ENEM2025ENEM2025ENEM2025ENEM2025ENEM2025ENEM2025
CIÊNCIAS HUMANAS E SUAS TECNOLOGIAS
Questões de 46 a 90
QUESTãO 46
Macedônia do Norte
Acordo entra em vigor e país muda oficialmente de nome
Entrou em vigor, em 2019, o acordo que determina a mudança de nom"
173;MT;125964;E;10;0;;0.91;-0.8328;0.1903;AZUL;1559;;0;2025;3.3669;Questão 173 - Texto extraído da Prova Oficial.
51;CH;140781;D;13;0;;2.38688;0.13793;0.19923;AZUL;1520;;0;2025;3.3638200000000005;Questão 51 - Texto extraído da Prova Oficial.
120;CN;141642;B;6;0;;6.00319;2.4444;0.28583;AZUL;1483;;0;2025;3.2440300000000004;Questão 120 - Texto extraído da Prova Oficial.
36;LC;153681;D;26;0;;3.6449;1.00902;0.2065;AZUL;1459;;0;2025;3.23024;Questão 36 - Texto extraído da Prova Oficial.
32;LC;140908;E;29;0;;4.01735;1.50486;0.06311;AZUL;1459;;0;2025;3.2045700000000004;Questão 32 - Texto extraído da Prova Oficial.
65;CH;149864;C;6;0;;2.56219;0.32826;0.18735;AZUL;1520;;0;2025;3.2028500000000006;Questão 65 - Texto extraído da Prova Oficial.
51;CH;111927;D;20;0;;2.71693;0.48298;0.15872;AZUL;1447;;0;2025;3.19132;Questão 51 - Texto extraído da Prova Oficial.
44;LC;17166;D;24;0;;3.22461;0.66444;0.25447;AZUL;1459;;0;2025;3.18355;Questão 44 - Texto extraído da Prova Oficial.
56;CH;87251;D;18;0;;2.71078;0.45916;0.17552;AZUL;1539;;0;2025;3.16648;Questão 56 - Texto extraído da Prova Oficial.
12;LC;157640;D;4;0;;2.30136;0.16679;0.19682;AZUL;1549;;0;2025;3.11825;Questão 12 - Texto extraído da Prova Oficial.
12;LC;157571;C;11;0;;2.29926;0.1859;0.18515;AZUL;1459;;0;2025;3.11507;Questão 12 - Texto extraído da Prova Oficial.
81;CH;140155;B;11;0;;1.9694;-0.05911;0.20173;AZUL;1539;;0;2025;3.10748;Questão 81 - Texto extraído da Prova Oficial.
9;LC;157781;C;30;0;;3.44333;1.03742;0.13709;AZUL;1459;;0;2025;3.08895;"
9
H
10
N
11 O
U
12 ã
C
13 Ç
S
14 A A
15 R D
16 E
R
17
18 A
19 D
20
21
22
23
24
25
26
27
28
29
30
ENEM2025ENEM2025ENEM2025ENEM2025ENEM2025ENEM2025ENEM2025ENEM2025ENEM2025ENEM2025ENEM2025ENEM2025ENEM2025ENEN2025ENEM2025ENEM2025ENEM2025ENEM2025ENEM2025ENEM2025ENEM2025ENEM2025ENEM2025ENEM2025ENEM2025ENEM2025ENEM2025ENEM2025ENEM2025ENEM2025ENEM2025ENEM2025ENEM2025ENEM2025ENEM2025ENEM2025ENEM2025ENEM2025ENEM2025ENEM2025ENEM2025ENEM2025ENEM2025ENEM2025ENEM2025
LINGUAGENS, CÓDIGOS E SUAS TECNOLOGIAS E REDAÇÃO | 1º DIA | CADERNO 1 | AZUL 21
001100117755AAZZ..iinnddbb 2211 2233//0077//22002255 1122::3322::2255
--- PAG 22 ---
*010175AZ22*
ENEM2025ENEM2025ENEM2025ENEM2025ENEM2025ENEM2025ENEM2025ENEM2025ENEM2025ENEM2025ENEM2025ENEM2025ENEM2025ENEN2025ENEM2025ENEM2025ENEM2025ENEM2025ENEM2025ENEM2025ENEM2025ENEM2025ENEM2025ENEM2025ENEM2025ENEM2025ENEM2025ENEM2025ENEM2025ENEM2025ENEM2025ENEM2025ENEM2025ENEM2025ENEM2025ENEM2025ENEM2025ENEM2025ENEM2025ENEM2025ENEM2025ENEM2025ENEM2025ENEM2025ENEM2025
CIÊNCIAS HUMANAS E SUAS TECNOLOGIAS
Questões de 46 a 90
QUESTãO 46
Macedônia do Norte
Acordo entra em vigor e país muda oficialmente de nome
Entrou em vigor, em 2019, o acordo que determina a mudança de"
135;CN;54079;A;16;0;;2.38507;0.27024;0.17444;AZUL;1569;;0;2025;3.0872199999999994;Questão 135 - Texto extraído da Prova Oficial.
48;CH;87509;E;2;0;;3.63787;1.15279;0.14648;AZUL;1447;;0;2025;3.08497;Questão 48 - Texto extraído da Prova Oficial.
58;CH;111855;A;18;0;;3.0731;0.74537;0.17341;AZUL;1520;;0;2025;3.0430400000000004;Questão 58 - Texto extraído da Prova Oficial.
79;CH;140474;A;10;0;;2.39735;0.28055;0.18535;AZUL;1520;;0;2025;3.0263;Questão 79 - Texto extraído da Prova Oficial.
33;LC;140845;B;2;0;;2.09447;0.20656;0.13133;AZUL;1459;;0;2025;2.91261;Questão 33 - Texto extraído da Prova Oficial.
11;LC;150603;C;28;0;;2.39286;0.33545;0.18536;AZUL;1549;;0;2025;2.85257;Questão 11 - Texto extraído da Prova Oficial.
35;LC;150581;B;1;0;;2.63423;0.48091;0.20647;AZUL;1549;;0;2025;2.79338;Questão 35 - Texto extraído da Prova Oficial.
14;LC;150672;C;2;0;;1.07144;-0.55747;0.2081;AZUL;1529;;0;2025;2.7747900000000003;Questão 14 - Texto extraído da Prova Oficial.
101;CN;88961;C;14;0;;3.88883;1.40675;0.1611;AZUL;1511;;0;2025;2.75191;Questão 101 - Texto extraído da Prova Oficial.
37;LC;97881;A;22;0;;3.43242;0.90425;0.28122;AZUL;1459;;0;2025;2.74599;Questão 37 - Texto extraído da Prova Oficial.
48;CH;140742;E;30;0;;2.86672;0.64329;0.2133;AZUL;1520;;0;2025;2.73707;Questão 48 - Texto extraído da Prova Oficial.
143;MT;125983;A;11;0;;3.23838;1.07025;0.10704;AZUL;1559;;0;2025;2.7308099999999995;Questão 143 - Texto extraído da Prova Oficial.
35;LC;157657;A;15;0;;1.40404;-0.31553;0.20518;AZUL;1529;;0;2025;2.72877;Questão 35 - Texto extraído da Prova Oficial.
92;CN;141502;C;2;0;;3.33618;0.98775;0.19703;AZUL;1569;;0;2025;2.7239600000000004;Questão 92 - Texto extraído da Prova Oficial.
92;CN;88062;D;29;0;;2.72571;0.53409;0.22592;AZUL;1483;;0;2025;2.71955;Questão 92 - Texto extraído da Prova Oficial.
27;LC;140895;C;20;0;;2.17621;0.22323;0.19364;AZUL;1549;;0;2025;2.7145300000000003;"
27
28
29
30
ENEM2025ENEM2025ENEM2025ENEM2025ENEM2025ENEM2025ENEM2025ENEM2025ENEM2025ENEM2025ENEM2025ENEM2025ENEM2025ENEN2025ENEM2025ENEM2025ENEM2025ENEM2025ENEM2025ENEM2025ENEM2025ENEM2025ENEM2025ENEM2025ENEM2025ENEM2025ENEM2025ENEM2025ENEM2025ENEM2025ENEM2025ENEM2025ENEM2025ENEM2025ENEM2025ENEM2025ENEM2025ENEM2025ENEM2025ENEM2025ENEM2025ENEM2025ENEM2025ENEM2025ENEM2025
LINGUAGENS, CÓDIGOS E SUAS TECNOLOGIAS E REDAÇÃO | 1º DIA | CADERNO 1 | AZUL 21
001100117755AAZZ..iinnddbb 2211 2233//0077//22002255 1122::3322::2255
--- PAG 22 ---
*010175AZ22*
ENEM2025ENEM2025ENEM2025ENEM2025ENEM2025ENEM2025ENEM2025ENEM2025ENEM2025ENEM2025ENEM2025ENEM2025ENEM2025ENEN2025ENEM2025ENEM2025ENEM2025ENEM2025ENEM2025ENEM2025ENEM2025ENEM2025ENEM2025ENEM2025ENEM2025ENEM2025ENEM2025ENEM2025ENEM2025ENEM2025ENEM2025ENEM2025ENEM2025ENEM2025ENEM2025ENEM2025ENEM2025ENEM2025ENEM2025ENEM2025ENEM2025ENEM2025ENEM2025ENEM2025ENEM2025
CIÊNCIAS HUMANAS E SUAS TECNOLOGIAS
Questões de 46 a 90
QUESTãO 46
Macedônia do Norte
Acordo entra em vigor e país muda oficialmente de nome
Entrou em vigor, em 2019, o acordo que determina a mudança de nome da Macedônia para Macedônia do Norte. A troca
põe fim — ao menos por enquanto —"
12;LC;158749;D;9;0;;2.23671;0.25646;0.19801;AZUL;1529;;0;2025;2.71399;Questão 12 - Texto extraído da Prova Oficial.
91;CN;54607;B;14;0;;2.18659;0.29119;0.16861;AZUL;1569;;0;2025;2.65656;Questão 91 - Texto extraído da Prova Oficial.
132;CN;111495;E;4;0;;1.47144;-0.24632;0.2067;AZUL;1569;;0;2025;2.64834;Questão 132 - Texto extraído da Prova Oficial.
118;CN;50300;B;12;0;;1.25688;-0.42158;0.22897;AZUL;1569;;0;2025;2.6336500000000003;Questão 118 - Texto extraído da Prova Oficial.
143;MT;141538;B;29;0;;1.97244;0.12645;0.18735;AZUL;1502;;0;2025;2.62878;Questão 143 - Texto extraído da Prova Oficial.
29;LC;150440;E;21;0;;1.06207;-0.50585;0.20479;AZUL;1549;;0;2025;2.6177400000000004;"
29
30
ENEM2025ENEM2025ENEM2025ENEM2025ENEM2025ENEM2025ENEM2025ENEM2025ENEM2025ENEM2025ENEM2025ENEM2025ENEM2025ENEN2025ENEM2025ENEM2025ENEM2025ENEM2025ENEM2025ENEM2025ENEM2025ENEM2025ENEM2025ENEM2025ENEM2025ENEM2025ENEM2025ENEM2025ENEM2025ENEM2025ENEM2025ENEM2025ENEM2025ENEM2025ENEM2025ENEM2025ENEM2025ENEM2025ENEM2025ENEM2025ENEM2025ENEM2025ENEM2025ENEM2025ENEM2025
LINGUAGENS, CÓDIGOS E SUAS TECNOLOGIAS E REDAÇÃO | 1º DIA | CADERNO 1 | AZUL 21
001100117755AAZZ..iinnddbb 2211 2233//0077//22002255 1122::3322::2255
--- PAG 22 ---
*010175AZ22*
ENEM2025ENEM2025ENEM2025ENEM2025ENEM2025ENEM2025ENEM2025ENEM2025ENEM2025ENEM2025ENEM2025ENEM2025ENEM2025ENEN2025ENEM2025ENEM2025ENEM2025ENEM2025ENEM2025ENEM2025ENEM2025ENEM2025ENEM2025ENEM2025ENEM2025ENEM2025ENEM2025ENEM2025ENEM2025ENEM2025ENEM2025ENEM2025ENEM2025ENEM2025ENEM2025ENEM2025ENEM2025ENEM2025ENEM2025ENEM2025ENEM2025ENEM2025ENEM2025ENEM2025ENEM2025
CIÊNCIAS HUMANAS E SUAS TECNOLOGIAS
Questões de 46 a 90
QUESTãO 46
Macedônia do Norte
Acordo entra em vigor e país muda oficialmente de nome
Entrou em vigor, em 2019, o acordo que determina a mudança de nome da Macedônia para Macedônia do Norte. A troca
põe fim — ao menos por enquanto — no im"
39;LC;167570;B;22;0;;2.25603;0.43147;0.1244;AZUL;1549;;0;2025;2.59565;Questão 39 - Texto extraído da Prova Oficial.
11;LC;150423;A;22;0;;2.68055;0.54545;0.22884;AZUL;1529;;0;2025;2.580550000000001;Questão 11 - Texto extraído da Prova Oficial.
84;CH;140518;D;28;0;;2.30961;0.41788;0.15881;AZUL;1447;;0;2025;2.5715300000000005;Questão 84 - Texto extraído da Prova Oficial.
67;CH;88913;B;23;0;;1.80171;0.07201;0.17003;AZUL;1539;;0;2025;2.53724;Questão 67 - Texto extraído da Prova Oficial.
43;LC;167218;E;27;0;;2.60785;0.65278;0.15434;AZUL;1549;;0;2025;2.48566;Questão 43 - Texto extraído da Prova Oficial.
145;MT;117764;D;20;0;;1.4441;-0.18872;0.19786;AZUL;1471;;0;2025;2.46506;Questão 145 - Texto extraído da Prova Oficial.
66;CH;141109;E;15;0;;2.72952;0.70865;0.17507;AZUL;1539;;0;2025;2.45774;Questão 66 - Texto extraído da Prova Oficial.
54;CH;125726;E;9;0;;1.64097;-0.02621;0.1877;AZUL;1520;;0;2025;2.42207;Questão 54 - Texto extraído da Prova Oficial.
42;LC;66526;A;25;0;;2.68424;0.7301;0.15132;AZUL;1459;;0;2025;2.42158;Questão 42 - Texto extraído da Prova Oficial.
95;CN;76022;C;21;0;;3.42122;0.81157;0.39932;AZUL;1483;;0;2025;2.41113;Questão 95 - Texto extraído da Prova Oficial.
97;CN;141754;D;11;0;;2.64721;0.62429;0.21123;AZUL;1483;;0;2025;2.3654;Questão 97 - Texto extraído da Prova Oficial.
91;CN;117652;D;7;0;;2.67294;0.81134;0.11082;AZUL;1483;;0;2025;2.3577600000000003;Questão 91 - Texto extraído da Prova Oficial.
51;CH;140561;C;27;0;;2.27915;0.42081;0.18911;AZUL;1539;;0;2025;2.35032;Questão 51 - Texto extraído da Prova Oficial.
5;LC;153833;C;5;0;;2.32932;0.44342;0.201;AZUL;1459;1.0;0;2025;2.32338;"
5
6
7
8
O
9
H
10
N
11 O
U
12 ã
C
13 Ç
S
14 A A
15 R D
16 E
R
17
18 A
19 D
20
21
22
23
24
25
26
27
28
29
30
ENEM2025ENEM2025ENEM2025ENEM2025ENEM2025ENEM2025ENEM2025ENEM2025ENEM2025ENEM2025ENEM2025ENEM2025ENEM2025ENEN2025ENEM2025ENEM2025ENEM2025ENEM2025ENEM2025ENEM2025ENEM2025ENEM2025ENEM2025ENEM2025ENEM2025ENEM2025ENEM2025ENEM2025ENEM2025ENEM2025ENEM2025ENEM2025ENEM2025ENEM2025ENEM2025ENEM2025ENEM2025ENEM2025ENEM2025ENEM2025ENEM2025ENEM2025ENEM2025ENEM2025ENEM2025
LINGUAGENS, CÓDIGOS E SUAS TECNOLOGIAS E REDAÇÃO | 1º DIA | CADERNO 1 | AZUL 21
001100117755AAZZ..iinnddbb 2211 2233//0077//22002255 1122::3322::2255
--- PAG 22 ---
*010175AZ22*
ENEM2025ENEM2025ENEM2025ENEM2025ENEM2025ENEM2025ENEM2025ENEM2025ENEM2025ENEM2025ENEM2025ENEM2025ENEM2025ENEN2025ENEM2025ENEM2025ENEM2025ENEM2025ENEM2025ENEM2025ENEM2025ENEM2025ENEM2025ENEM2025ENEM2025ENEM2025ENEM2025ENEM2025ENEM2025ENEM2025ENEM2025ENEM2025ENEM2025ENEM2025ENEM2025ENEM2025ENEM2025ENEM2025ENEM2025ENEM2025ENEM2025ENEM2025ENEM2025ENEM2025ENEM2025
CIÊNCIAS HUMANAS E SUAS TECNOLOGIAS
Questões de 46 a 90
QUESTãO 46
Macedônia do Norte
Acordo entra em vigor e país muda oficialmente de nome
Entrou em vigor, em 2019, o acordo que determina a "
77;CH;140492;B;28;0;;2.0329;0.21941;0.21782;AZUL;1539;;0;2025;2.31847;Questão 77 - Texto extraído da Prova Oficial.
80;CH;118094;B;5;0;;2.35263;0.45853;0.20236;AZUL;1539;;0;2025;2.31787;Questão 80 - Texto extraído da Prova Oficial.
38;LC;150670;C;30;0;;2.6559;0.67261;0.1978;AZUL;1529;;0;2025;2.30497;Questão 38 - Texto extraído da Prova Oficial.
75;CH;125692;A;7;0;;1.31878;-0.20731;0.1965;AZUL;1539;;0;2025;2.27699;Questão 75 - Texto extraído da Prova Oficial.
83;CH;149796;E;26;0;;2.44219;0.5387;0.19879;AZUL;1520;;0;2025;2.2743300000000004;Questão 83 - Texto extraído da Prova Oficial.
88;CH;85913;C;3;0;;2.33002;0.49764;0.18069;AZUL;1447;;0;2025;2.2636700000000007;Questão 88 - Texto extraído da Prova Oficial.
110;CN;87716;E;22;0;;3.12069;1.04345;0.16952;AZUL;1483;;0;2025;2.2634300000000005;Questão 110 - Texto extraído da Prova Oficial.
59;CH;125736;C;10;0;;1.64383;-0.00157;0.20633;AZUL;1539;;0;2025;2.26072;Questão 59 - Texto extraído da Prova Oficial.
94;CN;85420;B;3;0;;1.14904;-0.32091;0.20717;AZUL;1569;;0;2025;2.2249600000000003;Questão 94 - Texto extraído da Prova Oficial.
99;CN;44307;C;28;0;;1.28277;-0.02368;0.08927;AZUL;1483;;0;2025;2.19023;Questão 99 - Texto extraído da Prova Oficial.
45;LC;120714;C;4;0;;2.622;0.59532;0.25859;AZUL;1459;;0;2025;2.16509;Questão 45 - Texto extraído da Prova Oficial.
128;CN;97616;E;17;0;;2.30747;0.51744;0.18422;AZUL;1483;;0;2025;2.14152;Questão 128 - Texto extraído da Prova Oficial.
134;CN;84315;E;28;0;;3.2361;1.22593;0.13273;AZUL;1511;;0;2025;2.13076;Questão 134 - Texto extraído da Prova Oficial.
34;LC;157660;D;3;0;;1.59901;0.01472;0.20577;AZUL;1549;;0;2025;2.12501;Questão 34 - Texto extraído da Prova Oficial.
41;LC;167500;E;26;0;;1.32918;-0.10277;0.16879;AZUL;1549;;0;2025;2.12272;Questão 41 - Texto extraído da Prova Oficial.
77;CH;140421;D;20;0;;2.42157;0.59275;0.18939;AZUL;1520;;0;2025;2.11794;Questão 77 - Texto extraído da Prova Oficial.
80;CH;118057;C;30;0;;2.52659;0.77;0.12624;AZUL;1447;;0;2025;2.11198;Questão 80 - Texto extraído da Prova Oficial.
96;CN;97044;B;18;0;;2.03154;0.25915;0.23602;AZUL;1569;;0;2025;2.1055300000000003;Questão 96 - Texto extraído da Prova Oficial.
26;LC;157672;D;24;0;;2.70614;0.79151;0.19033;AZUL;1549;;0;2025;2.0861;"
26
27
28
29
30
ENEM2025ENEM2025ENEM2025ENEM2025ENEM2025ENEM2025ENEM2025ENEM2025ENEM2025ENEM2025ENEM2025ENEM2025ENEM2025ENEN2025ENEM2025ENEM2025ENEM2025ENEM2025ENEM2025ENEM2025ENEM2025ENEM2025ENEM2025ENEM2025ENEM2025ENEM2025ENEM2025ENEM2025ENEM2025ENEM2025ENEM2025ENEM2025ENEM2025ENEM2025ENEM2025ENEM2025ENEM2025ENEM2025ENEM2025ENEM2025ENEM2025ENEM2025ENEM2025ENEM2025ENEM2025
LINGUAGENS, CÓDIGOS E SUAS TECNOLOGIAS E REDAÇÃO | 1º DIA | CADERNO 1 | AZUL 21
001100117755AAZZ..iinnddbb 2211 2233//0077//22002255 1122::3322::2255
--- PAG 22 ---
*010175AZ22*
ENEM2025ENEM2025ENEM2025ENEM2025ENEM2025ENEM2025ENEM2025ENEM2025ENEM2025ENEM2025ENEM2025ENEM2025ENEM2025ENEN2025ENEM2025ENEM2025ENEM2025ENEM2025ENEM2025ENEM2025ENEM2025ENEM2025ENEM2025ENEM2025ENEM2025ENEM2025ENEM2025ENEM2025ENEM2025ENEM2025ENEM2025ENEM2025ENEM2025ENEM2025ENEM2025ENEM2025ENEM2025ENEM2025ENEM2025ENEM2025ENEM2025ENEM2025ENEM2025ENEM2025ENEM2025
CIÊNCIAS HUMANAS E SUAS TECNOLOGIAS
Questões de 46 a 90
QUESTãO 46
Macedônia do Norte
Acordo entra em vigor e país muda oficialmente de nome
Entrou em vigor, em 2019, o acordo que determina a mudança de nome da Macedônia para Macedônia do Norte. A troca
põe fim — ao menos por enquant"
90;CH;149797;B;26;0;;1.81109;0.20361;0.19028;AZUL;1520;;0;2025;2.05995;Questão 90 - Texto extraído da Prova Oficial.
60;CH;125919;E;21;0;;2.32406;0.54178;0.19257;AZUL;1520;;0;2025;2.05993;Questão 60 - Texto extraído da Prova Oficial.
77;CH;118062;A;28;0;;2.19388;0.35534;0.2554;AZUL;1447;;0;2025;2.04474;Questão 77 - Texto extraído da Prova Oficial.
104;CN;141710;A;4;0;;2.40638;0.33454;0.35394;AZUL;1483;;0;2025;2.0394400000000004;Questão 104 - Texto extraído da Prova Oficial.
74;CH;49029;C;24;0;;2.10682;0.40733;0.19245;AZUL;1520;;0;2025;2.0294;Questão 74 - Texto extraído da Prova Oficial.
151;MT;96979;D;1;0;;1.5765;0.09067;0.17135;AZUL;1471;;0;2025;2.0242400000000003;Questão 151 - Texto extraído da Prova Oficial.
59;CH;140651;B;3;0;;3.45768;1.26163;0.22242;AZUL;1520;;0;2025;2.01837;Questão 59 - Texto extraído da Prova Oficial.
84;CH;125777;E;3;0;;1.18996;-0.2036;0.19686;AZUL;1539;;0;2025;2.0064199999999994;Questão 84 - Texto extraído da Prova Oficial.
104;CN;141767;C;18;0;;3.32837;1.39563;0.09545;AZUL;1511;;0;2025;1.9926;Questão 104 - Texto extraído da Prova Oficial.
134;CN;141671;B;12;0;;3.50039;1.25217;0.25537;AZUL;1483;;0;2025;1.96742;Questão 134 - Texto extraído da Prova Oficial.
89;CH;141309;E;14;0;;2.02794;0.35951;0.20225;AZUL;1520;;0;2025;1.9661000000000004;Questão 89 - Texto extraído da Prova Oficial.
30;LC;157597;A;14;0;;2.60969;0.80629;0.17219;AZUL;1529;;0;2025;1.93956;"
30
ENEM2025ENEM2025ENEM2025ENEM2025ENEM2025ENEM2025ENEM2025ENEM2025ENEM2025ENEM2025ENEM2025ENEM2025ENEM2025ENEN2025ENEM2025ENEM2025ENEM2025ENEM2025ENEM2025ENEM2025ENEM2025ENEM2025ENEM2025ENEM2025ENEM2025ENEM2025ENEM2025ENEM2025ENEM2025ENEM2025ENEM2025ENEM2025ENEM2025ENEM2025ENEM2025ENEM2025ENEM2025ENEM2025ENEM2025ENEM2025ENEM2025ENEM2025ENEM2025ENEM2025ENEM2025
LINGUAGENS, CÓDIGOS E SUAS TECNOLOGIAS E REDAÇÃO | 1º DIA | CADERNO 1 | AZUL 21
001100117755AAZZ..iinnddbb 2211 2233//0077//22002255 1122::3322::2255
--- PAG 22 ---
*010175AZ22*
ENEM2025ENEM2025ENEM2025ENEM2025ENEM2025ENEM2025ENEM2025ENEM2025ENEM2025ENEM2025ENEM2025ENEM2025ENEM2025ENEN2025ENEM2025ENEM2025ENEM2025ENEM2025ENEM2025ENEM2025ENEM2025ENEM2025ENEM2025ENEM2025ENEM2025ENEM2025ENEM2025ENEM2025ENEM2025ENEM2025ENEM2025ENEM2025ENEM2025ENEM2025ENEM2025ENEM2025ENEM2025ENEM2025ENEM2025ENEM2025ENEM2025ENEM2025ENEM2025ENEM2025ENEM2025
CIÊNCIAS HUMANAS E SUAS TECNOLOGIAS
Questões de 46 a 90
QUESTãO 46
Macedônia do Norte
Acordo entra em vigor e país muda oficialmente de nome
Entrou em vigor, em 2019, o acordo que determina a mudança de nome da Macedônia para Macedônia do Norte. A troca
põe fim — ao menos por enquanto — no impas"
47;CH;141138;E;10;0;;2.10483;0.42318;0.20241;AZUL;1539;;0;2025;1.92807;Questão 47 - Texto extraído da Prova Oficial.
44;LC;60115;B;11;0;;1.13688;-0.23574;0.2118;AZUL;1549;;0;2025;1.92198;Questão 44 - Texto extraído da Prova Oficial.
37;LC;150800;E;24;0;;2.04614;0.44731;0.16661;AZUL;1529;;0;2025;1.9173;Questão 37 - Texto extraído da Prova Oficial.
114;CN;17373;B;14;0;;1.91648;0.33356;0.18462;AZUL;1511;;0;2025;1.90918;Questão 114 - Texto extraído da Prova Oficial.
75;CH;90024;B;19;0;;2.69381;0.79832;0.22068;AZUL;1447;;0;2025;1.88926;Questão 75 - Texto extraído da Prova Oficial.
100;CN;97650;D;25;0;;1.12876;-0.22105;0.20737;AZUL;1483;;0;2025;1.88382;Questão 100 - Texto extraído da Prova Oficial.
168;MT;63313;E;4;0;;1.42101;0.31713;0.01503;AZUL;1471;;0;2025;1.81548;Questão 168 - Texto extraído da Prova Oficial.
112;CN;85481;D;19;0;;3.21881;1.26954;0.16281;AZUL;1483;;0;2025;1.8149500000000005;Questão 112 - Texto extraído da Prova Oficial.
98;CN;86797;C;30;0;;1.19846;-0.14998;0.21116;AZUL;1511;;0;2025;1.7910600000000003;Questão 98 - Texto extraído da Prova Oficial.
61;CH;85670;E;24;0;;0.93648;0.01685;0.00699;AZUL;1447;;0;2025;1.7874599999999998;Questão 61 - Texto extraído da Prova Oficial.
55;CH;140220;C;3;0;;2.32774;0.6304;0.19813;AZUL;1520;;0;2025;1.7736299999999998;Questão 55 - Texto extraído da Prova Oficial.
55;CH;149721;C;10;0;;1.31762;-0.05668;0.20888;AZUL;1539;;0;2025;1.7608800000000002;Questão 55 - Texto extraído da Prova Oficial.
72;CH;95761;B;7;0;;2.64326;0.921;0.156;AZUL;1520;;0;2025;1.7435200000000004;Questão 72 - Texto extraído da Prova Oficial.
59;CH;140491;B;26;0;;3.19307;1.3846;0.09892;AZUL;1447;;0;2025;1.7377399999999998;Questão 59 - Texto extraído da Prova Oficial.
96;CN;117869;B;16;0;;1.40342;0.05691;0.18305;AZUL;1483;;0;2025;1.72086;Questão 96 - Texto extraído da Prova Oficial.
3;LC;154062;B;5;0;;2.35374;0.69979;0.17786;AZUL;1549;1.0;0;2025;1.7188100000000004;"
3
4
5
6
7
8
O
9
H
10
N
11 O
U
12 ã
C
13 Ç
S
14 A A
15 R D
16 E
R
17
18 A
19 D
20
21
22
23
24
25
26
27
28
29
30
ENEM2025ENEM2025ENEM2025ENEM2025ENEM2025ENEM2025ENEM2025ENEM2025ENEM2025ENEM2025ENEM2025ENEM2025ENEM2025ENEN2025ENEM2025ENEM2025ENEM2025ENEM2025ENEM2025ENEM2025ENEM2025ENEM2025ENEM2025ENEM2025ENEM2025ENEM2025ENEM2025ENEM2025ENEM2025ENEM2025ENEM2025ENEM2025ENEM2025ENEM2025ENEM2025ENEM2025ENEM2025ENEM2025ENEM2025ENEM2025ENEM2025ENEM2025ENEM2025ENEM2025ENEM2025
LINGUAGENS, CÓDIGOS E SUAS TECNOLOGIAS E REDAÇÃO | 1º DIA | CADERNO 1 | AZUL 21
001100117755AAZZ..iinnddbb 2211 2233//0077//22002255 1122::3322::2255
--- PAG 22 ---
*010175AZ22*
ENEM2025ENEM2025ENEM2025ENEM2025ENEM2025ENEM2025ENEM2025ENEM2025ENEM2025ENEM2025ENEM2025ENEM2025ENEM2025ENEN2025ENEM2025ENEM2025ENEM2025ENEM2025ENEM2025ENEM2025ENEM2025ENEM2025ENEM2025ENEM2025ENEM2025ENEM2025ENEM2025ENEM2025ENEM2025ENEM2025ENEM2025ENEM2025ENEM2025ENEM2025ENEM2025ENEM2025ENEM2025ENEM2025ENEM2025ENEM2025ENEM2025ENEM2025ENEM2025ENEM2025ENEM2025
CIÊNCIAS HUMANAS E SUAS TECNOLOGIAS
Questões de 46 a 90
QUESTãO 46
Macedônia do Norte
Acordo entra em vigor e país muda oficialmente de nome
Entrou em vigor, em 2019, o acordo que determin"
3;LC;140709;D;7;0;;2.7718;0.94236;0.20053;AZUL;1459;1.0;0;2025;1.7138699999999996;"
3
4
5
6
7
8
O
9
H
10
N
11 O
U
12 ã
C
13 Ç
S
14 A A
15 R D
16 E
R
17
18 A
19 D
20
21
22
23
24
25
26
27
28
29
30
ENEM2025ENEM2025ENEM2025ENEM2025ENEM2025ENEM2025ENEM2025ENEM2025ENEM2025ENEM2025ENEM2025ENEM2025ENEM2025ENEN2025ENEM2025ENEM2025ENEM2025ENEM2025ENEM2025ENEM2025ENEM2025ENEM2025ENEM2025ENEM2025ENEM2025ENEM2025ENEM2025ENEM2025ENEM2025ENEM2025ENEM2025ENEM2025ENEM2025ENEM2025ENEM2025ENEM2025ENEM2025ENEM2025ENEM2025ENEM2025ENEM2025ENEM2025ENEM2025ENEM2025ENEM2025
LINGUAGENS, CÓDIGOS E SUAS TECNOLOGIAS E REDAÇÃO | 1º DIA | CADERNO 1 | AZUL 21
001100117755AAZZ..iinnddbb 2211 2233//0077//22002255 1122::3322::2255
--- PAG 22 ---
*010175AZ22*
ENEM2025ENEM2025ENEM2025ENEM2025ENEM2025ENEM2025ENEM2025ENEM2025ENEM2025ENEM2025ENEM2025ENEM2025ENEM2025ENEN2025ENEM2025ENEM2025ENEM2025ENEM2025ENEM2025ENEM2025ENEM2025ENEM2025ENEM2025ENEM2025ENEM2025ENEM2025ENEM2025ENEM2025ENEM2025ENEM2025ENEM2025ENEM2025ENEM2025ENEM2025ENEM2025ENEM2025ENEM2025ENEM2025ENEM2025ENEM2025ENEM2025ENEM2025ENEM2025ENEM2025ENEM2025
CIÊNCIAS HUMANAS E SUAS TECNOLOGIAS
Questões de 46 a 90
QUESTãO 46
Macedônia do Norte
Acordo entra em vigor e país muda oficialmente de nome
Entrou em vigor, em 2019, o acordo que determin"
129;CN;117763;E;1;0;;2.14362;0.43194;0.2594;AZUL;1511;;0;2025;1.6944199999999996;Questão 129 - Texto extraído da Prova Oficial.
7;LC;157769;D;1;0;;2.86859;0.93973;0.2457;AZUL;1529;;0;2025;1.6894900000000006;"
7
8
O
9
H
10
N
11 O
U
12 ã
C
13 Ç
S
14 A A
15 R D
16 E
R
17
18 A
19 D
20
21
22
23
24
25
26
27
28
29
30
ENEM2025ENEM2025ENEM2025ENEM2025ENEM2025ENEM2025ENEM2025ENEM2025ENEM2025ENEM2025ENEM2025ENEM2025ENEM2025ENEN2025ENEM2025ENEM2025ENEM2025ENEM2025ENEM2025ENEM2025ENEM2025ENEM2025ENEM2025ENEM2025ENEM2025ENEM2025ENEM2025ENEM2025ENEM2025ENEM2025ENEM2025ENEM2025ENEM2025ENEM2025ENEM2025ENEM2025ENEM2025ENEM2025ENEM2025ENEM2025ENEM2025ENEM2025ENEM2025ENEM2025ENEM2025
LINGUAGENS, CÓDIGOS E SUAS TECNOLOGIAS E REDAÇÃO | 1º DIA | CADERNO 1 | AZUL 21
001100117755AAZZ..iinnddbb 2211 2233//0077//22002255 1122::3322::2255
--- PAG 22 ---
*010175AZ22*
ENEM2025ENEM2025ENEM2025ENEM2025ENEM2025ENEM2025ENEM2025ENEM2025ENEM2025ENEM2025ENEM2025ENEM2025ENEM2025ENEN2025ENEM2025ENEM2025ENEM2025ENEM2025ENEM2025ENEM2025ENEM2025ENEM2025ENEM2025ENEM2025ENEM2025ENEM2025ENEM2025ENEM2025ENEM2025ENEM2025ENEM2025ENEM2025ENEM2025ENEM2025ENEM2025ENEM2025ENEM2025ENEM2025ENEM2025ENEM2025ENEM2025ENEM2025ENEM2025ENEM2025ENEM2025
CIÊNCIAS HUMANAS E SUAS TECNOLOGIAS
Questões de 46 a 90
QUESTãO 46
Macedônia do Norte
Acordo entra em vigor e país muda oficialmente de nome
Entrou em vigor, em 2019, o acordo que determina a muda"
102;CN;88181;E;30;0;;0.66752;-0.13699;0.01141;AZUL;1483;;0;2025;1.68896;Questão 102 - Texto extraído da Prova Oficial.
86;CH;141078;C;17;0;;2.57535;0.86944;0.17393;AZUL;1447;;0;2025;1.6727299999999996;Questão 86 - Texto extraído da Prova Oficial.
48;CH;149790;C;12;0;;2.20718;0.63764;0.16593;AZUL;1539;;0;2025;1.6717900000000006;Questão 48 - Texto extraído da Prova Oficial.
50;CH;125810;B;30;0;;1.39132;0.03303;0.20261;AZUL;1520;;0;2025;1.6705;Questão 50 - Texto extraído da Prova Oficial.
119;CN;97804;D;22;0;;3.63182;1.75456;0.06937;AZUL;1569;;0;2025;1.65311;Questão 119 - Texto extraído da Prova Oficial.
40;LC;150720;C;20;0;;1.66113;0.21916;0.20661;AZUL;1529;;0;2025;1.63173;Questão 40 - Texto extraído da Prova Oficial.
68;CH;141344;D;28;0;;1.89291;0.40543;0.1913;AZUL;1520;;0;2025;1.6130300000000002;Questão 68 - Texto extraído da Prova Oficial.
133;CN;26192;A;9;0;;1.97011;0.48663;0.17638;AZUL;1569;;0;2025;1.59843;Questão 133 - Texto extraído da Prova Oficial.
20;LC;150612;B;20;0;;2.21653;0.6224;0.19711;AZUL;1459;;0;2025;1.5803100000000003;"
20
21
22
23
24
25
26
27
28
29
30
ENEM2025ENEM2025ENEM2025ENEM2025ENEM2025ENEM2025ENEM2025ENEM2025ENEM2025ENEM2025ENEM2025ENEM2025ENEM2025ENEN2025ENEM2025ENEM2025ENEM2025ENEM2025ENEM2025ENEM2025ENEM2025ENEM2025ENEM2025ENEM2025ENEM2025ENEM2025ENEM2025ENEM2025ENEM2025ENEM2025ENEM2025ENEM2025ENEM2025ENEM2025ENEM2025ENEM2025ENEM2025ENEM2025ENEM2025ENEM2025ENEM2025ENEM2025ENEM2025ENEM2025ENEM2025
LINGUAGENS, CÓDIGOS E SUAS TECNOLOGIAS E REDAÇÃO | 1º DIA | CADERNO 1 | AZUL 21
001100117755AAZZ..iinnddbb 2211 2233//0077//22002255 1122::3322::2255
--- PAG 22 ---
*010175AZ22*
ENEM2025ENEM2025ENEM2025ENEM2025ENEM2025ENEM2025ENEM2025ENEM2025ENEM2025ENEM2025ENEM2025ENEM2025ENEM2025ENEN2025ENEM2025ENEM2025ENEM2025ENEM2025ENEM2025ENEM2025ENEM2025ENEM2025ENEM2025ENEM2025ENEM2025ENEM2025ENEM2025ENEM2025ENEM2025ENEM2025ENEM2025ENEM2025ENEM2025ENEM2025ENEM2025ENEM2025ENEM2025ENEM2025ENEM2025ENEM2025ENEM2025ENEM2025ENEM2025ENEM2025ENEM2025
CIÊNCIAS HUMANAS E SUAS TECNOLOGIAS
Questões de 46 a 90
QUESTãO 46
Macedônia do Norte
Acordo entra em vigor e país muda oficialmente de nome
Entrou em vigor, em 2019, o acordo que determina a mudança de nome da Macedônia para Macedônia do Norte. A troca
põe fim — ao"
21;LC;158791;D;11;0;;1.55144;0.16896;0.20464;AZUL;1529;;0;2025;1.5728000000000002;"
21
22
23
24
25
26
27
28
29
30
ENEM2025ENEM2025ENEM2025ENEM2025ENEM2025ENEM2025ENEM2025ENEM2025ENEM2025ENEM2025ENEM2025ENEM2025ENEM2025ENEN2025ENEM2025ENEM2025ENEM2025ENEM2025ENEM2025ENEM2025ENEM2025ENEM2025ENEM2025ENEM2025ENEM2025ENEM2025ENEM2025ENEM2025ENEM2025ENEM2025ENEM2025ENEM2025ENEM2025ENEM2025ENEM2025ENEM2025ENEM2025ENEM2025ENEM2025ENEM2025ENEM2025ENEM2025ENEM2025ENEM2025ENEM2025
LINGUAGENS, CÓDIGOS E SUAS TECNOLOGIAS E REDAÇÃO | 1º DIA | CADERNO 1 | AZUL 21
001100117755AAZZ..iinnddbb 2211 2233//0077//22002255 1122::3322::2255
--- PAG 22 ---
*010175AZ22*
ENEM2025ENEM2025ENEM2025ENEM2025ENEM2025ENEM2025ENEM2025ENEM2025ENEM2025ENEM2025ENEM2025ENEM2025ENEM2025ENEN2025ENEM2025ENEM2025ENEM2025ENEM2025ENEM2025ENEM2025ENEM2025ENEM2025ENEM2025ENEM2025ENEM2025ENEM2025ENEM2025ENEM2025ENEM2025ENEM2025ENEM2025ENEM2025ENEM2025ENEM2025ENEM2025ENEM2025ENEM2025ENEM2025ENEM2025ENEM2025ENEM2025ENEM2025ENEM2025ENEM2025ENEM2025
CIÊNCIAS HUMANAS E SUAS TECNOLOGIAS
Questões de 46 a 90
QUESTãO 46
Macedônia do Norte
Acordo entra em vigor e país muda oficialmente de nome
Entrou em vigor, em 2019, o acordo que determina a mudança de nome da Macedônia para Macedônia do Norte. A troca
põe fim — ao me"
92;CN;7735;C;10;0;;2.47352;0.8876;0.14327;AZUL;1511;;0;2025;1.5678900000000004;Questão 92 - Texto extraído da Prova Oficial.
137;MT;81495;D;1;0;;1.37767;0.03432;0.21863;AZUL;1502;;0;2025;1.55923;Questão 137 - Texto extraído da Prova Oficial.
147;MT;50210;E;24;0;;2.4952;0.97163;0.106;AZUL;1471;;0;2025;1.5455100000000004;Questão 147 - Texto extraído da Prova Oficial.
50;CH;111883;A;12;0;;4.66484;2.18392;0.24931;AZUL;1447;;0;2025;1.53137;Questão 50 - Texto extraído da Prova Oficial.
7;LC;157633;A;1;0;;2.08361;0.4973;0.23545;AZUL;1549;;0;2025;1.4980700000000002;"
7
8
O
9
H
10
N
11 O
U
12 ã
C
13 Ç
S
14 A A
15 R D
16 E
R
17
18 A
19 D
20
21
22
23
24
25
26
27
28
29
30
ENEM2025ENEM2025ENEM2025ENEM2025ENEM2025ENEM2025ENEM2025ENEM2025ENEM2025ENEM2025ENEM2025ENEM2025ENEM2025ENEN2025ENEM2025ENEM2025ENEM2025ENEM2025ENEM2025ENEM2025ENEM2025ENEM2025ENEM2025ENEM2025ENEM2025ENEM2025ENEM2025ENEM2025ENEM2025ENEM2025ENEM2025ENEM2025ENEM2025ENEM2025ENEM2025ENEM2025ENEM2025ENEM2025ENEM2025ENEM2025ENEM2025ENEM2025ENEM2025ENEM2025ENEM2025
LINGUAGENS, CÓDIGOS E SUAS TECNOLOGIAS E REDAÇÃO | 1º DIA | CADERNO 1 | AZUL 21
001100117755AAZZ..iinnddbb 2211 2233//0077//22002255 1122::3322::2255
--- PAG 22 ---
*010175AZ22*
ENEM2025ENEM2025ENEM2025ENEM2025ENEM2025ENEM2025ENEM2025ENEM2025ENEM2025ENEM2025ENEM2025ENEM2025ENEM2025ENEN2025ENEM2025ENEM2025ENEM2025ENEM2025ENEM2025ENEM2025ENEM2025ENEM2025ENEM2025ENEM2025ENEM2025ENEM2025ENEM2025ENEM2025ENEM2025ENEM2025ENEM2025ENEM2025ENEM2025ENEM2025ENEM2025ENEM2025ENEM2025ENEM2025ENEM2025ENEM2025ENEM2025ENEM2025ENEM2025ENEM2025ENEM2025
CIÊNCIAS HUMANAS E SUAS TECNOLOGIAS
Questões de 46 a 90
QUESTãO 46
Macedônia do Norte
Acordo entra em vigor e país muda oficialmente de nome
Entrou em vigor, em 2019, o acordo que determina a muda"
167;MT;44306;D;25;0;;3.86308;1.72136;0.21606;AZUL;1471;;0;2025;1.48178;Questão 167 - Texto extraído da Prova Oficial.
85;CH;149827;C;30;0;;1.19437;-0.0421;0.20782;AZUL;1539;;0;2025;1.47594;Questão 85 - Texto extraído da Prova Oficial.
102;CN;117947;D;22;0;;1.75781;0.42329;0.15596;AZUL;1569;;0;2025;1.4659500000000003;Questão 102 - Texto extraído da Prova Oficial.
13;LC;150560;E;1;0;;1.62987;0.27357;0.19628;AZUL;1529;;0;2025;1.4576299999999998;Questão 13 - Texto extraído da Prova Oficial.
85;CH;140451;B;14;0;;1.48185;0.40715;0.0573;AZUL;1447;;0;2025;1.45575;Questão 85 - Texto extraído da Prova Oficial.
61;CH;141064;B;9;0;;2.52242;0.82738;0.22418;AZUL;1539;;0;2025;1.4417999999999995;Questão 61 - Texto extraído da Prova Oficial.
89;CH;140490;C;19;0;;2.3244;0.81035;0.15821;AZUL;1539;;0;2025;1.4267;Questão 89 - Texto extraído da Prova Oficial.
121;CN;141616;B;5;0;;3.9427;1.65917;0.29972;AZUL;1569;;0;2025;1.4092899999999993;Questão 121 - Texto extraído da Prova Oficial.
5;LC;140723;B;7;0;;1.30106;0.06403;0.20042;AZUL;1549;1.0;0;2025;1.4079300000000003;"
5
6
7
8
O
9
H
10
N
11 O
U
12 ã
C
13 Ç
S
14 A A
15 R D
16 E
R
17
18 A
19 D
20
21
22
23
24
25
26
27
28
29
30
ENEM2025ENEM2025ENEM2025ENEM2025ENEM2025ENEM2025ENEM2025ENEM2025ENEM2025ENEM2025ENEM2025ENEM2025ENEM2025ENEN2025ENEM2025ENEM2025ENEM2025ENEM2025ENEM2025ENEM2025ENEM2025ENEM2025ENEM2025ENEM2025ENEM2025ENEM2025ENEM2025ENEM2025ENEM2025ENEM2025ENEM2025ENEM2025ENEM2025ENEM2025ENEM2025ENEM2025ENEM2025ENEM2025ENEM2025ENEM2025ENEM2025ENEM2025ENEM2025ENEM2025ENEM2025
LINGUAGENS, CÓDIGOS E SUAS TECNOLOGIAS E REDAÇÃO | 1º DIA | CADERNO 1 | AZUL 21
001100117755AAZZ..iinnddbb 2211 2233//0077//22002255 1122::3322::2255
--- PAG 22 ---
*010175AZ22*
ENEM2025ENEM2025ENEM2025ENEM2025ENEM2025ENEM2025ENEM2025ENEM2025ENEM2025ENEM2025ENEM2025ENEM2025ENEM2025ENEN2025ENEM2025ENEM2025ENEM2025ENEM2025ENEM2025ENEM2025ENEM2025ENEM2025ENEM2025ENEM2025ENEM2025ENEM2025ENEM2025ENEM2025ENEM2025ENEM2025ENEM2025ENEM2025ENEM2025ENEM2025ENEM2025ENEM2025ENEM2025ENEM2025ENEM2025ENEM2025ENEM2025ENEM2025ENEM2025ENEM2025ENEM2025
CIÊNCIAS HUMANAS E SUAS TECNOLOGIAS
Questões de 46 a 90
QUESTãO 46
Macedônia do Norte
Acordo entra em vigor e país muda oficialmente de nome
Entrou em vigor, em 2019, o acordo que determina a "
53;CH;118040;E;25;0;;2.52504;0.94443;0.16449;AZUL;1539;;0;2025;1.3943400000000006;Questão 53 - Texto extraído da Prova Oficial.
93;CN;89916;C;28;0;;2.61875;1.03514;0.14955;AZUL;1483;;0;2025;1.3843300000000005;Questão 93 - Texto extraído da Prova Oficial.
16;LC;150673;B;3;0;;2.07505;0.6297;0.17925;AZUL;1529;;0;2025;1.36475;Questão 16 - Texto extraído da Prova Oficial.
130;CN;117862;C;4;0;;1.57295;0.24194;0.21252;AZUL;1511;;0;2025;1.3574800000000005;Questão 130 - Texto extraído da Prova Oficial.
103;CN;141800;C;29;0;;3.39657;1.32856;0.30324;AZUL;1511;;0;2025;1.2912600000000003;Questão 103 - Texto extraído da Prova Oficial.
106;CN;67396;C;15;0;;3.08329;1.43948;0.11268;AZUL;1511;;0;2025;1.2847399999999989;Questão 106 - Texto extraído da Prova Oficial.
65;CH;141009;C;23;0;;0.96638;0.17386;0.02709;AZUL;1447;;0;2025;1.27573;Questão 65 - Texto extraído da Prova Oficial.
3;LC;158719;E;7;0;;1.76344;0.4613;0.17513;AZUL;1529;1.0;0;2025;1.2673299999999996;"
3
4
5
6
7
8
O
9
H
10
N
11 O
U
12 ã
C
13 Ç
S
14 A A
15 R D
16 E
R
17
18 A
19 D
20
21
22
23
24
25
26
27
28
29
30
ENEM2025ENEM2025ENEM2025ENEM2025ENEM2025ENEM2025ENEM2025ENEM2025ENEM2025ENEM2025ENEM2025ENEM2025ENEM2025ENEN2025ENEM2025ENEM2025ENEM2025ENEM2025ENEM2025ENEM2025ENEM2025ENEM2025ENEM2025ENEM2025ENEM2025ENEM2025ENEM2025ENEM2025ENEM2025ENEM2025ENEM2025ENEM2025ENEM2025ENEM2025ENEM2025ENEM2025ENEM2025ENEM2025ENEM2025ENEM2025ENEM2025ENEM2025ENEM2025ENEM2025ENEM2025
LINGUAGENS, CÓDIGOS E SUAS TECNOLOGIAS E REDAÇÃO | 1º DIA | CADERNO 1 | AZUL 21
001100117755AAZZ..iinnddbb 2211 2233//0077//22002255 1122::3322::2255
--- PAG 22 ---
*010175AZ22*
ENEM2025ENEM2025ENEM2025ENEM2025ENEM2025ENEM2025ENEM2025ENEM2025ENEM2025ENEM2025ENEM2025ENEM2025ENEM2025ENEN2025ENEM2025ENEM2025ENEM2025ENEM2025ENEM2025ENEM2025ENEM2025ENEM2025ENEM2025ENEM2025ENEM2025ENEM2025ENEM2025ENEM2025ENEM2025ENEM2025ENEM2025ENEM2025ENEM2025ENEM2025ENEM2025ENEM2025ENEM2025ENEM2025ENEM2025ENEM2025ENEM2025ENEM2025ENEM2025ENEM2025ENEM2025
CIÊNCIAS HUMANAS E SUAS TECNOLOGIAS
Questões de 46 a 90
QUESTãO 46
Macedônia do Norte
Acordo entra em vigor e país muda oficialmente de nome
Entrou em vigor, em 2019, o acordo que determin"
21;LC;153392;C;17;0;;2.2343;0.80331;0.16272;AZUL;1459;;0;2025;1.24507;"
21
22
23
24
25
26
27
28
29
30
ENEM2025ENEM2025ENEM2025ENEM2025ENEM2025ENEM2025ENEM2025ENEM2025ENEM2025ENEM2025ENEM2025ENEM2025ENEM2025ENEN2025ENEM2025ENEM2025ENEM2025ENEM2025ENEM2025ENEM2025ENEM2025ENEM2025ENEM2025ENEM2025ENEM2025ENEM2025ENEM2025ENEM2025ENEM2025ENEM2025ENEM2025ENEM2025ENEM2025ENEM2025ENEM2025ENEM2025ENEM2025ENEM2025ENEM2025ENEM2025ENEM2025ENEM2025ENEM2025ENEM2025ENEM2025
LINGUAGENS, CÓDIGOS E SUAS TECNOLOGIAS E REDAÇÃO | 1º DIA | CADERNO 1 | AZUL 21
001100117755AAZZ..iinnddbb 2211 2233//0077//22002255 1122::3322::2255
--- PAG 22 ---
*010175AZ22*
ENEM2025ENEM2025ENEM2025ENEM2025ENEM2025ENEM2025ENEM2025ENEM2025ENEM2025ENEM2025ENEM2025ENEM2025ENEM2025ENEN2025ENEM2025ENEM2025ENEM2025ENEM2025ENEM2025ENEM2025ENEM2025ENEM2025ENEM2025ENEM2025ENEM2025ENEM2025ENEM2025ENEM2025ENEM2025ENEM2025ENEM2025ENEM2025ENEM2025ENEM2025ENEM2025ENEM2025ENEM2025ENEM2025ENEM2025ENEM2025ENEM2025ENEM2025ENEM2025ENEM2025ENEM2025
CIÊNCIAS HUMANAS E SUAS TECNOLOGIAS
Questões de 46 a 90
QUESTãO 46
Macedônia do Norte
Acordo entra em vigor e país muda oficialmente de nome
Entrou em vigor, em 2019, o acordo que determina a mudança de nome da Macedônia para Macedônia do Norte. A troca
põe fim — ao me"
39;LC;158650;C;26;0;;1.6994;0.43322;0.17255;AZUL;1529;;0;2025;1.23639;Questão 39 - Texto extraído da Prova Oficial.
78;CH;56054;B;11;0;;2.42693;0.89696;0.18703;AZUL;1447;;0;2025;1.22783;Questão 78 - Texto extraído da Prova Oficial.
147;MT;141573;D;20;0;;1.99072;0.47884;0.26366;AZUL;1502;;0;2025;1.2266200000000005;Questão 147 - Texto extraído da Prova Oficial.
8;LC;150626;C;22;0;;1.99397;0.60444;0.19207;AZUL;1549;;0;2025;1.21427;"
8
O
9
H
10
N
11 O
U
12 ã
C
13 Ç
S
14 A A
15 R D
16 E
R
17
18 A
19 D
20
21
22
23
24
25
26
27
28
29
30
ENEM2025ENEM2025ENEM2025ENEM2025ENEM2025ENEM2025ENEM2025ENEM2025ENEM2025ENEM2025ENEM2025ENEM2025ENEM2025ENEN2025ENEM2025ENEM2025ENEM2025ENEM2025ENEM2025ENEM2025ENEM2025ENEM2025ENEM2025ENEM2025ENEM2025ENEM2025ENEM2025ENEM2025ENEM2025ENEM2025ENEM2025ENEM2025ENEM2025ENEM2025ENEM2025ENEM2025ENEM2025ENEM2025ENEM2025ENEM2025ENEM2025ENEM2025ENEM2025ENEM2025ENEM2025
LINGUAGENS, CÓDIGOS E SUAS TECNOLOGIAS E REDAÇÃO | 1º DIA | CADERNO 1 | AZUL 21
001100117755AAZZ..iinnddbb 2211 2233//0077//22002255 1122::3322::2255
--- PAG 22 ---
*010175AZ22*
ENEM2025ENEM2025ENEM2025ENEM2025ENEM2025ENEM2025ENEM2025ENEM2025ENEM2025ENEM2025ENEM2025ENEM2025ENEM2025ENEN2025ENEM2025ENEM2025ENEM2025ENEM2025ENEM2025ENEM2025ENEM2025ENEM2025ENEM2025ENEM2025ENEM2025ENEM2025ENEM2025ENEM2025ENEM2025ENEM2025ENEM2025ENEM2025ENEM2025ENEM2025ENEM2025ENEM2025ENEM2025ENEM2025ENEM2025ENEM2025ENEM2025ENEM2025ENEM2025ENEM2025ENEM2025
CIÊNCIAS HUMANAS E SUAS TECNOLOGIAS
Questões de 46 a 90
QUESTãO 46
Macedônia do Norte
Acordo entra em vigor e país muda oficialmente de nome
Entrou em vigor, em 2019, o acordo que determina a mudanç"
4;LC;158743;E;8;0;;1.66744;0.40597;0.18735;AZUL;1529;1.0;0;2025;1.1802200000000005;"
4
5
6
7
8
O
9
H
10
N
11 O
U
12 ã
C
13 Ç
S
14 A A
15 R D
16 E
R
17
18 A
19 D
20
21
22
23
24
25
26
27
28
29
30
ENEM2025ENEM2025ENEM2025ENEM2025ENEM2025ENEM2025ENEM2025ENEM2025ENEM2025ENEM2025ENEM2025ENEM2025ENEM2025ENEN2025ENEM2025ENEM2025ENEM2025ENEM2025ENEM2025ENEM2025ENEM2025ENEM2025ENEM2025ENEM2025ENEM2025ENEM2025ENEM2025ENEM2025ENEM2025ENEM2025ENEM2025ENEM2025ENEM2025ENEM2025ENEM2025ENEM2025ENEM2025ENEM2025ENEM2025ENEM2025ENEM2025ENEM2025ENEM2025ENEM2025ENEM2025
LINGUAGENS, CÓDIGOS E SUAS TECNOLOGIAS E REDAÇÃO | 1º DIA | CADERNO 1 | AZUL 21
001100117755AAZZ..iinnddbb 2211 2233//0077//22002255 1122::3322::2255
--- PAG 22 ---
*010175AZ22*
ENEM2025ENEM2025ENEM2025ENEM2025ENEM2025ENEM2025ENEM2025ENEM2025ENEM2025ENEM2025ENEM2025ENEM2025ENEM2025ENEN2025ENEM2025ENEM2025ENEM2025ENEM2025ENEM2025ENEM2025ENEM2025ENEM2025ENEM2025ENEM2025ENEM2025ENEM2025ENEM2025ENEM2025ENEM2025ENEM2025ENEM2025ENEM2025ENEM2025ENEM2025ENEM2025ENEM2025ENEM2025ENEM2025ENEM2025ENEM2025ENEM2025ENEM2025ENEM2025ENEM2025ENEM2025
CIÊNCIAS HUMANAS E SUAS TECNOLOGIAS
Questões de 46 a 90
QUESTãO 46
Macedônia do Norte
Acordo entra em vigor e país muda oficialmente de nome
Entrou em vigor, em 2019, o acordo que determina "
58;CH;118053;E;29;0;;2.2254;0.81002;0.16827;AZUL;1539;;0;2025;1.17939;Questão 58 - Texto extraído da Prova Oficial.
24;LC;150674;B;2;0;;2.05176;0.63313;0.21138;AZUL;1459;;0;2025;1.1472299999999995;"
24
25
26
27
28
29
30
ENEM2025ENEM2025ENEM2025ENEM2025ENEM2025ENEM2025ENEM2025ENEM2025ENEM2025ENEM2025ENEM2025ENEM2025ENEM2025ENEN2025ENEM2025ENEM2025ENEM2025ENEM2025ENEM2025ENEM2025ENEM2025ENEM2025ENEM2025ENEM2025ENEM2025ENEM2025ENEM2025ENEM2025ENEM2025ENEM2025ENEM2025ENEM2025ENEM2025ENEM2025ENEM2025ENEM2025ENEM2025ENEM2025ENEM2025ENEM2025ENEM2025ENEM2025ENEM2025ENEM2025ENEM2025
LINGUAGENS, CÓDIGOS E SUAS TECNOLOGIAS E REDAÇÃO | 1º DIA | CADERNO 1 | AZUL 21
001100117755AAZZ..iinnddbb 2211 2233//0077//22002255 1122::3322::2255
--- PAG 22 ---
*010175AZ22*
ENEM2025ENEM2025ENEM2025ENEM2025ENEM2025ENEM2025ENEM2025ENEM2025ENEM2025ENEM2025ENEM2025ENEM2025ENEM2025ENEN2025ENEM2025ENEM2025ENEM2025ENEM2025ENEM2025ENEM2025ENEM2025ENEM2025ENEM2025ENEM2025ENEM2025ENEM2025ENEM2025ENEM2025ENEM2025ENEM2025ENEM2025ENEM2025ENEM2025ENEM2025ENEM2025ENEM2025ENEM2025ENEM2025ENEM2025ENEM2025ENEM2025ENEM2025ENEM2025ENEM2025ENEM2025
CIÊNCIAS HUMANAS E SUAS TECNOLOGIAS
Questões de 46 a 90
QUESTãO 46
Macedônia do Norte
Acordo entra em vigor e país muda oficialmente de nome
Entrou em vigor, em 2019, o acordo que determina a mudança de nome da Macedônia para Macedônia do Norte. A troca
põe fim — ao menos por e"
15;LC;157662;A;29;0;;2.24924;0.72298;0.23806;AZUL;1529;;0;2025;1.1392399999999998;Questão 15 - Texto extraído da Prova Oficial.
95;CN;141822;A;4;0;;0.8969;-0.14935;0.22131;AZUL;1569;;0;2025;1.1353000000000004;Questão 95 - Texto extraído da Prova Oficial.
107;CN;97941;B;27;0;;3.24484;1.50863;0.16925;AZUL;1511;;0;2025;1.1175400000000004;Questão 107 - Texto extraído da Prova Oficial.
133;CN;66467;B;21;0;;3.10715;1.30576;0.23671;AZUL;1511;;0;2025;1.1134699999999995;Questão 133 - Texto extraído da Prova Oficial.
82;CH;55581;E;23;0;;1.27011;0.4607;0.01257;AZUL;1447;;0;2025;1.0952700000000002;Questão 82 - Texto extraído da Prova Oficial.
14;LC;157665;C;21;0;;1.03891;0.31916;0.00705;AZUL;1459;;0;2025;1.08509;Questão 14 - Texto extraído da Prova Oficial.
23;LC;158716;C;14;0;;2.29277;1.01273;0.0931;AZUL;1459;;0;2025;1.0818500000000002;"
23
24
25
26
27
28
29
30
ENEM2025ENEM2025ENEM2025ENEM2025ENEM2025ENEM2025ENEM2025ENEM2025ENEM2025ENEM2025ENEM2025ENEM2025ENEM2025ENEN2025ENEM2025ENEM2025ENEM2025ENEM2025ENEM2025ENEM2025ENEM2025ENEM2025ENEM2025ENEM2025ENEM2025ENEM2025ENEM2025ENEM2025ENEM2025ENEM2025ENEM2025ENEM2025ENEM2025ENEM2025ENEM2025ENEM2025ENEM2025ENEM2025ENEM2025ENEM2025ENEM2025ENEM2025ENEM2025ENEM2025ENEM2025
LINGUAGENS, CÓDIGOS E SUAS TECNOLOGIAS E REDAÇÃO | 1º DIA | CADERNO 1 | AZUL 21
001100117755AAZZ..iinnddbb 2211 2233//0077//22002255 1122::3322::2255
--- PAG 22 ---
*010175AZ22*
ENEM2025ENEM2025ENEM2025ENEM2025ENEM2025ENEM2025ENEM2025ENEM2025ENEM2025ENEM2025ENEM2025ENEM2025ENEM2025ENEN2025ENEM2025ENEM2025ENEM2025ENEM2025ENEM2025ENEM2025ENEM2025ENEM2025ENEM2025ENEM2025ENEM2025ENEM2025ENEM2025ENEM2025ENEM2025ENEM2025ENEM2025ENEM2025ENEM2025ENEM2025ENEM2025ENEM2025ENEM2025ENEM2025ENEM2025ENEM2025ENEM2025ENEM2025ENEM2025ENEM2025ENEM2025
CIÊNCIAS HUMANAS E SUAS TECNOLOGIAS
Questões de 46 a 90
QUESTãO 46
Macedônia do Norte
Acordo entra em vigor e país muda oficialmente de nome
Entrou em vigor, em 2019, o acordo que determina a mudança de nome da Macedônia para Macedônia do Norte. A troca
põe fim — ao menos po"
24;LC;150584;E;28;0;;1.34736;0.20969;0.19986;AZUL;1529;;0;2025;1.0663499999999997;"
24
25
26
27
28
29
30
ENEM2025ENEM2025ENEM2025ENEM2025ENEM2025ENEM2025ENEM2025ENEM2025ENEM2025ENEM2025ENEM2025ENEM2025ENEM2025ENEN2025ENEM2025ENEM2025ENEM2025ENEM2025ENEM2025ENEM2025ENEM2025ENEM2025ENEM2025ENEM2025ENEM2025ENEM2025ENEM2025ENEM2025ENEM2025ENEM2025ENEM2025ENEM2025ENEM2025ENEM2025ENEM2025ENEM2025ENEM2025ENEM2025ENEM2025ENEM2025ENEM2025ENEM2025ENEM2025ENEM2025ENEM2025
LINGUAGENS, CÓDIGOS E SUAS TECNOLOGIAS E REDAÇÃO | 1º DIA | CADERNO 1 | AZUL 21
001100117755AAZZ..iinnddbb 2211 2233//0077//22002255 1122::3322::2255
--- PAG 22 ---
*010175AZ22*
ENEM2025ENEM2025ENEM2025ENEM2025ENEM2025ENEM2025ENEM2025ENEM2025ENEM2025ENEM2025ENEM2025ENEM2025ENEM2025ENEN2025ENEM2025ENEM2025ENEM2025ENEM2025ENEM2025ENEM2025ENEM2025ENEM2025ENEM2025ENEM2025ENEM2025ENEM2025ENEM2025ENEM2025ENEM2025ENEM2025ENEM2025ENEM2025ENEM2025ENEM2025ENEM2025ENEM2025ENEM2025ENEM2025ENEM2025ENEM2025ENEM2025ENEM2025ENEM2025ENEM2025ENEM2025
CIÊNCIAS HUMANAS E SUAS TECNOLOGIAS
Questões de 46 a 90
QUESTãO 46
Macedônia do Norte
Acordo entra em vigor e país muda oficialmente de nome
Entrou em vigor, em 2019, o acordo que determina a mudança de nome da Macedônia para Macedônia do Norte. A troca
põe fim — ao menos por e"
2;LC;118111;A;5;0;;1.66619;0.42235;0.20624;AZUL;1529;1.0;0;2025;1.0341300000000002;"
2
3
4
5
6
7
8
O
9
H
10
N
11 O
U
12 ã
C
13 Ç
S
14 A A
15 R D
16 E
R
17
18 A
19 D
20
21
22
23
24
25
26
27
28
29
30
ENEM2025ENEM2025ENEM2025ENEM2025ENEM2025ENEM2025ENEM2025ENEM2025ENEM2025ENEM2025ENEM2025ENEM2025ENEM2025ENEN2025ENEM2025ENEM2025ENEM2025ENEM2025ENEM2025ENEM2025ENEM2025ENEM2025ENEM2025ENEM2025ENEM2025ENEM2025ENEM2025ENEM2025ENEM2025ENEM2025ENEM2025ENEM2025ENEM2025ENEM2025ENEM2025ENEM2025ENEM2025ENEM2025ENEM2025ENEM2025ENEM2025ENEM2025ENEM2025ENEM2025ENEM2025
LINGUAGENS, CÓDIGOS E SUAS TECNOLOGIAS E REDAÇÃO | 1º DIA | CADERNO 1 | AZUL 21
001100117755AAZZ..iinnddbb 2211 2233//0077//22002255 1122::3322::2255
--- PAG 22 ---
*010175AZ22*
ENEM2025ENEM2025ENEM2025ENEM2025ENEM2025ENEM2025ENEM2025ENEM2025ENEM2025ENEM2025ENEM2025ENEM2025ENEM2025ENEN2025ENEM2025ENEM2025ENEM2025ENEM2025ENEM2025ENEM2025ENEM2025ENEM2025ENEM2025ENEM2025ENEM2025ENEM2025ENEM2025ENEM2025ENEM2025ENEM2025ENEM2025ENEM2025ENEM2025ENEM2025ENEM2025ENEM2025ENEM2025ENEM2025ENEM2025ENEM2025ENEM2025ENEM2025ENEM2025ENEM2025ENEM2025
CIÊNCIAS HUMANAS E SUAS TECNOLOGIAS
Questões de 46 a 90
QUESTãO 46
Macedônia do Norte
Acordo entra em vigor e país muda oficialmente de nome
Entrou em vigor, em 2019, o acordo que determ"
97;CN;84034;C;16;0;;1.91848;0.69594;0.14304;AZUL;1511;;0;2025;1.03394;Questão 97 - Texto extraído da Prova Oficial.
70;CH;140820;E;17;0;;2.08145;0.94059;0.06462;AZUL;1539;;0;2025;1.0180299999999998;Questão 70 - Texto extraído da Prova Oficial.
34;LC;158638;B;4;0;;1.99029;0.63869;0.21054;AZUL;1529;;0;2025;1.01181;Questão 34 - Texto extraído da Prova Oficial.
25;LC;150643;E;24;0;;2.25962;0.86097;0.1859;AZUL;1459;;0;2025;1.00683;"
25
26
27
28
29
30
ENEM2025ENEM2025ENEM2025ENEM2025ENEM2025ENEM2025ENEM2025ENEM2025ENEM2025ENEM2025ENEM2025ENEM2025ENEM2025ENEN2025ENEM2025ENEM2025ENEM2025ENEM2025ENEM2025ENEM2025ENEM2025ENEM2025ENEM2025ENEM2025ENEM2025ENEM2025ENEM2025ENEM2025ENEM2025ENEM2025ENEM2025ENEM2025ENEM2025ENEM2025ENEM2025ENEM2025ENEM2025ENEM2025ENEM2025ENEM2025ENEM2025ENEM2025ENEM2025ENEM2025ENEM2025
LINGUAGENS, CÓDIGOS E SUAS TECNOLOGIAS E REDAÇÃO | 1º DIA | CADERNO 1 | AZUL 21
001100117755AAZZ..iinnddbb 2211 2233//0077//22002255 1122::3322::2255
--- PAG 22 ---
*010175AZ22*
ENEM2025ENEM2025ENEM2025ENEM2025ENEM2025ENEM2025ENEM2025ENEM2025ENEM2025ENEM2025ENEM2025ENEM2025ENEM2025ENEN2025ENEM2025ENEM2025ENEM2025ENEM2025ENEM2025ENEM2025ENEM2025ENEM2025ENEM2025ENEM2025ENEM2025ENEM2025ENEM2025ENEM2025ENEM2025ENEM2025ENEM2025ENEM2025ENEM2025ENEM2025ENEM2025ENEM2025ENEM2025ENEM2025ENEM2025ENEM2025ENEM2025ENEM2025ENEM2025ENEM2025ENEM2025
CIÊNCIAS HUMANAS E SUAS TECNOLOGIAS
Questões de 46 a 90
QUESTãO 46
Macedônia do Norte
Acordo entra em vigor e país muda oficialmente de nome
Entrou em vigor, em 2019, o acordo que determina a mudança de nome da Macedônia para Macedônia do Norte. A troca
põe fim — ao menos por enqu"
101;CN;86623;E;12;0;;1.98639;0.75345;0.14335;AZUL;1569;;0;2025;0.9956800000000005;Questão 101 - Texto extraído da Prova Oficial.
179;MT;126023;A;10;0;;1.6235;0.45598;0.1784;AZUL;1471;;0;2025;0.98706;Questão 179 - Texto extraído da Prova Oficial.
73;CH;140537;A;3;0;;3.31584;1.66641;0.13027;AZUL;1520;;0;2025;0.9811000000000004;Questão 73 - Texto extraído da Prova Oficial.
114;CN;141590;B;1;0;;1.78046;0.59946;0.1569;AZUL;1483;;0;2025;0.97804;Questão 114 - Texto extraído da Prova Oficial.
163;MT;96852;B;25;0;;1.55357;0.3164;0.23751;AZUL;1471;;0;2025;0.97039;Questão 163 - Texto extraído da Prova Oficial.
62;CH;141055;D;28;0;;2.44103;1.09655;0.12483;AZUL;1520;;0;2025;0.96826;Questão 62 - Texto extraído da Prova Oficial.
31;LC;153419;D;28;0;;0.67096;0.11449;0.00825;AZUL;1459;;0;2025;0.9572;Questão 31 - Texto extraído da Prova Oficial.
111;CN;84440;B;9;0;;2.86246;1.41211;0.10841;AZUL;1483;;0;2025;0.9465400000000004;Questão 111 - Texto extraído da Prova Oficial.
86;CH;140530;A;15;0;;2.16185;0.85227;0.16748;AZUL;1520;;0;2025;0.9294899999999996;Questão 86 - Texto extraído da Prova Oficial.
108;CN;141638;C;27;0;;3.0449;1.39056;0.19788;AZUL;1569;;0;2025;0.92872;Questão 108 - Texto extraído da Prova Oficial.
89;CH;149787;E;4;0;;1.55351;0.67065;0.0359;AZUL;1447;;0;2025;0.9155700000000002;Questão 89 - Texto extraído da Prova Oficial.
102;CN;141596;B;6;0;;2.84035;1.31778;0.17192;AZUL;1511;;0;2025;0.8677600000000001;Questão 102 - Texto extraído da Prova Oficial.
128;CN;82369;C;7;0;;2.05433;0.66026;0.25688;AZUL;1511;;0;2025;0.8434800000000007;Questão 128 - Texto extraído da Prova Oficial.
15;LC;153556;A;13;0;;2.03689;0.74331;0.21068;AZUL;1459;;0;2025;0.7904500000000001;Questão 15 - Texto extraído da Prova Oficial.
46;CH;141102;E;7;0;;2.30036;1.00184;0.16439;AZUL;1447;;0;2025;0.7732499999999997;Questão 46 - Texto extraído da Prova Oficial.
151;MT;22140;E;19;0;;3.52209;1.94638;0.0874;AZUL;1502;;0;2025;0.7680399999999994;Questão 151 - Texto extraído da Prova Oficial.
71;CH;118017;B;28;0;;1.5713;0.42898;0.21913;AZUL;1520;;0;2025;0.7600099999999999;Questão 71 - Texto extraído da Prova Oficial.
122;CN;141549;A;5;0;;3.78975;2.17662;0.06117;AZUL;1511;;0;2025;0.7437899999999993;Questão 122 - Texto extraído da Prova Oficial.
135;CN;111421;D;22;0;;1.10869;0.16256;0.20034;AZUL;1511;;0;2025;0.7279999999999998;Questão 135 - Texto extraído da Prova Oficial.
55;CH;95807;D;16;0;;2.64665;1.19196;0.1989;AZUL;1447;;0;2025;0.7229200000000007;Questão 55 - Texto extraído da Prova Oficial.
131;CN;96328;E;26;0;;3.42124;1.93027;0.06916;AZUL;1483;;0;2025;0.7058700000000006;Questão 131 - Texto extraído da Prova Oficial.
134;CN;38670;A;29;0;;1.40141;0.35215;0.21071;AZUL;1569;;0;2025;0.69282;Questão 134 - Texto extraído da Prova Oficial.
54;CH;118106;A;21;0;;1.50063;0.44293;0.20099;AZUL;1539;;0;2025;0.6675199999999999;Questão 54 - Texto extraído da Prova Oficial.
72;CH;84812;D;1;0;;2.51773;1.23104;0.13566;AZUL;1447;;0;2025;0.6640400000000001;Questão 72 - Texto extraído da Prova Oficial.
57;CH;140583;A;26;0;;1.45157;0.32702;0.25689;AZUL;1447;;0;2025;0.6376300000000001;Questão 57 - Texto extraído da Prova Oficial.
105;CN;141577;E;23;0;;2.32686;1.10209;0.14218;AZUL;1483;;0;2025;0.6365499999999998;Questão 105 - Texto extraído da Prova Oficial.
64;CH;125874;B;17;0;;2.81454;1.35625;0.18766;AZUL;1520;;0;2025;0.6220300000000005;Questão 64 - Texto extraído da Prova Oficial.
111;CN;95468;A;15;0;;2.4967;0.93145;0.3174;AZUL;1569;;0;2025;0.61205;Questão 111 - Texto extraído da Prova Oficial.
87;CH;111941;B;25;0;;2.26139;1.02325;0.16839;AZUL;1447;;0;2025;0.61108;Questão 87 - Texto extraído da Prova Oficial.
29;LC;150761;A;17;0;;2.23464;1.07057;0.13133;AZUL;1459;;0;2025;0.6009200000000003;"
29
30
ENEM2025ENEM2025ENEM2025ENEM2025ENEM2025ENEM2025ENEM2025ENEM2025ENEM2025ENEM2025ENEM2025ENEM2025ENEM2025ENEN2025ENEM2025ENEM2025ENEM2025ENEM2025ENEM2025ENEM2025ENEM2025ENEM2025ENEM2025ENEM2025ENEM2025ENEM2025ENEM2025ENEM2025ENEM2025ENEM2025ENEM2025ENEM2025ENEM2025ENEM2025ENEM2025ENEM2025ENEM2025ENEM2025ENEM2025ENEM2025ENEM2025ENEM2025ENEM2025ENEM2025ENEM2025
LINGUAGENS, CÓDIGOS E SUAS TECNOLOGIAS E REDAÇÃO | 1º DIA | CADERNO 1 | AZUL 21
001100117755AAZZ..iinnddbb 2211 2233//0077//22002255 1122::3322::2255
--- PAG 22 ---
*010175AZ22*
ENEM2025ENEM2025ENEM2025ENEM2025ENEM2025ENEM2025ENEM2025ENEM2025ENEM2025ENEM2025ENEM2025ENEM2025ENEM2025ENEN2025ENEM2025ENEM2025ENEM2025ENEM2025ENEM2025ENEM2025ENEM2025ENEM2025ENEM2025ENEM2025ENEM2025ENEM2025ENEM2025ENEM2025ENEM2025ENEM2025ENEM2025ENEM2025ENEM2025ENEM2025ENEM2025ENEM2025ENEM2025ENEM2025ENEM2025ENEM2025ENEM2025ENEM2025ENEM2025ENEM2025ENEM2025
CIÊNCIAS HUMANAS E SUAS TECNOLOGIAS
Questões de 46 a 90
QUESTãO 46
Macedônia do Norte
Acordo entra em vigor e país muda oficialmente de nome
Entrou em vigor, em 2019, o acordo que determina a mudança de nome da Macedônia para Macedônia do Norte. A troca
põe fim — ao menos por enquanto — no im"
154;MT;117847;B;5;0;;2.4282;1.10012;0.19131;AZUL;1502;;0;2025;0.5994899999999999;Questão 154 - Texto extraído da Prova Oficial.
138;MT;141509;A;20;0;;3.71206;2.19166;0.05382;AZUL;1559;;0;2025;0.5800400000000002;Questão 138 - Texto extraído da Prova Oficial.
111;CN;77081;A;25;0;;3.27114;1.82538;0.10256;AZUL;1511;;0;2025;0.5533399999999998;Questão 111 - Texto extraído da Prova Oficial.
46;CH;111849;D;5;0;;2.51946;1.19683;0.18051;AZUL;1520;;0;2025;0.5458800000000001;Questão 46 - Texto extraído da Prova Oficial.
107;CN;87450;E;13;0;;1.67455;0.6282;0.18765;AZUL;1483;;0;2025;0.5262500000000001;Questão 107 - Texto extraído da Prova Oficial.
43;LC;153609;B;19;0;;1.80487;0.70374;0.19914;AZUL;1529;;0;2025;0.5028199999999996;Questão 43 - Texto extraído da Prova Oficial.
58;CH;55300;D;9;0;;1.31187;0.62382;0.05009;AZUL;1447;;0;2025;0.50183;Questão 58 - Texto extraído da Prova Oficial.
137;MT;47233;E;4;0;;1.88459;0.91308;0.10589;AZUL;1559;;0;2025;0.5004899999999999;Questão 137 - Texto extraído da Prova Oficial.
67;CH;149818;C;3;0;;3.0053;1.56137;0.16716;AZUL;1520;;0;2025;0.4906900000000006;Questão 67 - Texto extraído da Prova Oficial.
24;LC;78893;C;23;0;;2.42782;1.20485;0.15514;AZUL;1549;;0;2025;0.4653900000000002;"
24
25
26
27
28
29
30
ENEM2025ENEM2025ENEM2025ENEM2025ENEM2025ENEM2025ENEM2025ENEM2025ENEM2025ENEM2025ENEM2025ENEM2025ENEM2025ENEN2025ENEM2025ENEM2025ENEM2025ENEM2025ENEM2025ENEM2025ENEM2025ENEM2025ENEM2025ENEM2025ENEM2025ENEM2025ENEM2025ENEM2025ENEM2025ENEM2025ENEM2025ENEM2025ENEM2025ENEM2025ENEM2025ENEM2025ENEM2025ENEM2025ENEM2025ENEM2025ENEM2025ENEM2025ENEM2025ENEM2025ENEM2025
LINGUAGENS, CÓDIGOS E SUAS TECNOLOGIAS E REDAÇÃO | 1º DIA | CADERNO 1 | AZUL 21
001100117755AAZZ..iinnddbb 2211 2233//0077//22002255 1122::3322::2255
--- PAG 22 ---
*010175AZ22*
ENEM2025ENEM2025ENEM2025ENEM2025ENEM2025ENEM2025ENEM2025ENEM2025ENEM2025ENEM2025ENEM2025ENEM2025ENEM2025ENEN2025ENEM2025ENEM2025ENEM2025ENEM2025ENEM2025ENEM2025ENEM2025ENEM2025ENEM2025ENEM2025ENEM2025ENEM2025ENEM2025ENEM2025ENEM2025ENEM2025ENEM2025ENEM2025ENEM2025ENEM2025ENEM2025ENEM2025ENEM2025ENEM2025ENEM2025ENEM2025ENEM2025ENEM2025ENEM2025ENEM2025ENEM2025
CIÊNCIAS HUMANAS E SUAS TECNOLOGIAS
Questões de 46 a 90
QUESTãO 46
Macedônia do Norte
Acordo entra em vigor e país muda oficialmente de nome
Entrou em vigor, em 2019, o acordo que determina a mudança de nome da Macedônia para Macedônia do Norte. A troca
põe fim — ao menos por e"
74;CH;95495;B;11;0;;3.08374;1.64736;0.15319;AZUL;1447;;0;2025;0.4594500000000006;Questão 74 - Texto extraído da Prova Oficial.
80;CH;141145;E;15;0;;2.81552;1.5005;0.13488;AZUL;1520;;0;2025;0.4551399999999995;Questão 80 - Texto extraído da Prova Oficial.
86;CH;125780;A;4;0;;2.72114;1.3074;0.21447;AZUL;1539;;0;2025;0.4477300000000006;Questão 86 - Texto extraído da Prova Oficial.
13;LC;27140;A;15;0;;1.69494;0.65692;0.19761;AZUL;1549;;0;2025;0.4310699999999998;Questão 13 - Texto extraído da Prova Oficial.
97;CN;60982;D;26;0;;2.90916;1.35765;0.26374;AZUL;1569;;0;2025;0.4266699999999996;Questão 97 - Texto extraído da Prova Oficial.
136;MT;60344;C;4;0;;1.84431;0.87782;0.13438;AZUL;1471;;0;2025;0.3832599999999995;Questão 136 - Texto extraído da Prova Oficial.
103;CN;82755;D;9;0;;3.26267;1.60665;0.2661;AZUL;1569;;0;2025;0.3748900000000004;Questão 103 - Texto extraído da Prova Oficial.
7;LC;157750;C;1;0;;2.05162;0.89837;0.20823;AZUL;1459;;0;2025;0.3669800000000003;"
7
8
O
9
H
10
N
11 O
U
12 ã
C
13 Ç
S
14 A A
15 R D
16 E
R
17
18 A
19 D
20
21
22
23
24
25
26
27
28
29
30
ENEM2025ENEM2025ENEM2025ENEM2025ENEM2025ENEM2025ENEM2025ENEM2025ENEM2025ENEM2025ENEM2025ENEM2025ENEM2025ENEN2025ENEM2025ENEM2025ENEM2025ENEM2025ENEM2025ENEM2025ENEM2025ENEM2025ENEM2025ENEM2025ENEM2025ENEM2025ENEM2025ENEM2025ENEM2025ENEM2025ENEM2025ENEM2025ENEM2025ENEM2025ENEM2025ENEM2025ENEM2025ENEM2025ENEM2025ENEM2025ENEM2025ENEM2025ENEM2025ENEM2025ENEM2025
LINGUAGENS, CÓDIGOS E SUAS TECNOLOGIAS E REDAÇÃO | 1º DIA | CADERNO 1 | AZUL 21
001100117755AAZZ..iinnddbb 2211 2233//0077//22002255 1122::3322::2255
--- PAG 22 ---
*010175AZ22*
ENEM2025ENEM2025ENEM2025ENEM2025ENEM2025ENEM2025ENEM2025ENEM2025ENEM2025ENEM2025ENEM2025ENEM2025ENEM2025ENEN2025ENEM2025ENEM2025ENEM2025ENEM2025ENEM2025ENEM2025ENEM2025ENEM2025ENEM2025ENEM2025ENEM2025ENEM2025ENEM2025ENEM2025ENEM2025ENEM2025ENEM2025ENEM2025ENEM2025ENEM2025ENEM2025ENEM2025ENEM2025ENEM2025ENEM2025ENEM2025ENEM2025ENEM2025ENEM2025ENEM2025ENEM2025
CIÊNCIAS HUMANAS E SUAS TECNOLOGIAS
Questões de 46 a 90
QUESTãO 46
Macedônia do Norte
Acordo entra em vigor e país muda oficialmente de nome
Entrou em vigor, em 2019, o acordo que determina a muda"
87;CH;141063;D;23;0;;1.80143;0.76848;0.18999;AZUL;1520;;0;2025;0.3474700000000003;Questão 87 - Texto extraído da Prova Oficial.
153;MT;111704;B;27;0;;1.81233;0.73312;0.21765;AZUL;1559;;0;2025;0.33705;Questão 153 - Texto extraído da Prova Oficial.
157;MT;117625;C;19;0;;2.7122;1.24373;0.27269;AZUL;1471;;0;2025;0.3297600000000007;Questão 157 - Texto extraído da Prova Oficial.
28;LC;150505;B;16;0;;1.2319;0.54082;0.1049;AZUL;1459;;0;2025;0.3168400000000002;"
28
29
30
ENEM2025ENEM2025ENEM2025ENEM2025ENEM2025ENEM2025ENEM2025ENEM2025ENEM2025ENEM2025ENEM2025ENEM2025ENEM2025ENEN2025ENEM2025ENEM2025ENEM2025ENEM2025ENEM2025ENEM2025ENEM2025ENEM2025ENEM2025ENEM2025ENEM2025ENEM2025ENEM2025ENEM2025ENEM2025ENEM2025ENEM2025ENEM2025ENEM2025ENEM2025ENEM2025ENEM2025ENEM2025ENEM2025ENEM2025ENEM2025ENEM2025ENEM2025ENEM2025ENEM2025ENEM2025
LINGUAGENS, CÓDIGOS E SUAS TECNOLOGIAS E REDAÇÃO | 1º DIA | CADERNO 1 | AZUL 21
001100117755AAZZ..iinnddbb 2211 2233//0077//22002255 1122::3322::2255
--- PAG 22 ---
*010175AZ22*
ENEM2025ENEM2025ENEM2025ENEM2025ENEM2025ENEM2025ENEM2025ENEM2025ENEM2025ENEM2025ENEM2025ENEM2025ENEM2025ENEN2025ENEM2025ENEM2025ENEM2025ENEM2025ENEM2025ENEM2025ENEM2025ENEM2025ENEM2025ENEM2025ENEM2025ENEM2025ENEM2025ENEM2025ENEM2025ENEM2025ENEM2025ENEM2025ENEM2025ENEM2025ENEM2025ENEM2025ENEM2025ENEM2025ENEM2025ENEM2025ENEM2025ENEM2025ENEM2025ENEM2025ENEM2025
CIÊNCIAS HUMANAS E SUAS TECNOLOGIAS
Questões de 46 a 90
QUESTãO 46
Macedônia do Norte
Acordo entra em vigor e país muda oficialmente de nome
Entrou em vigor, em 2019, o acordo que determina a mudança de nome da Macedônia para Macedônia do Norte. A troca
põe fim — ao menos por enquanto — no"
43;LC;157593;D;3;0;;1.17057;0.6619;0.00779;AZUL;1459;;0;2025;0.3164900000000002;Questão 43 - Texto extraído da Prova Oficial.
66;CH;125755;D;12;0;;1.28327;0.37739;0.22573;AZUL;1520;;0;2025;0.30572;Questão 66 - Texto extraído da Prova Oficial.
53;CH;149742;E;4;0;;2.12991;1.01053;0.1851;AZUL;1447;;0;2025;0.3027300000000008;Questão 53 - Texto extraído da Prova Oficial.
162;MT;125894;A;10;0;;2.8721;1.71154;0.06156;AZUL;1502;;0;2025;0.3017800000000002;Questão 162 - Texto extraído da Prova Oficial.
40;LC;158644;E;25;0;;1.92058;0.87215;0.18997;AZUL;1549;;0;2025;0.27486;Questão 40 - Texto extraído da Prova Oficial.
126;CN;117948;E;17;0;;2.55859;1.29642;0.19424;AZUL;1569;;0;2025;0.2567200000000006;Questão 126 - Texto extraído da Prova Oficial.
49;CH;118136;C;16;0;;1.83478;0.82979;0.18662;AZUL;1520;;0;2025;0.24709;Questão 49 - Texto extraído da Prova Oficial.
149;MT;117857;D;16;0;;1.66599;0.80098;0.13873;AZUL;1502;;0;2025;0.2353900000000001;Questão 149 - Texto extraído da Prova Oficial.
36;LC;118287;B;23;0;;1.83274;0.83562;0.18773;AZUL;1529;;0;2025;0.21997;Questão 36 - Texto extraído da Prova Oficial.
4;LC;154015;D;8;0;;2.90355;1.66292;0.12537;AZUL;1459;1.0;0;2025;0.19149;"
4
5
6
7
8
O
9
H
10
N
11 O
U
12 ã
C
13 Ç
S
14 A A
15 R D
16 E
R
17
18 A
19 D
20
21
22
23
24
25
26
27
28
29
30
ENEM2025ENEM2025ENEM2025ENEM2025ENEM2025ENEM2025ENEM2025ENEM2025ENEM2025ENEM2025ENEM2025ENEM2025ENEM2025ENEN2025ENEM2025ENEM2025ENEM2025ENEM2025ENEM2025ENEM2025ENEM2025ENEM2025ENEM2025ENEM2025ENEM2025ENEM2025ENEM2025ENEM2025ENEM2025ENEM2025ENEM2025ENEM2025ENEM2025ENEM2025ENEM2025ENEM2025ENEM2025ENEM2025ENEM2025ENEM2025ENEM2025ENEM2025ENEM2025ENEM2025ENEM2025
LINGUAGENS, CÓDIGOS E SUAS TECNOLOGIAS E REDAÇÃO | 1º DIA | CADERNO 1 | AZUL 21
001100117755AAZZ..iinnddbb 2211 2233//0077//22002255 1122::3322::2255
--- PAG 22 ---
*010175AZ22*
ENEM2025ENEM2025ENEM2025ENEM2025ENEM2025ENEM2025ENEM2025ENEM2025ENEM2025ENEM2025ENEM2025ENEM2025ENEM2025ENEN2025ENEM2025ENEM2025ENEM2025ENEM2025ENEM2025ENEM2025ENEM2025ENEM2025ENEM2025ENEM2025ENEM2025ENEM2025ENEM2025ENEM2025ENEM2025ENEM2025ENEM2025ENEM2025ENEM2025ENEM2025ENEM2025ENEM2025ENEM2025ENEM2025ENEM2025ENEM2025ENEM2025ENEM2025ENEM2025ENEM2025ENEM2025
CIÊNCIAS HUMANAS E SUAS TECNOLOGIAS
Questões de 46 a 90
QUESTãO 46
Macedônia do Norte
Acordo entra em vigor e país muda oficialmente de nome
Entrou em vigor, em 2019, o acordo que determina "
62;CH;141135;B;22;0;;0.87966;0.51011;0.00817;AZUL;1447;;0;2025;0.1881400000000002;Questão 62 - Texto extraído da Prova Oficial.
91;CN;117855;D;19;0;;1.61847;0.69718;0.19289;AZUL;1511;;0;2025;0.1809499999999999;Questão 91 - Texto extraído da Prova Oficial.
144;MT;83535;B;4;0;;3.80043;2.11536;0.2154;AZUL;1502;;0;2025;0.1777800000000002;Questão 144 - Texto extraído da Prova Oficial.
163;MT;153161;B;14;0;;3.27259;1.63015;0.29568;AZUL;1502;;0;2025;0.1763300000000007;Questão 163 - Texto extraído da Prova Oficial.
28;LC;150686;B;19;0;;1.29084;0.44371;0.21909;AZUL;1549;;0;2025;0.1551;"
28
29
30
ENEM2025ENEM2025ENEM2025ENEM2025ENEM2025ENEM2025ENEM2025ENEM2025ENEM2025ENEM2025ENEM2025ENEM2025ENEM2025ENEN2025ENEM2025ENEM2025ENEM2025ENEM2025ENEM2025ENEM2025ENEM2025ENEM2025ENEM2025ENEM2025ENEM2025ENEM2025ENEM2025ENEM2025ENEM2025ENEM2025ENEM2025ENEM2025ENEM2025ENEM2025ENEM2025ENEM2025ENEM2025ENEM2025ENEM2025ENEM2025ENEM2025ENEM2025ENEM2025ENEM2025ENEM2025
LINGUAGENS, CÓDIGOS E SUAS TECNOLOGIAS E REDAÇÃO | 1º DIA | CADERNO 1 | AZUL 21
001100117755AAZZ..iinnddbb 2211 2233//0077//22002255 1122::3322::2255
--- PAG 22 ---
*010175AZ22*
ENEM2025ENEM2025ENEM2025ENEM2025ENEM2025ENEM2025ENEM2025ENEM2025ENEM2025ENEM2025ENEM2025ENEM2025ENEM2025ENEN2025ENEM2025ENEM2025ENEM2025ENEM2025ENEM2025ENEM2025ENEM2025ENEM2025ENEM2025ENEM2025ENEM2025ENEM2025ENEM2025ENEM2025ENEM2025ENEM2025ENEM2025ENEM2025ENEM2025ENEM2025ENEM2025ENEM2025ENEM2025ENEM2025ENEM2025ENEM2025ENEM2025ENEM2025ENEM2025ENEM2025ENEM2025
CIÊNCIAS HUMANAS E SUAS TECNOLOGIAS
Questões de 46 a 90
QUESTãO 46
Macedônia do Norte
Acordo entra em vigor e país muda oficialmente de nome
Entrou em vigor, em 2019, o acordo que determina a mudança de nome da Macedônia para Macedônia do Norte. A troca
põe fim — ao menos por enquanto — no"
156;MT;15396;E;11;0;;2.36212;1.38945;0.08082;AZUL;1471;;0;2025;0.1517899999999997;Questão 156 - Texto extraído da Prova Oficial.
137;MT;96778;B;28;0;;3.12993;1.8995;0.08299;AZUL;1471;;0;2025;0.1464099999999996;Questão 137 - Texto extraído da Prova Oficial.
79;CH;140712;B;26;0;;0.65646;0.01018;0.22801;AZUL;1539;;0;2025;0.14233;Questão 79 - Texto extraído da Prova Oficial.
135;CN;97292;A;1;0;;2.79117;1.62585;0.11285;AZUL;1483;;0;2025;0.14054;Questão 135 - Texto extraído da Prova Oficial.
78;CH;125916;A;16;0;;2.66048;1.4125;0.18908;AZUL;1539;;0;2025;0.1380599999999996;Questão 78 - Texto extraído da Prova Oficial.
106;CN;86643;A;3;0;;2.26264;1.03971;0.25705;AZUL;1483;;0;2025;0.1209000000000006;Questão 106 - Texto extraído da Prova Oficial.
1;LC;152688;B;6;0;;1.12528;0.36546;0.2073;AZUL;1459;1.0;0;2025;0.1176800000000002;"
1
AZUL
ATENÇãO: transcreva no espaço apropriado do seu CARTÃO-RESPOSTA,
com sua caligrafia usual, considerando as letras maiúsculas e minúsculas, a seguinte frase:
Nada na vida deve ser temido, somente compreendido
ENEM2025ENEM2025ENEM2025ENEM2025ENEM2025ENEM2025ENEM2025ENEM2025ENEM2025ENEM2025ENEM2025ENEM2025ENEM2025ENEM2025ENEM2025ENEM2025ENEM2025ENEM2025ENEM2025ENEM2025ENEM2025ENEM2025ENEM2025ENEM2025ENEM2025ENEM2025ENEM2025ENEM2025ENEM2025ENEN2025ENEM2025ENEM2025ENEM2025ENEM2025ENEM2025ENEM2025ENEM2025ENEM2025ENEM2025ENEM2025ENEM2025ENEM2025ENEM2025ENEM2025ENEM2025ENEM2025ENEM2025ENEM2025ENEM2025ENEM2025ENEM2025ENEM2025ENEM2025ENEM2025ENEM2025ENEM2025ENEM2025ENEM2025
LEIA ATENTAMENTE AS INSTRUÇÕES SEGUINTES:
1. Este CADERNO DE QUESTÕES contém 90 questões numeradas de 01 a 90 e a Proposta de Redação,
dispostas da seguinte maneira:
a)questões de número 01 a 45, relativas à área de Linguagens, Códigos e suas Tecnologias;
b)Proposta de Redação;
c)questões de número 46 a 90, relativas à área de Ciências Humanas e suas Tecnologias.
ATENÇãO: as questões de 01 a 05 são relativas à língua estrangeira. Você deverá responder apenas às
questões relativas à língua estrangeira (inglês ou es"
90;CH;141100;C;2;0;;2.58119;1.44951;0.13979;AZUL;1539;;0;2025;0.1148999999999995;Questão 90 - Texto extraído da Prova Oficial.
47;CH;125735;D;29;0;;1.93462;0.98037;0.16564;AZUL;1447;;0;2025;0.0999299999999998;Questão 47 - Texto extraído da Prova Oficial.
124;CN;141785;C;16;0;;2.52121;1.33092;0.19145;AZUL;1511;;0;2025;0.0924099999999993;Questão 124 - Texto extraído da Prova Oficial.
88;CH;95988;B;7;0;;2.94349;1.65542;0.1939;AZUL;1539;;0;2025;-0.0487799999999997;Questão 88 - Texto extraído da Prova Oficial.
126;CN;86685;D;8;0;;2.89283;1.565;0.22936;AZUL;1511;;0;2025;-0.0561400000000003;Questão 126 - Texto extraído da Prova Oficial.
14;LC;157623;D;29;0;;2.13757;1.04447;0.2424;AZUL;1549;;0;2025;-0.0702699999999996;Questão 14 - Texto extraído da Prova Oficial.
109;CN;111737;E;27;0;;2.02566;1.00774;0.21991;AZUL;1483;;0;2025;-0.0714500000000006;Questão 109 - Texto extraído da Prova Oficial.
25;LC;157652;B;3;0;;1.56815;0.72191;0.21684;AZUL;1529;;0;2025;-0.1136300000000001;"
25
26
27
28
29
30
ENEM2025ENEM2025ENEM2025ENEM2025ENEM2025ENEM2025ENEM2025ENEM2025ENEM2025ENEM2025ENEM2025ENEM2025ENEM2025ENEN2025ENEM2025ENEM2025ENEM2025ENEM2025ENEM2025ENEM2025ENEM2025ENEM2025ENEM2025ENEM2025ENEM2025ENEM2025ENEM2025ENEM2025ENEM2025ENEM2025ENEM2025ENEM2025ENEM2025ENEM2025ENEM2025ENEM2025ENEM2025ENEM2025ENEM2025ENEM2025ENEM2025ENEM2025ENEM2025ENEM2025ENEM2025
LINGUAGENS, CÓDIGOS E SUAS TECNOLOGIAS E REDAÇÃO | 1º DIA | CADERNO 1 | AZUL 21
001100117755AAZZ..iinnddbb 2211 2233//0077//22002255 1122::3322::2255
--- PAG 22 ---
*010175AZ22*
ENEM2025ENEM2025ENEM2025ENEM2025ENEM2025ENEM2025ENEM2025ENEM2025ENEM2025ENEM2025ENEM2025ENEM2025ENEM2025ENEN2025ENEM2025ENEM2025ENEM2025ENEM2025ENEM2025ENEM2025ENEM2025ENEM2025ENEM2025ENEM2025ENEM2025ENEM2025ENEM2025ENEM2025ENEM2025ENEM2025ENEM2025ENEM2025ENEM2025ENEM2025ENEM2025ENEM2025ENEM2025ENEM2025ENEM2025ENEM2025ENEM2025ENEM2025ENEM2025ENEM2025ENEM2025
CIÊNCIAS HUMANAS E SUAS TECNOLOGIAS
Questões de 46 a 90
QUESTãO 46
Macedônia do Norte
Acordo entra em vigor e país muda oficialmente de nome
Entrou em vigor, em 2019, o acordo que determina a mudança de nome da Macedônia para Macedônia do Norte. A troca
põe fim — ao menos por enqu"
42;LC;158745;A;13;0;;1.42048;0.61991;0.22813;AZUL;1549;;0;2025;-0.1594199999999999;Questão 42 - Texto extraído da Prova Oficial.
148;MT;125926;C;11;0;;1.87604;1.07428;0.14024;AZUL;1471;;0;2025;-0.1719599999999999;Questão 148 - Texto extraído da Prova Oficial.
52;CH;141077;E;16;0;;2.0863;1.09423;0.21271;AZUL;1520;;0;2025;-0.17364;Questão 52 - Texto extraído da Prova Oficial.
49;CH;112144;C;18;0;;1.84717;0.93959;0.21042;AZUL;1447;;0;2025;-0.1765300000000003;Questão 49 - Texto extraído da Prova Oficial.
74;CH;90152;D;15;0;;1.54739;0.76631;0.19567;AZUL;1539;;0;2025;-0.1825000000000003;Questão 74 - Texto extraído da Prova Oficial.
129;CN;98246;A;15;0;;1.19807;0.63661;0.13434;AZUL;1483;;0;2025;-0.1853899999999999;Questão 129 - Texto extraído da Prova Oficial.
67;CH;84849;D;10;0;;4.59882;2.67933;0.2714;AZUL;1447;;0;2025;-0.1973500000000005;Questão 67 - Texto extraído da Prova Oficial.
107;CN;64014;C;20;0;;3.173;1.7494;0.2595;AZUL;1569;;0;2025;-0.1997000000000006;Questão 107 - Texto extraído da Prova Oficial.
120;CN;126525;C;23;0;;2.43049;1.45724;0.13974;AZUL;1511;;0;2025;-0.2094400000000001;Questão 120 - Texto extraído da Prova Oficial.
34;LC;120341;C;19;0;;1.57743;0.96321;0.09612;AZUL;1459;;0;2025;-0.2153699999999996;Questão 34 - Texto extraído da Prova Oficial.
6;LC;157626;C;9;0;;1.52325;0.67782;0.24804;AZUL;1549;;0;2025;-0.2271599999999998;"
6
7
8
O
9
H
10
N
11 O
U
12 ã
C
13 Ç
S
14 A A
15 R D
16 E
R
17
18 A
19 D
20
21
22
23
24
25
26
27
28
29
30
ENEM2025ENEM2025ENEM2025ENEM2025ENEM2025ENEM2025ENEM2025ENEM2025ENEM2025ENEM2025ENEM2025ENEM2025ENEM2025ENEN2025ENEM2025ENEM2025ENEM2025ENEM2025ENEM2025ENEM2025ENEM2025ENEM2025ENEM2025ENEM2025ENEM2025ENEM2025ENEM2025ENEM2025ENEM2025ENEM2025ENEM2025ENEM2025ENEM2025ENEM2025ENEM2025ENEM2025ENEM2025ENEM2025ENEM2025ENEM2025ENEM2025ENEM2025ENEM2025ENEM2025ENEM2025
LINGUAGENS, CÓDIGOS E SUAS TECNOLOGIAS E REDAÇÃO | 1º DIA | CADERNO 1 | AZUL 21
001100117755AAZZ..iinnddbb 2211 2233//0077//22002255 1122::3322::2255
--- PAG 22 ---
*010175AZ22*
ENEM2025ENEM2025ENEM2025ENEM2025ENEM2025ENEM2025ENEM2025ENEM2025ENEM2025ENEM2025ENEM2025ENEM2025ENEM2025ENEN2025ENEM2025ENEM2025ENEM2025ENEM2025ENEM2025ENEM2025ENEM2025ENEM2025ENEM2025ENEM2025ENEM2025ENEM2025ENEM2025ENEM2025ENEM2025ENEM2025ENEM2025ENEM2025ENEM2025ENEM2025ENEM2025ENEM2025ENEM2025ENEM2025ENEM2025ENEM2025ENEM2025ENEM2025ENEM2025ENEM2025ENEM2025
CIÊNCIAS HUMANAS E SUAS TECNOLOGIAS
Questões de 46 a 90
QUESTãO 46
Macedônia do Norte
Acordo entra em vigor e país muda oficialmente de nome
Entrou em vigor, em 2019, o acordo que determina a mu"
30;LC;167269;D;18;0;;1.70037;1.00357;0.13645;AZUL;1549;;0;2025;-0.2922200000000005;"
30
ENEM2025ENEM2025ENEM2025ENEM2025ENEM2025ENEM2025ENEM2025ENEM2025ENEM2025ENEM2025ENEM2025ENEM2025ENEM2025ENEN2025ENEM2025ENEM2025ENEM2025ENEM2025ENEM2025ENEM2025ENEM2025ENEM2025ENEM2025ENEM2025ENEM2025ENEM2025ENEM2025ENEM2025ENEM2025ENEM2025ENEM2025ENEM2025ENEM2025ENEM2025ENEM2025ENEM2025ENEM2025ENEM2025ENEM2025ENEM2025ENEM2025ENEM2025ENEM2025ENEM2025ENEM2025
LINGUAGENS, CÓDIGOS E SUAS TECNOLOGIAS E REDAÇÃO | 1º DIA | CADERNO 1 | AZUL 21
001100117755AAZZ..iinnddbb 2211 2233//0077//22002255 1122::3322::2255
--- PAG 22 ---
*010175AZ22*
ENEM2025ENEM2025ENEM2025ENEM2025ENEM2025ENEM2025ENEM2025ENEM2025ENEM2025ENEM2025ENEM2025ENEM2025ENEM2025ENEN2025ENEM2025ENEM2025ENEM2025ENEM2025ENEM2025ENEM2025ENEM2025ENEM2025ENEM2025ENEM2025ENEM2025ENEM2025ENEM2025ENEM2025ENEM2025ENEM2025ENEM2025ENEM2025ENEM2025ENEM2025ENEM2025ENEM2025ENEM2025ENEM2025ENEM2025ENEM2025ENEM2025ENEM2025ENEM2025ENEM2025ENEM2025
CIÊNCIAS HUMANAS E SUAS TECNOLOGIAS
Questões de 46 a 90
QUESTãO 46
Macedônia do Norte
Acordo entra em vigor e país muda oficialmente de nome
Entrou em vigor, em 2019, o acordo que determina a mudança de nome da Macedônia para Macedônia do Norte. A troca
põe fim — ao menos por enquanto — no impas"
116;CN;117734;C;28;0;;1.97245;1.25206;0.09695;AZUL;1483;;0;2025;-0.2960299999999995;Questão 116 - Texto extraído da Prova Oficial.
122;CN;141644;D;6;0;;2.90628;1.87792;0.09844;AZUL;1569;;0;2025;-0.3134000000000001;Questão 122 - Texto extraído da Prova Oficial.
155;MT;117715;E;18;0;;2.90968;1.94539;0.0607;AZUL;1502;;0;2025;-0.3203100000000004;Questão 155 - Texto extraído da Prova Oficial.
141;MT;117905;D;3;0;;3.62268;2.158;0.2215;AZUL;1559;;0;2025;-0.3361400000000003;Questão 141 - Texto extraído da Prova Oficial.
152;MT;117632;A;15;0;;2.01743;1.21562;0.14629;AZUL;1502;;0;2025;-0.3434499999999997;Questão 152 - Texto extraído da Prova Oficial.
52;CH;111982;C;21;0;;2.105;1.30323;0.13227;AZUL;1447;;0;2025;-0.3610400000000003;Questão 52 - Texto extraído da Prova Oficial.
1;LC;140668;D;6;0;;1.30785;0.6253;0.22089;AZUL;1549;1.0;0;2025;-0.3646499999999999;"
1
AZUL
ATENÇãO: transcreva no espaço apropriado do seu CARTÃO-RESPOSTA,
com sua caligrafia usual, considerando as letras maiúsculas e minúsculas, a seguinte frase:
Nada na vida deve ser temido, somente compreendido
ENEM2025ENEM2025ENEM2025ENEM2025ENEM2025ENEM2025ENEM2025ENEM2025ENEM2025ENEM2025ENEM2025ENEM2025ENEM2025ENEM2025ENEM2025ENEM2025ENEM2025ENEM2025ENEM2025ENEM2025ENEM2025ENEM2025ENEM2025ENEM2025ENEM2025ENEM2025ENEM2025ENEM2025ENEM2025ENEN2025ENEM2025ENEM2025ENEM2025ENEM2025ENEM2025ENEM2025ENEM2025ENEM2025ENEM2025ENEM2025ENEM2025ENEM2025ENEM2025ENEM2025ENEM2025ENEM2025ENEM2025ENEM2025ENEM2025ENEM2025ENEM2025ENEM2025ENEM2025ENEM2025ENEM2025ENEM2025ENEM2025ENEM2025
LEIA ATENTAMENTE AS INSTRUÇÕES SEGUINTES:
1. Este CADERNO DE QUESTÕES contém 90 questões numeradas de 01 a 90 e a Proposta de Redação,
dispostas da seguinte maneira:
a)questões de número 01 a 45, relativas à área de Linguagens, Códigos e suas Tecnologias;
b)Proposta de Redação;
c)questões de número 46 a 90, relativas à área de Ciências Humanas e suas Tecnologias.
ATENÇãO: as questões de 01 a 05 são relativas à língua estrangeira. Você deverá responder apenas às
questões relativas à língua estrangeira (inglês ou es"
166;MT;88553;A;19;0;;3.65114;2.39583;0.09693;AZUL;1502;;0;2025;-0.3698600000000007;Questão 166 - Texto extraído da Prova Oficial.
22;LC;86528;A;16;0;;1.23522;0.60467;0.20534;AZUL;1549;;0;2025;-0.3702700000000001;"
22
23
24
25
26
27
28
29
30
ENEM2025ENEM2025ENEM2025ENEM2025ENEM2025ENEM2025ENEM2025ENEM2025ENEM2025ENEM2025ENEM2025ENEM2025ENEM2025ENEN2025ENEM2025ENEM2025ENEM2025ENEM2025ENEM2025ENEM2025ENEM2025ENEM2025ENEM2025ENEM2025ENEM2025ENEM2025ENEM2025ENEM2025ENEM2025ENEM2025ENEM2025ENEM2025ENEM2025ENEM2025ENEM2025ENEM2025ENEM2025ENEM2025ENEM2025ENEM2025ENEM2025ENEM2025ENEM2025ENEM2025ENEM2025
LINGUAGENS, CÓDIGOS E SUAS TECNOLOGIAS E REDAÇÃO | 1º DIA | CADERNO 1 | AZUL 21
001100117755AAZZ..iinnddbb 2211 2233//0077//22002255 1122::3322::2255
--- PAG 22 ---
*010175AZ22*
ENEM2025ENEM2025ENEM2025ENEM2025ENEM2025ENEM2025ENEM2025ENEM2025ENEM2025ENEM2025ENEM2025ENEM2025ENEM2025ENEN2025ENEM2025ENEM2025ENEM2025ENEM2025ENEM2025ENEM2025ENEM2025ENEM2025ENEM2025ENEM2025ENEM2025ENEM2025ENEM2025ENEM2025ENEM2025ENEM2025ENEM2025ENEM2025ENEM2025ENEM2025ENEM2025ENEM2025ENEM2025ENEM2025ENEM2025ENEM2025ENEM2025ENEM2025ENEM2025ENEM2025ENEM2025
CIÊNCIAS HUMANAS E SUAS TECNOLOGIAS
Questões de 46 a 90
QUESTãO 46
Macedônia do Norte
Acordo entra em vigor e país muda oficialmente de nome
Entrou em vigor, em 2019, o acordo que determina a mudança de nome da Macedônia para Macedônia do Norte. A troca
põe fim — ao menos"
166;MT;11593;A;19;0;;3.16998;1.8839;0.21243;AZUL;1559;;0;2025;-0.3738900000000003;Questão 166 - Texto extraído da Prova Oficial.
22;LC;158721;A;16;0;;1.15023;0.56259;0.20041;AZUL;1529;;0;2025;-0.3893599999999999;"
22
23
24
25
26
27
28
29
30
ENEM2025ENEM2025ENEM2025ENEM2025ENEM2025ENEM2025ENEM2025ENEM2025ENEM2025ENEM2025ENEM2025ENEM2025ENEM2025ENEN2025ENEM2025ENEM2025ENEM2025ENEM2025ENEM2025ENEM2025ENEM2025ENEM2025ENEM2025ENEM2025ENEM2025ENEM2025ENEM2025ENEM2025ENEM2025ENEM2025ENEM2025ENEM2025ENEM2025ENEM2025ENEM2025ENEM2025ENEM2025ENEM2025ENEM2025ENEM2025ENEM2025ENEM2025ENEM2025ENEM2025ENEM2025
LINGUAGENS, CÓDIGOS E SUAS TECNOLOGIAS E REDAÇÃO | 1º DIA | CADERNO 1 | AZUL 21
001100117755AAZZ..iinnddbb 2211 2233//0077//22002255 1122::3322::2255
--- PAG 22 ---
*010175AZ22*
ENEM2025ENEM2025ENEM2025ENEM2025ENEM2025ENEM2025ENEM2025ENEM2025ENEM2025ENEM2025ENEM2025ENEM2025ENEM2025ENEN2025ENEM2025ENEM2025ENEM2025ENEM2025ENEM2025ENEM2025ENEM2025ENEM2025ENEM2025ENEM2025ENEM2025ENEM2025ENEM2025ENEM2025ENEM2025ENEM2025ENEM2025ENEM2025ENEM2025ENEM2025ENEM2025ENEM2025ENEM2025ENEM2025ENEM2025ENEM2025ENEM2025ENEM2025ENEM2025ENEM2025ENEM2025
CIÊNCIAS HUMANAS E SUAS TECNOLOGIAS
Questões de 46 a 90
QUESTãO 46
Macedônia do Norte
Acordo entra em vigor e país muda oficialmente de nome
Entrou em vigor, em 2019, o acordo que determina a mudança de nome da Macedônia para Macedônia do Norte. A troca
põe fim — ao menos"
104;CN;126579;D;18;0;;2.21052;1.21566;0.23748;AZUL;1569;;0;2025;-0.4133400000000005;Questão 104 - Texto extraído da Prova Oficial.
9;LC;157760;B;25;0;;2.81247;1.6947;0.19095;AZUL;1529;;0;2025;-0.4139100000000006;"
9
H
10
N
11 O
U
12 ã
C
13 Ç
S
14 A A
15 R D
16 E
R
17
18 A
19 D
20
21
22
23
24
25
26
27
28
29
30
ENEM2025ENEM2025ENEM2025ENEM2025ENEM2025ENEM2025ENEM2025ENEM2025ENEM2025ENEM2025ENEM2025ENEM2025ENEM2025ENEN2025ENEM2025ENEM2025ENEM2025ENEM2025ENEM2025ENEM2025ENEM2025ENEM2025ENEM2025ENEM2025ENEM2025ENEM2025ENEM2025ENEM2025ENEM2025ENEM2025ENEM2025ENEM2025ENEM2025ENEM2025ENEM2025ENEM2025ENEM2025ENEM2025ENEM2025ENEM2025ENEM2025ENEM2025ENEM2025ENEM2025ENEM2025
LINGUAGENS, CÓDIGOS E SUAS TECNOLOGIAS E REDAÇÃO | 1º DIA | CADERNO 1 | AZUL 21
001100117755AAZZ..iinnddbb 2211 2233//0077//22002255 1122::3322::2255
--- PAG 22 ---
*010175AZ22*
ENEM2025ENEM2025ENEM2025ENEM2025ENEM2025ENEM2025ENEM2025ENEM2025ENEM2025ENEM2025ENEM2025ENEM2025ENEM2025ENEN2025ENEM2025ENEM2025ENEM2025ENEM2025ENEM2025ENEM2025ENEM2025ENEM2025ENEM2025ENEM2025ENEM2025ENEM2025ENEM2025ENEM2025ENEM2025ENEM2025ENEM2025ENEM2025ENEM2025ENEM2025ENEM2025ENEM2025ENEM2025ENEM2025ENEM2025ENEM2025ENEM2025ENEM2025ENEM2025ENEM2025ENEM2025
CIÊNCIAS HUMANAS E SUAS TECNOLOGIAS
Questões de 46 a 90
QUESTãO 46
Macedônia do Norte
Acordo entra em vigor e país muda oficialmente de nome
Entrou em vigor, em 2019, o acordo que determina a mudança de"
78;CH;111818;E;4;0;;2.54398;1.7403;0.06888;AZUL;1520;;0;2025;-0.4773400000000005;Questão 78 - Texto extraído da Prova Oficial.
166;MT;63713;E;30;0;;2.59281;1.73411;0.09568;AZUL;1471;;0;2025;-0.4951099999999998;Questão 166 - Texto extraído da Prova Oficial.
46;CH;125673;D;1;0;;1.25269;0.63905;0.21757;AZUL;1539;;0;2025;-0.4996199999999997;Questão 46 - Texto extraído da Prova Oficial.
156;MT;117605;D;25;0;;1.80878;1.14716;0.13547;AZUL;1502;;0;2025;-0.5012699999999998;Questão 156 - Texto extraído da Prova Oficial.
169;MT;29888;B;13;0;;2.98173;1.94585;0.12675;AZUL;1559;;0;2025;-0.5078399999999998;Questão 169 - Texto extraído da Prova Oficial.
130;CN;141529;E;5;0;;3.09565;1.79848;0.26323;AZUL;1483;;0;2025;-0.5202900000000008;Questão 130 - Texto extraído da Prova Oficial.
57;CH;83697;B;22;0;;2.46633;1.41935;0.2402;AZUL;1539;;0;2025;-0.5263899999999997;Questão 57 - Texto extraído da Prova Oficial.
113;CN;67752;B;20;0;;2.88186;1.91093;0.11423;AZUL;1483;;0;2025;-0.5402199999999995;Questão 113 - Texto extraído da Prova Oficial.
32;LC;153391;D;17;0;;1.9953;1.2286;0.1694;AZUL;1529;;0;2025;-0.5421999999999993;Questão 32 - Texto extraído da Prova Oficial.
16;LC;157615;E;15;0;;1.64072;0.95986;0.19106;AZUL;1459;;0;2025;-0.5534400000000004;Questão 16 - Texto extraído da Prova Oficial.
165;MT;125899;D;17;0;;2.4247;1.42856;0.22376;AZUL;1502;;0;2025;-0.55508;Questão 165 - Texto extraído da Prova Oficial.
1;LC;15029;B;6;0;;1.38568;0.79216;0.19152;AZUL;1529;1.0;0;2025;-0.5627199999999999;"
1
AZUL
ATENÇãO: transcreva no espaço apropriado do seu CARTÃO-RESPOSTA,
com sua caligrafia usual, considerando as letras maiúsculas e minúsculas, a seguinte frase:
Nada na vida deve ser temido, somente compreendido
ENEM2025ENEM2025ENEM2025ENEM2025ENEM2025ENEM2025ENEM2025ENEM2025ENEM2025ENEM2025ENEM2025ENEM2025ENEM2025ENEM2025ENEM2025ENEM2025ENEM2025ENEM2025ENEM2025ENEM2025ENEM2025ENEM2025ENEM2025ENEM2025ENEM2025ENEM2025ENEM2025ENEM2025ENEM2025ENEN2025ENEM2025ENEM2025ENEM2025ENEM2025ENEM2025ENEM2025ENEM2025ENEM2025ENEM2025ENEM2025ENEM2025ENEM2025ENEM2025ENEM2025ENEM2025ENEM2025ENEM2025ENEM2025ENEM2025ENEM2025ENEM2025ENEM2025ENEM2025ENEM2025ENEM2025ENEM2025ENEM2025ENEM2025
LEIA ATENTAMENTE AS INSTRUÇÕES SEGUINTES:
1. Este CADERNO DE QUESTÕES contém 90 questões numeradas de 01 a 90 e a Proposta de Redação,
dispostas da seguinte maneira:
a)questões de número 01 a 45, relativas à área de Linguagens, Códigos e suas Tecnologias;
b)Proposta de Redação;
c)questões de número 46 a 90, relativas à área de Ciências Humanas e suas Tecnologias.
ATENÇãO: as questões de 01 a 05 são relativas à língua estrangeira. Você deverá responder apenas às
questões relativas à língua estrangeira (inglês ou es"
105;CN;88539;D;25;0;;3.07078;1.72662;0.3148;AZUL;1569;;0;2025;-0.6122999999999996;Questão 105 - Texto extraído da Prova Oficial.
151;MT;60325;E;14;0;;3.02948;2.01629;0.12448;AZUL;1559;;0;2025;-0.6123100000000009;Questão 151 - Texto extraído da Prova Oficial.
176;MT;28587;C;16;0;;1.69872;1.05549;0.16885;AZUL;1471;;0;2025;-0.6132800000000003;Questão 176 - Texto extraído da Prova Oficial.
20;LC;158766;C;14;0;;1.73778;0.98209;0.22958;AZUL;1549;;0;2025;-0.6186099999999999;"
20
21
22
23
24
25
26
27
28
29
30
ENEM2025ENEM2025ENEM2025ENEM2025ENEM2025ENEM2025ENEM2025ENEM2025ENEM2025ENEM2025ENEM2025ENEM2025ENEM2025ENEN2025ENEM2025ENEM2025ENEM2025ENEM2025ENEM2025ENEM2025ENEM2025ENEM2025ENEM2025ENEM2025ENEM2025ENEM2025ENEM2025ENEM2025ENEM2025ENEM2025ENEM2025ENEM2025ENEM2025ENEM2025ENEM2025ENEM2025ENEM2025ENEM2025ENEM2025ENEM2025ENEM2025ENEM2025ENEM2025ENEM2025ENEM2025
LINGUAGENS, CÓDIGOS E SUAS TECNOLOGIAS E REDAÇÃO | 1º DIA | CADERNO 1 | AZUL 21
001100117755AAZZ..iinnddbb 2211 2233//0077//22002255 1122::3322::2255
--- PAG 22 ---
*010175AZ22*
ENEM2025ENEM2025ENEM2025ENEM2025ENEM2025ENEM2025ENEM2025ENEM2025ENEM2025ENEM2025ENEM2025ENEM2025ENEM2025ENEN2025ENEM2025ENEM2025ENEM2025ENEM2025ENEM2025ENEM2025ENEM2025ENEM2025ENEM2025ENEM2025ENEM2025ENEM2025ENEM2025ENEM2025ENEM2025ENEM2025ENEM2025ENEM2025ENEM2025ENEM2025ENEM2025ENEM2025ENEM2025ENEM2025ENEM2025ENEM2025ENEM2025ENEM2025ENEM2025ENEM2025ENEM2025
CIÊNCIAS HUMANAS E SUAS TECNOLOGIAS
Questões de 46 a 90
QUESTãO 46
Macedônia do Norte
Acordo entra em vigor e país muda oficialmente de nome
Entrou em vigor, em 2019, o acordo que determina a mudança de nome da Macedônia para Macedônia do Norte. A troca
põe fim — ao"
161;MT;141518;A;6;0;;2.02129;1.26856;0.1775;AZUL;1471;;0;2025;-0.6505999999999996;Questão 161 - Texto extraído da Prova Oficial.
11;LC;150940;B;15;0;;1.17106;0.92453;0.04846;AZUL;1459;;0;2025;-0.67377;Questão 11 - Texto extraído da Prova Oficial.
16;LC;150765;D;15;0;;2.24843;1.48389;0.15052;AZUL;1549;;0;2025;-0.7074100000000001;Questão 16 - Texto extraído da Prova Oficial.
143;MT;95625;A;17;0;;1.20166;0.77428;0.16195;AZUL;1471;;0;2025;-0.72927;Questão 143 - Texto extraído da Prova Oficial.
65;CH;149802;B;11;0;;2.18343;1.42129;0.16823;AZUL;1539;;0;2025;-0.7381599999999998;Questão 65 - Texto extraído da Prova Oficial.
117;CN;83213;D;21;0;;2.98408;1.92485;0.18688;AZUL;1483;;0;2025;-0.7407899999999994;Questão 117 - Texto extraído da Prova Oficial.
37;LC;157674;A;17;0;;1.52993;0.98781;0.17124;AZUL;1549;;0;2025;-0.7597699999999998;Questão 37 - Texto extraído da Prova Oficial.
153;MT;88838;B;22;0;;2.86664;1.91711;0.14861;AZUL;1502;;0;2025;-0.7611000000000006;Questão 153 - Texto extraído da Prova Oficial.
157;MT;82079;D;1;0;;2.8855;2.10442;0.05452;AZUL;1502;;0;2025;-0.8148600000000006;Questão 157 - Texto extraído da Prova Oficial.
127;CN;54287;B;17;0;;2.08931;1.37846;0.17188;AZUL;1511;;0;2025;-0.8161600000000001;Questão 127 - Texto extraído da Prova Oficial.
8;LC;157779;D;29;0;;1.74082;1.23944;0.11882;AZUL;1459;;0;2025;-0.8307800000000002;"
8
O
9
H
10
N
11 O
U
12 ã
C
13 Ç
S
14 A A
15 R D
16 E
R
17
18 A
19 D
20
21
22
23
24
25
26
27
28
29
30
ENEM2025ENEM2025ENEM2025ENEM2025ENEM2025ENEM2025ENEM2025ENEM2025ENEM2025ENEM2025ENEM2025ENEM2025ENEM2025ENEN2025ENEM2025ENEM2025ENEM2025ENEM2025ENEM2025ENEM2025ENEM2025ENEM2025ENEM2025ENEM2025ENEM2025ENEM2025ENEM2025ENEM2025ENEM2025ENEM2025ENEM2025ENEM2025ENEM2025ENEM2025ENEM2025ENEM2025ENEM2025ENEM2025ENEM2025ENEM2025ENEM2025ENEM2025ENEM2025ENEM2025ENEM2025
LINGUAGENS, CÓDIGOS E SUAS TECNOLOGIAS E REDAÇÃO | 1º DIA | CADERNO 1 | AZUL 21
001100117755AAZZ..iinnddbb 2211 2233//0077//22002255 1122::3322::2255
--- PAG 22 ---
*010175AZ22*
ENEM2025ENEM2025ENEM2025ENEM2025ENEM2025ENEM2025ENEM2025ENEM2025ENEM2025ENEM2025ENEM2025ENEM2025ENEM2025ENEN2025ENEM2025ENEM2025ENEM2025ENEM2025ENEM2025ENEM2025ENEM2025ENEM2025ENEM2025ENEM2025ENEM2025ENEM2025ENEM2025ENEM2025ENEM2025ENEM2025ENEM2025ENEM2025ENEM2025ENEM2025ENEM2025ENEM2025ENEM2025ENEM2025ENEM2025ENEM2025ENEM2025ENEM2025ENEM2025ENEM2025ENEM2025
CIÊNCIAS HUMANAS E SUAS TECNOLOGIAS
Questões de 46 a 90
QUESTãO 46
Macedônia do Norte
Acordo entra em vigor e país muda oficialmente de nome
Entrou em vigor, em 2019, o acordo que determina a mudanç"
115;CN;40964;C;6;0;;3.98966;2.39668;0.32539;AZUL;1569;;0;2025;-0.8376699999999995;Questão 115 - Texto extraído da Prova Oficial.
63;CH;125921;B;13;0;;1.48401;0.9721;0.18228;AZUL;1539;;0;2025;-0.8596799999999996;Questão 63 - Texto extraído da Prova Oficial.
161;MT;56137;A;15;0;;3.44319;2.40249;0.11079;AZUL;1559;;0;2025;-0.8750399999999989;Questão 161 - Texto extraído da Prova Oficial.
33;LC;150644;D;18;0;;2.01493;1.31958;0.19177;AZUL;1529;;0;2025;-0.8877299999999995;Questão 33 - Texto extraído da Prova Oficial.
19;LC;158673;B;27;0;;2.17683;1.54838;0.12139;AZUL;1529;;0;2025;-0.8984300000000008;"Questão 19
fui bom de matemática fraco no inglês eu que nunca gostei de
No predomínio das mulheres pretas brasileiras nos Jogos
química geografia e português o que é que eu faço agora hein
Olímpicos de 2024, uma coisa chamou a atenção no pódio: elas
mãe não sei. [...]
valorizam a parte psicológica. As duas medalhistas de ouro, a
O meu medo é a vida piorar e eu não conseguir arranjar
judoca Beatriz Souza e a ginasta Rebeca Andrade, ressaltam, em
emprego nem de faxineiro nem de porteiro nem de ajudante
várias entrevistas, a importância da saúde mental. Em uma dessas
de pedreiro e o pessoal dizer que o governo já fez o que pôde
entrevistas, Rebeca sinaliza: “Acho que não é só sobre vencer a
já pôde o que fez já deu a sua cota de participação hein mãe
Simone, é sobre vencer a mim mesma. A minha briga está na
não sei.
minha cabeça, não está com outras pessoas. Para conseguir fazer
as minhas apresentações, preciso controlar a minha cabeça, o meu O meu medo é que mesmo com diploma debaixo do braço
corpo, e essa é a briga”. Na mesma linha, a skatista Rayssa Leal andando por aí desiludido e desempregado o policial me olhe
exalta a necessidade da terapia, e a Seleção Brasileira de Futebol de"
155;MT;117597;B;26;0;;1.99541;1.43752;0.1224;AZUL;1559;;0;2025;-0.9337399999999996;Questão 155 - Texto extraído da Prova Oficial.
142;MT;38222;C;27;0;;1.5176;0.98928;0.20278;AZUL;1471;;0;2025;-0.9465400000000002;Questão 142 - Texto extraído da Prova Oficial.
33;LC;150641;E;3;0;;1.46372;0.99246;0.18059;AZUL;1549;;0;2025;-0.9528900000000003;Questão 33 - Texto extraído da Prova Oficial.
41;LC;153550;B;12;0;;1.56252;0.97856;0.22899;AZUL;1459;;0;2025;-0.9555900000000002;Questão 41 - Texto extraído da Prova Oficial.
18;LC;158649;A;21;0;;2.2042;1.34155;0.27694;AZUL;1529;;0;2025;-1.00095;"Questão 18 Questão 20
Com 20 anos de experiência no futebol de alto rendimento, A característica fundamental no aprendizado das práticas
Marina, ex-jogadora da seleção brasileira de futebol, salienta que, rituais nos candomblés é o processo iniciático e participante.
por trás do espetáculo apresentado nas mídias, com mensagens de Durante o período de reclusão em terreiros ou rocas, o iniciado
motivação e superação, o esporte não é tão inclusivo assim. “É esta
passa por uma série de ritos esotéricos (banhos rituais, raspagem
análise que devemos fazer: aqueles atletas que estão ali estão
da cabeça etc.), ao mesmo tempo em que começa a adquirir
trazendo uma alta performance a partir dos seus limites”, explica.
um complexo código de símbolos materiais (substâncias, folhas,
Para a profissional, é preciso analisar com cautela “a ideia romântica
frutos, raízes etc.) e de gestos associados a um repertório
que a mídia passa para os telespectadores”. A realidade é muito
linguístico específico das cerimônias que se desenrolam nos
mais dura do que as imagens espetaculosas que principalmente
contextos sagrados em geral e em cada terreiro em particular.
a televisão busca transmitir para a audiên"
63;CH;140594;B;19;0;;1.86385;1.14501;0.26101;AZUL;1447;;0;2025;-1.0123800000000005;Questão 63 - Texto extraído da Prova Oficial.
121;CN;77992;B;7;0;;3.07317;2.22434;0.09898;AZUL;1483;;0;2025;-1.0215800000000006;Questão 121 - Texto extraído da Prova Oficial.
4;LC;140750;D;8;0;;1.80139;1.19402;0.2085;AZUL;1549;1.0;0;2025;-1.02178;"
4
5
6
7
8
O
9
H
10
N
11 O
U
12 ã
C
13 Ç
S
14 A A
15 R D
16 E
R
17
18 A
19 D
20
21
22
23
24
25
26
27
28
29
30
ENEM2025ENEM2025ENEM2025ENEM2025ENEM2025ENEM2025ENEM2025ENEM2025ENEM2025ENEM2025ENEM2025ENEM2025ENEM2025ENEN2025ENEM2025ENEM2025ENEM2025ENEM2025ENEM2025ENEM2025ENEM2025ENEM2025ENEM2025ENEM2025ENEM2025ENEM2025ENEM2025ENEM2025ENEM2025ENEM2025ENEM2025ENEM2025ENEM2025ENEM2025ENEM2025ENEM2025ENEM2025ENEM2025ENEM2025ENEM2025ENEM2025ENEM2025ENEM2025ENEM2025ENEM2025
LINGUAGENS, CÓDIGOS E SUAS TECNOLOGIAS E REDAÇÃO | 1º DIA | CADERNO 1 | AZUL 21
001100117755AAZZ..iinnddbb 2211 2233//0077//22002255 1122::3322::2255
--- PAG 22 ---
*010175AZ22*
ENEM2025ENEM2025ENEM2025ENEM2025ENEM2025ENEM2025ENEM2025ENEM2025ENEM2025ENEM2025ENEM2025ENEM2025ENEM2025ENEN2025ENEM2025ENEM2025ENEM2025ENEM2025ENEM2025ENEM2025ENEM2025ENEM2025ENEM2025ENEM2025ENEM2025ENEM2025ENEM2025ENEM2025ENEM2025ENEM2025ENEM2025ENEM2025ENEM2025ENEM2025ENEM2025ENEM2025ENEM2025ENEM2025ENEM2025ENEM2025ENEM2025ENEM2025ENEM2025ENEM2025ENEM2025
CIÊNCIAS HUMANAS E SUAS TECNOLOGIAS
Questões de 46 a 90
QUESTãO 46
Macedônia do Norte
Acordo entra em vigor e país muda oficialmente de nome
Entrou em vigor, em 2019, o acordo que determina "
115;CN;48172;C;24;0;;2.77908;1.91229;0.17513;AZUL;1511;;0;2025;-1.0543599999999995;Questão 115 - Texto extraído da Prova Oficial.
76;CH;141167;C;22;0;;2.19091;1.56736;0.14811;AZUL;1447;;0;2025;-1.06081;Questão 76 - Texto extraído da Prova Oficial.
99;CN;86095;D;15;0;;2.40373;1.64542;0.18833;AZUL;1511;;0;2025;-1.070450000000001;Questão 99 - Texto extraído da Prova Oficial.
165;MT;87039;B;29;0;;2.57331;1.66741;0.24479;AZUL;1559;;0;2025;-1.0795599999999996;Questão 165 - Texto extraído da Prova Oficial.
126;CN;61018;D;20;0;;2.29917;1.62756;0.1603;AZUL;1483;;0;2025;-1.0858399999999993;Questão 126 - Texto extraído da Prova Oficial.
146;MT;153134;B;3;0;;1.25353;0.84993;0.21314;AZUL;1471;;0;2025;-1.1084299999999998;Questão 146 - Texto extraído da Prova Oficial.
94;CN;141609;D;5;0;;1.93986;1.47354;0.11645;AZUL;1483;;0;2025;-1.1231500000000003;Questão 94 - Texto extraído da Prova Oficial.
105;CN;141636;B;2;0;;2.31148;1.7751;0.08911;AZUL;1511;;0;2025;-1.1478899999999994;Questão 105 - Texto extraído da Prova Oficial.
30;LC;153420;B;20;0;;2.37816;1.72434;0.14733;AZUL;1459;;0;2025;-1.1533500000000003;"
30
ENEM2025ENEM2025ENEM2025ENEM2025ENEM2025ENEM2025ENEM2025ENEM2025ENEM2025ENEM2025ENEM2025ENEM2025ENEM2025ENEN2025ENEM2025ENEM2025ENEM2025ENEM2025ENEM2025ENEM2025ENEM2025ENEM2025ENEM2025ENEM2025ENEM2025ENEM2025ENEM2025ENEM2025ENEM2025ENEM2025ENEM2025ENEM2025ENEM2025ENEM2025ENEM2025ENEM2025ENEM2025ENEM2025ENEM2025ENEM2025ENEM2025ENEM2025ENEM2025ENEM2025ENEM2025
LINGUAGENS, CÓDIGOS E SUAS TECNOLOGIAS E REDAÇÃO | 1º DIA | CADERNO 1 | AZUL 21
001100117755AAZZ..iinnddbb 2211 2233//0077//22002255 1122::3322::2255
--- PAG 22 ---
*010175AZ22*
ENEM2025ENEM2025ENEM2025ENEM2025ENEM2025ENEM2025ENEM2025ENEM2025ENEM2025ENEM2025ENEM2025ENEM2025ENEM2025ENEN2025ENEM2025ENEM2025ENEM2025ENEM2025ENEM2025ENEM2025ENEM2025ENEM2025ENEM2025ENEM2025ENEM2025ENEM2025ENEM2025ENEM2025ENEM2025ENEM2025ENEM2025ENEM2025ENEM2025ENEM2025ENEM2025ENEM2025ENEM2025ENEM2025ENEM2025ENEM2025ENEM2025ENEM2025ENEM2025ENEM2025ENEM2025
CIÊNCIAS HUMANAS E SUAS TECNOLOGIAS
Questões de 46 a 90
QUESTãO 46
Macedônia do Norte
Acordo entra em vigor e país muda oficialmente de nome
Entrou em vigor, em 2019, o acordo que determina a mudança de nome da Macedônia para Macedônia do Norte. A troca
põe fim — ao menos por enquanto — no impas"
60;CH;140201;D;23;0;;2.24373;1.5186;0.21973;AZUL;1447;;0;2025;-1.1669900000000002;Questão 60 - Texto extraído da Prova Oficial.
9;LC;158768;E;12;0;;0.98166;0.68556;0.22632;AZUL;1549;;0;2025;-1.22496;"
9
H
10
N
11 O
U
12 ã
C
13 Ç
S
14 A A
15 R D
16 E
R
17
18 A
19 D
20
21
22
23
24
25
26
27
28
29
30
ENEM2025ENEM2025ENEM2025ENEM2025ENEM2025ENEM2025ENEM2025ENEM2025ENEM2025ENEM2025ENEM2025ENEM2025ENEM2025ENEN2025ENEM2025ENEM2025ENEM2025ENEM2025ENEM2025ENEM2025ENEM2025ENEM2025ENEM2025ENEM2025ENEM2025ENEM2025ENEM2025ENEM2025ENEM2025ENEM2025ENEM2025ENEM2025ENEM2025ENEM2025ENEM2025ENEM2025ENEM2025ENEM2025ENEM2025ENEM2025ENEM2025ENEM2025ENEM2025ENEM2025ENEM2025
LINGUAGENS, CÓDIGOS E SUAS TECNOLOGIAS E REDAÇÃO | 1º DIA | CADERNO 1 | AZUL 21
001100117755AAZZ..iinnddbb 2211 2233//0077//22002255 1122::3322::2255
--- PAG 22 ---
*010175AZ22*
ENEM2025ENEM2025ENEM2025ENEM2025ENEM2025ENEM2025ENEM2025ENEM2025ENEM2025ENEM2025ENEM2025ENEM2025ENEM2025ENEN2025ENEM2025ENEM2025ENEM2025ENEM2025ENEM2025ENEM2025ENEM2025ENEM2025ENEM2025ENEM2025ENEM2025ENEM2025ENEM2025ENEM2025ENEM2025ENEM2025ENEM2025ENEM2025ENEM2025ENEM2025ENEM2025ENEM2025ENEM2025ENEM2025ENEM2025ENEM2025ENEM2025ENEM2025ENEM2025ENEM2025ENEM2025
CIÊNCIAS HUMANAS E SUAS TECNOLOGIAS
Questões de 46 a 90
QUESTãO 46
Macedônia do Norte
Acordo entra em vigor e país muda oficialmente de nome
Entrou em vigor, em 2019, o acordo que determina a mudança de"
85;CH;149812;D;19;0;;2.14888;1.69593;0.08819;AZUL;1520;;0;2025;-1.2309799999999995;Questão 85 - Texto extraído da Prova Oficial.
81;CH;49756;C;1;0;;3.39532;2.46142;0.12938;AZUL;1520;;0;2025;-1.2405199999999996;Questão 81 - Texto extraído da Prova Oficial.
10;LC;157772;D;18;0;;1.80586;1.29722;0.20182;AZUL;1529;;0;2025;-1.28904;"
10
N
11 O
U
12 ã
C
13 Ç
S
14 A A
15 R D
16 E
R
17
18 A
19 D
20
21
22
23
24
25
26
27
28
29
30
ENEM2025ENEM2025ENEM2025ENEM2025ENEM2025ENEM2025ENEM2025ENEM2025ENEM2025ENEM2025ENEM2025ENEM2025ENEM2025ENEN2025ENEM2025ENEM2025ENEM2025ENEM2025ENEM2025ENEM2025ENEM2025ENEM2025ENEM2025ENEM2025ENEM2025ENEM2025ENEM2025ENEM2025ENEM2025ENEM2025ENEM2025ENEM2025ENEM2025ENEM2025ENEM2025ENEM2025ENEM2025ENEM2025ENEM2025ENEM2025ENEM2025ENEM2025ENEM2025ENEM2025ENEM2025
LINGUAGENS, CÓDIGOS E SUAS TECNOLOGIAS E REDAÇÃO | 1º DIA | CADERNO 1 | AZUL 21
001100117755AAZZ..iinnddbb 2211 2233//0077//22002255 1122::3322::2255
--- PAG 22 ---
*010175AZ22*
ENEM2025ENEM2025ENEM2025ENEM2025ENEM2025ENEM2025ENEM2025ENEM2025ENEM2025ENEM2025ENEM2025ENEM2025ENEM2025ENEN2025ENEM2025ENEM2025ENEM2025ENEM2025ENEM2025ENEM2025ENEM2025ENEM2025ENEM2025ENEM2025ENEM2025ENEM2025ENEM2025ENEM2025ENEM2025ENEM2025ENEM2025ENEM2025ENEM2025ENEM2025ENEM2025ENEM2025ENEM2025ENEM2025ENEM2025ENEM2025ENEM2025ENEM2025ENEM2025ENEM2025ENEM2025
CIÊNCIAS HUMANAS E SUAS TECNOLOGIAS
Questões de 46 a 90
QUESTãO 46
Macedônia do Norte
Acordo entra em vigor e país muda oficialmente de nome
Entrou em vigor, em 2019, o acordo que determina a mudança de nom"
44;LC;157606;A;12;0;;2.03058;1.47579;0.18629;AZUL;1529;;0;2025;-1.2976599999999998;Questão 44 - Texto extraído da Prova Oficial.
2;LC;153945;A;8;0;;1.8208;1.32304;0.19745;AZUL;1459;1.0;0;2025;-1.3147700000000002;"
2
3
4
5
6
7
8
O
9
H
10
N
11 O
U
12 ã
C
13 Ç
S
14 A A
15 R D
16 E
R
17
18 A
19 D
20
21
22
23
24
25
26
27
28
29
30
ENEM2025ENEM2025ENEM2025ENEM2025ENEM2025ENEM2025ENEM2025ENEM2025ENEM2025ENEM2025ENEM2025ENEM2025ENEM2025ENEN2025ENEM2025ENEM2025ENEM2025ENEM2025ENEM2025ENEM2025ENEM2025ENEM2025ENEM2025ENEM2025ENEM2025ENEM2025ENEM2025ENEM2025ENEM2025ENEM2025ENEM2025ENEM2025ENEM2025ENEM2025ENEM2025ENEM2025ENEM2025ENEM2025ENEM2025ENEM2025ENEM2025ENEM2025ENEM2025ENEM2025ENEM2025
LINGUAGENS, CÓDIGOS E SUAS TECNOLOGIAS E REDAÇÃO | 1º DIA | CADERNO 1 | AZUL 21
001100117755AAZZ..iinnddbb 2211 2233//0077//22002255 1122::3322::2255
--- PAG 22 ---
*010175AZ22*
ENEM2025ENEM2025ENEM2025ENEM2025ENEM2025ENEM2025ENEM2025ENEM2025ENEM2025ENEM2025ENEM2025ENEM2025ENEM2025ENEN2025ENEM2025ENEM2025ENEM2025ENEM2025ENEM2025ENEM2025ENEM2025ENEM2025ENEM2025ENEM2025ENEM2025ENEM2025ENEM2025ENEM2025ENEM2025ENEM2025ENEM2025ENEM2025ENEM2025ENEM2025ENEM2025ENEM2025ENEM2025ENEM2025ENEM2025ENEM2025ENEM2025ENEM2025ENEM2025ENEM2025ENEM2025
CIÊNCIAS HUMANAS E SUAS TECNOLOGIAS
Questões de 46 a 90
QUESTãO 46
Macedônia do Norte
Acordo entra em vigor e país muda oficialmente de nome
Entrou em vigor, em 2019, o acordo que determ"
19;LC;150744;D;17;0;;1.16823;0.88079;0.20262;AZUL;1549;;0;2025;-1.3190099999999991;"Questão 19
fui bom de matemática fraco no inglês eu que nunca gostei de
No predomínio das mulheres pretas brasileiras nos Jogos
química geografia e português o que é que eu faço agora hein
Olímpicos de 2024, uma coisa chamou a atenção no pódio: elas
mãe não sei. [...]
valorizam a parte psicológica. As duas medalhistas de ouro, a
O meu medo é a vida piorar e eu não conseguir arranjar
judoca Beatriz Souza e a ginasta Rebeca Andrade, ressaltam, em
emprego nem de faxineiro nem de porteiro nem de ajudante
várias entrevistas, a importância da saúde mental. Em uma dessas
de pedreiro e o pessoal dizer que o governo já fez o que pôde
entrevistas, Rebeca sinaliza: “Acho que não é só sobre vencer a
já pôde o que fez já deu a sua cota de participação hein mãe
Simone, é sobre vencer a mim mesma. A minha briga está na
não sei.
minha cabeça, não está com outras pessoas. Para conseguir fazer
as minhas apresentações, preciso controlar a minha cabeça, o meu O meu medo é que mesmo com diploma debaixo do braço
corpo, e essa é a briga”. Na mesma linha, a skatista Rayssa Leal andando por aí desiludido e desempregado o policial me olhe
exalta a necessidade da terapia, e a Seleção Brasileira de Futebol de"
81;CH;140932;E;25;0;;1.9729;1.40956;0.20847;AZUL;1447;;0;2025;-1.3252299999999997;Questão 81 - Texto extraído da Prova Oficial.
177;MT;117735;C;9;0;;2.44597;1.83917;0.14226;AZUL;1559;;0;2025;-1.3368699999999998;Questão 177 - Texto extraído da Prova Oficial.
114;CN;141526;A;3;0;;2.78775;2.00238;0.18272;AZUL;1569;;0;2025;-1.3452399999999998;Questão 114 - Texto extraído da Prova Oficial.
154;MT;83162;C;26;0;;1.55368;1.18413;0.18289;AZUL;1471;;0;2025;-1.35948;Questão 154 - Texto extraído da Prova Oficial.
109;CN;96271;D;11;0;;1.91392;1.52169;0.12503;AZUL;1569;;0;2025;-1.3623800000000004;Questão 109 - Texto extraído da Prova Oficial.
179;MT;126016;D;25;0;;2.15064;1.6875;0.12237;AZUL;1502;;0;2025;-1.3730699999999998;Questão 179 - Texto extraído da Prova Oficial.
93;CN;141660;A;12;0;;1.52178;1.1663;0.19315;AZUL;1511;;0;2025;-1.42109;Questão 93 - Texto extraído da Prova Oficial.
117;CN;117699;E;9;0;;3.65154;2.39907;0.30683;AZUL;1511;;0;2025;-1.4282800000000004;Questão 117 - Texto extraído da Prova Oficial.
72;CH;141034;D;14;0;;1.60039;1.16951;0.22784;AZUL;1539;;0;2025;-1.4469500000000004;Questão 72 - Texto extraído da Prova Oficial.
31;LC;20061;D;11;0;;1.91384;1.38447;0.22628;AZUL;1529;;0;2025;-1.45713;Questão 31 - Texto extraído da Prova Oficial.
142;MT;85403;E;16;0;;1.67978;1.42175;0.1127;AZUL;1559;;0;2025;-1.4691899999999998;Questão 142 - Texto extraído da Prova Oficial.
108;CN;60058;C;3;0;;2.43322;2.00446;0.06758;AZUL;1483;;0;2025;-1.4848399999999995;Questão 108 - Texto extraído da Prova Oficial.
113;CN;111420;D;14;0;;2.57327;2.14122;0.04207;AZUL;1511;;0;2025;-1.48747;Questão 113 - Texto extraído da Prova Oficial.
149;MT;77490;B;9;0;;2.06648;1.60967;0.16207;AZUL;1559;;0;2025;-1.5064000000000004;Questão 149 - Texto extraído da Prova Oficial.
158;MT;5827;B;21;0;;3.49176;2.62896;0.12305;AZUL;1502;;0;2025;-1.5186100000000002;Questão 158 - Texto extraído da Prova Oficial.
142;MT;118001;C;26;0;;1.23159;1.06512;0.16005;AZUL;1502;;0;2025;-1.5324300000000002;Questão 142 - Texto extraído da Prova Oficial.
106;CN;126558;B;23;0;;2.51293;1.79735;0.23472;AZUL;1569;;0;2025;-1.5397900000000004;Questão 106 - Texto extraído da Prova Oficial.
18;LC;152713;C;18;0;;1.3748;1.1646;0.17102;AZUL;1549;;0;2025;-1.5993000000000002;"Questão 18 Questão 20
Com 20 anos de experiência no futebol de alto rendimento, A característica fundamental no aprendizado das práticas
Marina, ex-jogadora da seleção brasileira de futebol, salienta que, rituais nos candomblés é o processo iniciático e participante.
por trás do espetáculo apresentado nas mídias, com mensagens de Durante o período de reclusão em terreiros ou rocas, o iniciado
motivação e superação, o esporte não é tão inclusivo assim. “É esta
passa por uma série de ritos esotéricos (banhos rituais, raspagem
análise que devemos fazer: aqueles atletas que estão ali estão
da cabeça etc.), ao mesmo tempo em que começa a adquirir
trazendo uma alta performance a partir dos seus limites”, explica.
um complexo código de símbolos materiais (substâncias, folhas,
Para a profissional, é preciso analisar com cautela “a ideia romântica
frutos, raízes etc.) e de gestos associados a um repertório
que a mídia passa para os telespectadores”. A realidade é muito
linguístico específico das cerimônias que se desenrolam nos
mais dura do que as imagens espetaculosas que principalmente
contextos sagrados em geral e em cada terreiro em particular.
a televisão busca transmitir para a audiên"
110;CN;141618;D;26;0;;3.58422;2.50706;0.24943;AZUL;1511;;0;2025;-1.5998899999999998;Questão 110 - Texto extraído da Prova Oficial.
172;MT;43202;E;26;0;;1.92705;1.56447;0.16008;AZUL;1502;;0;2025;-1.6397100000000002;Questão 172 - Texto extraído da Prova Oficial.
82;CH;140817;E;19;0;;2.11613;1.69477;0.15902;AZUL;1520;;0;2025;-1.64715;Questão 82 - Texto extraído da Prova Oficial.
124;CN;111598;A;7;0;;2.33551;1.92601;0.11314;AZUL;1569;;0;2025;-1.67271;Questão 124 - Texto extraído da Prova Oficial.
69;CH;89619;E;27;0;;1.49676;1.18704;0.2233;AZUL;1520;;0;2025;-1.6841000000000002;Questão 69 - Texto extraído da Prova Oficial.
160;MT;111645;D;27;0;;2.16638;1.7559;0.15245;AZUL;1559;;0;2025;-1.697189999999999;Questão 160 - Texto extraído da Prova Oficial.
119;CN;141682;D;20;0;;2.63075;1.93906;0.22904;AZUL;1511;;0;2025;-1.7008800000000006;Questão 119 - Texto extraído da Prova Oficial.
127;CN;7755;E;19;0;;1.42825;1.15911;0.21782;AZUL;1569;;0;2025;-1.7099300000000004;Questão 127 - Texto extraído da Prova Oficial.
154;MT;85332;D;12;0;;2.14543;1.85146;0.0898;AZUL;1559;;0;2025;-1.7125199999999998;Questão 154 - Texto extraído da Prova Oficial.
76;CH;84835;B;7;0;;1.92619;1.49592;0.21933;AZUL;1520;;0;2025;-1.7320299999999995;Questão 76 - Texto extraído da Prova Oficial.
101;CN;78625;A;22;0;;1.54378;0.98844;0.37883;AZUL;1483;;0;2025;-1.7719100000000003;Questão 101 - Texto extraído da Prova Oficial.
17;LC;158754;E;17;0;;1.65908;1.31422;0.23254;AZUL;1529;;0;2025;-1.7872;"
17
18 A
19 D
20
21
22
23
24
25
26
27
28
29
30
ENEM2025ENEM2025ENEM2025ENEM2025ENEM2025ENEM2025ENEM2025ENEM2025ENEM2025ENEM2025ENEM2025ENEM2025ENEM2025ENEN2025ENEM2025ENEM2025ENEM2025ENEM2025ENEM2025ENEM2025ENEM2025ENEM2025ENEM2025ENEM2025ENEM2025ENEM2025ENEM2025ENEM2025ENEM2025ENEM2025ENEM2025ENEM2025ENEM2025ENEM2025ENEM2025ENEM2025ENEM2025ENEM2025ENEM2025ENEM2025ENEM2025ENEM2025ENEM2025ENEM2025ENEM2025
LINGUAGENS, CÓDIGOS E SUAS TECNOLOGIAS E REDAÇÃO | 1º DIA | CADERNO 1 | AZUL 21
001100117755AAZZ..iinnddbb 2211 2233//0077//22002255 1122::3322::2255
--- PAG 22 ---
*010175AZ22*
ENEM2025ENEM2025ENEM2025ENEM2025ENEM2025ENEM2025ENEM2025ENEM2025ENEM2025ENEM2025ENEM2025ENEM2025ENEM2025ENEN2025ENEM2025ENEM2025ENEM2025ENEM2025ENEM2025ENEM2025ENEM2025ENEM2025ENEM2025ENEM2025ENEM2025ENEM2025ENEM2025ENEM2025ENEM2025ENEM2025ENEM2025ENEM2025ENEM2025ENEM2025ENEM2025ENEM2025ENEM2025ENEM2025ENEM2025ENEM2025ENEM2025ENEM2025ENEM2025ENEM2025ENEM2025
CIÊNCIAS HUMANAS E SUAS TECNOLOGIAS
Questões de 46 a 90
QUESTãO 46
Macedônia do Norte
Acordo entra em vigor e país muda oficialmente de nome
Entrou em vigor, em 2019, o acordo que determina a mudança de nome da Macedônia para Macedônia do Norte. A troca"
138;MT;125905;E;6;0;;2.19978;1.77865;0.17051;AZUL;1471;;0;2025;-1.7889400000000002;Questão 138 - Texto extraído da Prova Oficial.
45;LC;158715;B;17;0;;1.77341;1.51977;0.1572;AZUL;1549;;0;2025;-1.79849;Questão 45 - Texto extraído da Prova Oficial.
150;MT;31953;D;16;0;;2.05503;1.52998;0.26701;AZUL;1471;;0;2025;-1.81493;Questão 150 - Texto extraído da Prova Oficial.
118;CN;55380;C;25;0;;2.50073;1.90034;0.22474;AZUL;1511;;0;2025;-1.82326;Questão 118 - Texto extraído da Prova Oficial.
163;MT;141613;D;17;0;;2.0885;1.78851;0.12818;AZUL;1559;;0;2025;-1.82943;Questão 163 - Texto extraído da Prova Oficial.
108;CN;97184;C;18;0;;2.05842;1.56415;0.2516;AZUL;1511;;0;2025;-1.83361;Questão 108 - Texto extraído da Prova Oficial.
94;CN;141750;B;11;0;;1.41313;1.24164;0.189;AZUL;1511;;0;2025;-1.84366;Questão 94 - Texto extraído da Prova Oficial.
123;CN;141593;B;2;0;;1.63543;1.41487;0.17897;AZUL;1511;;0;2025;-1.8686;Questão 123 - Texto extraído da Prova Oficial.
156;MT;17209;A;28;0;;2.77367;2.35329;0.07245;AZUL;1559;;0;2025;-1.87478;Questão 156 - Texto extraído da Prova Oficial.
122;CN;141601;D;23;0;;2.30161;1.64956;0.31542;AZUL;1483;;0;2025;-1.9225599999999992;Questão 122 - Texto extraído da Prova Oficial.
49;CH;96245;A;23;0;;1.65724;1.48746;0.15721;AZUL;1539;;0;2025;-1.93395;Questão 49 - Texto extraído da Prova Oficial.
139;MT;87818;D;1;0;;1.50385;1.29646;0.21427;AZUL;1559;;0;2025;-1.9530300000000005;Questão 139 - Texto extraído da Prova Oficial.
69;CH;48445;D;23;0;;1.25987;1.17854;0.18785;AZUL;1539;;0;2025;-1.95513;Questão 69 - Texto extraído da Prova Oficial.
115;CN;83614;C;24;0;;0.91431;1.14394;0.07728;AZUL;1483;;0;2025;-1.9896000000000005;Questão 115 - Texto extraído da Prova Oficial.
159;MT;28594;B;28;0;;3.76898;2.83918;0.20314;AZUL;1559;;0;2025;-1.99528;Questão 159 - Texto extraído da Prova Oficial.
99;CN;88441;C;28;0;;1.41964;1.38665;0.13558;AZUL;1569;;0;2025;-1.9985700000000004;Questão 99 - Texto extraído da Prova Oficial.
145;MT;97068;B;30;0;;2.27684;1.72593;0.27892;AZUL;1559;;0;2025;-2.01871;Questão 145 - Texto extraído da Prova Oficial.
21;LC;158764;C;11;0;;1.35386;1.29172;0.18933;AZUL;1549;;0;2025;-2.11409;"
21
22
23
24
25
26
27
28
29
30
ENEM2025ENEM2025ENEM2025ENEM2025ENEM2025ENEM2025ENEM2025ENEM2025ENEM2025ENEM2025ENEM2025ENEM2025ENEM2025ENEN2025ENEM2025ENEM2025ENEM2025ENEM2025ENEM2025ENEM2025ENEM2025ENEM2025ENEM2025ENEM2025ENEM2025ENEM2025ENEM2025ENEM2025ENEM2025ENEM2025ENEM2025ENEM2025ENEM2025ENEM2025ENEM2025ENEM2025ENEM2025ENEM2025ENEM2025ENEM2025ENEM2025ENEM2025ENEM2025ENEM2025ENEM2025
LINGUAGENS, CÓDIGOS E SUAS TECNOLOGIAS E REDAÇÃO | 1º DIA | CADERNO 1 | AZUL 21
001100117755AAZZ..iinnddbb 2211 2233//0077//22002255 1122::3322::2255
--- PAG 22 ---
*010175AZ22*
ENEM2025ENEM2025ENEM2025ENEM2025ENEM2025ENEM2025ENEM2025ENEM2025ENEM2025ENEM2025ENEM2025ENEM2025ENEM2025ENEN2025ENEM2025ENEM2025ENEM2025ENEM2025ENEM2025ENEM2025ENEM2025ENEM2025ENEM2025ENEM2025ENEM2025ENEM2025ENEM2025ENEM2025ENEM2025ENEM2025ENEM2025ENEM2025ENEM2025ENEM2025ENEM2025ENEM2025ENEM2025ENEM2025ENEM2025ENEM2025ENEM2025ENEM2025ENEM2025ENEM2025ENEM2025
CIÊNCIAS HUMANAS E SUAS TECNOLOGIAS
Questões de 46 a 90
QUESTãO 46
Macedônia do Norte
Acordo entra em vigor e país muda oficialmente de nome
Entrou em vigor, em 2019, o acordo que determina a mudança de nome da Macedônia para Macedônia do Norte. A troca
põe fim — ao me"
130;CN;88203;A;8;0;;1.26674;1.19241;0.21437;AZUL;1569;;0;2025;-2.1156;Questão 130 - Texto extraído da Prova Oficial.
178;MT;117805;E;19;0;;2.33563;2.12257;0.08522;AZUL;1559;;0;2025;-2.1225500000000004;Questão 178 - Texto extraído da Prova Oficial.
164;MT;125945;D;11;0;;3.13984;2.30858;0.29775;AZUL;1502;;0;2025;-2.1348100000000003;Questão 164 - Texto extraído da Prova Oficial.
157;MT;40816;D;25;0;;1.60995;1.58069;0.12267;AZUL;1559;;0;2025;-2.13552;Questão 157 - Texto extraído da Prova Oficial.
61;CH;152699;A;22;0;;2.63136;2.09992;0.21994;AZUL;1520;;0;2025;-2.13674;Questão 61 - Texto extraído da Prova Oficial.
128;CN;18271;B;13;0;;1.18008;1.00621;0.29597;AZUL;1569;;0;2025;-2.13832;Questão 128 - Texto extraído da Prova Oficial.
70;CH;96637;C;2;0;;1.45054;1.26774;0.25824;AZUL;1520;;0;2025;-2.193340000000001;Questão 70 - Texto extraído da Prova Oficial.
121;CN;85515;B;10;0;;2.42063;2.11502;0.13795;AZUL;1511;;0;2025;-2.19355;Questão 121 - Texto extraído da Prova Oficial.
118;CN;76686;C;18;0;;2.02857;1.75727;0.19989;AZUL;1483;;0;2025;-2.21412;Questão 118 - Texto extraído da Prova Oficial.
140;MT;141568;E;18;0;;3.46557;2.92476;0.07945;AZUL;1471;;0;2025;-2.240390000000001;Questão 140 - Texto extraído da Prova Oficial.
172;MT;153131;B;21;0;;2.38705;2.00199;0.20223;AZUL;1559;;0;2025;-2.2430200000000005;Questão 172 - Texto extraído da Prova Oficial.
167;MT;153126;C;27;0;;1.28177;1.31324;0.17618;AZUL;1502;;0;2025;-2.25708;Questão 167 - Texto extraído da Prova Oficial.
158;MT;117856;C;18;0;;2.16927;1.82953;0.22624;AZUL;1471;;0;2025;-2.28125;Questão 158 - Texto extraído da Prova Oficial.
63;CH;97839;D;1;0;;1.97319;1.86863;0.12882;AZUL;1520;;0;2025;-2.3036100000000004;Questão 63 - Texto extraído da Prova Oficial.
29;LC;158760;B;15;0;;1.7113;1.6294;0.17187;AZUL;1529;;0;2025;-2.3249499999999994;"
29
30
ENEM2025ENEM2025ENEM2025ENEM2025ENEM2025ENEM2025ENEM2025ENEM2025ENEM2025ENEM2025ENEM2025ENEM2025ENEM2025ENEN2025ENEM2025ENEM2025ENEM2025ENEM2025ENEM2025ENEM2025ENEM2025ENEM2025ENEM2025ENEM2025ENEM2025ENEM2025ENEM2025ENEM2025ENEM2025ENEM2025ENEM2025ENEM2025ENEM2025ENEM2025ENEM2025ENEM2025ENEM2025ENEM2025ENEM2025ENEM2025ENEM2025ENEM2025ENEM2025ENEM2025ENEM2025
LINGUAGENS, CÓDIGOS E SUAS TECNOLOGIAS E REDAÇÃO | 1º DIA | CADERNO 1 | AZUL 21
001100117755AAZZ..iinnddbb 2211 2233//0077//22002255 1122::3322::2255
--- PAG 22 ---
*010175AZ22*
ENEM2025ENEM2025ENEM2025ENEM2025ENEM2025ENEM2025ENEM2025ENEM2025ENEM2025ENEM2025ENEM2025ENEM2025ENEM2025ENEN2025ENEM2025ENEM2025ENEM2025ENEM2025ENEM2025ENEM2025ENEM2025ENEM2025ENEM2025ENEM2025ENEM2025ENEM2025ENEM2025ENEM2025ENEM2025ENEM2025ENEM2025ENEM2025ENEM2025ENEM2025ENEM2025ENEM2025ENEM2025ENEM2025ENEM2025ENEM2025ENEM2025ENEM2025ENEM2025ENEM2025ENEM2025
CIÊNCIAS HUMANAS E SUAS TECNOLOGIAS
Questões de 46 a 90
QUESTãO 46
Macedônia do Norte
Acordo entra em vigor e país muda oficialmente de nome
Entrou em vigor, em 2019, o acordo que determina a mudança de nome da Macedônia para Macedônia do Norte. A troca
põe fim — ao menos por enquanto — no im"
100;CN;87797;B;17;0;;1.31229;1.36273;0.17508;AZUL;1511;;0;2025;-2.33901;Questão 100 - Texto extraído da Prova Oficial.
180;MT;84405;D;2;0;;2.5667;2.27494;0.13245;AZUL;1471;;0;2025;-2.35367;Questão 180 - Texto extraído da Prova Oficial.
88;CH;111928;B;25;0;;1.52511;1.52129;0.1766;AZUL;1520;;0;2025;-2.39665;Questão 88 - Texto extraído da Prova Oficial.
76;CH;140803;A;29;0;;1.32986;1.17075;0.3185;AZUL;1539;;0;2025;-2.44503;Questão 76 - Texto extraído da Prova Oficial.
176;MT;66541;B;2;0;;2.42861;2.07299;0.21869;AZUL;1559;;0;2025;-2.4552;Questão 176 - Texto extraído da Prova Oficial.
40;LC;150607;A;16;0;;1.60463;1.535;0.21298;AZUL;1459;;0;2025;-2.46064;Questão 40 - Texto extraído da Prova Oficial.
64;CH;141303;C;26;0;;0.90808;1.09201;0.21426;AZUL;1539;;0;2025;-2.5311699999999995;Questão 64 - Texto extraído da Prova Oficial.
177;MT;44510;B;12;0;;3.04149;2.37391;0.30057;AZUL;1471;;0;2025;-2.5415999999999994;Questão 177 - Texto extraído da Prova Oficial.
159;MT;41895;D;12;0;;1.45957;1.3946;0.2655;AZUL;1471;;0;2025;-2.59216;Questão 159 - Texto extraído da Prova Oficial.
109;CN;126526;E;3;0;;1.76348;1.60185;0.27156;AZUL;1511;;0;2025;-2.6363900000000005;Questão 109 - Texto extraído da Prova Oficial.
168;MT;125971;C;24;0;;2.02621;1.88306;0.21506;AZUL;1559;;0;2025;-2.67206;Questão 168 - Texto extraído da Prova Oficial.
69;CH;88661;C;1;0;;1.09592;1.36918;0.15733;AZUL;1447;;0;2025;-2.70235;Questão 69 - Texto extraído da Prova Oficial.
83;CH;125788;D;21;0;;1.33923;1.58995;0.13226;AZUL;1447;;0;2025;-2.7526900000000003;Questão 83 - Texto extraído da Prova Oficial.
112;CN;126568;C;19;0;;1.76136;1.79331;0.18354;AZUL;1569;;0;2025;-2.77491;Questão 112 - Texto extraído da Prova Oficial.
169;MT;111771;A;15;0;;2.15434;2.18988;0.10351;AZUL;1471;;0;2025;-2.77851;Questão 169 - Texto extraído da Prova Oficial.
35;LC;150642;E;23;0;;1.26109;1.31039;0.27904;AZUL;1459;;0;2025;-2.80419;Questão 35 - Texto extraído da Prova Oficial.
23;LC;153402;D;16;0;;2.05564;1.9778;0.19679;AZUL;1529;;0;2025;-2.80607;"
23
24
25
26
27
28
29
30
ENEM2025ENEM2025ENEM2025ENEM2025ENEM2025ENEM2025ENEM2025ENEM2025ENEM2025ENEM2025ENEM2025ENEM2025ENEM2025ENEN2025ENEM2025ENEM2025ENEM2025ENEM2025ENEM2025ENEM2025ENEM2025ENEM2025ENEM2025ENEM2025ENEM2025ENEM2025ENEM2025ENEM2025ENEM2025ENEM2025ENEM2025ENEM2025ENEM2025ENEM2025ENEM2025ENEM2025ENEM2025ENEM2025ENEM2025ENEM2025ENEM2025ENEM2025ENEM2025ENEM2025ENEM2025
LINGUAGENS, CÓDIGOS E SUAS TECNOLOGIAS E REDAÇÃO | 1º DIA | CADERNO 1 | AZUL 21
001100117755AAZZ..iinnddbb 2211 2233//0077//22002255 1122::3322::2255
--- PAG 22 ---
*010175AZ22*
ENEM2025ENEM2025ENEM2025ENEM2025ENEM2025ENEM2025ENEM2025ENEM2025ENEM2025ENEM2025ENEM2025ENEM2025ENEM2025ENEN2025ENEM2025ENEM2025ENEM2025ENEM2025ENEM2025ENEM2025ENEM2025ENEM2025ENEM2025ENEM2025ENEM2025ENEM2025ENEM2025ENEM2025ENEM2025ENEM2025ENEM2025ENEM2025ENEM2025ENEM2025ENEM2025ENEM2025ENEM2025ENEM2025ENEM2025ENEM2025ENEM2025ENEM2025ENEM2025ENEM2025ENEM2025
CIÊNCIAS HUMANAS E SUAS TECNOLOGIAS
Questões de 46 a 90
QUESTãO 46
Macedônia do Norte
Acordo entra em vigor e país muda oficialmente de nome
Entrou em vigor, em 2019, o acordo que determina a mudança de nome da Macedônia para Macedônia do Norte. A troca
põe fim — ao menos po"
164;MT;141519;A;6;0;;1.6144;1.77734;0.14116;AZUL;1559;;0;2025;-2.80902;Questão 164 - Texto extraído da Prova Oficial.
178;MT;126029;D;23;0;;1.64422;1.54805;0.29681;AZUL;1502;;0;2025;-2.83976;Questão 178 - Texto extraído da Prova Oficial.
148;MT;82536;B;2;0;;1.77922;1.83183;0.18055;AZUL;1559;;0;2025;-2.8398000000000003;Questão 148 - Texto extraído da Prova Oficial.
70;CH;56368;B;27;0;;1.48674;1.75227;0.12006;AZUL;1447;;0;2025;-2.88363;Questão 70 - Texto extraído da Prova Oficial.
120;CN;26953;D;30;0;;1.87179;1.75895;0.27129;AZUL;1569;;0;2025;-2.88972;Questão 120 - Texto extraído da Prova Oficial.
160;MT;117609;C;18;0;;0.85526;1.23346;0.183;AZUL;1502;;0;2025;-2.90486;Questão 160 - Texto extraído da Prova Oficial.
169;MT;54299;E;28;0;;2.65363;2.50116;0.14329;AZUL;1502;;0;2025;-2.9126699999999994;Questão 169 - Texto extraído da Prova Oficial.
116;CN;96196;D;8;0;;2.26492;2.17565;0.19797;AZUL;1511;;0;2025;-2.9869600000000003;Questão 116 - Texto extraído da Prova Oficial.
146;MT;89828;B;8;0;;2.784;2.60685;0.15146;AZUL;1502;;0;2025;-3.009850000000001;Questão 146 - Texto extraído da Prova Oficial.
170;MT;111673;B;14;0;;2.2167;2.02265;0.27721;AZUL;1471;;0;2025;-3.0206;Questão 170 - Texto extraído da Prova Oficial.
145;MT;85033;D;24;0;;2.34377;2.31616;0.15906;AZUL;1502;;0;2025;-3.05624;Questão 145 - Texto extraído da Prova Oficial.
174;MT;125968;B;13;0;;1.23147;1.46615;0.229;AZUL;1502;;0;2025;-3.0805100000000003;Questão 174 - Texto extraído da Prova Oficial.
98;CN;49526;C;16;0;;1.12897;1.32542;0.27721;AZUL;1569;;0;2025;-3.10437;Questão 98 - Texto extraído da Prova Oficial.
125;CN;85263;D;11;0;;1.38086;1.68311;0.16337;AZUL;1511;;0;2025;-3.1044600000000004;Questão 125 - Texto extraído da Prova Oficial.
100;CN;111559;C;10;0;;1.75179;2.07578;0.08365;AZUL;1569;;0;2025;-3.14201;Questão 100 - Texto extraído da Prova Oficial.
56;CH;140800;E;8;0;;1.08875;1.44477;0.21682;AZUL;1520;;0;2025;-3.2409100000000004;Questão 56 - Texto extraído da Prova Oficial.
170;MT;97571;B;3;0;;1.3638;1.64214;0.21462;AZUL;1502;;0;2025;-3.2719200000000006;Questão 170 - Texto extraído da Prova Oficial.
159;MT;24900;C;2;0;;1.98828;1.97319;0.26622;AZUL;1502;;0;2025;-3.2741100000000003;Questão 159 - Texto extraído da Prova Oficial.
25;LC;157669;C;16;0;;2.00882;2.05203;0.2293;AZUL;1549;;0;2025;-3.284949999999999;"
25
26
27
28
29
30
ENEM2025ENEM2025ENEM2025ENEM2025ENEM2025ENEM2025ENEM2025ENEM2025ENEM2025ENEM2025ENEM2025ENEM2025ENEM2025ENEN2025ENEM2025ENEM2025ENEM2025ENEM2025ENEM2025ENEM2025ENEM2025ENEM2025ENEM2025ENEM2025ENEM2025ENEM2025ENEM2025ENEM2025ENEM2025ENEM2025ENEM2025ENEM2025ENEM2025ENEM2025ENEM2025ENEM2025ENEM2025ENEM2025ENEM2025ENEM2025ENEM2025ENEM2025ENEM2025ENEM2025ENEM2025
LINGUAGENS, CÓDIGOS E SUAS TECNOLOGIAS E REDAÇÃO | 1º DIA | CADERNO 1 | AZUL 21
001100117755AAZZ..iinnddbb 2211 2233//0077//22002255 1122::3322::2255
--- PAG 22 ---
*010175AZ22*
ENEM2025ENEM2025ENEM2025ENEM2025ENEM2025ENEM2025ENEM2025ENEM2025ENEM2025ENEM2025ENEM2025ENEM2025ENEM2025ENEN2025ENEM2025ENEM2025ENEM2025ENEM2025ENEM2025ENEM2025ENEM2025ENEM2025ENEM2025ENEM2025ENEM2025ENEM2025ENEM2025ENEM2025ENEM2025ENEM2025ENEM2025ENEM2025ENEM2025ENEM2025ENEM2025ENEM2025ENEM2025ENEM2025ENEM2025ENEM2025ENEM2025ENEM2025ENEM2025ENEM2025ENEM2025
CIÊNCIAS HUMANAS E SUAS TECNOLOGIAS
Questões de 46 a 90
QUESTãO 46
Macedônia do Norte
Acordo entra em vigor e país muda oficialmente de nome
Entrou em vigor, em 2019, o acordo que determina a mudança de nome da Macedônia para Macedônia do Norte. A troca
põe fim — ao menos por enqu"
53;CH;49056;B;7;0;;1.92098;2.02086;0.21408;AZUL;1520;;0;2025;-3.29102;Questão 53 - Texto extraído da Prova Oficial.
103;CN;111667;A;14;0;;0.76781;1.53685;0.05698;AZUL;1483;;0;2025;-3.35983;Questão 103 - Texto extraído da Prova Oficial.
152;MT;16995;D;28;0;;2.02208;2.22726;0.16081;AZUL;1471;;0;2025;-3.44167;Questão 152 - Texto extraído da Prova Oficial.
90;CH;140432;A;7;0;;3.02419;2.65234;0.31115;AZUL;1447;;0;2025;-3.46439;Questão 90 - Texto extraído da Prova Oficial.
146;MT;61653;C;5;0;;1.25752;1.79072;0.12173;AZUL;1559;;0;2025;-3.46577;Questão 146 - Texto extraído da Prova Oficial.
17;LC;167488;D;20;0;;1.73238;2.08558;0.13576;AZUL;1549;;0;2025;-3.4707800000000004;"
17
18 A
19 D
20
21
22
23
24
25
26
27
28
29
30
ENEM2025ENEM2025ENEM2025ENEM2025ENEM2025ENEM2025ENEM2025ENEM2025ENEM2025ENEM2025ENEM2025ENEM2025ENEM2025ENEN2025ENEM2025ENEM2025ENEM2025ENEM2025ENEM2025ENEM2025ENEM2025ENEM2025ENEM2025ENEM2025ENEM2025ENEM2025ENEM2025ENEM2025ENEM2025ENEM2025ENEM2025ENEM2025ENEM2025ENEM2025ENEM2025ENEM2025ENEM2025ENEM2025ENEM2025ENEM2025ENEM2025ENEM2025ENEM2025ENEM2025ENEM2025
LINGUAGENS, CÓDIGOS E SUAS TECNOLOGIAS E REDAÇÃO | 1º DIA | CADERNO 1 | AZUL 21
001100117755AAZZ..iinnddbb 2211 2233//0077//22002255 1122::3322::2255
--- PAG 22 ---
*010175AZ22*
ENEM2025ENEM2025ENEM2025ENEM2025ENEM2025ENEM2025ENEM2025ENEM2025ENEM2025ENEM2025ENEM2025ENEM2025ENEM2025ENEN2025ENEM2025ENEM2025ENEM2025ENEM2025ENEM2025ENEM2025ENEM2025ENEM2025ENEM2025ENEM2025ENEM2025ENEM2025ENEM2025ENEM2025ENEM2025ENEM2025ENEM2025ENEM2025ENEM2025ENEM2025ENEM2025ENEM2025ENEM2025ENEM2025ENEM2025ENEM2025ENEM2025ENEM2025ENEM2025ENEM2025ENEM2025
CIÊNCIAS HUMANAS E SUAS TECNOLOGIAS
Questões de 46 a 90
QUESTãO 46
Macedônia do Norte
Acordo entra em vigor e país muda oficialmente de nome
Entrou em vigor, em 2019, o acordo que determina a mudança de nome da Macedônia para Macedônia do Norte. A troca"
144;MT;125943;D;18;0;;2.21084;2.33117;0.18302;AZUL;1559;;0;2025;-3.48693;Questão 144 - Texto extraído da Prova Oficial.
150;MT;96738;A;17;0;;1.27798;1.77502;0.14946;AZUL;1502;;0;2025;-3.516400000000001;Questão 150 - Texto extraído da Prova Oficial.
153;MT;88952;A;22;0;;2.27648;2.43408;0.15585;AZUL;1471;;0;2025;-3.52853;Questão 153 - Texto extraído da Prova Oficial.
149;MT;16540;B;8;0;;2.35807;2.35402;0.24099;AZUL;1471;;0;2025;-3.550869999999999;Questão 149 - Texto extraído da Prova Oficial.
162;MT;83575;B;23;0;;2.38253;2.46253;0.18571;AZUL;1471;;0;2025;-3.55108;Questão 162 - Texto extraído da Prova Oficial.
141;MT;63293;C;5;0;;1.7134;1.91607;0.24889;AZUL;1471;;0;2025;-3.5658600000000003;Questão 141 - Texto extraído da Prova Oficial.
173;MT;111422;A;13;0;;1.88957;2.16503;0.17038;AZUL;1471;;0;2025;-3.5678499999999995;Questão 173 - Texto extraído da Prova Oficial.
171;MT;141562;E;9;0;;2.33222;2.57378;0.10579;AZUL;1471;;0;2025;-3.5858500000000006;Questão 171 - Texto extraído da Prova Oficial.
147;MT;43100;C;23;0;;2.23716;2.44618;0.15055;AZUL;1559;;0;2025;-3.61697;Questão 147 - Texto extraído da Prova Oficial.
82;CH;87533;C;2;0;;1.42757;1.90515;0.16029;AZUL;1539;;0;2025;-3.66176;Questão 82 - Texto extraído da Prova Oficial.
173;MT;97658;D;28;0;;1.90212;2.35143;0.10408;AZUL;1502;;0;2025;-3.77045;Questão 173 - Texto extraído da Prova Oficial.
79;CH;141162;A;12;0;;1.75522;2.19228;0.16031;AZUL;1447;;0;2025;-3.867949999999999;Questão 79 - Texto extraído da Prova Oficial.
133;CN;86958;A;17;0;;1.55647;2.09416;0.14181;AZUL;1483;;0;2025;-3.87859;Questão 133 - Texto extraído da Prova Oficial.
17;LC;157598;C;18;0;;1.56827;1.94895;0.23722;AZUL;1459;;0;2025;-3.89641;"
17
18 A
19 D
20
21
22
23
24
25
26
27
28
29
30
ENEM2025ENEM2025ENEM2025ENEM2025ENEM2025ENEM2025ENEM2025ENEM2025ENEM2025ENEM2025ENEM2025ENEM2025ENEM2025ENEN2025ENEM2025ENEM2025ENEM2025ENEM2025ENEM2025ENEM2025ENEM2025ENEM2025ENEM2025ENEM2025ENEM2025ENEM2025ENEM2025ENEM2025ENEM2025ENEM2025ENEM2025ENEM2025ENEM2025ENEM2025ENEM2025ENEM2025ENEM2025ENEM2025ENEM2025ENEM2025ENEM2025ENEM2025ENEM2025ENEM2025ENEM2025
LINGUAGENS, CÓDIGOS E SUAS TECNOLOGIAS E REDAÇÃO | 1º DIA | CADERNO 1 | AZUL 21
001100117755AAZZ..iinnddbb 2211 2233//0077//22002255 1122::3322::2255
--- PAG 22 ---
*010175AZ22*
ENEM2025ENEM2025ENEM2025ENEM2025ENEM2025ENEM2025ENEM2025ENEM2025ENEM2025ENEM2025ENEM2025ENEM2025ENEM2025ENEN2025ENEM2025ENEM2025ENEM2025ENEM2025ENEM2025ENEM2025ENEM2025ENEM2025ENEM2025ENEM2025ENEM2025ENEM2025ENEM2025ENEM2025ENEM2025ENEM2025ENEM2025ENEM2025ENEM2025ENEM2025ENEM2025ENEM2025ENEM2025ENEM2025ENEM2025ENEM2025ENEM2025ENEM2025ENEM2025ENEM2025ENEM2025
CIÊNCIAS HUMANAS E SUAS TECNOLOGIAS
Questões de 46 a 90
QUESTãO 46
Macedônia do Norte
Acordo entra em vigor e país muda oficialmente de nome
Entrou em vigor, em 2019, o acordo que determina a mudança de nome da Macedônia para Macedônia do Norte. A troca"
73;CH;118114;C;14;0;;1.60077;1.86218;0.30469;AZUL;1539;;0;2025;-3.9084499999999993;Questão 73 - Texto extraído da Prova Oficial.
20;LC;157675;C;17;0;;1.60753;1.87994;0.29956;AZUL;1529;;0;2025;-3.9225600000000007;"
20
21
22
23
24
25
26
27
28
29
30
ENEM2025ENEM2025ENEM2025ENEM2025ENEM2025ENEM2025ENEM2025ENEM2025ENEM2025ENEM2025ENEM2025ENEM2025ENEM2025ENEN2025ENEM2025ENEM2025ENEM2025ENEM2025ENEM2025ENEM2025ENEM2025ENEM2025ENEM2025ENEM2025ENEM2025ENEM2025ENEM2025ENEM2025ENEM2025ENEM2025ENEM2025ENEM2025ENEM2025ENEM2025ENEM2025ENEM2025ENEM2025ENEM2025ENEM2025ENEM2025ENEM2025ENEM2025ENEM2025ENEM2025ENEM2025
LINGUAGENS, CÓDIGOS E SUAS TECNOLOGIAS E REDAÇÃO | 1º DIA | CADERNO 1 | AZUL 21
001100117755AAZZ..iinnddbb 2211 2233//0077//22002255 1122::3322::2255
--- PAG 22 ---
*010175AZ22*
ENEM2025ENEM2025ENEM2025ENEM2025ENEM2025ENEM2025ENEM2025ENEM2025ENEM2025ENEM2025ENEM2025ENEM2025ENEM2025ENEN2025ENEM2025ENEM2025ENEM2025ENEM2025ENEM2025ENEM2025ENEM2025ENEM2025ENEM2025ENEM2025ENEM2025ENEM2025ENEM2025ENEM2025ENEM2025ENEM2025ENEM2025ENEM2025ENEM2025ENEM2025ENEM2025ENEM2025ENEM2025ENEM2025ENEM2025ENEM2025ENEM2025ENEM2025ENEM2025ENEM2025ENEM2025
CIÊNCIAS HUMANAS E SUAS TECNOLOGIAS
Questões de 46 a 90
QUESTãO 46
Macedônia do Norte
Acordo entra em vigor e país muda oficialmente de nome
Entrou em vigor, em 2019, o acordo que determina a mudança de nome da Macedônia para Macedônia do Norte. A troca
põe fim — ao"
64;CH;85827;A;13;0;;1.49039;2.09108;0.13159;AZUL;1447;;0;2025;-3.9504099999999993;Questão 64 - Texto extraído da Prova Oficial.
124;CN;97091;B;24;0;;1.71937;2.18313;0.18212;AZUL;1483;;0;2025;-4.021249999999998;Questão 124 - Texto extraído da Prova Oficial.
167;MT;153136;A;14;0;;2.71188;3.00084;0.09527;AZUL;1559;;0;2025;-4.055110000000001;Questão 167 - Texto extraído da Prova Oficial.
175;MT;117744;C;23;0;;2.05256;2.48594;0.15684;AZUL;1502;;0;2025;-4.1369;Questão 175 - Texto extraído da Prova Oficial.
117;CN;88356;B;25;0;;2.11901;2.31425;0.28648;AZUL;1569;;0;2025;-4.137130000000001;Questão 117 - Texto extraído da Prova Oficial.
138;MT;45267;A;7;0;;2.85757;3.12788;0.1003;AZUL;1502;;0;2025;-4.17;Questão 138 - Texto extraído da Prova Oficial.
136;MT;117895;D;13;0;;1.62446;2.17254;0.18394;AZUL;1559;;0;2025;-4.188400000000001;Questão 136 - Texto extraído da Prova Oficial.
164;MT;28216;A;8;0;;1.10653;1.83497;0.18515;AZUL;1471;;0;2025;-4.2176;Questão 164 - Texto extraído da Prova Oficial.
180;MT;49060;B;16;0;;2.32767;2.68774;0.17038;AZUL;1559;;0;2025;-4.259779999999999;Questão 180 - Texto extraído da Prova Oficial.
68;CH;140529;A;15;0;;2.27805;2.48233;0.27638;AZUL;1539;;0;2025;-4.2727900000000005;Questão 68 - Texto extraído da Prova Oficial.
175;MT;111436;C;23;0;;2.29843;2.56007;0.24837;AZUL;1559;;0;2025;-4.325200000000001;Questão 175 - Texto extraído da Prova Oficial.
171;MT;16537;E;8;0;;1.86888;2.53634;0.09144;AZUL;1502;;0;2025;-4.32846;Questão 171 - Texto extraído da Prova Oficial.
176;MT;43320;E;24;0;;0.89865;1.71271;0.20061;AZUL;1502;;0;2025;-4.34388;Questão 176 - Texto extraído da Prova Oficial.
8;LC;157788;B;24;0;;1.0535;1.76121;0.26988;AZUL;1529;;0;2025;-4.52603;"
8
O
9
H
10
N
11 O
U
12 ã
C
13 Ç
S
14 A A
15 R D
16 E
R
17
18 A
19 D
20
21
22
23
24
25
26
27
28
29
30
ENEM2025ENEM2025ENEM2025ENEM2025ENEM2025ENEM2025ENEM2025ENEM2025ENEM2025ENEM2025ENEM2025ENEM2025ENEM2025ENEN2025ENEM2025ENEM2025ENEM2025ENEM2025ENEM2025ENEM2025ENEM2025ENEM2025ENEM2025ENEM2025ENEM2025ENEM2025ENEM2025ENEM2025ENEM2025ENEM2025ENEM2025ENEM2025ENEM2025ENEM2025ENEM2025ENEM2025ENEM2025ENEM2025ENEM2025ENEM2025ENEM2025ENEM2025ENEM2025ENEM2025ENEM2025
LINGUAGENS, CÓDIGOS E SUAS TECNOLOGIAS E REDAÇÃO | 1º DIA | CADERNO 1 | AZUL 21
001100117755AAZZ..iinnddbb 2211 2233//0077//22002255 1122::3322::2255
--- PAG 22 ---
*010175AZ22*
ENEM2025ENEM2025ENEM2025ENEM2025ENEM2025ENEM2025ENEM2025ENEM2025ENEM2025ENEM2025ENEM2025ENEM2025ENEM2025ENEN2025ENEM2025ENEM2025ENEM2025ENEM2025ENEM2025ENEM2025ENEM2025ENEM2025ENEM2025ENEM2025ENEM2025ENEM2025ENEM2025ENEM2025ENEM2025ENEM2025ENEM2025ENEM2025ENEM2025ENEM2025ENEM2025ENEM2025ENEM2025ENEM2025ENEM2025ENEM2025ENEM2025ENEM2025ENEM2025ENEM2025ENEM2025
CIÊNCIAS HUMANAS E SUAS TECNOLOGIAS
Questões de 46 a 90
QUESTãO 46
Macedônia do Norte
Acordo entra em vigor e país muda oficialmente de nome
Entrou em vigor, em 2019, o acordo que determina a mudanç"
179;MT;141531;D;5;0;;3.10589;3.29623;0.17078;AZUL;1559;;0;2025;-4.530810000000001;Questão 179 - Texto extraído da Prova Oficial.
171;MT;60542;B;17;0;;1.09669;2.01457;0.13967;AZUL;1559;;0;2025;-4.54868;Questão 171 - Texto extraído da Prova Oficial.
165;MT;49227;D;29;0;;1.25608;1.96379;0.24858;AZUL;1471;;0;2025;-4.62211;Questão 165 - Texto extraído da Prova Oficial.
158;MT;85277;E;25;0;;1.61685;2.38054;0.14472;AZUL;1559;;0;2025;-4.63152;Questão 158 - Texto extraído da Prova Oficial.
129;CN;56297;D;5;0;;2.41606;2.52193;0.38876;AZUL;1569;;0;2025;-4.67747;Questão 129 - Texto extraído da Prova Oficial.
47;CH;81812;B;23;0;;2.0773;2.73683;0.14422;AZUL;1520;;0;2025;-4.77699;Questão 47 - Texto extraído da Prova Oficial.
150;MT;23676;D;24;0;;1.03915;2.00776;0.18625;AZUL;1559;;0;2025;-4.8762300000000005;Questão 150 - Texto extraído da Prova Oficial.
116;CN;35888;D;25;0;;1.69985;2.40932;0.22119;AZUL;1569;;0;2025;-4.93421;Questão 116 - Texto extraído da Prova Oficial.
178;MT;8460;E;29;0;;1.92684;2.8078;0.08127;AZUL;1471;;0;2025;-4.976069999999998;Questão 178 - Texto extraído da Prova Oficial.
112;CN;63587;E;9;0;;1.7468;2.40073;0.29404;AZUL;1511;;0;2025;-5.17879;Questão 112 - Texto extraído da Prova Oficial.
83;CH;89315;D;28;0;;2.48311;2.85338;0.33262;AZUL;1539;;0;2025;-5.257020000000001;Questão 83 - Texto extraído da Prova Oficial.
6;LC;157752;E;28;0;;1.28847;2.1305;0.29823;AZUL;1529;;0;2025;-5.30571;"
6
7
8
O
9
H
10
N
11 O
U
12 ã
C
13 Ç
S
14 A A
15 R D
16 E
R
17
18 A
19 D
20
21
22
23
24
25
26
27
28
29
30
ENEM2025ENEM2025ENEM2025ENEM2025ENEM2025ENEM2025ENEM2025ENEM2025ENEM2025ENEM2025ENEM2025ENEM2025ENEM2025ENEN2025ENEM2025ENEM2025ENEM2025ENEM2025ENEM2025ENEM2025ENEM2025ENEM2025ENEM2025ENEM2025ENEM2025ENEM2025ENEM2025ENEM2025ENEM2025ENEM2025ENEM2025ENEM2025ENEM2025ENEM2025ENEM2025ENEM2025ENEM2025ENEM2025ENEM2025ENEM2025ENEM2025ENEM2025ENEM2025ENEM2025ENEM2025
LINGUAGENS, CÓDIGOS E SUAS TECNOLOGIAS E REDAÇÃO | 1º DIA | CADERNO 1 | AZUL 21
001100117755AAZZ..iinnddbb 2211 2233//0077//22002255 1122::3322::2255
--- PAG 22 ---
*010175AZ22*
ENEM2025ENEM2025ENEM2025ENEM2025ENEM2025ENEM2025ENEM2025ENEM2025ENEM2025ENEM2025ENEM2025ENEM2025ENEM2025ENEN2025ENEM2025ENEM2025ENEM2025ENEM2025ENEM2025ENEM2025ENEM2025ENEM2025ENEM2025ENEM2025ENEM2025ENEM2025ENEM2025ENEM2025ENEM2025ENEM2025ENEM2025ENEM2025ENEM2025ENEM2025ENEM2025ENEM2025ENEM2025ENEM2025ENEM2025ENEM2025ENEM2025ENEM2025ENEM2025ENEM2025ENEM2025
CIÊNCIAS HUMANAS E SUAS TECNOLOGIAS
Questões de 46 a 90
QUESTãO 46
Macedônia do Norte
Acordo entra em vigor e país muda oficialmente de nome
Entrou em vigor, em 2019, o acordo que determina a mu"
66;CH;141340;D;24;0;;1.73204;2.72077;0.1455;AZUL;1447;;0;2025;-5.42573;Questão 66 - Texto extraído da Prova Oficial.
170;MT;77085;C;26;0;;1.49256;2.5345;0.18331;AZUL;1559;;0;2025;-5.53493;Questão 170 - Texto extraído da Prova Oficial.
141;MT;54298;C;9;0;;1.9314;2.72843;0.24912;AZUL;1502;;0;2025;-5.56809;Questão 141 - Texto extraído da Prova Oficial.
42;LC;120680;B;13;0;;1.45997;2.46276;0.22043;AZUL;1529;;0;2025;-5.57049;Questão 42 - Texto extraído da Prova Oficial.
155;MT;84096;B;2;0;;0.94228;2.28567;0.11961;AZUL;1471;;0;2025;-5.5705;Questão 155 - Texto extraído da Prova Oficial.
113;CN;117870;D;29;0;;1.57256;2.63447;0.18216;AZUL;1569;;0;2025;-5.669089999999999;Questão 113 - Texto extraído da Prova Oficial.
177;MT;125878;C;13;0;;1.79617;2.85186;0.17541;AZUL;1502;;0;2025;-5.84029;Questão 177 - Texto extraído da Prova Oficial.
52;CH;140488;C;24;0;;1.62615;2.76603;0.19652;AZUL;1539;;0;2025;-6.02839;Questão 52 - Texto extraído da Prova Oficial.
168;MT;111723;B;30;0;;1.56068;2.85101;0.12699;AZUL;1502;;0;2025;-6.06662;Questão 168 - Texto extraído da Prova Oficial.
174;MT;9196;E;11;0;;1.14234;2.43132;0.22021;AZUL;1559;;0;2025;-6.11033;Questão 174 - Texto extraído da Prova Oficial.
162;MT;125922;D;22;0;;1.94901;2.91396;0.28085;AZUL;1559;;0;2025;-6.2481100000000005;Questão 162 - Texto extraído da Prova Oficial.
180;MT;125903;A;6;0;;1.02725;2.55832;0.16513;AZUL;1502;;0;2025;-6.446110000000001;Questão 180 - Texto extraído da Prova Oficial.
152;MT;14798;D;7;0;;1.04824;2.55345;0.19287;AZUL;1559;;0;2025;-6.528220000000001;Questão 152 - Texto extraído da Prova Oficial.
161;MT;153150;A;29;0;;1.94926;3.40647;0.05591;AZUL;1502;;0;2025;-6.600440000000001;Questão 161 - Texto extraído da Prova Oficial.
144;MT;49136;D;7;0;;1.41236;2.97953;0.14906;AZUL;1471;;0;2025;-6.85917;Questão 144 - Texto extraído da Prova Oficial.
175;MT;27847;C;3;0;;1.7861;3.4637;0.09228;AZUL;1471;;0;2025;-7.280299999999999;Questão 175 - Texto extraído da Prova Oficial.
119;CN;141522;B;2;0;;1.31784;2.88051;0.29392;AZUL;1483;;0;2025;-7.475449999999999;Questão 119 - Texto extraído da Prova Oficial.
136;MT;86650;E;12;0;;1.03809;2.9618;0.1696;AZUL;1502;;0;2025;-7.657220000000001;Questão 136 - Texto extraído da Prova Oficial.
140;MT;63710;A;4;0;;1.48402;3.316;0.17317;AZUL;1502;;0;2025;-7.84581;Questão 140 - Texto extraído da Prova Oficial.
139;MT;86942;C;9;0;;1.01265;2.90829;0.31125;AZUL;1471;;0;2025;-8.25582;Questão 139 - Texto extraído da Prova Oficial.
148;MT;5774;D;12;0;;1.59788;3.46057;0.24687;AZUL;1502;;0;2025;-8.420300000000001;Questão 148 - Texto extraído da Prova Oficial.
160;MT;95816;E;19;0;;0.9255;4.23744;0.12086;AZUL;1471;;0;2025;-11.465620000000005;Questão 160 - Texto extraído da Prova Oficial.
